Name,Location,Year,Kilometers_Driven,Fuel_Type,Transmission,Owner_Type,Mileage,Engine,Power,Seats,Price
Maruti Wagon R Lxi Cng,Nairobi,2010,72000,Cng,Manual,First,26.6,998.0,58.16,5.0,259000.0
Hyundai Creta 1.6 Crdi Sx Option,Eldoret,2015,41000,Diesel,Manual,First,19.67,1582.0,126.2,5.0,1850000.0
Honda Jazz V,Mombasa,2011,46000,Petrol,Manual,First,18.2,1199.0,88.7,5.0,666000.0
Maruti Ertiga Vdi,Mombasa,2012,87000,Diesel,Manual,First,20.77,1248.0,88.76,7.0,888000.0
Audi A4 New 2.0 Tdi Multitronic,Naivasha,2013,40670,Diesel,Automatic,Second,15.2,1968.0,140.8,5.0,2625519.9999999995
Hyundai Eon Lpg Era Plus Option,Kisumu,2012,75000,Lpg,Manual,First,21.1,814.0,55.2,5.0,347800.0
Nissan Micra Diesel Xv,Nyeri,2013,86999,Diesel,Manual,First,23.08,1461.0,63.1,5.0,518000.0
Toyota Innova Crysta 2.8 Gx At 8S,Nairobi,2016,36000,Diesel,Automatic,First,11.36,2755.0,171.5,8.0,2590000.0
Volkswagen Vento Diesel Comfortline,Eldoret,2013,64430,Diesel,Manual,First,20.54,1598.0,103.6,5.0,769600.0
Tata Indica Vista Quadrajet Ls,Mombasa,2012,65932,Diesel,Manual,Second,22.3,1248.0,74.0,5.0,288600.0
Maruti Ciaz Zeta,Mombasa,2018,25692,Petrol,Manual,First,21.56,1462.0,103.25,5.0,1472599.9999999998
Honda City 1.5 V At Sunroof,Kisumu,2012,60000,Petrol,Automatic,First,16.8,1497.0,116.3,5.0,664520.0
Maruti Swift Vdi Bsiv,Nyeri,2015,64424,Diesel,Manual,First,25.2,1248.0,74.0,5.0,828800.0
Land Rover Range Rover 2.2L Pure,Nairobi,2014,72000,Diesel,Automatic,First,12.7,2179.0,187.7,5.0,3996000.0
Land Rover Freelander 2 Td4 Se,Eldoret,2012,85000,Diesel,Automatic,Second,0.0,2179.0,115.0,5.0,2590000.0
Mitsubishi Pajero Sport 4X4,Nairobi,2014,110000,Diesel,Manual,First,13.5,2477.0,175.56,7.0,2220000.0
Honda Amaze S I-Dtech,Mombasa,2016,58950,Diesel,Manual,First,25.8,1498.0,98.6,5.0,799200.0
Maruti Swift Ddis Vdi,Nyeri,2017,25000,Diesel,Manual,First,28.4,1248.0,74.0,5.0,886520.0
Renault Duster 85Ps Diesel Rxl Plus,Mombasa,2014,77469,Diesel,Manual,First,20.45,1461.0,83.8,5.0,938320.0
Mercedes-Benz New C-Class C 220 Cdi Be Avantgare,Nakuru,2014,78500,Diesel,Automatic,First,14.84,2143.0,167.62,5.0,4144000.0
Bmw 3 Series 320D,Mombasa,2014,32982,Diesel,Automatic,First,22.69,1995.0,190.0,5.0,2745400.0
Maruti S Cross Ddis 200 Alpha,Nakuru,2015,55392,Diesel,Manual,Second,23.65,1248.0,88.5,5.0,1221000.0
Audi A6 2011-2015 35 Tfsi Technology,Nairobi,2015,55985,Petrol,Automatic,First,13.53,1984.0,177.01,5.0,3478000.0
Hyundai I20 1.2 Magna,Kisumu,2010,45807,Petrol,Manual,First,18.5,1197.0,80.0,5.0,276760.0
Volkswagen Vento Petrol Highline At,Kisumu,2010,33000,Petrol,Automatic,First,14.4,1598.0,103.6,5.0,421800.0
Honda City Corporate Edition,Nairobi,2012,51920,Petrol,Manual,First,16.8,1497.0,116.3,5.0,629000.0
Nissan Micra Diesel Xv,Kisumu,2012,54000,Diesel,Manual,First,23.08,1461.0,63.1,5.0,629000.0
Maruti Alto K10 2010-2014 Vxi,Kisumu,2013,54000,Petrol,Manual,Second,20.92,998.0,67.1,5.0,407000.0
Honda Wrv I-Vtec Vx,Mombasa,2018,37430,Petrol,Manual,First,17.5,1199.0,88.7,5.0,1465200.0
Toyota Innova 2.5 V Diesel 7-Seater,Nairobi,2007,262000,Diesel,Manual,Fourth & Above,12.8,2494.0,102.0,7.0,592000.0
Renault Duster 110Ps Diesel Rxz Pack,Nakuru,2013,62000,Diesel,Manual,First,19.01,1461.0,108.45,5.0,1147000.0
Toyota Corolla Altis G,Nairobi,2012,87615,Petrol,Manual,First,14.53,1798.0,138.1,5.0,999000.0
Mahindra Ssangyong Rexton Rx7,Nakuru,2013,72000,Diesel,Automatic,Second,11.18,2696.0,184.0,7.0,1850000.0
Audi A6 2.7 Tdi,Kisumu,2010,35000,Diesel,Automatic,First,12.4,2698.0,179.5,5.0,1702000.0
Volkswagen Vento 1.6 Highline,Naivasha,2014,55431,Petrol,Manual,Second,16.09,1598.0,103.5,5.0,1033040.0
Maruti Wagon R Lxi Bsiii,Nyeri,2009,83816,Petrol,Manual,Second,14.0,1061.0,64.0,5.0,273800.0
Maruti Vitara Brezza Zdi Plus,Mombasa,2018,50075,Diesel,Manual,First,24.3,1248.0,88.5,5.0,1277240.0000000002
Mahindra Kuv 100 Mfalcon G80 K6 5Str Aw,Nairobi,2017,52000,Petrol,Manual,First,18.15,1198.0,82.0,5.0,717799.9999999999
Mercedes-Benz M-Class Ml 350 Cdi,Eldoret,2013,85000,Diesel,Automatic,First,11.74,2987.0,254.8,5.0,4144000.0
Volkswagen Polo Diesel Trendline 1.2L,Mombasa,2013,62000,Diesel,Manual,First,22.07,1199.0,73.9,5.0,740000.0
Maruti Alto Lxi,Nairobi,2008,90000,Petrol,Manual,Second,19.7,796.0,46.3,5.0,185000.0
Tata Nano Lx Se,Mombasa,2014,19698,Petrol,Manual,First,25.4,624.0,37.5,4.0,226440.0
Mahindra Kuv 100 Mfalcon D75 K8 Dual Tone,Naivasha,2017,22033,Diesel,Manual,First,25.32,1198.0,77.0,6.0,825840.0
Hyundai I20 Magna Optional 1.2,Mombasa,2014,35487,Petrol,Manual,First,18.5,1197.0,82.9,5.0,701520.0
Hyundai Elantra 2.0 Sx Option At,Nakuru,2014,46374,Petrol,Automatic,First,14.62,1999.0,149.92,5.0,1309800.0
Toyota Corolla Altis G At,Nairobi,2016,52001,Petrol,Automatic,First,14.28,1798.0,138.03,5.0,1496280.0
Hyundai Elantra Crdi,Thika,2008,58005,Diesel,Manual,Second,14.9,1991.0,112.2,5.0,629000.0
Toyota Innova Crysta 2.7 Gx Mt,Nakuru,2012,70704,Petrol,Manual,First,11.25,2694.0,163.7,7.0,1620600.0
Hyundai Xcent 1.1 Crdi S,Nyeri,2014,75000,Diesel,Manual,First,24.4,1120.0,71.0,5.0,569800.0
Mahindra Thar Crde Ac,Nyeri,2012,75800,Diesel,Manual,Second,16.55,2498.0,105.0,6.0,814000.0
Audi A4 2.0 Tdi 177 Bhp Premium Plus,Mombasa,2015,13648,Diesel,Automatic,First,17.11,1968.0,174.33,5.0,3171640.0
Maruti Swift Ldi,Nairobi,2014,52000,Diesel,Manual,First,22.9,1248.0,74.0,5.0,629000.0
Maruti Swift Ldi Bsiv,Kisumu,2014,53000,Diesel,Manual,First,17.8,1248.0,75.0,5.0,488400.0
Maruti Swift Vdi,Nairobi,2013,65650,Diesel,Manual,First,28.4,1248.0,74.0,5.0,569800.0
Hyundai Grand I10 Sportz,Mombasa,2015,54000,Petrol,Manual,Third,18.9,1197.0,82.0,5.0,532800.0
Volkswagen Vento 2013-2015 1.6 Comfortline,Kisumu,2015,39000,Petrol,Manual,First,15.04,1598.0,103.2,5.0,590520.0
Renault Kwid Rxt,Mombasa,2017,16542,Petrol,Manual,First,25.17,799.0,53.3,5.0,488400.0
Hyundai I10 Asta,Kisumu,2010,32000,Petrol,Manual,First,20.36,1197.0,78.9,5.0,306359.99999999994
Nissan X-Trail Slx At,Kisumu,2010,121812,Diesel,Automatic,First,13.29,1995.0,147.6,5.0,1147000.0
Maruti Zen Estilo Vxi Bsiii,Kisumu,2010,39300,Petrol,Manual,First,18.2,998.0,67.1,5.0,333000.0
Toyota Innova Crysta 2.4 Gx Mt 8S,Nairobi,2017,22000,Diesel,Manual,First,13.68,2393.0,147.8,8.0,2442000.0
Ford Figo Diesel Titanium,Nakuru,2010,72000,Diesel,Manual,First,20.0,1399.0,68.0,5.0,407000.0
Mercedes-Benz New C-Class C 200 Cgi Avantgarde,Nairobi,2015,58000,Petrol,Automatic,First,11.74,1796.0,186.0,5.0,3951600.0
Mercedes-Benz New C-Class 200 Cdi Classic,Eldoret,2011,65000,Diesel,Manual,Second,15.8,2148.0,170.0,5.0,1480000.0
Tata Indica V2 Els,Mombasa,2016,178000,Diesel,Manual,First,25.0,1396.0,69.0,5.0,370000.0
Audi A4 2.0 Tdi Multitronic,Nyeri,2012,65664,Diesel,Automatic,First,16.55,1968.0,140.0,5.0,1998000.0
Honda City Zx Cvt,Nairobi,2007,63000,Petrol,Automatic,Second,16.4,1497.0,78.0,5.0,273800.0
Mercedes-Benz C-Class Progressive C 220D,Naivasha,2019,15369,Diesel,Automatic,First,0.0,1950.0,194.0,5.0,5279160.0
Maruti Ertiga Shvs Vdi,Eldoret,2016,63000,Diesel,Manual,First,24.52,1248.0,88.5,7.0,1206200.0
Hyundai Creta 1.4 E Plus Diesel,Nairobi,2018,13000,Diesel,Manual,First,22.1,1396.0,88.7,5.0,1554000.0
Porsche Cayenne 2009-2014 Turbo,Nairobi,2008,73000,Petrol,Automatic,First,8.5,4806.0,500.0,5.0,2146000.0
Mahindra Xuv500 W8 4Wd,Nairobi,2015,55729,Diesel,Manual,First,15.1,2179.0,140.0,7.0,1428200.0
Hyundai I10 Sportz 1.2 At,Mombasa,2012,45178,Petrol,Automatic,First,16.95,1197.0,78.9,5.0,515040.0
Nissan Terrano Xv D Pre,Mombasa,2015,56066,Diesel,Manual,First,19.64,1461.0,108.5,5.0,1024160.0
Honda Brio Vx At,Naivasha,2016,37300,Petrol,Automatic,Second,16.5,1198.0,86.8,5.0,956080.0
Audi A6 2.0 Tdi Design Edition,Nairobi,2014,56000,Diesel,Automatic,Second,18.53,1968.0,187.74,5.0,4366000.0
Ford Fiesta 1.4 Sxi Tdci,Nyeri,2008,111111,Diesel,Manual,First,17.8,1399.0,97.7,5.0,296000.0
Toyota Innova 2.0 G1,Mombasa,2006,230000,Petrol,Manual,Third,12.4,1998.0,132.0,8.0,666000.0
Toyota Innova 2.5 Vx 7 Str Bsiv,Kisumu,2012,104000,Diesel,Manual,First,12.8,2494.0,102.0,7.0,1739000.0
Hyundai Santro Xing Xl,Kisumu,2005,87591,Petrol,Manual,First,0.0,1086.0,97.7,5.0,192400.0
Maruti Swift Vdi,Nyeri,2012,95100,Diesel,Manual,First,22.9,1248.0,74.0,5.0,555000.0
Tata Zest Revotron 1.2T Xe,Eldoret,2017,70000,Petrol,Manual,First,17.57,1193.0,88.7,5.0,666000.0
Honda Amaze Sx I-Vtec,Mombasa,2016,54944,Petrol,Manual,First,18.0,1198.0,86.7,5.0,713360.0
Ford Figo Diesel Zxi,Kisumu,2012,70337,Diesel,Manual,First,20.0,1399.0,68.0,5.0,414400.0
Maruti Ritz Vdi,Nyeri,2013,99638,Diesel,Manual,First,23.2,1248.0,73.94,5.0,460280.0
Honda City I Vtec E,Nairobi,2009,52000,Petrol,Manual,First,17.8,1497.0,117.3,5.0,481000.0
Bmw 5 Series 2003-2012 525D,Nairobi,2011,75000,Diesel,Automatic,Second,16.73,1995.0,218.0,5.0,2057200.0
Hyundai I10 Sportz 1.2,Eldoret,2009,95980,Petrol,Manual,First,20.36,1197.0,78.9,5.0,333000.0
Hyundai Grand I10 Sportz,Nakuru,2016,16000,Petrol,Manual,First,18.9,1197.0,82.0,5.0,851000.0
Hyundai Santro Xing Xo,Kisumu,2007,73745,Petrol,Manual,First,17.0,1086.0,97.7,5.0,310800.0
Honda Amaze Sx I-Vtec,Nairobi,2016,18949,Petrol,Manual,First,17.8,1198.0,86.7,5.0,740000.0
Toyota Fortuner 4X2 Manual,Nairobi,2014,107000,Diesel,Manual,First,13.0,2982.0,168.5,7.0,2442000.0
Audi A6 2011-2015 35 Tdi Premium,Naivasha,2018,48367,Diesel,Automatic,First,17.68,1968.0,174.33,5.0,5857840.0
Ford Ecosport 1.5 Dv5 Mt Titanium Optional,Nairobi,2013,57000,Diesel,Manual,First,22.7,1498.0,89.84,5.0,814000.0
Mahindra Xuv500 W8 2Wd,Nairobi,2014,58000,Diesel,Manual,First,15.1,2179.0,140.0,7.0,1198800.0
Honda Amaze Sx I-Dtec,Kisumu,2015,30000,Diesel,Manual,First,25.8,1498.0,98.6,5.0,518000.0
Volkswagen Polo Diesel Highline 1.2L,Kisumu,2013,34212,Diesel,Manual,First,22.07,1199.0,73.9,5.0,412920.0
Hyundai Verna Transform Sx Vgt Crdi,Thika,2010,70002,Diesel,Manual,First,16.2,1493.0,110.0,5.0,510600.0
Maruti Wagon R Vxi Bs Iv,Nakuru,2016,62000,Petrol,Manual,First,18.9,998.0,67.1,5.0,658600.0
Volkswagen Polo Petrol Highline 1.6L,Nairobi,2010,62001,Petrol,Manual,First,15.26,1598.0,103.5,5.0,392200.0
Hyundai I20 1.4 Crdi Sportz,Eldoret,2011,78958,Diesel,Manual,Second,23.0,1396.0,90.0,5.0,562400.0
Hyundai I20 Asta 1.2,Nairobi,2014,30180,Petrol,Manual,First,18.5,1197.0,82.85,5.0,688200.0000000001
Datsun Go Plus T Petrol,Eldoret,2017,32851,Petrol,Manual,First,19.83,1198.0,67.0,7.0,584600.0
Audi A4 3.0 Tdi Quattro Premium,Kisumu,2010,30000,Diesel,Automatic,First,14.94,2967.0,241.4,5.0,1450400.0000000002
Hyundai I20 2015-2017 Asta,Eldoret,2009,66000,Petrol,Manual,Second,17.0,1197.0,80.0,5.0,399600.0
Maruti Omni 5 Str Std,Naivasha,2010,93850,Petrol,Manual,First,14.0,796.0,35.0,5.0,356680.0
Toyota Etios Liva 1.2 G,Thika,2014,53000,Petrol,Manual,First,17.71,1197.0,78.9,5.0,577200.0
Jaguar Xf 3.0 Litre S Premium Luxury,Kisumu,2011,78000,Diesel,Automatic,Second,14.74,2993.0,270.9,5.0,3552000.0
Mahindra Xuv500 W8 2Wd,Nairobi,2012,65000,Diesel,Manual,Second,16.0,2179.0,140.0,7.0,851000.0
Hyundai Verna 1.6 Sx Crdi (O) At,Kisumu,2014,40000,Diesel,Automatic,First,22.32,1582.0,126.32,5.0,777000.0
Toyota Innova Crysta 2.8 Zx At,Nairobi,2017,30000,Diesel,Automatic,First,11.36,2755.0,171.5,7.0,2849000.0
Maruti Eeco 5 Seater Ac,Naivasha,2017,38053,Petrol,Manual,First,15.1,1196.0,73.0,5.0,578680.0
Tata Nano Twist Xt,Nakuru,2014,25500,Petrol,Manual,First,25.4,624.0,37.5,4.0,318200.0
Bmw 3 Series 320D Luxury Line,Nairobi,2015,56087,Diesel,Automatic,First,22.69,1995.0,190.0,5.0,3071000.0
Honda Civic 2006-2010 1.8 V Mt,Nairobi,2010,71088,Petrol,Manual,First,13.5,1799.0,130.0,5.0,495800.0
Toyota Innova 2.5 Vx (Diesel) 7 Seater,Thika,2014,55000,Diesel,Manual,First,12.99,2494.0,100.6,7.0,1644280.0
Volvo V40 Cross Country D3,Nakuru,2014,32700,Diesel,Automatic,First,23.3,1984.0,150.0,5.0,2960000.0
Nissan Micra Xv Cvt,Naivasha,2016,39882,Petrol,Automatic,First,19.15,1198.0,75.94,5.0,969400.0
Bmw 5 Series 2010-2013 525I,Nairobi,2009,128000,Petrol,Automatic,First,10.8,2497.0,215.0,5.0,1036000.0
Maruti Vitara Brezza Vdi,Nairobi,2016,55000,Diesel,Manual,First,24.3,1248.0,88.5,5.0,1110000.0
Hyundai Santro Xing Xl Erlx Euro Iii,Nairobi,2005,102000,Petrol,Manual,Second,17.0,1086.0,97.7,5.0,125800.0
Mercedes-Benz B Class B200 Cdi,Eldoret,2014,53753,Diesel,Automatic,Second,15.0,2143.0,107.3,5.0,2479000.0
Hyundai Verna Crdi 1.6 Sx Option,Kisumu,2018,10250,Diesel,Manual,First,22.0,1582.0,126.2,5.0,1620600.0
Maruti Wagon R Lxi Bs Iv,Eldoret,2011,43874,Petrol,Manual,First,18.9,998.0,67.1,5.0,362600.00000000006
Tata Nano Xta,Naivasha,2017,32684,Petrol,Automatic,First,21.9,624.0,37.48,4.0,478040.0
Mahindra Scorpio Vlx,Kisumu,2014,42000,Diesel,Manual,First,12.05,2179.0,120.0,8.0,1147000.0
Mercedes-Benz New C-Class 200 K At,Kisumu,2009,28352,Petrol,Automatic,First,11.7,1796.0,178.0,5.0,1383800.0
Maruti Wagon R Lxi Cng,Eldoret,2013,89900,Cng,Manual,First,26.6,998.0,58.16,5.0,481000.0
Honda Cr-V 2.4 Mt,Nakuru,2007,47700,Petrol,Manual,Second,10.8,2354.0,152.0,5.0,777000.0
Volkswagen Vento 1.5 Tdi Comfortline At,Eldoret,2015,55000,Diesel,Automatic,First,21.21,1498.0,103.2,5.0,1073000.0
Maruti Ciaz Vxi Plus,Mombasa,2017,44285,Petrol,Manual,First,20.73,1373.0,91.1,5.0,1105560.0
Mahindra Xuv500 At W10 Fwd,Nyeri,2016,54000,Diesel,Automatic,First,16.0,2179.0,140.0,7.0,1961000.0
Maruti Ritz Vxi Abs,Naivasha,2016,30232,Petrol,Manual,First,21.1,1197.0,85.8,5.0,859880.0
Maruti Alto K10 Vxi,Kisumu,2014,88500,Petrol,Manual,First,24.07,998.0,67.1,5.0,384800.0
Mercedes-Benz Slc 43 Amg,Kisumu,2017,13372,Petrol,Automatic,First,19.0,2996.0,362.07,2.0,7992000.0
Hyundai Verna Vtvt 1.6 At Sx Plus,Mombasa,2019,12645,Petrol,Automatic,First,17.0,1591.0,121.3,5.0,1702000.0
Maruti Alto Lxi Bsiii,Mombasa,2010,94385,Petrol,Manual,Second,19.7,796.0,46.3,5.0,236800.0
Bmw 1 Series 118D Base,Naivasha,2015,31821,Diesel,Automatic,First,20.58,1995.0,143.0,5.0,2548560.0
Honda Jazz 1.2 V Cvt I Vtec,Nairobi,2015,12000,Petrol,Automatic,First,19.0,1199.0,88.7,5.0,888000.0
Honda Civic 2006-2010 1.8 V Mt,Nairobi,2012,88578,Petrol,Manual,First,13.5,1799.0,130.0,5.0,584600.0
Mercedes-Benz New C-Class C 220 Cdi Avantgarde,Mombasa,2014,44965,Diesel,Automatic,First,19.27,2143.0,170.0,5.0,2656600.0
Honda Amaze Sx I-Dtec,Kisumu,2014,45044,Diesel,Manual,First,25.8,1498.0,98.6,5.0,547600.0
Maruti Swift Vvt Vxi,Mombasa,2016,34204,Petrol,Manual,First,22.0,1197.0,81.8,5.0,803640.0
Hyundai Santro Xing Xo Erlx Euro Ii,Mombasa,2008,80759,Petrol,Manual,Third,17.0,1086.0,97.7,5.0,247160.0
Toyota Fortuner 3.0 Diesel,Naivasha,2012,91235,Diesel,Manual,First,11.5,2982.0,171.0,7.0,1996520.0
Chevrolet Beat Lt Option,Eldoret,2014,38800,Petrol,Manual,First,18.6,1199.0,76.8,5.0,421800.0
Skoda Rapid 1.5 Tdi Elegance,Mombasa,2013,83000,Diesel,Manual,First,21.14,1498.0,103.52,5.0,703000.0
Maruti Ciaz 1.4 Alpha,Mombasa,2018,41283,Petrol,Manual,First,20.73,1373.0,91.1,5.0,1465200.0
Audi Rs5 Coupe,Nairobi,2013,23000,Petrol,Automatic,First,11.05,2894.0,444.0,4.0,5476000.0
Bmw 3 Series Luxury Line,Nairobi,2014,48000,Diesel,Automatic,First,21.76,1995.0,190.0,5.0,3922000.0
Audi A4 2.0 Tdi 177 Bhp Premium Plus,Naivasha,2015,48214,Diesel,Automatic,First,17.11,1968.0,174.33,5.0,3451360.0
Maruti Swift Vdi,Mombasa,2016,35000,Diesel,Manual,First,22.9,1248.0,74.0,5.0,925000.0
Mercedes-Benz S Class 2005 2013 S 500,Kisumu,2010,35277,Petrol,Automatic,First,7.81,5461.0,362.9,5.0,4440000.0
Skoda Rapid 1.5 Tdi At Elegance Plus Black Package,Naivasha,2016,54620,Diesel,Automatic,First,21.66,1498.0,103.52,5.0,1459280.0
Skoda Superb Elegance 2.0 Tdi Cr At,Eldoret,2012,136997,Diesel,Automatic,First,17.2,1968.0,138.1,5.0,1258000.0
Hyundai Eon Magna Plus,Mombasa,2019,14322,Petrol,Manual,First,21.1,814.0,55.2,5.0,626040.0000000001
Volkswagen Polo Diesel Trendline 1.2L,Nyeri,2012,65634,Diesel,Manual,First,22.07,1199.0,73.9,5.0,518000.0
Datsun Go Nxt,Kisumu,2016,6000,Petrol,Manual,First,20.63,1198.0,67.06,5.0,370000.0
Honda Brio S Mt,Kisumu,2013,33280,Petrol,Manual,First,19.4,1198.0,86.8,5.0,353720.0
Mercedes-Benz B Class B180,Nairobi,2013,29000,Petrol,Automatic,First,14.8,1595.0,120.7,5.0,1665000.0
Honda City I Dtec V,Mombasa,2015,42831,Diesel,Manual,First,26.0,1498.0,98.6,5.0,1052280.0
Toyota Innova 2.5 G (Diesel) 7 Seater,Thika,2016,90000,Diesel,Manual,First,12.99,2494.0,100.6,7.0,1613200.0
Maruti Swift Vxi Optional,Thika,2017,24005,Petrol,Manual,First,20.4,1197.0,81.8,5.0,917600.0
Mahindra Xuv500 W8 2Wd,Nairobi,2012,32792,Diesel,Manual,First,15.1,2179.0,140.0,7.0,1169200.0
Ford Ecosport 1.5 Dv5 Mt Ambiente,Mombasa,2014,147898,Diesel,Manual,First,22.7,1498.0,89.84,5.0,654160.0
Toyota Fortuner 4X2 Manual,Nairobi,2012,131765,Diesel,Manual,First,13.0,2982.0,168.5,7.0,1998000.0
Volkswagen Vento 1.5 Highline Plus At 16 Alloy,Mombasa,2013,65000,Diesel,Automatic,First,21.5,1498.0,108.5,5.0,925000.0
Ford Figo Diesel Titanium,Nyeri,2010,66123,Diesel,Manual,Second,20.0,1399.0,68.0,5.0,310800.0
Bmw X5 Xdrive 30D,Nairobi,2015,41000,Diesel,Automatic,First,15.3,2993.0,258.0,5.0,6660000.0
Mercedes-Benz New C-Class C 220 Cdi Style,Naivasha,2017,23550,Diesel,Automatic,First,19.27,2143.0,167.62,5.0,4981679.999999999
Honda Brio V Mt,Nakuru,2012,45000,Petrol,Manual,Second,19.4,1198.0,86.8,5.0,540200.0
Hyundai I10 Magna 1.2,Nairobi,2013,60000,Petrol,Manual,First,20.36,1197.0,78.9,5.0,407000.0
Mercedes-Benz Glc 220,Nakuru,2016,44414,Diesel,Automatic,First,17.9,2143.0,170.0,5.0,6290000.0
Hyundai Grand I10 1.2 Kappa Asta,Kisumu,2019,1000,Petrol,Manual,First,18.9,1197.0,81.86,5.0,962000.0
Audi A6 2011-2015 2.0 Tdi Premium Plus,Nairobi,2012,62500,Diesel,Automatic,Second,17.68,1968.0,174.33,5.0,2812000.0
Volkswagen Vento Petrol Highline At,Nairobi,2013,21000,Petrol,Automatic,Second,14.4,1598.0,103.6,5.0,658600.0
Mini Countryman Cooper D,Nyeri,2017,8525,Diesel,Automatic,Second,16.6,1998.0,112.0,5.0,3404000.0
Hyundai I20 Asta 1.4 Crdi,Nakuru,2014,29000,Diesel,Manual,First,22.54,1396.0,88.73,5.0,1235800.0
Audi A6 2011-2015 2.0 Tdi Premium Plus,Nairobi,2014,40000,Diesel,Automatic,First,17.68,1968.0,174.33,5.0,3396600.0
Chevrolet Beat Diesel Lt,Nyeri,2012,88000,Diesel,Manual,First,25.44,936.0,57.6,5.0,222000.0
Skoda Superb Elegance 1.8 Tsi At,Mombasa,2012,53537,Petrol,Automatic,First,13.7,1798.0,157.75,5.0,1019720.0
Ford Fiesta 1.4 Tdci Exi Limited Edition,Mombasa,2006,216000,Diesel,Manual,Second,17.8,1399.0,68.0,5.0,214600.0
Bmw 5 Series 520D Luxury Line,Kisumu,2014,51000,Diesel,Automatic,First,22.48,1995.0,190.0,5.0,4958000.0
Chevrolet Optra Magnum 1.6 Ls Bs3,Nyeri,2007,118500,Petrol,Manual,First,12.9,1598.0,102.5,5.0,185000.0
Volkswagen Polo Diesel Highline 1.2L,Kisumu,2012,63000,Diesel,Manual,First,22.07,1199.0,73.9,5.0,621600.0
Renault Lodgy 110Ps Rxz 8 Seater,Nairobi,2015,25000,Diesel,Manual,First,19.98,1461.0,108.5,8.0,999000.0
Mercedes-Benz E-Class E250 Cdi Avantgrade,Nakuru,2014,37382,Diesel,Automatic,First,13.0,2143.0,201.1,5.0,4736000.0
Maruti Baleno Alpha,Mombasa,2017,24773,Petrol,Manual,First,21.4,1197.0,83.1,5.0,1110000.0
Hyundai Verna 1.6 Sx,Nairobi,2012,62000,Diesel,Manual,First,22.32,1582.0,126.32,5.0,680799.9999999999
Hyundai I10 Magna 1.1,Mombasa,2017,52340,Petrol,Manual,First,19.81,1086.0,68.05,5.0,597920.0
Mahindra Scorpio 1.99 S10 4Wd,Mombasa,2016,56739,Diesel,Manual,First,15.4,1997.0,120.0,7.0,1525880.0
Land Rover Range Rover 2.2L Dynamic,Naivasha,2018,36091,Diesel,Automatic,First,12.7,2179.0,187.7,5.0,8252480.0
Ford Figo Diesel Zxi,Mombasa,2010,120000,Diesel,Manual,First,20.0,1399.0,68.0,5.0,384800.0
Maruti Ertiga Zdi,Nairobi,2016,33000,Diesel,Manual,First,25.47,1248.0,88.5,7.0,1258000.0
Honda City 1.5 Gxi,Thika,2007,60006,Petrol,Manual,First,0.0,1493.0,97.7,5.0,436600.0
Honda Amaze S I-Dtech,Kisumu,2014,52000,Diesel,Manual,First,25.8,1498.0,98.6,5.0,518000.0
Hyundai I10 Magna,Nyeri,2015,43571,Petrol,Manual,First,20.36,1197.0,78.9,5.0,525400.0
Honda Amaze S I-Dtech,Kisumu,2013,50000,Diesel,Manual,First,25.8,1498.0,98.6,5.0,481000.0
Skoda Laura Ambiente,Kisumu,2008,113000,Diesel,Manual,First,17.5,1896.0,106.0,5.0,666000.0
Renault Duster 85Ps Diesel Rxl,Nairobi,2014,90000,Diesel,Manual,First,19.87,1461.0,83.8,5.0,791800.0
Mahindra Nuvosport N6,Mombasa,2017,29000,Diesel,Manual,Second,17.45,1493.0,100.0,7.0,962000.0
Maruti Vitara Brezza Zdi Plus Dual Tone,Nairobi,2016,20000,Diesel,Manual,First,24.3,1248.0,88.5,5.0,1332000.0
Hyundai I20 Asta Option 1.2,Mombasa,2016,61012,Petrol,Manual,First,18.6,1197.0,81.83,5.0,888000.0
Skoda Fabia 1.4 Mpi Ambiente,Nyeri,2009,87459,Petrol,Manual,First,14.7,1390.0,85.0,5.0,407000.0
Tata Indigo Ecs Glx,Eldoret,2010,70500,Petrol,Manual,First,15.64,1193.0,64.1,5.0,222000.0
Audi Q3 2012-2015 35 Tdi Quattro Premium Plus,Nairobi,2015,64103,Diesel,Automatic,First,15.73,1968.0,174.33,5.0,2945199.9999999995
Skoda Octavia Elegance 1.8 Tsi At,Nairobi,2014,76000,Petrol,Automatic,First,14.7,1798.0,177.5,5.0,1480000.0
Toyota Etios Liva Gd Sp,Nairobi,2014,104000,Diesel,Manual,First,23.59,1364.0,67.06,5.0,444000.0
Maruti Swift 1.3 Vxi,Kisumu,2010,42001,Petrol,Manual,First,16.1,1493.0,97.7,5.0,312280.0
Mercedes-Benz B Class B180,Mombasa,2014,37245,Petrol,Automatic,First,14.8,1595.0,120.7,5.0,1770080.0
Honda Amaze S Diesel,Kisumu,2013,45000,Diesel,Manual,First,27.4,1498.0,98.6,5.0,481000.0
Hyundai Verna 1.6 Sx,Nyeri,2012,117837,Diesel,Manual,Second,22.32,1582.0,126.32,5.0,703000.0
Renault Duster 85Ps Diesel Rxl Optional,Nairobi,2014,30000,Diesel,Manual,First,20.46,1461.0,83.8,5.0,880600.0
Hyundai Creta 1.6 Vtvt S,Nairobi,2015,27057,Petrol,Manual,Second,15.29,1591.0,121.3,5.0,1206200.0
Maruti Wagon R Amt Vxi,Nairobi,2016,8500,Petrol,Automatic,First,20.51,998.0,67.0,5.0,624560.0
Mercedes-Benz New C-Class C250 Avantgarde,Kisumu,2010,30500,Petrol,Automatic,First,11.74,1796.0,186.0,5.0,1554000.0
Audi A8 L 3.0 Tdi Quattro,Nairobi,2012,56000,Diesel,Automatic,First,11.8,2967.0,246.7,5.0,6660000.0
Hyundai I10 Magna 1.1,Eldoret,2012,44000,Petrol,Manual,Second,19.81,1086.0,68.05,5.0,429200.0
Skoda Rapid 1.6 Mpi At Style Black Package,Nairobi,2017,10500,Petrol,Automatic,First,14.3,1598.0,103.52,5.0,1317200.0
Skoda Superb Style 1.8 Tsi At,Kisumu,2017,26000,Petrol,Automatic,First,14.67,1798.0,177.46,5.0,3848000.0
Hyundai I20 Active 1.2 Sx,Naivasha,2018,25166,Petrol,Manual,First,17.19,1197.0,81.86,5.0,1216560.0000000002
Honda Amaze Vx I-Dtec,Kisumu,2014,64000,Diesel,Manual,Second,25.8,1498.0,98.6,5.0,518000.0
Maruti Wagon R Lxi,Mombasa,2004,61000,Petrol,Manual,Second,18.9,998.0,67.1,5.0,185000.0
Mahindra Verito 1.5 D4 Bsiv,Kisumu,2013,107000,Diesel,Manual,First,21.03,1461.0,65.0,5.0,547600.0
Mercedes-Benz New C-Class C 220D Avantgarde Edition C,Naivasha,2018,29161,Diesel,Automatic,First,19.27,2143.0,167.62,5.0,5832679.999999999
Maruti Wagon R Vxi,Kisumu,2013,32000,Petrol,Manual,First,22.5,998.0,67.04,5.0,392200.0
Nissan Terrano Xv Premium 110 Ps Anniversary Edition,Naivasha,2015,46173,Diesel,Manual,Second,19.01,1461.0,108.5,5.0,1320160.0
Maruti Swift Vdi Bsiv,Nairobi,2013,47000,Diesel,Manual,First,17.8,1248.0,97.7,5.0,606799.9999999999
Mini Cooper Convertible S,Mombasa,2017,26327,Petrol,Automatic,First,16.82,1998.0,189.08,4.0,5279160.0
Ford Figo Diesel,Nakuru,2015,70436,Diesel,Manual,First,0.0,1498.0,99.0,5.0,532800.0
Tata Indica V2 Dls Bsii,Nyeri,2007,200000,Diesel,Manual,Second,17.2,1396.0,53.5,5.0,125800.0
Chevrolet Beat Lt,Mombasa,2016,60813,Petrol,Manual,Second,18.6,1199.0,76.8,5.0,491360.0
Volkswagen Polo Diesel Comfortline 1.2L,Nairobi,2012,45000,Diesel,Manual,First,22.07,1199.0,73.9,5.0,532800.0
Maruti Swift Zdi,Kisumu,2016,64000,Diesel,Manual,First,22.9,1248.0,74.0,5.0,1006400.0
Ford Figo Diesel Exi,Kisumu,2012,41284,Diesel,Manual,First,20.0,1399.0,68.05,5.0,370000.0
Toyota Innova Crysta 2.8 Gx At,Mombasa,2019,14165,Diesel,Automatic,First,11.36,2755.0,171.5,7.0,2906720.0
Hyundai Santa Fe 4X4 At,Nairobi,2011,67000,Diesel,Automatic,Second,11.72,2199.0,194.3,7.0,1036000.0
Honda City I-Vtec V,Kisumu,2011,32572,Petrol,Manual,First,17.4,1497.0,117.3,5.0,572760.0
Hyundai I20 1.2 Magna Executive,Mombasa,2018,14960,Petrol,Manual,First,18.6,1197.0,81.83,5.0,927960.0
Mercedes-Benz New C-Class C 220D Avantgarde Edition C,Mombasa,2015,55980,Diesel,Automatic,First,19.27,2143.0,167.62,5.0,2681760.0
Chevrolet Beat Diesel Lt,Nairobi,2013,74000,Diesel,Manual,First,25.44,936.0,57.6,5.0,392200.0
Hyundai I20 Sportz 1.4 Crdi,Mombasa,2015,56847,Diesel,Manual,First,22.54,1396.0,88.73,5.0,1065600.0
Toyota Innova 2.5 Z Diesel 7 Seater,Naivasha,2015,121374,Diesel,Manual,First,12.99,2494.0,100.6,7.0,2116400.0
Maruti Ertiga Vdi,Mombasa,2013,52000,Diesel,Manual,First,20.77,1248.0,88.76,7.0,1021200.0
Toyota Innova 2.5 V Diesel 7-Seater,Nairobi,2014,118000,Diesel,Manual,First,12.8,2494.0,102.0,7.0,1591000.0
Hyundai Santro Xing Xo Erlx Euro Ii,Nairobi,2007,72000,Petrol,Manual,Third,17.0,1086.0,97.7,5.0,140600.0
Honda City I Vtec V,Mombasa,2016,33915,Petrol,Manual,First,17.8,1497.0,117.3,5.0,1197320.0
Bmw X1 Sdrive20D,Thika,2014,82002,Diesel,Automatic,First,17.05,1995.0,184.0,5.0,2738000.0
Hyundai Grand I10 Crdi Era,Nairobi,2017,33000,Diesel,Manual,First,24.0,1120.0,70.0,5.0,703000.0
Maruti Ciaz 1.3 Alpha,Mombasa,2016,34000,Diesel,Manual,First,28.09,1248.0,88.5,5.0,1250599.9999999998
Skoda Rapid Leisure 1.6 Tdi Mt,Kisumu,2012,55000,Diesel,Manual,First,20.5,1598.0,103.6,5.0,518000.0
Hyundai Accent Crdi,Mombasa,2006,160538,Diesel,Manual,First,13.1,1493.0,82.0,5.0,266400.0
Volkswagen Polo Gt 1.5 Tdi,Nyeri,2014,60000,Diesel,Manual,Second,19.91,1498.0,103.6,5.0,547600.0
Honda Jazz 1.2 Vx I Vtec,Naivasha,2017,49575,Petrol,Manual,First,18.7,1199.0,88.7,5.0,1061160.0
Hyundai I10 Era,Nyeri,2010,83000,Petrol,Manual,First,19.81,1086.0,68.05,5.0,259000.0
Hyundai Tucson 2.0 E-Vgt 2Wd At Gls,Mombasa,2018,51346,Diesel,Automatic,First,16.38,1995.0,183.0,5.0,3254520.0
Toyota Innova Crysta 2.4 Zx Mt,Eldoret,2017,43000,Diesel,Manual,First,13.68,2393.0,147.8,7.0,2760199.9999999995
Maruti Omni Mpi Cargo Bsiii W/ Immobiliser,Nyeri,2011,35000,Petrol,Manual,Third,19.7,796.0,35.0,5.0,273800.0
Maruti Swift Vxi Bsiv,Naivasha,2017,27872,Petrol,Manual,Second,20.4,1197.0,81.8,5.0,880600.0
Hyundai Grand I10 Magna,Nairobi,2014,16514,Petrol,Manual,First,18.9,1197.0,82.0,5.0,555000.0
Maruti Swift Vdi,Eldoret,2012,120000,Diesel,Manual,First,22.9,1248.0,74.0,5.0,555000.0
Hyundai Verna Crdi 1.6 Sx,Kisumu,2008,143275,Diesel,Manual,First,22.0,1582.0,126.2,5.0,384800.0
Hyundai Santro Xing Xl,Kisumu,2006,99000,Petrol,Manual,First,0.0,1086.0,97.7,5.0,259000.0
Hyundai I20 1.2 Sportz,Nairobi,2010,52000,Petrol,Manual,First,17.0,1197.0,80.0,5.0,414400.0
Mercedes-Benz Gle 350D,Naivasha,2017,29819,Diesel,Automatic,First,11.57,2987.0,254.79,5.0,9070920.0
Mercedes-Benz New C-Class C 220 Cdi Classic,Nakuru,2014,57000,Diesel,Manual,Second,15.8,2148.0,170.0,5.0,2664000.0
Maruti Ritz Zdi,Kisumu,2014,88500,Diesel,Manual,First,23.2,1248.0,73.94,5.0,643799.9999999999
Hyundai Creta 1.6 Crdi Sx,Nakuru,2016,28000,Diesel,Manual,First,19.67,1582.0,126.2,5.0,2035000.0
Maruti A-Star Vxi,Eldoret,2010,67000,Petrol,Manual,First,19.0,998.0,66.1,5.0,296000.0
Renault Duster 110Ps Diesel Rxz Option,Nairobi,2016,26000,Diesel,Manual,First,19.64,1461.0,108.45,5.0,1480000.0
Fiat Grande Punto 1.3 Emotion Pack (Diesel),Nairobi,2010,120000,Diesel,Manual,First,17.8,1248.0,76.0,5.0,244200.0
Bmw X3 Xdrive30D M Sport,Naivasha,2017,51982,Diesel,Automatic,First,16.55,2993.0,258.0,5.0,6773960.0
Hyundai I10 Sportz,Nakuru,2010,36000,Petrol,Manual,Second,20.36,1197.0,78.9,5.0,481000.0
Toyota Innova 2.5 G4 Diesel 7-Seater,Eldoret,2016,47000,Diesel,Manual,First,12.8,2494.0,102.0,7.0,1894400.0
Maruti Zen Vxi Bsii,Nairobi,2002,60000,Petrol,Manual,Third,17.3,993.0,60.0,5.0,81400.00000000001
Maruti Swift Vdi,Kisumu,2018,31025,Diesel,Manual,First,28.4,1248.0,74.0,5.0,1058200.0
Mahindra Scorpio Vlx 2.2 Mhawk Airbag Bsiv,Eldoret,2013,105000,Diesel,Manual,Second,12.05,2179.0,120.0,8.0,1036000.0
Tata Zest Quadrajet 1.3 75Ps Xe,Eldoret,2017,121900,Diesel,Manual,First,22.95,1248.0,74.0,5.0,555000.0
Ford Ecosport 1.0 Ecoboost Titanium Plus,Nairobi,2017,22695,Petrol,Manual,First,18.88,999.0,123.24,5.0,1258000.0
Maruti Swift Dzire Zdi,Nyeri,2012,73000,Diesel,Manual,First,23.4,1248.0,74.0,5.0,643799.9999999999
Maruti Alto 800 Lxi,Mombasa,2016,32227,Petrol,Manual,First,22.74,796.0,47.3,5.0,482480.0
Honda City 1.5 S Mt,Nyeri,2011,55000,Petrol,Manual,First,17.0,1497.0,118.0,5.0,623080.0
Audi Q7 3.0 Tdi Quattro Technology,Mombasa,2018,11287,Diesel,Automatic,First,12.07,2967.0,241.4,7.0,10413280.0
Skoda Laura 1.9 Tdi At Ambiente,Nairobi,2009,48000,Diesel,Automatic,Second,17.0,1896.0,105.0,5.0,436600.0
Hyundai Verna 1.6 Sx Vtvt (O),Mombasa,2012,54308,Petrol,Manual,First,17.1,1591.0,121.3,5.0,633440.0
Honda City 1.5 V At,Nyeri,2009,78442,Petrol,Automatic,First,16.8,1497.0,118.0,5.0,528360.0
Hyundai I20 Magna Optional 1.4 Crdi,Kisumu,2013,46000,Diesel,Manual,First,21.9,1396.0,88.8,5.0,460280.0
Hyundai I20 Sportz At 1.4,Naivasha,2014,45051,Petrol,Automatic,First,15.0,1396.0,98.6,5.0,882080.0
Volkswagen Vento Diesel Highline,Kisumu,2011,69000,Diesel,Manual,First,20.54,1598.0,103.6,5.0,695600.0
Honda City I Vtec Vx,Thika,2014,49000,Petrol,Manual,First,17.4,1497.0,117.3,5.0,1021200.0
Tata Zest Quadrajet 1.3 75Ps Xe,Eldoret,2018,45000,Diesel,Manual,First,22.95,1248.0,74.0,5.0,777000.0
Bmw 5 Series 2003-2012 520D,Eldoret,2015,64000,Diesel,Automatic,First,18.48,1995.0,177.0,5.0,4144000.0
Maruti Wagon R Lxi Minor,Nairobi,2009,60000,Petrol,Manual,First,18.9,1061.0,67.0,5.0,199800.0
Honda Jazz Vx,Nairobi,2015,62178,Petrol,Manual,First,18.2,1199.0,88.7,5.0,717799.9999999999
Volkswagen Jetta 2007-2011 2.0 Tdi Comfortline,Naivasha,2012,58006,Diesel,Manual,First,15.0,1896.0,105.0,5.0,991600.0
Hyundai I10 Magna 1.2,Kisumu,2010,74000,Petrol,Manual,First,20.36,1197.0,78.9,5.0,458800.0
Mercedes-Benz New C-Class C 220 Cdi Avantgarde,Mombasa,2015,77771,Diesel,Automatic,First,19.27,2143.0,170.0,5.0,2758720.0
Hyundai I10 Magna 1.2 Itech Se,Eldoret,2012,45275,Petrol,Manual,First,20.36,1197.0,78.9,5.0,414400.0
Toyota Innova Crysta 2.4 Zx Mt,Mombasa,2016,48000,Diesel,Manual,First,13.68,2393.0,147.8,7.0,2997000.0
Audi A6 2011-2015 2.0 Tdi Technology,Mombasa,2015,31652,Diesel,Automatic,First,17.68,1968.0,174.33,5.0,3963440.0
Toyota Innova 2.5 Vx (Diesel) 7 Seater,Kisumu,2010,109000,Diesel,Manual,Second,12.99,2494.0,100.6,7.0,1222480.0
Volkswagen Polo Petrol Trendline 1.2L,Nairobi,2015,31978,Petrol,Manual,First,16.47,1198.0,73.9,5.0,575720.0
Maruti Alto K10 Lxi,Kisumu,2011,70000,Petrol,Manual,First,20.92,998.0,67.1,5.0,310800.0
Honda City I-Vtec Cvt Zx,Nairobi,2017,15000,Petrol,Automatic,First,18.0,1497.0,117.3,5.0,1878120.0
Tata Indigo Lx,Naivasha,2013,59138,Diesel,Manual,First,17.0,1405.0,70.0,5.0,381840.0
Audi A6 2011-2015 2.0 Tdi Premium Plus,Mombasa,2014,61726,Diesel,Automatic,First,17.68,1968.0,174.33,5.0,3073960.0
Mercedes-Benz Gla Class 200 Cdi Sport,Nairobi,2015,48000,Diesel,Automatic,First,17.9,2143.0,136.0,5.0,2998480.0000000005
Hyundai Santro Xing Xl,Mombasa,2006,58000,Petrol,Manual,Second,0.0,1086.0,97.7,5.0,222000.0
Maruti Swift Vdi Bsiv,Kisumu,2011,60020,Diesel,Manual,First,17.8,1248.0,97.7,5.0,370000.0
Maruti Celerio Vxi At,Kisumu,2014,77815,Petrol,Automatic,First,23.1,998.0,67.04,5.0,629000.0
Mercedes-Benz Gle 250D,Kisumu,2017,29000,Diesel,Automatic,First,17.9,2143.0,201.15,5.0,8436000.0
Land Rover Range Rover Hse Dynamic,Nairobi,2017,44000,Diesel,Automatic,First,12.7,2179.0,187.7,5.0,6512000.0
Volkswagen Vento Diesel Trendline,Kisumu,2011,108626,Diesel,Manual,First,20.54,1598.0,103.6,5.0,540200.0
Maruti Omni 8 Seater Bsiv,Kisumu,2012,71791,Petrol,Manual,First,14.0,796.0,35.0,5.0,303399.99999999994
Honda Brio 1.2 Vx Mt,Mombasa,2012,91931,Petrol,Manual,First,18.5,1198.0,86.8,5.0,463240.0
Tata Sumo Delux,Kisumu,2000,158000,Diesel,Manual,Second,14.07,2956.0,83.1,7.0,222000.0
Tata Indica Vista Aura 1.3 Quadrajet,Eldoret,2012,91183,Diesel,Manual,First,18.0,1248.0,75.0,5.0,421800.0
Maruti Wagon R Lxi Bs Iv,Nairobi,2012,65000,Petrol,Manual,First,18.9,998.0,67.1,5.0,392200.0
Mahindra Xuv500 W8 4Wd,Kisumu,2015,88428,Diesel,Manual,First,16.0,2179.0,140.0,7.0,1568800.0
Tata Indigo Ls Dicor,Eldoret,2008,138000,Diesel,Manual,Second,17.1,1396.0,70.0,5.0,185000.0
Maruti Ertiga Paseo Vxi,Nairobi,2018,18000,Petrol,Manual,First,16.02,1373.0,93.7,7.0,1221000.0
Honda Accord 2.4 A/T,Nairobi,2011,60000,Petrol,Automatic,First,11.7,2354.0,177.6,5.0,658600.0
Maruti Swift Dzire Vdi,Kisumu,2012,48000,Diesel,Manual,First,19.3,1248.0,73.9,5.0,547600.0
Ford Fiesta Exi 1.4 Tdci Ltd,Kisumu,2009,160000,Diesel,Manual,First,17.8,1399.0,68.0,5.0,414400.0
Honda City Zx Gxi,Kisumu,2008,40000,Petrol,Manual,First,17.7,1497.0,78.0,5.0,266400.0
Audi A6 2011-2015 2.0 Tdi Premium Plus,Mombasa,2014,51495,Diesel,Automatic,First,17.68,1968.0,174.33,5.0,3248600.0
Bmw 6 Series 640D Gran Coupe,Nairobi,2011,30000,Diesel,Automatic,First,9.52,2993.0,313.0,4.0,7252000.0
Audi Q7 45 Tdi Quattro Technology,Naivasha,2017,97430,Diesel,Automatic,First,14.75,2967.0,245.0,7.0,9275160.0
Maruti Zen Estilo Lxi Green (Cng),Eldoret,2008,42496,Cng,Manual,First,26.3,998.0,67.1,5.0,207200.0
Hyundai I20 1.4 Crdi Asta,Eldoret,2012,83000,Diesel,Manual,First,23.0,1396.0,90.0,5.0,814000.0
Hyundai I10 Sportz At,Nakuru,2009,37000,Petrol,Automatic,Third,16.95,1197.0,78.9,5.0,436600.0
Honda Jazz 1.2 V Cvt I Vtec,Mombasa,2016,28503,Petrol,Automatic,First,19.0,1199.0,88.7,5.0,1015280.0
Maruti Swift Vdi Bsiv,Kisumu,2015,76496,Diesel,Manual,First,25.2,1248.0,74.0,5.0,910200.0
Hyundai I20 Asta 1.2,Eldoret,2011,79152,Petrol,Manual,Second,18.5,1197.0,82.85,5.0,488400.0
Volkswagen Polo Petrol Comfortline 1.2L,Kisumu,2011,32000,Petrol,Manual,First,16.47,1198.0,73.9,5.0,377399.99999999994
Maruti Alto Lxi,Thika,2009,35000,Petrol,Manual,First,19.7,796.0,46.3,5.0,222000.0
Toyota Corolla H4,Mombasa,2004,105000,Petrol,Automatic,Second,11.3,1794.0,125.0,5.0,370000.0
Maruti Alto Lxi,Mombasa,2006,56000,Petrol,Manual,Second,19.7,796.0,46.3,5.0,207200.0
Tata Manza Elan Quadrajet Bs Iv,Eldoret,2012,73000,Diesel,Manual,First,21.12,1248.0,88.8,5.0,503200.0
Maruti Alto Lxi,Eldoret,2012,38000,Petrol,Manual,First,19.7,796.0,46.3,5.0,333000.0
Skoda Octavia Ambition Plus 2.0 Tdi At,Kisumu,2013,775000,Diesel,Automatic,First,19.3,1968.0,141.0,5.0,1110000.0
Toyota Corolla H4,Kisumu,2008,80000,Petrol,Automatic,First,11.3,1794.0,125.0,5.0,414400.0
Hyundai I20 Asta Option 1.2,Naivasha,2016,24973,Petrol,Manual,First,18.6,1197.0,81.83,5.0,1133680.0
Maruti Vitara Brezza Ldi,Mombasa,2016,45000,Diesel,Manual,First,24.3,1248.0,88.5,5.0,1058200.0
Honda City 1.5 V Mt,Nairobi,2010,87430,Petrol,Manual,First,17.0,1497.0,118.0,5.0,518000.0
Tata Indica Vista Aqua 1.3 Quadrajet,Kisumu,2014,133944,Diesel,Manual,Second,18.0,1248.0,75.0,5.0,518000.0
Honda Amaze S I-Dtech,Kisumu,2013,57000,Diesel,Manual,First,25.8,1498.0,98.6,5.0,510600.0
Hyundai Eon D Lite Plus,Naivasha,2016,27904,Petrol,Manual,First,21.1,814.0,55.2,5.0,525400.0
Bmw 3 Series Luxury Line,Mombasa,2015,30717,Diesel,Automatic,Second,21.76,1995.0,190.0,5.0,3846520.0
Hyundai Verna 1.6 Sx,Nakuru,2012,80000,Diesel,Manual,First,22.32,1582.0,126.32,5.0,777000.0
Tata Manza Club Class Quadrajet90 Ls,Thika,2013,47304,Diesel,Manual,First,21.02,1248.0,88.8,5.0,429200.0
Skoda Octavia Rs,Nyeri,2005,100000,Petrol,Automatic,First,14.45,1984.0,227.0,5.0,303399.99999999994
Maruti Alto K10 Vxi,Eldoret,2017,30000,Petrol,Manual,First,24.07,998.0,67.1,5.0,555000.0
Ford Ecosport 1.5 Dv5 Mt Titanium Optional,Nairobi,2014,68000,Diesel,Manual,First,22.7,1498.0,89.84,5.0,999000.0
Chevrolet Spark 1.0 Ls,Kisumu,2011,21000,Petrol,Manual,Second,18.0,995.0,62.0,5.0,140600.0
Jaguar Xf 2.0 Diesel Portfolio,Kisumu,2017,21000,Diesel,Automatic,First,19.33,1999.0,177.0,5.0,7696000.0
Honda Cr-V Rvi Mt,Nyeri,2007,119000,Petrol,Manual,Third,13.1,1997.0,141.1,5.0,578680.0
Skoda Superb L&K 1.8 Tsi At,Mombasa,2019,13747,Petrol,Automatic,First,14.67,1798.0,177.46,5.0,4040400.0
Hyundai I10 Magna 1.2,Mombasa,2009,620000,Petrol,Manual,First,20.36,1197.0,78.9,5.0,399600.0
Maruti Swift Ldi,Nairobi,2013,70000,Diesel,Manual,First,22.9,1248.0,74.0,5.0,518000.0
Maruti Swift Dzire Vxi At,Nairobi,2016,18000,Petrol,Automatic,First,18.5,1197.0,83.14,5.0,917600.0
Nissan Micra Diesel Xv,Mombasa,2011,83000,Diesel,Manual,First,23.08,1461.0,63.1,5.0,407000.0
Maruti Swift Dzire Tour Ldi,Nairobi,2015,130000,Diesel,Manual,First,23.4,1248.0,74.0,5.0,481000.0
Ford Fiesta Classic 1.4 Duratorq Clxi,Eldoret,2012,63400,Diesel,Manual,First,17.8,1399.0,67.0,5.0,481000.0
Maruti Zen Lx,Kisumu,2003,65000,Petrol,Manual,First,17.3,993.0,60.0,5.0,96200.0
Mini Clubman Cooper S,Eldoret,2017,8350,Petrol,Manual,First,13.8,1998.0,192.0,5.0,5180000.0
Toyota Etios Gd,Kisumu,2014,45000,Diesel,Manual,First,23.59,1364.0,67.05,5.0,481000.0
Maruti Alto 800 2016-2019 Lxi,Kisumu,2018,26200,Petrol,Manual,First,24.7,796.0,47.3,5.0,429200.0
Maruti Alto Vxi,Nakuru,2011,11000,Petrol,Manual,Third,18.9,796.0,47.0,5.0,429200.0
Bmw X5 3.0D,Nakuru,2009,90000,Diesel,Automatic,Second,11.0,2993.0,235.0,5.0,2627000.0
Nissan Teana Xv,Nairobi,2015,74000,Petrol,Automatic,Second,11.07,2496.0,179.5,5.0,1221000.0
Hyundai Grand I10 At Asta,Naivasha,2015,37081,Petrol,Automatic,First,18.9,1197.0,82.0,5.0,853960.0
Maruti Vitara Brezza Zdi Plus,Kisumu,2017,39000,Diesel,Manual,First,24.3,1248.0,88.5,5.0,1404520.0
Audi Q7 3.0 Tdi Quattro Premium Plus,Nairobi,2008,99000,Diesel,Automatic,Third,12.07,2967.0,241.4,7.0,1916600.0
Mercedes-Benz Gla Class 200 Cdi,Mombasa,2015,38000,Diesel,Automatic,First,17.9,2143.0,136.0,5.0,2960000.0
Maruti 800 Ac,Mombasa,2007,72000,Petrol,Manual,Third,16.1,796.0,37.0,4.0,148000.0
Renault Duster 85Ps Diesel Rxl,Mombasa,2015,93000,Diesel,Manual,Second,20.45,1461.0,83.8,5.0,1050800.0
Toyota Corolla Altis D-4D Gl,Nairobi,2017,5900,Diesel,Manual,First,21.43,1364.0,87.2,5.0,2442000.0
Mercedes-Benz New C-Class 220,Mombasa,2014,25000,Diesel,Manual,First,15.8,2148.0,170.0,5.0,3848000.0
Maruti Ritz Vdi,Kisumu,2010,68000,Diesel,Manual,Second,21.1,1248.0,73.9,5.0,473600.0
Honda Brv I-Vtec V Cvt,Mombasa,2017,35676,Petrol,Automatic,First,16.0,1497.0,117.3,7.0,1403040.0
Hyundai Xcent 1.1 Crdi Base,Mombasa,2015,74310,Diesel,Manual,First,24.4,1120.0,71.0,5.0,592000.0
Mercedes-Benz E-Class 2009-2013 E250 Cdi Avantgarde,Nyeri,2014,59364,Diesel,Automatic,First,14.21,2143.0,203.0,5.0,3922000.0
Mercedes-Benz B Class B180,Mombasa,2014,41380,Petrol,Automatic,Second,14.8,1595.0,120.7,5.0,1741960.0
Mercedes-Benz E-Class 2015-2017 E250 Edition E,Nakuru,2017,33900,Diesel,Automatic,First,15.0,2143.0,204.0,5.0,5476000.0
Honda City I Vtec Vx Option,Nairobi,2016,28000,Petrol,Manual,First,17.8,1497.0,117.3,5.0,1295000.0
Hyundai Santro Xing Xl Erlx Euro Iii,Kisumu,2007,50958,Petrol,Manual,First,17.0,1086.0,97.7,5.0,288600.0
Honda City 1.5 S Mt,Mombasa,2011,93982,Petrol,Manual,First,17.0,1497.0,118.0,5.0,555000.0
Hyundai Verna Transform Vtvt,Eldoret,2010,95000,Petrol,Manual,First,16.2,1599.0,103.2,5.0,370000.0
Jaguar Xe Portfolio,Nairobi,2017,9000,Petrol,Automatic,First,13.5,1999.0,246.74,5.0,5106000.0
Honda Amaze S I-Vtech,Nairobi,2015,52516,Petrol,Manual,First,18.0,1198.0,86.7,5.0,688200.0000000001
Mini Cooper Convertible 1.6,Nakuru,2015,20000,Petrol,Automatic,First,18.86,1598.0,122.0,4.0,4736000.0
Mercedes-Benz S Class 2005 2013 S 350 Cdi,Naivasha,2017,56451,Diesel,Automatic,First,13.5,2987.0,282.0,5.0,9295880.0
Hyundai Eon Magna Plus,Mombasa,2014,37000,Petrol,Manual,First,21.1,814.0,55.2,5.0,481000.0
Maruti Wagon R Vxi Bs Iv,Kisumu,2014,17400,Petrol,Manual,First,20.51,998.0,67.04,5.0,458800.0
Maruti Ritz Ldi,Naivasha,2011,90207,Diesel,Manual,First,21.1,1248.0,73.9,5.0,578680.0
Bmw 3 Series 320D Sedan,Mombasa,2011,89616,Diesel,Automatic,First,16.07,1995.0,181.0,5.0,1628000.0
Tata Xenon Xt Ex 4X2,Eldoret,2014,85000,Diesel,Manual,First,13.49,2179.0,138.03,5.0,518000.0
Audi A3 35 Tdi Attraction,Mombasa,2014,79271,Diesel,Automatic,First,20.38,1968.0,143.0,5.0,2442000.0
Land Rover Range Rover 2.2L Dynamic,Kisumu,2012,56000,Diesel,Automatic,First,12.7,2179.0,187.7,5.0,4440000.0
Mercedes-Benz Gl-Class 2007 2012 350 Cdi Luxury,Eldoret,2010,85001,Diesel,Automatic,Second,12.0,2987.0,224.0,7.0,4144000.0
Mitsubishi Pajero Sport 4X2 At Dualtone Blacktop,Kisumu,2018,12000,Diesel,Automatic,First,13.5,2477.0,175.56,7.0,4144000.0
Maruti Alto Lx,Nyeri,2010,125000,Petrol,Manual,First,19.7,796.0,46.3,5.0,136160.0
Maruti Wagon R Lxi Bsiii,Eldoret,2013,53000,Petrol,Manual,First,14.0,1061.0,64.0,5.0,407000.0
Land Rover Range Rover 2.2L Prestige,Naivasha,2017,34990,Diesel,Automatic,First,12.7,2179.0,187.7,5.0,7966840.0
Hyundai Verna 1.6 Sx Vtvt,Eldoret,2011,49768,Petrol,Manual,Second,17.01,1591.0,121.3,5.0,732600.0
Bmw 5 Series 525D Sedan,Kisumu,2013,56000,Diesel,Automatic,First,16.73,2993.0,218.0,5.0,4958000.0
Jaguar Xf Diesel,Nakuru,2013,75000,Diesel,Automatic,First,14.74,2993.0,270.9,5.0,4136600.0
Skoda Superb Elegance 1.8 Tsi At,Kisumu,2010,57000,Petrol,Automatic,First,13.7,1798.0,157.75,5.0,1073000.0
Audi Q3 35 Tdi Quattro Premium,Mombasa,2017,37542,Diesel,Automatic,First,15.73,1968.0,174.33,5.0,3805080.0
Land Rover Range Rover 2.2L Pure,Naivasha,2014,95649,Diesel,Automatic,First,12.7,2179.0,187.7,5.0,4391160.0
Mercedes-Benz New C-Class 220 Cdi At,Nyeri,2013,35299,Diesel,Automatic,First,14.84,2143.0,170.0,5.0,2812000.0
Mahindra Scorpio S10 4Wd,Mombasa,2017,28464,Diesel,Manual,First,15.4,2179.0,120.0,7.0,1931400.0
Bmw 3 Series Luxury Line,Nairobi,2015,41000,Diesel,Automatic,First,21.76,1995.0,190.0,5.0,3774000.0
Honda Br-V I-Vtec S Mt,Eldoret,2017,9000,Petrol,Manual,First,15.4,1497.0,117.3,7.0,1258000.0
Volvo S80 2006-2013 D5,Mombasa,2010,92098,Diesel,Automatic,Second,16.0,2400.0,215.0,5.0,1073000.0
Hyundai Accent Gle,Eldoret,2005,5834,Petrol,Manual,First,13.2,1495.0,94.0,5.0,118400.0
Hyundai I20 Active Sx Petrol,Nyeri,2017,40250,Petrol,Manual,First,17.19,1197.0,81.86,5.0,1021200.0
Mercedes-Benz Glc 43 Amg Coupe,Naivasha,2018,22397,Petrol,Automatic,First,11.5,2996.0,367.0,5.0,10506519.999999998
Hyundai Eon Magna Plus,Kisumu,2015,20800,Petrol,Manual,Second,21.1,814.0,55.2,5.0,333000.0
Hyundai Grand I10 Sportz Edition,Mombasa,2018,40322,Petrol,Manual,First,18.9,1197.0,81.86,5.0,814000.0
Honda City 1.5 Exi S,Nairobi,2013,52576,Petrol,Manual,First,13.0,1493.0,100.0,5.0,643799.9999999999
Volkswagen Polo Petrol Trendline 1.2L,Kisumu,2010,55000,Petrol,Manual,First,16.47,1198.0,73.9,5.0,333000.0
Audi A6 35 Tfsi Matrix,Nairobi,2016,47000,Petrol,Automatic,First,15.26,1798.0,187.74,5.0,3626000.0
Volkswagen Jetta 2007-2011 1.9 L Tdi,Kisumu,2010,42021,Diesel,Manual,First,0.0,1968.0,97.7,5.0,806600.0
Hyundai Creta 1.6 Sx Plus Dual Tone Petrol,Naivasha,2017,23163,Petrol,Manual,First,15.29,1591.0,121.3,5.0,1780440.0
Mercedes-Benz New C-Class C 200 Cgi Avantgarde,Nairobi,2011,50000,Petrol,Automatic,Second,11.74,1796.0,186.0,5.0,1258000.0
Mini Cooper Convertible S,Nairobi,2014,11900,Petrol,Automatic,First,16.82,1998.0,189.08,4.0,4218000.0
Hyundai Santro Xing Xo Erlx Euro Ii,Eldoret,2006,108000,Petrol,Manual,Second,17.0,1086.0,97.7,5.0,177600.0
Toyota Etios Vd,Nakuru,2013,37000,Diesel,Manual,First,23.59,1364.0,67.04,5.0,851000.0
Honda Brio S Mt,Nairobi,2014,30000,Petrol,Manual,Second,19.4,1198.0,86.8,5.0,473600.0
Maruti Baleno Alpha Automatic,Naivasha,2018,12831,Petrol,Automatic,First,21.4,1197.0,83.1,5.0,1463720.0
Skoda Laura Ambiente 2.0 Tdi Cr At,Naivasha,2012,143017,Diesel,Automatic,First,20.0,1968.0,138.1,5.0,973840.0
Hyundai Eon Era Plus,Mombasa,2018,13102,Petrol,Manual,First,21.1,814.0,55.2,5.0,600879.9999999999
Renault Captur 1.5 Diesel Rxl,Naivasha,2019,24950,Diesel,Manual,First,20.37,1461.0,108.45,5.0,1978760.0
Bmw 5 Series 2003-2012 Gt 530D Le,Naivasha,2011,57832,Diesel,Automatic,First,16.2,2993.0,258.0,5.0,3821360.0
Maruti Alto 800 Lxi,Mombasa,2016,34267,Petrol,Manual,First,22.74,796.0,47.3,5.0,553520.0
Volvo V40 D3,Nakuru,2015,33000,Diesel,Automatic,Second,16.8,1984.0,150.0,5.0,3256000.0
Maruti Wagon R Lxi Bsii,Thika,2007,55100,Petrol,Manual,First,18.9,998.0,67.1,5.0,214600.0
Honda City Zx Gxi,Kisumu,2008,40000,Petrol,Manual,First,17.7,1497.0,78.0,5.0,296000.0
Maruti Eeco 5 Str With Ac Plus Htr Cng,Mombasa,2017,31841,Cng,Manual,First,15.1,1196.0,73.0,5.0,695600.0
Chevrolet Enjoy 1.4 Ls 8,Kisumu,2014,15000,Petrol,Manual,First,13.7,1399.0,98.79,8.0,555000.0
Mahindra Bolero Zlx,Naivasha,2016,82756,Diesel,Manual,First,15.96,2523.0,62.1,7.0,1139600.0
Hyundai Santro Gls I - Euro I,Naivasha,2012,50243,Petrol,Manual,First,0.0,1086.0,97.7,5.0,495800.0
Hyundai Eon D Lite,Kisumu,2014,20600,Petrol,Manual,First,21.1,814.0,55.2,5.0,384800.0
Hyundai Creta 1.6 Sx Plus Petrol Automatic,Naivasha,2017,29952,Petrol,Automatic,First,13.0,1591.0,121.3,5.0,2037960.0
Volkswagen Vento 1.6 Comfortline,Nairobi,2017,15000,Petrol,Manual,Second,16.09,1598.0,103.5,5.0,1050800.0
Honda Civic 2006-2010 1.8 S At,Eldoret,2008,61938,Petrol,Automatic,Second,12.9,1799.0,130.0,5.0,392200.0
Tata Indica Vista Quadrajet Ls,Kisumu,2014,67000,Diesel,Manual,First,22.3,1248.0,74.0,5.0,370000.0
Mahindra Xuv500 W8 2Wd,Mombasa,2013,61672,Diesel,Manual,First,16.0,2179.0,140.0,7.0,1114440.0
Hyundai I20 1.2 Asta Option,Naivasha,2017,26185,Petrol,Manual,First,18.6,1197.0,81.83,5.0,1181040.0
Audi Q5 30 Tdi Quattro Premium Plus,Nakuru,2014,38000,Diesel,Automatic,Second,14.16,1968.0,174.3,5.0,5772000.0
Maruti Ritz Vxi,Mombasa,2011,67000,Petrol,Manual,Second,18.5,1197.0,85.8,5.0,333000.0
Mitsubishi Cedia Sports,Mombasa,2010,66000,Petrol,Manual,Second,13.17,1999.0,114.0,5.0,569800.0
Toyota Innova 2.5 V Diesel 7-Seater,Kisumu,2015,80883,Diesel,Manual,First,12.8,2494.0,102.0,7.0,1998000.0
Maruti Celerio Ldi,Kisumu,2016,80219,Diesel,Manual,First,27.62,793.0,47.0,5.0,518000.0
Maruti S-Cross Delta Ddis 200 Sh,Nairobi,2018,12923,Diesel,Manual,First,25.1,1248.0,88.5,5.0,1320160.0
Audi Q3 35 Tdi Quattro Premium Plus,Naivasha,2016,86642,Diesel,Automatic,First,15.17,1968.0,181.0,5.0,3014760.0
Bmw 3 Series Luxury Line,Nakuru,2016,19235,Diesel,Automatic,First,21.76,1995.0,190.0,5.0,5402000.0
Audi Q7 4.2 Tdi Quattro Technology,Naivasha,2016,51002,Diesel,Automatic,First,11.33,4134.0,335.2,7.0,7238680.0
Hyundai I20 2015-2017 Asta 1.2,Eldoret,2016,6800,Petrol,Manual,First,18.6,1197.0,81.83,5.0,1065600.0
Renault Duster 110Ps Diesel Rxl,Kisumu,2012,82749,Diesel,Manual,First,19.01,1461.0,108.45,5.0,886520.0
Hyundai Xcent 1.1 Crdi S Celebration Edition,Eldoret,2016,51000,Diesel,Manual,First,24.4,1120.0,71.0,5.0,777000.0
Ford Ecosport 1.5 Dv5 Mt Titanium,Nairobi,2014,31465,Diesel,Manual,First,22.7,1498.0,89.84,5.0,962000.0
Volkswagen Polo Petrol Trendline 1.2L,Kisumu,2013,76476,Petrol,Manual,First,16.47,1198.0,73.9,5.0,651200.0000000001
Hyundai Grand I10 Crdi Magna,Kisumu,2017,14000,Diesel,Manual,First,24.0,1120.0,70.0,5.0,680799.9999999999
Tata Manza Aqua Quadrajet Bs Iv,Thika,2013,47000,Diesel,Manual,First,21.12,1248.0,88.8,5.0,436600.0
Honda City 1.5 V Mt,Kisumu,2011,48466,Petrol,Manual,First,17.0,1497.0,118.0,5.0,482480.0
Hyundai Santro Xing Gls,Nakuru,2008,46000,Petrol,Manual,Second,17.92,1086.0,62.1,5.0,328560.00000000006
Toyota Innova 2.5 Vx (Diesel) 7 Seater,Kisumu,2012,162663,Diesel,Manual,First,12.99,2494.0,100.0,7.0,1554000.0
Maruti Ciaz 1.3 S,Naivasha,2017,25142,Diesel,Manual,First,28.09,1248.0,88.5,5.0,1222480.0
Toyota Fortuner 4X4 Mt Trd Sportivo,Nairobi,2013,69000,Diesel,Manual,First,12.55,2982.0,169.0,7.0,2138600.0
Ford Fiesta 1.6 Sxi Abs Duratec,Mombasa,2009,80524,Petrol,Manual,Second,15.3,1596.0,97.7,5.0,370000.0
Mercedes-Benz E-Class E 220 D,Mombasa,2018,26405,Petrol,Automatic,First,12.6,1950.0,191.34,5.0,7611640.0
Mercedes-Benz New C-Class 220 Cdi Mt,Mombasa,2014,45000,Diesel,Manual,First,15.8,2148.0,170.0,5.0,3404000.0
Skoda Yeti Ambition 4X2,Kisumu,2012,64284,Diesel,Manual,First,17.72,1968.0,108.49,5.0,814000.0
Hyundai Grand I10 Sportz,Nairobi,2015,27000,Petrol,Manual,First,18.9,1197.0,82.0,5.0,666000.0
Ford Figo 2015-2019 1.2P Titanium Mt,Kisumu,2018,3678,Petrol,Manual,First,18.16,1196.0,86.8,5.0,1006400.0
Skoda Octavia Ambition 1.4 Tsi Mt,Nairobi,2013,21000,Petrol,Manual,First,16.8,1395.0,138.02,5.0,1295000.0
Renault Duster 85Ps Diesel Rxl Option,Nairobi,2015,67000,Diesel,Manual,Second,19.87,1461.0,83.8,5.0,1036000.0
Land Rover Range Rover Evoque 2.0 Td4 Pure,Nairobi,2015,24000,Diesel,Automatic,Second,15.68,1999.0,177.0,5.0,4958000.0
Ford Figo Diesel Exi,Mombasa,2011,75000,Diesel,Manual,Second,20.0,1399.0,68.0,5.0,333000.0
Ford Endeavour Hurricane Limited Edition,Kisumu,2008,179000,Diesel,Automatic,Second,12.8,2953.0,156.0,7.0,627520.0
Toyota Fortuner 4X4 Mt,Naivasha,2017,47198,Diesel,Manual,First,12.55,2982.0,168.5,7.0,4206160.0
Volkswagen Polo Diesel Comfortline 1.2L,Kisumu,2012,52000,Diesel,Manual,First,22.07,1199.0,73.9,5.0,407000.0
Maruti Ritz Vdi,Nyeri,2011,91000,Diesel,Manual,First,23.2,1248.0,73.94,5.0,444000.0
Nissan Micra Diesel Xv Premium,Eldoret,2013,60000,Diesel,Manual,First,23.08,1461.0,63.1,5.0,525400.0
Hyundai Verna 1.6 Sx,Kisumu,2013,37873,Diesel,Manual,First,22.32,1582.0,126.32,5.0,710400.0
Bmw 5 Series 2003-2012 523I,Kisumu,2011,31000,Petrol,Automatic,First,10.8,2497.0,150.0,5.0,1998000.0
Mercedes-Benz Gls 350D 4Matic,Eldoret,2017,129000,Diesel,Automatic,First,11.0,2987.0,258.0,7.0,8288000.0
Honda Cr-V 2.4L 4Wd At,Kisumu,2004,78000,Petrol,Automatic,First,12.0,2354.0,187.4,5.0,590520.0
Hyundai Creta 1.6 Crdi At Sx Plus,Nakuru,2016,32000,Diesel,Automatic,First,17.01,1582.0,126.2,5.0,2294000.0
Hyundai I10 Era,Nyeri,2010,59000,Petrol,Manual,Second,19.81,1086.0,68.05,5.0,343359.99999999994
Mercedes-Benz A Class A200 Cdi Sport,Mombasa,2016,35437,Diesel,Automatic,First,20.0,2143.0,136.0,5.0,2749839.9999999995
Maruti Ertiga Vxi,Nyeri,2014,98000,Petrol,Manual,First,16.02,1373.0,93.7,7.0,814000.0
Skoda Octavia Classic 1.9 Tdi Mt,Mombasa,2006,72000,Diesel,Manual,Second,18.7,1896.0,66.0,5.0,473600.0
Honda Amaze Vx I-Vtech,Eldoret,2015,79000,Petrol,Manual,First,18.0,1198.0,86.7,5.0,592000.0
Maruti Zen Lxi Bsii,Mombasa,2004,29000,Petrol,Manual,First,17.3,993.0,60.0,5.0,236800.0
Maruti Sx4 Zxi Mt Bsiv,Mombasa,2013,66012,Petrol,Manual,First,15.5,1586.0,103.3,5.0,614200.0000000001
Honda Brio Vx At,Nairobi,2014,35000,Petrol,Automatic,First,16.5,1198.0,86.8,5.0,629000.0
Maruti Wagon R Vxi,Thika,2011,75000,Petrol,Manual,First,18.9,998.0,67.1,5.0,384800.0
Toyota Camry A/T,Nairobi,2008,80000,Petrol,Automatic,Second,12.1,2362.0,164.7,5.0,507640.0
Chevrolet Beat Ls,Mombasa,2012,32717,Petrol,Manual,First,18.6,1199.0,79.4,5.0,377399.99999999994
Toyota Fortuner 4X4 At,Nairobi,2017,25000,Diesel,Automatic,First,12.55,2982.0,168.5,7.0,4736000.0
Ford Ecosport 1.5 Dv5 Mt Titanium Optional,Nairobi,2014,79000,Diesel,Manual,First,22.7,1498.0,89.84,5.0,925000.0
Maruti Swift Vdi Bsiii,Kisumu,2010,86000,Diesel,Manual,Second,17.8,1248.0,75.0,5.0,532800.0
Mercedes-Benz S Class 2005 2013 S 350 Cdi,Eldoret,2010,137000,Diesel,Automatic,First,13.5,2987.0,282.0,5.0,2738000.0
Honda Mobilio S I Vtec,Nairobi,2015,25000,Petrol,Manual,Second,17.3,1497.0,117.3,7.0,629000.0
Hyundai Grand I10 Sportz,Nairobi,2017,8500,Petrol,Manual,Second,18.9,1197.0,82.0,5.0,710400.0
Mahindra Xuv500 At W8 Fwd,Nakuru,2015,34000,Diesel,Automatic,First,16.0,2179.0,140.0,7.0,1924000.0
Skoda Fabia 1.6 Mpi Elegance,Eldoret,2012,41629,Petrol,Manual,Second,14.83,1598.0,105.0,5.0,333000.0
Hyundai Santro Xing Gls,Kisumu,2009,80227,Petrol,Manual,First,17.92,1086.0,62.1,5.0,340399.99999999994
Hyundai Creta 1.6 Sx Plus Dual Tone Petrol,Mombasa,2019,8587,Petrol,Manual,First,15.29,1591.0,121.3,5.0,2006880.0
Mahindra Scorpio 1.99 S8,Nairobi,2017,30000,Diesel,Manual,First,15.4,1997.0,120.0,7.0,1813000.0
Skoda Rapid 1.6 Tdi Ambition,Eldoret,2013,64186,Diesel,Manual,First,20.5,1598.0,103.5,5.0,556480.0
Renault Duster 110Ps Diesel Rxz,Naivasha,2015,76427,Diesel,Manual,First,19.01,1461.0,108.45,5.0,1269840.0
Bmw X5 Xdrive 30D,Kisumu,2011,75000,Diesel,Automatic,First,11.7,2993.0,245.0,5.0,4070000.0
Toyota Etios G,Naivasha,2013,27075,Petrol,Manual,First,17.6,1496.0,88.73,5.0,732600.0
Maruti Wagon R Lxi,Thika,2012,30000,Petrol,Manual,First,22.5,998.0,67.04,5.0,488400.0
Hyundai Creta 1.6 Sx,Mombasa,2016,69434,Petrol,Manual,First,15.8,1591.0,121.3,5.0,1184000.0
Maruti Celerio Vxi,Nyeri,2014,56000,Petrol,Manual,First,23.1,998.0,67.04,5.0,412920.0
Land Rover Range Rover Hse Dynamic,Naivasha,2017,49275,Diesel,Automatic,First,12.7,2179.0,187.7,5.0,6754720.0
Chevrolet Beat Lt,Eldoret,2014,8700,Petrol,Manual,First,18.6,1199.0,76.8,5.0,377399.99999999994
Tata Nano Twist Xt,Thika,2014,18000,Petrol,Manual,Second,25.4,624.0,37.5,4.0,148000.0
Audi A6 2011-2015 35 Tdi Technology,Naivasha,2017,41041,Diesel,Automatic,First,17.68,1968.0,174.33,5.0,5558880.0
Mercedes-Benz E-Class 280 Cdi,Mombasa,2009,80464,Diesel,Automatic,Second,11.0,2987.0,198.5,5.0,1374919.9999999998
Maruti Swift Vxi,Mombasa,2019,20667,Petrol,Manual,First,22.0,1197.0,81.8,5.0,942760.0
Fiat Linea T Jet,Naivasha,2013,60283,Petrol,Manual,First,14.6,1368.0,112.0,5.0,441040.0
Maruti Swift Vxi Optional,Mombasa,2017,31696,Petrol,Manual,First,20.4,1197.0,81.8,5.0,851000.0
Toyota Fortuner 3.0 Diesel,Kisumu,2010,100000,Diesel,Manual,First,11.5,2982.0,171.0,7.0,1924000.0
Maruti Ertiga Zxi,Nairobi,2014,13361,Petrol,Manual,First,16.02,1373.0,93.7,7.0,1006400.0
Bmw 3 Series 320I Sedan,Naivasha,2010,48394,Petrol,Automatic,First,12.05,1995.0,154.0,5.0,1552520.0
Maruti Ertiga Vxi,Nyeri,2014,47399,Petrol,Manual,First,16.02,1373.0,93.7,7.0,828800.0
Honda City 1.5 V At,Nairobi,2010,69000,Petrol,Automatic,Second,16.8,1497.0,118.0,5.0,421800.0
Hyundai Santa Fe 4X4,Naivasha,2013,65278,Diesel,Manual,First,14.66,2199.0,194.3,7.0,1237280.0
Tata Indigo Ls,Nyeri,2005,108000,Diesel,Manual,First,17.0,1405.0,70.0,5.0,148000.0
Mercedes-Benz E-Class 2009-2013 E 250 Elegance,Kisumu,2010,50645,Petrol,Automatic,Second,10.93,2497.0,204.0,5.0,1591000.0
Maruti Swift Dzire Ldi,Kisumu,2011,130002,Diesel,Manual,First,19.3,1248.0,73.9,5.0,569800.0
Ford Fiesta Classic 1.4 Duratorq Clxi,Kisumu,2012,107000,Diesel,Manual,First,17.8,1399.0,67.0,5.0,444000.0
Honda City I Vtec Cvt Vx,Naivasha,2015,41950,Petrol,Automatic,First,18.0,1497.0,117.3,5.0,1420800.0
Toyota Fortuner 4X2 Manual,Nairobi,2012,109000,Diesel,Manual,First,13.0,2982.0,168.5,7.0,1961000.0
Honda Amaze Vx O I Vtec,Nairobi,2016,9000,Petrol,Manual,First,18.0,1198.0,86.7,5.0,851000.0
Hyundai I20 Asta 1.4 Crdi,Nairobi,2014,43900,Diesel,Manual,First,22.54,1396.0,88.73,5.0,999000.0
Chevrolet Enjoy Tcdi Ltz 7 Seater,Nakuru,2013,64000,Diesel,Manual,Second,18.2,1248.0,73.8,7.0,717799.9999999999
Mercedes-Benz New C-Class Progressive C 200,Mombasa,2019,13190,Petrol,Automatic,First,0.0,1950.0,181.43,5.0,5770520.0
Maruti Sx4 Zxi At Leather,Nairobi,2009,77652,Petrol,Automatic,First,12.6,1586.0,103.2,5.0,421800.0
Toyota Innova 2.5 Vx (Diesel) 7 Seater,Nairobi,2012,55000,Diesel,Manual,First,12.99,2494.0,100.0,7.0,1407480.0
Bmw 5 Series 2003-2012 520D,Thika,2012,59900,Diesel,Automatic,Second,18.48,1995.0,177.0,5.0,2738000.0
Renault Duster 110Ps Diesel Rxz,Nairobi,2015,73539,Diesel,Manual,First,19.01,1461.0,108.45,5.0,999000.0
Bmw X1 Sdrive 20D Xline,Naivasha,2017,31645,Diesel,Automatic,First,20.68,1995.0,190.0,5.0,4351200.0
Honda City Zx Gxi,Mombasa,2009,69690,Petrol,Manual,First,17.7,1497.0,78.0,5.0,486920.0
Maruti Ciaz Rs Zdi Plus Shvs,Nairobi,2016,41000,Diesel,Manual,First,28.09,1248.0,88.5,5.0,1406000.0
Maruti Swift Dzire Vxi,Eldoret,2010,109200,Petrol,Manual,Second,17.5,1298.0,85.8,5.0,325600.00000000006
Mahindra Xuv500 W6 2Wd,Eldoret,2012,80000,Diesel,Manual,First,15.1,2179.0,140.0,7.0,962000.0
Honda Civic 2006-2010 1.8 S Mt,Thika,2007,51000,Petrol,Manual,First,13.5,1799.0,130.0,5.0,725200.0000000001
Maruti Ertiga Zdi,Eldoret,2013,105000,Diesel,Manual,Second,25.47,1248.0,88.5,7.0,999000.0
Toyota Etios Liva Gd,Mombasa,2013,179000,Diesel,Manual,First,23.59,1364.0,67.04,5.0,562400.0
Audi Tt 2.0 Tfsi,Nairobi,2013,12100,Petrol,Automatic,First,9.9,1984.0,207.8,2.0,4366000.0
Skoda Rapid 1.5 Tdi Style,Kisumu,2017,31000,Diesel,Manual,First,21.13,1498.0,108.4,5.0,1554000.0
Volkswagen Polo 1.5 Tdi Highline,Kisumu,2015,50000,Diesel,Manual,First,20.14,1498.0,88.8,5.0,917600.0
Skoda Laura 1.9 Tdi At Elegance,Nyeri,2009,48000,Diesel,Automatic,First,17.0,1896.0,105.0,5.0,740000.0
Mahindra Renault Logan 1.5 Dle Diesel,Mombasa,2007,35000,Diesel,Manual,First,19.2,1461.0,65.0,5.0,340399.99999999994
Toyota Innova Crysta 2.8 Gx At,Thika,2016,100200,Diesel,Automatic,First,11.36,2755.0,171.5,7.0,2516000.0
Bmw 3 Series 320D Luxury Line,Nakuru,2014,47000,Diesel,Automatic,First,18.88,1995.0,184.0,5.0,3774000.0
Honda Jazz 1.5 S I Dtec,Nyeri,2015,63642,Diesel,Manual,First,27.3,1498.0,98.6,5.0,836200.0
Honda Amaze Vx I-Dtec,Mombasa,2015,62550,Diesel,Manual,First,25.8,1498.0,98.6,5.0,828800.0
Jaguar Xf 2.2 Litre Luxury,Mombasa,2015,37340,Diesel,Automatic,First,16.36,2179.0,187.7,5.0,4437040.0
Maruti Swift Dzire Vdi,Naivasha,2016,38461,Diesel,Manual,First,26.59,1248.0,74.0,5.0,1093720.0
Jeep Compass 2.0 Limited,Nyeri,2018,29000,Diesel,Manual,First,17.1,1956.0,170.0,5.0,2812000.0
Toyota Corolla Altis 1.8 Sport,Eldoret,2010,31000,Petrol,Manual,First,12.5,1794.0,132.0,5.0,740000.0
Honda City 1.5 V Mt,Kisumu,2011,42086,Petrol,Manual,First,17.0,1497.0,118.0,5.0,495800.0
Maruti Swift Zxi,Mombasa,2013,49000,Petrol,Manual,First,18.6,1197.0,85.8,5.0,658600.0
Hyundai Verna 1.6 Sx Crdi (O) At,Naivasha,2019,77240,Diesel,Automatic,First,22.32,1582.0,126.32,5.0,1229880.0
Mahindra Bolero Zlx,Nyeri,2012,105000,Diesel,Manual,Second,15.96,2523.0,62.1,7.0,888000.0
Maruti Swift Vdi,Mombasa,2014,35000,Diesel,Manual,First,22.9,1248.0,74.0,5.0,777000.0
Hyundai Santro Xing Xo,Mombasa,2006,83072,Petrol,Manual,First,17.0,1086.0,97.7,5.0,207200.0
Audi A6 2011-2015 2.0 Tdi Premium Plus,Kisumu,2012,202082,Diesel,Automatic,First,17.68,1968.0,174.33,5.0,1820400.0
Ford Ikon 1.3 Lxi Nxt,Mombasa,2004,129000,Petrol,Manual,Third,13.8,1299.0,70.0,5.0,222000.0
Volkswagen Polo 1.5 Tdi Highline,Naivasha,2018,33558,Diesel,Manual,First,20.14,1498.0,88.0,5.0,1201759.9999999998
Mahindra Bolero Vlx Crde,Naivasha,2012,60271,Diesel,Manual,First,13.6,2523.0,63.0,7.0,905760.0
Honda City I Dtec Vx Option,Naivasha,2017,45366,Diesel,Manual,First,25.1,1498.0,98.6,5.0,1610240.0
Chevrolet Sail Hatchback 1.2 Ls,Kisumu,2014,9500,Petrol,Manual,First,18.2,1199.0,82.5,5.0,518000.0
Hyundai I20 1.2 Spotz,Mombasa,2016,42362,Petrol,Manual,First,18.6,1197.0,81.83,5.0,910200.0
Bmw X1 Sdrive 20D Sportline,Mombasa,2016,21000,Diesel,Automatic,First,17.05,1995.0,184.0,5.0,4884000.0
Bmw X1 Sdrive 20D Exclusive,Nairobi,2012,15200,Diesel,Automatic,First,15.06,1995.0,177.0,5.0,1998000.0
Toyota Fortuner 4X2 At,Nairobi,2015,43690,Diesel,Automatic,First,12.55,2982.0,168.5,7.0,2532280.0
Audi Q7 4.2 Tdi Quattro Technology,Mombasa,2014,79926,Diesel,Automatic,First,11.33,4134.0,335.2,7.0,4405960.0
Maruti Ertiga Vdi,Kisumu,2013,53073,Diesel,Manual,First,20.77,1248.0,88.76,7.0,880600.0
Hyundai I20 1.2 Magna,Nakuru,2015,59000,Petrol,Manual,First,18.5,1197.0,80.0,5.0,851000.0
Mercedes-Benz S Class 2005 2013 S 350 L,Nakuru,2006,47088,Petrol,Automatic,Second,10.13,3498.0,364.9,5.0,2812000.0
Renault Duster 85Ps Diesel Rxl,Thika,2014,55000,Diesel,Manual,First,20.45,1461.0,83.8,5.0,703000.0
Mahindra Quanto C2,Kisumu,2013,80430,Diesel,Manual,Second,17.21,1493.0,100.0,7.0,488400.0
Toyota Fortuner 4X2 At,Nairobi,2013,71932,Diesel,Automatic,First,12.55,2982.0,168.5,7.0,2442000.0
Bmw X5 2014-2019 Xdrive 30D Design Pure Experience 7 Seater,Nairobi,2014,19000,Diesel,Automatic,First,15.97,2993.0,258.0,7.0,6512000.0
Maruti Swift Dzire Vdi,Kisumu,2011,81759,Diesel,Manual,First,19.3,1248.0,73.9,5.0,649719.9999999999
Maruti Swift Ldi Optional,Mombasa,2018,52010,Diesel,Manual,First,25.2,1248.0,74.0,5.0,917600.0
Audi A6 2011-2015 35 Tfsi Technology,Mombasa,2016,58953,Petrol,Automatic,First,13.53,1984.0,177.01,5.0,3584560.0
Mitsubishi Pajero 2.8 Sfx Bsiv Dual Tone,Nairobi,2008,93000,Diesel,Manual,Third,10.5,2835.0,107.2,6.0,806600.0
Jaguar Xf 2.2 Litre Executive,Nairobi,2016,10000,Diesel,Automatic,First,16.36,2179.0,187.7,5.0,6512000.0
Toyota Innova Crysta 2.8 Zx At,Naivasha,2019,40674,Diesel,Automatic,First,11.36,2755.0,171.5,7.0,3673360.0
Skoda Octavia Ambition 2.0 Tdi At,Nairobi,2015,50000,Diesel,Automatic,First,19.3,1968.0,141.0,5.0,1730120.0
Toyota Corolla Altis Vl At,Nakuru,2018,1331,Petrol,Automatic,First,14.28,1798.0,138.03,5.0,2960000.0
Maruti Omni 8 Seater Bsii,Eldoret,2010,60000,Petrol,Manual,First,19.7,796.0,35.0,8.0,214600.0
Mercedes-Benz Glc 220D 4Matic Style,Nairobi,2018,10003,Diesel,Automatic,First,17.9,2143.0,170.0,5.0,7178000.0
Volkswagen Vento 1.5 Tdi Highline At,Nairobi,2016,25000,Diesel,Automatic,First,21.5,1498.0,108.5,5.0,1398599.9999999998
Mahindra Xuv500 W10 2Wd,Thika,2015,73000,Diesel,Manual,First,16.0,2179.0,140.0,7.0,1850000.0
Nissan Terrano Xl 85 Ps,Kisumu,2014,59962,Diesel,Manual,First,20.45,1461.0,83.8,5.0,1021200.0
Hyundai Verna 1.6 Sx Crdi (O),Nyeri,2012,72000,Diesel,Manual,Second,22.32,1582.0,126.32,5.0,858400.0
Bmw 5 Series 2013-2017 530D M Sport,Naivasha,2016,20967,Diesel,Automatic,First,14.69,2993.0,258.0,5.0,6594880.0
Mahindra Scorpio S4 Plus,Nakuru,2015,35000,Diesel,Manual,Second,15.4,2179.0,120.0,7.0,1258000.0
Hyundai Verna 1.6 Crdi Sx,Naivasha,2017,38056,Diesel,Manual,First,23.9,1582.0,126.2,5.0,1583600.0
Audi Q7 3.0 Tdi Quattro Premium Plus,Eldoret,2009,94000,Diesel,Automatic,Second,12.07,2967.0,241.4,7.0,1776000.0
Chevrolet Aveo U-Va 1.2 Lt,Naivasha,2010,64236,Petrol,Manual,First,14.7,1150.0,76.0,5.0,361120.0
Mahindra Bolero Zlx Bsiii,Kisumu,2000,124000,Diesel,Manual,First,13.6,2523.0,63.0,7.0,288600.0
Hyundai Xcent 1.2 Kappa S,Nairobi,2014,7400,Petrol,Manual,First,19.1,1197.0,82.0,5.0,643799.9999999999
Toyota Innova Crysta 2.4 Gx Mt 8S,Kisumu,2017,52000,Diesel,Manual,First,13.68,2393.0,147.8,8.0,2590000.0
Hyundai Eon Era Plus,Kisumu,2015,68764,Petrol,Manual,First,21.1,814.0,55.2,5.0,429200.0
Volkswagen Polo Diesel Comfortline 1.2L,Nairobi,2013,64000,Diesel,Manual,First,22.07,1199.0,73.9,5.0,429200.0
Maruti Vitara Brezza Zdi,Eldoret,2016,21558,Diesel,Manual,First,24.3,1248.0,88.5,5.0,1317200.0
Bmw 3 Series 320D Prestige,Nairobi,2013,37500,Diesel,Automatic,First,18.88,1995.0,184.0,5.0,2479000.0
Hyundai Eon Sportz,Naivasha,2016,14077,Petrol,Manual,First,21.1,814.0,55.2,5.0,584600.0
Honda City 1.5 S Mt,Nairobi,2009,70000,Petrol,Manual,First,17.0,1497.0,118.0,5.0,310800.0
Honda Accord 2.4 Mt,Mombasa,2011,54316,Petrol,Manual,Second,12.8,2354.0,177.6,5.0,634920.0
Mahindra Xylo E8,Kisumu,2009,90764,Diesel,Manual,First,14.0,2498.0,112.0,8.0,569800.0
Bmw 3 Series 320D,Mombasa,2009,137000,Diesel,Automatic,Second,13.2,1995.0,170.0,5.0,1332000.0
Honda City V Mt,Eldoret,2013,127000,Petrol,Manual,Second,16.8,1497.0,116.3,5.0,666000.0
Mahindra Xuv500 W10 2Wd,Mombasa,2016,51884,Diesel,Manual,First,16.0,2179.0,140.0,7.0,1844080.0
Hyundai I20 Asta 1.4 Crdi,Nairobi,2014,67407,Diesel,Manual,First,21.27,1396.0,88.76,5.0,688200.0000000001
Toyota Fortuner 4X2 Manual,Kisumu,2014,107825,Diesel,Manual,First,13.0,2982.0,168.5,7.0,3034000.0
Mahindra Bolero Di Bsii,Mombasa,2006,82453,Diesel,Manual,First,13.6,2523.0,63.0,8.0,429200.0
Maruti Esteem Vxi - Bsiii,Mombasa,2007,30441,Petrol,Manual,First,15.9,1298.0,85.0,5.0,214600.0
Hyundai Santro Ls Zipplus,Mombasa,2002,70000,Petrol,Manual,Third,0.0,1086.0,97.7,5.0,96200.0
Mini Cooper 5 Door D,Nairobi,2016,11000,Diesel,Automatic,First,20.7,1496.0,113.98,5.0,4366000.0
Audi Q3 35 Tdi Quattro Premium,Kisumu,2015,61000,Diesel,Automatic,First,15.73,1968.0,174.33,5.0,3700000.0
Hyundai I20 Sportz Option,Nairobi,2013,48454,Petrol,Manual,Second,17.0,1197.0,80.0,5.0,518000.0
Tata Safari Storme Vx Varicor 400,Nyeri,2017,37000,Diesel,Manual,First,14.1,2179.0,154.0,7.0,1665000.0
Honda Br-V I-Dtec Vx Mt,Mombasa,2017,32249,Diesel,Manual,First,21.9,1498.0,98.6,7.0,1596920.0
Volkswagen Jetta 2013-2015 2.0L Tdi Highline,Kisumu,2013,58000,Diesel,Manual,First,19.33,1968.0,138.03,5.0,873200.0
Hyundai Xcent 1.2 Kappa S Option,Nyeri,2017,28360,Petrol,Manual,First,19.1,1197.0,81.86,5.0,757760.0
Maruti Ignis 1.2 Alpha,Nairobi,2017,7000,Petrol,Manual,First,20.89,1197.0,81.8,5.0,843600.0
Bmw 5 Series 2013-2017 520D Luxury Line,Naivasha,2016,19658,Diesel,Automatic,First,18.12,1995.0,190.0,5.0,5304320.000000001
Ford Ikon 1.3 Clxi,Kisumu,2007,92000,Petrol,Manual,First,13.8,1299.0,70.0,5.0,185000.0
Hyundai I10 Sportz,Kisumu,2013,25000,Petrol,Manual,First,20.36,1197.0,78.9,5.0,392200.0
Hyundai Verna 1.6 Crdi,Naivasha,2016,37882,Diesel,Manual,First,22.32,1582.0,126.3,5.0,1360120.0
Bmw 3 Series 320D Highline,Nakuru,2014,69330,Diesel,Automatic,First,16.07,1995.0,181.0,5.0,3478000.0
Mercedes-Benz E-Class 2009-2013 E200 Cgi Blue Efficiency,Nairobi,2011,61000,Petrol,Automatic,First,12.3,1796.0,185.0,5.0,1850000.0
Chevrolet Beat Option Pack,Kisumu,2010,35000,Petrol,Manual,Second,18.6,1199.0,79.4,5.0,222000.0
Hyundai Santro Xing Xp,Nyeri,2004,200000,Petrol,Manual,First,0.0,1086.0,97.7,5.0,118400.0
Tata Indica Dls,Nyeri,2009,82000,Diesel,Manual,Second,13.5,1405.0,97.7,5.0,111000.0
Mahindra Xuv500 W8 2Wd,Nairobi,2012,72450,Diesel,Manual,First,15.1,2179.0,140.0,7.0,1198800.0
Maruti Ciaz Zdi Plus Shvs,Nyeri,2017,36381,Diesel,Manual,First,28.09,1248.0,88.5,5.0,1443000.0
Mercedes-Benz New C-Class C 250 Cdi Avantgarde,Naivasha,2017,25559,Diesel,Automatic,First,19.71,2143.0,201.15,5.0,5613640.0
Honda City Zx Cvt,Mombasa,2005,100000,Petrol,Automatic,Third,16.4,1497.0,78.0,5.0,290080.0
Toyota Fortuner 4X2 4 Speed At,Nyeri,2015,94000,Diesel,Automatic,First,11.5,2982.0,169.0,7.0,3034000.0
Maruti Alto K10 Vxi,Nakuru,2011,64357,Petrol,Manual,First,24.07,998.0,67.1,5.0,407000.0
Jaguar Xj 2.0L Portfolio,Nairobi,2017,10501,Petrol,Automatic,First,9.43,1999.0,237.4,5.0,11100000.0
Hyundai I20 1.4 Magna Abs,Mombasa,2009,47000,Diesel,Manual,First,21.9,1396.0,90.0,5.0,414400.0
Honda Brv I-Vtec V Cvt,Nairobi,2017,18000,Petrol,Automatic,First,16.0,1497.0,117.3,7.0,1369000.0
Toyota Corolla Executive (He),Mombasa,2007,89000,Petrol,Manual,First,13.4,1794.0,125.0,5.0,444000.0
Audi A6 2011-2015 2.0 Tdi Premium Plus,Naivasha,2014,49964,Diesel,Automatic,First,17.68,1968.0,174.33,5.0,3535720.0
Toyota Innova 2.5 Zx Diesel 7 Seater Bsiii,Nairobi,2014,35000,Diesel,Manual,First,12.99,2494.0,100.6,7.0,1887000.0
Hyundai Grand I10 Crdi Sportz,Nyeri,2014,64000,Diesel,Manual,First,24.0,1120.0,70.0,5.0,614200.0000000001
Volkswagen Vento Ipl Ii Petrol Highline At,Nairobi,2013,36000,Petrol,Automatic,First,14.8,1598.0,105.0,5.0,688200.0000000001
Toyota Innova 2.5 Vx (Diesel) 7 Seater Bs Iv,Nairobi,2012,78600,Diesel,Manual,First,12.8,2494.0,102.0,7.0,1317200.0
Hyundai Verna Crdi Sx,Nyeri,2008,170000,Diesel,Manual,Second,16.8,1493.0,110.0,5.0,222000.0
Maruti Ritz Vdi,Eldoret,2015,65000,Diesel,Manual,Second,23.2,1248.0,73.94,5.0,483960.0
Audi Q7 3.0 Tdi Quattro Technology,Eldoret,2008,120300,Diesel,Automatic,Second,12.07,2967.0,241.4,7.0,2664000.0
Hyundai I20 Asta Option 1.2,Eldoret,2016,21000,Petrol,Manual,First,18.6,1197.0,81.83,5.0,932400.0
Maruti Vitara Brezza Zdi Plus Dual Tone,Naivasha,2017,18108,Diesel,Manual,First,24.3,1248.0,88.5,5.0,1673880.0
Honda City I Vtec S,Eldoret,2014,58407,Petrol,Manual,First,17.4,1497.0,117.3,5.0,911680.0
Maruti Ciaz Zxi,Eldoret,2014,49500,Petrol,Manual,First,20.73,1373.0,91.1,5.0,888000.0
Nissan Sunny Xv Cvt,Mombasa,2013,37199,Petrol,Automatic,First,17.5,1498.0,99.6,5.0,803640.0
Volkswagen Polo Diesel Highline 1.2L,Kisumu,2012,62000,Diesel,Manual,First,22.07,1199.0,73.9,5.0,688200.0000000001
Maruti Ertiga Zdi,Kisumu,2015,59000,Diesel,Manual,First,20.77,1248.0,88.8,7.0,1110000.0
Maruti Swift Dzire Vdi,Nyeri,2015,60000,Diesel,Manual,First,26.59,1248.0,74.0,5.0,925000.0
Mercedes-Benz New C-Class C 220 Cdi Elegance At,Nakuru,2007,39037,Diesel,Automatic,First,14.84,2143.0,170.0,5.0,1369000.0
Honda Brio S Mt,Nairobi,2013,17003,Petrol,Manual,First,19.4,1198.0,86.8,5.0,466200.0
Hyundai I10 Magna Optional 1.1L,Kisumu,2008,80400,Petrol,Manual,First,16.0,1086.0,66.7,5.0,340399.99999999994
Hyundai Verna 1.6 Sx Crdi (O),Nyeri,2012,75200,Diesel,Manual,First,22.32,1582.0,126.32,5.0,777000.0
Maruti Ciaz Vdi Shvs,Mombasa,2017,41217,Diesel,Manual,First,28.09,1248.0,88.5,5.0,1095200.0
Ford Ikon 1.3 Flair,Eldoret,2006,98293,Petrol,Manual,Second,13.8,1299.0,70.0,5.0,229400.0
Volkswagen Polo 1.2 Mpi Highline,Eldoret,2017,54000,Petrol,Manual,Second,16.2,1199.0,74.0,5.0,888000.0
Honda Jazz 1.2 V I Vtec,Mombasa,2016,17377,Petrol,Manual,First,18.7,1199.0,88.7,5.0,873200.0
Honda Amaze Ex I-Dtech,Nakuru,2013,33800,Diesel,Manual,Second,25.8,1498.0,98.6,5.0,695600.0
Hyundai I20 Asta 1.4 Crdi,Kisumu,2015,86157,Diesel,Manual,First,22.54,1396.0,88.73,5.0,962000.0
Maruti Ritz Vdi,Kisumu,2012,146824,Diesel,Manual,First,21.1,1248.0,73.9,5.0,525400.0
Honda City V Mt,Mombasa,2014,55000,Petrol,Manual,First,16.8,1497.0,116.3,5.0,1050800.0
Skoda Superb 1.8 Tsi Mt,Kisumu,2010,53293,Petrol,Manual,First,13.14,1798.0,160.0,5.0,888000.0
Maruti Vitara Brezza Ldi Option,Eldoret,2017,38000,Diesel,Manual,First,24.3,1248.0,88.5,5.0,1182520.0
Hyundai I20 Asta,Nakuru,2009,64000,Petrol,Manual,Second,17.0,1197.0,80.0,5.0,606799.9999999999
Maruti Alto K10 Vxi Ags,Kisumu,2017,25058,Petrol,Automatic,First,24.07,998.0,67.1,5.0,584600.0
Hyundai Eon Era Plus,Mombasa,2016,36700,Petrol,Manual,First,21.1,814.0,55.2,5.0,648240.0
Hyundai I10 Sportz,Nairobi,2011,35000,Petrol,Manual,First,20.36,1197.0,78.9,5.0,407000.0
Mercedes-Benz Slk-Class Slk 350,Naivasha,2016,22732,Petrol,Automatic,First,18.1,3498.0,306.0,2.0,8219920.0
Audi A6 2.0 Tdi Design Edition,Kisumu,2014,48000,Diesel,Automatic,First,18.53,1968.0,187.74,5.0,4292000.0
Ford Ecosport 1.5 Tdci Titanium,Nakuru,2013,62084,Diesel,Manual,First,22.77,1498.0,98.59,5.0,976800.0
Volkswagen Passat Highline Dsg,Kisumu,2012,39273,Diesel,Automatic,First,14.3,1968.0,140.0,5.0,1034520.0
Toyota Innova Crysta 2.4 Zx Mt,Nakuru,2017,64798,Diesel,Manual,First,13.68,2393.0,147.8,7.0,2775000.0
Ford Figo Diesel Zxi,Nyeri,2010,100002,Diesel,Manual,Third,20.0,1399.0,68.0,5.0,189440.0
Chevrolet Aveo 1.4,Eldoret,2006,78000,Petrol,Manual,Third,14.49,1399.0,92.7,5.0,177600.0
Maruti Ritz Lxi,Naivasha,2013,57717,Petrol,Manual,First,18.5,1197.0,85.8,5.0,637879.9999999999
Land Rover Freelander 2 Se,Mombasa,2011,109000,Diesel,Automatic,First,12.39,2179.0,147.51,5.0,2442000.0
Hyundai Grand I10 Asta,Naivasha,2017,74515,Petrol,Manual,First,18.9,1197.0,82.0,5.0,834720.0
Ford Endeavour 3.2 Trend At 4X4,Naivasha,2017,50484,Diesel,Automatic,First,10.91,3198.0,197.2,7.0,4605760.0
Audi Q5 2008-2012 2.0 Tdi,Mombasa,2013,13452,Diesel,Automatic,First,12.8,1968.0,167.6,5.0,3768080.0
Hyundai Verna 1.6 Vtvt,Mombasa,2017,37688,Petrol,Manual,First,17.01,1591.0,121.3,5.0,1166240.0
Mercedes-Benz E-Class 2015-2017 E250 Cdi Avantgarde,Mombasa,2017,34000,Diesel,Automatic,First,13.0,2143.0,204.0,5.0,5328000.0
Mercedes-Benz M-Class Ml 350 4Matic,Eldoret,2014,120000,Diesel,Automatic,First,0.0,2987.0,165.0,5.0,4440000.0
Maruti Swift Dzire Zxi,Eldoret,2008,64000,Petrol,Manual,Second,17.5,1298.0,85.8,5.0,421800.0
Honda City 1.3 Exi S,Nairobi,2011,100000,Petrol,Manual,First,13.0,1343.0,90.0,5.0,518000.0
Renault Duster 85Ps Diesel Rxl Optional,Nyeri,2014,75000,Diesel,Manual,First,20.46,1461.0,83.8,5.0,1110000.0
Mercedes-Benz New C-Class 220 Cdi At,Kisumu,2012,86000,Diesel,Automatic,First,14.84,2143.0,170.0,5.0,2812000.0
Bmw X5 Xdrive 30D Design Pure Experience 5 Seater,Kisumu,2015,69000,Diesel,Automatic,First,15.97,2993.0,258.0,5.0,7992000.0
Hyundai Xcent 1.2 Kappa Sx Option,Mombasa,2015,41721,Petrol,Manual,First,19.1,1197.0,82.0,5.0,695600.0
Maruti Dzire Amt Zxi Plus,Kisumu,2017,13000,Petrol,Automatic,First,22.0,1197.0,81.8,5.0,1258000.0
Bmw 3 Series 320D Corporate Edition,Kisumu,2013,38998,Diesel,Automatic,First,16.07,1995.0,181.0,4.0,2516000.0
Maruti Alto 800 Lxi,Mombasa,2017,54250,Petrol,Manual,First,22.74,796.0,47.3,5.0,519480.0
Audi A4 2.0 Tdi 177 Bhp Premium Plus,Nakuru,2013,45979,Diesel,Automatic,Second,17.11,1968.0,174.33,5.0,2886000.0
Mini Cooper S,Eldoret,2012,37000,Petrol,Automatic,Second,13.6,1598.0,181.0,4.0,2516000.0
Audi Q7 3.0 Tdi Quattro Premium Plus,Naivasha,2015,46983,Diesel,Automatic,Second,12.07,2967.0,241.4,7.0,6415800.0
Chevrolet Beat Diesel Lt,Nakuru,2012,40700,Diesel,Manual,First,25.44,936.0,57.6,5.0,392200.0
Maruti Wagon R Lxi Bs Iv,Mombasa,2015,43828,Petrol,Manual,First,20.51,998.0,67.04,5.0,520960.0
Nissan Terrano Xv Premium 110 Ps,Kisumu,2016,53000,Diesel,Manual,First,19.01,1461.0,108.5,5.0,925000.0
Bmw 3 Series 320D Luxury Plus,Thika,2015,100000,Diesel,Automatic,First,18.88,1995.0,184.0,5.0,3663000.0
Maruti Swift Dzire Vxi,Nairobi,2015,19000,Petrol,Manual,First,20.85,1197.0,83.14,5.0,777000.0
Skoda Yeti Elegance 4X2,Nyeri,2016,84000,Diesel,Manual,First,17.72,1968.0,108.5,5.0,1628000.0
Ford Ecosport 1.5 Ti Vct At Titanium,Mombasa,2018,37630,Petrol,Automatic,First,15.63,1499.0,110.4,5.0,1346800.0
Hyundai I20 1.2 Magna,Mombasa,2010,67714,Petrol,Manual,First,18.5,1197.0,80.0,5.0,481000.0
Maruti S Cross Ddis 200 Sigma Option,Eldoret,2017,32000,Diesel,Manual,First,15.0,1248.0,88.5,5.0,1258000.0
Hyundai Verna Transform Vtvt,Eldoret,2010,51000,Petrol,Manual,First,16.2,1599.0,103.2,5.0,458800.0
Bmw 3 Series 320D Luxury Line,Mombasa,2015,58390,Diesel,Automatic,First,18.88,1995.0,184.0,5.0,2939280.0
Hyundai Grand I10 1.2 Crdi Magna,Kisumu,2017,14000,Diesel,Manual,First,24.0,1186.0,73.97,5.0,725200.0000000001
Honda City I-Vtec V,Nairobi,2014,55818,Petrol,Manual,Second,17.4,1497.0,117.3,5.0,843600.0
Maruti Swift 1.3 Vxi,Mombasa,2006,97800,Petrol,Manual,Third,16.1,1493.0,97.7,5.0,259000.0
Maruti Swift Vdi Bsiv,Kisumu,2012,52241,Diesel,Manual,First,25.2,1248.0,74.0,5.0,429200.0
Maruti Baleno Zeta 1.3,Naivasha,2018,25433,Diesel,Manual,First,27.39,1248.0,74.0,5.0,1158840.0
Tata Safari Storme 2012-2015 Lx,Mombasa,2015,40611,Diesel,Manual,First,14.0,2179.0,138.1,7.0,1206200.0
Hyundai Accent Gls,Nakuru,2008,72000,Petrol,Manual,Second,13.2,1495.0,94.0,5.0,296000.0
Maruti Swift Ldi Sp Limited Edition,Kisumu,2016,54631,Diesel,Manual,First,25.2,1248.0,74.0,5.0,925000.0
Maruti Swift Vdi Bsiv,Nakuru,2007,60000,Diesel,Manual,Second,17.8,1248.0,97.7,5.0,503200.0
Tata Nano Xta,Naivasha,2016,24941,Petrol,Automatic,First,21.9,624.0,37.48,4.0,472120.0
Maruti Ertiga Vdi,Thika,2017,63939,Diesel,Manual,First,25.47,1248.0,88.5,7.0,1147000.0
Maruti Celerio Vxi Amt,Nairobi,2014,35214,Petrol,Automatic,Second,23.1,998.0,67.04,5.0,473600.0
Maruti Swift Vdi Bsiv,Nairobi,2015,63000,Diesel,Manual,First,25.2,1248.0,74.0,5.0,725200.0000000001
Volkswagen Vento Petrol Highline,Mombasa,2012,121377,Petrol,Manual,First,15.04,1598.0,103.6,5.0,562400.0
Volkswagen Jetta 2007-2011 1.9 Highline Tdi,Mombasa,2009,100970,Diesel,Automatic,First,15.5,1896.0,105.0,5.0,592000.0
Mini Cooper 5 Door D,Kisumu,2014,60000,Diesel,Automatic,Second,20.7,1496.0,113.98,5.0,3478000.0
Tata Indica V2 Dls,Mombasa,2008,77650,Diesel,Manual,First,17.2,1396.0,53.5,5.0,170199.99999999997
Hyundai Santro Xing Xo,Kisumu,2007,71297,Petrol,Manual,First,17.0,1086.0,97.7,5.0,325600.00000000006
Land Rover Range Rover 3.0 D,Nairobi,2008,55001,Diesel,Automatic,Second,0.0,1493.0,97.7,5.0,3922000.0
Honda City I-Vtec Cvt Vx,Nakuru,2015,18955,Petrol,Automatic,First,18.0,1497.0,117.3,5.0,1576200.0
Jaguar Xf 2.2 Litre Luxury,Naivasha,2016,47877,Diesel,Automatic,First,16.36,2179.0,187.7,5.0,5280640.0
Mercedes-Benz E-Class 2015-2017 E250 Edition E,Mombasa,2017,43368,Diesel,Automatic,First,15.0,2143.0,204.0,5.0,4727120.0
Chevrolet Cruze Ltz,Mombasa,2011,73000,Diesel,Manual,Third,18.3,1991.0,147.9,5.0,621600.0
Mahindra Xuv500 W8 2Wd,Thika,2015,72007,Diesel,Manual,First,15.1,2179.0,140.0,7.0,1465200.0
Mercedes-Benz New C-Class C 200 Cgi Avantgarde,Mombasa,2014,56778,Petrol,Automatic,First,11.74,1796.0,186.0,5.0,2288080.0
Honda Jazz Vx,Mombasa,2018,20024,Petrol,Manual,First,18.2,1199.0,88.7,5.0,1252080.0000000002
Toyota Etios G,Kisumu,2013,42103,Petrol,Manual,First,16.78,1496.0,88.73,5.0,481000.0
Maruti Alto Lxi Bsiii,Kisumu,2012,67147,Petrol,Manual,First,19.7,796.0,46.3,5.0,384800.0
Maruti Swift Vxi Bsiv,Naivasha,2016,37806,Petrol,Manual,First,20.4,1197.0,81.8,5.0,769600.0
Maruti A-Star Vxi,Eldoret,2009,85000,Petrol,Manual,Third,19.0,998.0,66.1,5.0,266400.0
Tata Nano Lx Bsiv,Mombasa,2011,35000,Petrol,Manual,First,25.4,624.0,37.48,4.0,236800.0
Ford Figo Titanium Diesel,Kisumu,2015,72035,Diesel,Manual,First,25.5,1498.0,99.0,5.0,370000.0
Fiat Linea Emotion,Nyeri,2011,48500,Petrol,Manual,First,16.0,1368.0,90.0,5.0,370000.0
Ford Figo Aspire 1.2 Ti-Vct Trend,Naivasha,2017,28854,Petrol,Manual,First,18.16,1196.0,86.8,5.0,991600.0
Maruti Baleno Lxi,Kisumu,2005,92450,Petrol,Manual,First,15.4,1590.0,94.0,5.0,177600.0
Bmw 3 Series 320D Luxury Line,Naivasha,2016,14351,Diesel,Automatic,First,18.88,1995.0,184.0,5.0,5261399.999999999
Chevrolet Cruze Ltz,Nyeri,2017,51087,Diesel,Manual,First,17.9,1998.0,163.7,5.0,1147000.0
Mahindra Scorpio 2.6 Dx,Mombasa,2005,50000,Diesel,Manual,First,12.7,2609.0,116.6,8.0,287120.0
Tata Indica V2 Els,Kisumu,2016,73000,Diesel,Manual,First,25.0,1396.0,69.0,5.0,325600.00000000006
Chevrolet Cruze Ltz At,Thika,2011,60000,Diesel,Automatic,First,18.1,1991.0,147.9,4.0,562400.0
Toyota Innova 2.5 V Diesel 8-Seater,Mombasa,2016,50000,Diesel,Manual,First,12.8,2494.0,102.0,8.0,2316200.0
Mercedes-Benz New C-Class C 220D Avantgarde Edition C,Naivasha,2018,36797,Diesel,Automatic,First,19.27,2143.0,167.62,5.0,5841560.0
Maruti Ritz Vxi,Kisumu,2011,50000,Petrol,Manual,Second,18.5,1197.0,85.8,5.0,222000.0
Toyota Innova 2.5 Gx (Diesel) 8 Seater Bs Iv,Thika,2013,94000,Diesel,Manual,First,12.8,2494.0,102.0,8.0,1309800.0
Toyota Fortuner 4X4 Mt,Nakuru,2013,74000,Diesel,Manual,Second,12.55,2982.0,168.5,7.0,2649199.9999999995
Hyundai I10 Sportz At,Naivasha,2014,41016,Petrol,Automatic,Second,16.95,1197.0,78.9,5.0,751840.0
Hyundai Verna 1.6 Sx,Nakuru,2012,67000,Diesel,Manual,First,22.32,1582.0,126.32,5.0,925000.0
Audi Q3 2012-2015 35 Tdi Quattro Premium Plus,Nakuru,2015,76927,Diesel,Automatic,First,15.73,1968.0,174.33,5.0,3367000.0
Chevrolet Beat Ls,Kisumu,2010,17088,Petrol,Manual,First,18.6,1199.0,79.4,5.0,216080.0
Ford Fiesta 1.4 Duratorq Zxi,Eldoret,2007,112808,Diesel,Manual,Second,17.8,1399.0,68.0,5.0,303399.99999999994
Ford Figo Diesel Exi,Naivasha,2014,74980,Diesel,Manual,First,20.0,1399.0,68.0,5.0,603840.0
Maruti Celerio Vxi At,Kisumu,2014,44600,Petrol,Automatic,First,23.1,998.0,67.04,5.0,673400.0
Mercedes-Benz A Class A180 Cdi,Nairobi,2013,37000,Diesel,Automatic,First,20.0,2143.0,107.3,5.0,2072000.0
Hyundai Creta 1.6 Sx,Thika,2016,21000,Petrol,Manual,First,15.8,1591.0,121.3,5.0,1613200.0
Maruti Wagon R Vxi Bs Iv,Nakuru,2010,81245,Petrol,Manual,First,18.9,998.0,67.1,5.0,362600.00000000006
Mercedes-Benz E-Class 2009-2013 E 220 Cdi Avantgarde,Nairobi,2013,70000,Diesel,Automatic,First,10.0,2148.0,170.0,5.0,2338400.0
Ford Ecosport 1.5 Ti Vct Mt Titanium Be,Nairobi,2017,4018,Petrol,Manual,First,18.88,1499.0,110.4,5.0,1221000.0
Renault Koleos 2.0 Diesel,Nairobi,2013,70000,Diesel,Automatic,Second,13.73,1995.0,148.0,5.0,1258000.0
Mahindra Xuv500 W10 2Wd,Naivasha,2016,56532,Diesel,Manual,First,16.0,2179.0,140.0,7.0,2299920.0
Maruti Omni E 8 Str Std,Kisumu,2013,26875,Petrol,Manual,First,16.8,796.0,34.2,8.0,347800.0
Maruti Wagon R Vxi,Naivasha,2015,72599,Petrol,Manual,First,22.5,998.0,67.04,5.0,639360.0
Ford Endeavour Xlt Tdci 4X2,Nyeri,2008,205000,Diesel,Manual,Second,13.1,2499.0,141.0,7.0,577200.0
Hyundai Verna 1.6 Sx,Kisumu,2011,98000,Diesel,Manual,Second,22.32,1582.0,126.32,5.0,769600.0
Hyundai I20 Magna 1.2,Nairobi,2018,19500,Petrol,Manual,First,18.6,1197.0,81.83,5.0,865800.0
Maruti Ertiga Zxi,Nakuru,2013,68000,Petrol,Manual,Second,16.02,1373.0,93.7,7.0,925000.0
Mahindra Xuv500 W9 At,Naivasha,2019,19654,Diesel,Automatic,First,14.0,2179.0,155.0,7.0,2609240.0
Maruti Sx4 S Cross Ddis 200 Zeta,Nairobi,2017,26000,Diesel,Manual,First,23.65,1248.0,88.5,5.0,1443000.0
Mercedes-Benz Slk-Class Slk 350,Nakuru,2015,10000,Petrol,Automatic,First,18.1,3498.0,306.0,2.0,8140000.0
Volkswagen Polo Diesel Comfortline 1.2L,Kisumu,2011,75020,Diesel,Manual,First,22.07,1199.0,73.9,5.0,606799.9999999999
Toyota Fortuner 4X4 Mt,Kisumu,2011,157000,Diesel,Manual,First,12.55,2982.0,168.5,7.0,1774520.0
Mahindra Xuv500 W10 2Wd,Mombasa,2017,43773,Diesel,Manual,First,16.0,2179.0,140.0,7.0,2003920.0
Mercedes-Benz Gle 250D,Nairobi,2016,21000,Diesel,Automatic,First,17.9,2143.0,201.15,5.0,8288000.0
Honda Jazz 1.2 Vx I Vtec,Mombasa,2016,23280,Petrol,Manual,First,18.7,1199.0,88.7,5.0,962000.0
Maruti Swift Dzire Vdi,Eldoret,2013,88000,Diesel,Manual,First,23.4,1248.0,74.0,5.0,703000.0
Hyundai Verna 1.6 Sx Vtvt,Kisumu,2014,67000,Petrol,Manual,First,17.01,1591.0,121.3,5.0,828800.0
Ford Endeavour 3.2 Titanium At 4X4,Naivasha,2017,59636,Diesel,Automatic,First,10.91,3198.0,197.0,7.0,4321600.0
Hyundai I20 1.2 Asta Option,Kisumu,2018,11000,Petrol,Manual,First,18.6,1197.0,81.83,5.0,939800.0
Honda City 1.5 V Mt Sunroof,Nairobi,2013,60669,Petrol,Manual,First,16.8,1497.0,116.3,5.0,732600.0
Honda Amaze Vx Diesel,Kisumu,2018,12000,Diesel,Manual,First,27.4,1498.0,98.6,5.0,1258000.0
Hyundai Verna 1.6 Sx Vtvt (O),Kisumu,2013,35000,Petrol,Manual,First,17.1,1591.0,121.3,5.0,666000.0
Honda Mobilio S I Dtec,Mombasa,2015,65000,Diesel,Manual,First,24.2,1498.0,98.6,7.0,814000.0
Maruti Ertiga Zdi,Mombasa,2013,39929,Diesel,Manual,First,20.77,1248.0,88.8,7.0,970880.0
Maruti Alto K10 Lxi,Eldoret,2014,49000,Petrol,Manual,First,24.07,998.0,67.1,5.0,340399.99999999994
Toyota Qualis Fs B2,Eldoret,2004,77757,Diesel,Manual,Second,13.1,2446.0,75.0,10.0,518000.0
Hyundai I10 Sportz,Mombasa,2016,21456,Petrol,Manual,First,20.36,1197.0,78.9,5.0,673400.0
Skoda Laura 1.9 Tdi At Ambiente,Nakuru,2009,74000,Diesel,Automatic,Second,17.0,1896.0,105.0,5.0,1147000.0
Hyundai I20 Asta Option 1.2,Nairobi,2015,37000,Petrol,Manual,Second,18.6,1197.0,81.83,5.0,777000.0
Bmw 5 Series 2003-2012 530D Highline,Naivasha,2013,108640,Diesel,Automatic,First,11.5,2993.0,235.0,5.0,3446920.0
Bmw 3 Series 320D M Sport,Nairobi,2016,38000,Diesel,Automatic,First,22.69,1995.0,190.0,5.0,3550520.0
Chevrolet Aveo 1.4 Lt Abs Bsiv,Eldoret,2010,80000,Petrol,Manual,First,14.49,1399.0,92.7,5.0,264920.0
Mercedes-Benz E-Class 2009-2013 E250 Cdi Elegance,Nairobi,2011,47000,Diesel,Automatic,Second,14.21,2143.0,203.0,5.0,2057200.0
Audi A6 2011-2015 2.0 Tdi Premium Plus,Kisumu,2013,31000,Diesel,Automatic,First,17.68,1968.0,174.33,5.0,2804600.0
Maruti Wagon R Lxi Bs Iv,Kisumu,2014,40000,Petrol,Manual,First,20.51,998.0,67.04,5.0,368520.00000000006
Renault Kwid Rxt,Nyeri,2016,4152,Petrol,Manual,First,25.17,799.0,53.3,5.0,466200.0
Volkswagen Ameo 1.5 Tdi Highline,Nairobi,2017,51000,Diesel,Manual,First,21.66,1498.0,108.62,5.0,954600.0
Volkswagen Polo Diesel Comfortline 1.2L,Thika,2013,55000,Diesel,Manual,First,22.07,1199.0,73.9,5.0,629000.0
Maruti Alto 800 Lxi,Kisumu,2014,58500,Petrol,Manual,First,22.74,796.0,47.3,5.0,407000.0
Hyundai I20 Asta Option 1.2,Mombasa,2017,58620,Petrol,Manual,First,18.6,1197.0,81.83,5.0,1056720.0
Toyota Etios Liva G,Nairobi,2012,29605,Petrol,Manual,First,18.3,1197.0,97.7,5.0,361120.0
Hyundai I20 1.2 Sportz,Nyeri,2012,71172,Petrol,Manual,Third,17.0,1197.0,80.0,5.0,518000.0
Hyundai I20 1.4 Asta,Mombasa,2017,12000,Diesel,Manual,First,22.54,1396.0,88.73,5.0,1080400.0
Maruti Wagon R Lxi Optional,Kisumu,2014,25000,Petrol,Manual,First,20.51,998.0,67.04,5.0,407000.0
Hyundai I20 1.4 Asta Option,Nakuru,2017,43000,Diesel,Manual,Second,22.54,1396.0,88.73,5.0,1213599.9999999998
Volkswagen Polo Gt Tsi,Nairobi,2015,57022,Petrol,Automatic,First,17.21,1197.0,103.6,5.0,963480.0
Ford Figo Diesel Titanium,Eldoret,2015,92000,Diesel,Manual,First,20.0,1399.0,68.05,5.0,629000.0
Maruti Swift Zxi,Naivasha,2014,33372,Petrol,Manual,Second,18.6,1197.0,85.8,5.0,919080.0
Hyundai Grand I10 Crdi Magna,Mombasa,2016,52625,Diesel,Manual,First,24.0,1120.0,70.0,5.0,677840.0
Mahindra Xylo H4,Mombasa,2016,215000,Diesel,Manual,First,14.02,2179.0,118.3,7.0,1110000.0
Maruti Alto Green Lxi (Cng),Nairobi,2012,65537,Cng,Manual,First,26.83,796.0,38.4,5.0,310800.0
Hyundai I10 Magna 1.1,Naivasha,2014,60138,Petrol,Manual,First,19.81,1086.0,68.05,5.0,605320.0
Skoda Octavia Elegance 2.0 Tdi At,Nairobi,2014,84000,Diesel,Automatic,First,19.3,1968.0,141.0,5.0,1591000.0
Bmw X5 2014-2019 Xdrive 30D Design Pure Experience 7 Seater,Nairobi,2014,47000,Diesel,Automatic,First,15.97,2993.0,258.0,7.0,6142000.0
Maruti Celerio Vxi At,Kisumu,2014,33450,Petrol,Automatic,First,23.1,998.0,67.04,5.0,651200.0000000001
Volkswagen Vento Diesel Comfortline,Nyeri,2013,125000,Diesel,Manual,Second,20.54,1598.0,103.6,5.0,925000.0
Bmw 3 Series 320D Highline,Eldoret,2011,99606,Diesel,Automatic,Second,16.07,1995.0,181.0,5.0,1554000.0
Maruti Ertiga Zdi,Nairobi,2014,64000,Diesel,Manual,First,20.77,1248.0,88.8,7.0,1073000.0
Ford Figo Diesel Zxi,Kisumu,2013,51000,Diesel,Manual,First,20.0,1399.0,68.05,5.0,473600.0
Volkswagen Polo 1.2 Mpi Highline,Nairobi,2014,57000,Petrol,Manual,First,16.47,1198.0,74.0,5.0,584600.0
Audi A6 3.0 Tdi Quattro,Naivasha,2009,48040,Diesel,Automatic,Second,16.77,2967.0,241.38,5.0,1786360.0
Toyota Innova Crysta 2.4 Zx Mt,Eldoret,2017,43200,Diesel,Manual,First,13.68,2393.0,147.8,7.0,2752800.0000000005
Hyundai Verna 1.6 Crdi Ex At,Nairobi,2013,66000,Diesel,Automatic,First,22.32,1582.0,126.3,5.0,843600.0
Hyundai Santro Xing Gl Plus,Kisumu,2013,31000,Petrol,Manual,First,17.92,1086.0,62.1,5.0,259000.0
Audi A4 2.0 Tdi,Nairobi,2011,46000,Diesel,Automatic,Second,16.55,1968.0,147.51,5.0,1626520.0
Audi A4 2.0 Tdi,Kisumu,2012,47346,Diesel,Automatic,First,16.55,1968.0,147.51,5.0,2146000.0
Skoda Laura 1.9 Tdi Mt Ambiente,Nyeri,2009,100000,Diesel,Manual,First,17.0,1896.0,105.0,5.0,460280.0
Honda Cr-V 2.0L 2Wd At,Naivasha,2015,63856,Petrol,Automatic,First,13.7,1997.0,153.86,5.0,2066080.0
Hyundai Verna 1.6 Sx Crdi (O),Naivasha,2015,72996,Diesel,Manual,First,22.32,1582.0,126.32,5.0,1052280.0
Honda Mobilio Rs I Dtec,Mombasa,2014,23000,Diesel,Manual,First,24.5,1498.0,98.6,7.0,1021200.0
Hyundai I20 1.2 Asta Option,Naivasha,2018,15985,Petrol,Manual,First,18.6,1197.0,81.83,5.0,1149960.0
Toyota Innova 2.5 G (Diesel) 7 Seater Bs Iv,Kisumu,2011,98000,Diesel,Manual,Second,12.8,2494.0,102.0,8.0,814000.0
Hyundai I20 Magna 1.2,Kisumu,2014,70089,Petrol,Manual,First,18.6,1197.0,81.83,5.0,791800.0
Mahindra Bolero Vlx Bs Iv,Mombasa,2011,99000,Diesel,Manual,Second,13.6,2523.0,63.0,7.0,666000.0
Volkswagen Vento 1.5 Tdi Comfortline,Nyeri,2014,72000,Diesel,Manual,First,20.34,1498.0,103.2,5.0,703000.0
Jaguar Xf 2.2 Litre Luxury,Naivasha,2015,44194,Diesel,Automatic,First,16.36,2179.0,187.7,5.0,4854399.999999999
Maruti Zen Lxi - Bs Iii,Nairobi,2005,102000,Petrol,Manual,First,17.3,993.0,60.0,5.0,103600.0
Mercedes-Benz E-Class Facelift,Naivasha,2018,56652,Diesel,Automatic,First,13.0,2987.0,258.0,5.0,7442920.0
Toyota Fortuner 3.0 Diesel,Nairobi,2010,41650,Diesel,Manual,Second,11.5,2982.0,171.0,7.0,1626520.0
Hyundai Grand I10 At Asta,Naivasha,2015,61717,Petrol,Automatic,First,18.9,1197.0,82.0,5.0,824360.0
Hyundai Xcent 1.2 Crdi S,Nyeri,2018,25302,Diesel,Manual,First,25.4,1186.0,73.97,5.0,873200.0
Hyundai Creta 1.6 Vtvt S,Naivasha,2016,47016,Petrol,Manual,First,15.29,1591.0,121.3,5.0,1395640.0
Hyundai I10 Sportz,Nakuru,2010,69000,Petrol,Manual,First,20.36,1197.0,78.9,5.0,429200.0
Honda Brio S Mt,Nairobi,2016,32700,Petrol,Manual,First,19.4,1198.0,86.8,5.0,544640.0
Toyota Fortuner 4X2 At,Naivasha,2015,101337,Diesel,Automatic,First,12.55,2982.0,168.5,7.0,3207160.0
Audi A4 2.0 Tdi Multitronic,Thika,2011,59000,Diesel,Automatic,First,16.55,1968.0,140.0,5.0,1850000.0
Toyota Innova Crysta 2.8 Zx At,Mombasa,2018,41736,Diesel,Automatic,First,11.36,2755.0,171.5,7.0,2948160.0000000005
Honda City I Dtec Vx,Nyeri,2014,71649,Diesel,Manual,First,25.1,1498.0,98.6,5.0,999000.0
Honda City I Dtec Vx,Mombasa,2015,80606,Diesel,Manual,First,25.1,1498.0,98.6,5.0,1030080.0
Renault Kwid 1.0 Rxt Optional,Nyeri,2017,63262,Petrol,Manual,First,21.7,999.0,67.0,5.0,481000.0
Maruti Swift Ddis Zdi Plus,Kisumu,2018,5456,Diesel,Manual,First,28.4,1248.0,74.0,5.0,1280200.0
Maruti Celerio Vxi Optional Amt,Eldoret,2017,7500,Petrol,Automatic,First,23.1,998.0,67.04,5.0,740000.0
Mahindra Xuv500 W8 2Wd,Nairobi,2011,66000,Diesel,Manual,First,15.1,2179.0,140.0,7.0,814000.0
Hyundai I10 Magna,Nyeri,2010,66770,Petrol,Manual,Second,20.36,1197.0,78.9,5.0,384800.0
Hyundai I10 Magna 1.1,Mombasa,2014,58472,Petrol,Manual,First,19.81,1086.0,68.05,5.0,504680.0
Maruti Dzire Vxi,Kisumu,2011,46687,Petrol,Manual,First,22.0,1197.0,81.8,5.0,399600.0
Maruti Grand Vitara At,Mombasa,2008,77000,Petrol,Automatic,Fourth & Above,9.7,1995.0,163.5,5.0,814000.0
Audi Tt 40 Tfsi,Kisumu,2012,7000,Petrol,Automatic,First,14.33,1984.0,226.6,4.0,5180000.0
Mercedes-Benz New C-Class C 200 Cgi,Nairobi,2011,48000,Petrol,Automatic,Second,14.74,1991.0,184.0,5.0,1443000.0
Nissan Sunny 2011-2014 Diesel Xv,Nairobi,2013,47000,Diesel,Manual,First,21.64,1461.0,84.8,5.0,629000.0
Maruti Wagon R Lxi,Thika,2015,51530,Petrol,Manual,First,18.9,998.0,67.1,5.0,473600.0
Maruti Swift Dzire Zdi,Nakuru,2014,25789,Diesel,Manual,Second,23.4,1248.0,74.0,5.0,1013800.0
Honda Amaze S I-Dtech,Nairobi,2015,48000,Diesel,Manual,First,25.8,1498.0,98.6,5.0,666000.0
Maruti Swift Zdi,Nairobi,2012,52000,Diesel,Manual,First,28.4,1248.0,74.0,5.0,525400.0
Hyundai Accent Executive Cng,Kisumu,2010,95637,Cng,Manual,Second,13.2,1495.0,93.7,5.0,281200.0
Mahindra Scorpio Lx 2.6 Turbo,Kisumu,2008,131000,Diesel,Manual,First,10.5,2609.0,120.0,7.0,532800.0
Mercedes-Benz E-Class E250 Cdi Avantgrade,Mombasa,2015,42076,Diesel,Automatic,First,13.0,2143.0,201.1,5.0,3226400.0
Toyota Fortuner 4X2 Manual,Nairobi,2012,76000,Diesel,Manual,Second,13.0,2982.0,168.5,7.0,1998000.0
Datsun Redi-Go T Option,Nakuru,2016,20487,Petrol,Manual,First,22.7,799.0,53.64,5.0,393680.0
Honda City V Mt,Nairobi,2010,43000,Petrol,Manual,Second,16.8,1497.0,116.3,5.0,555000.0
Toyota Camry Hybrid,Eldoret,2018,17000,Petrol,Automatic,First,19.16,2494.0,158.2,5.0,4736000.0
Honda City I Dtec V,Naivasha,2016,60805,Diesel,Manual,First,26.0,1498.0,98.6,5.0,1194360.0
Volkswagen Jetta 2012-2014 2.0L Tdi Trendline,Mombasa,2012,58775,Diesel,Manual,First,19.33,1968.0,138.1,5.0,834720.0
Audi A6 2011-2015 2.0 Tdi,Kisumu,2013,70181,Diesel,Automatic,First,17.68,1968.0,174.33,5.0,3550520.0
Maruti Ertiga Vdi,Naivasha,2016,85827,Diesel,Manual,First,20.77,1248.0,88.76,7.0,1110000.0
Mercedes-Benz New C-Class C 220 Cdi Style,Nyeri,2016,58205,Diesel,Automatic,First,19.27,2143.0,167.62,5.0,3996000.0
Maruti Swift Dzire Vdi Bsiv,Nairobi,2008,91000,Diesel,Manual,Second,19.3,1248.0,73.9,5.0,421800.0
Renault Duster 110Ps Diesel Rxz Pack,Eldoret,2012,74000,Diesel,Manual,First,19.01,1461.0,108.45,5.0,939800.0
Maruti Ritz Vdi,Kisumu,2010,79324,Diesel,Manual,First,21.1,1248.0,73.9,5.0,488400.0
Maruti Swift Dzire Vxi,Nakuru,2013,38623,Petrol,Manual,First,19.1,1197.0,85.8,5.0,740000.0
Maruti Swift Zdi,Naivasha,2014,59923,Diesel,Manual,First,22.9,1248.0,74.0,5.0,956080.0
Hyundai Eon Sportz,Nyeri,2017,23360,Petrol,Manual,First,21.1,814.0,55.2,5.0,555000.0
Maruti Zen Vxi Bsii,Mombasa,2003,61495,Petrol,Manual,Third,17.3,993.0,60.0,5.0,224960.0
Maruti Eeco 7 Seater Standard,Naivasha,2012,56661,Petrol,Manual,First,15.1,1196.0,73.0,7.0,534280.0
Audi Q5 30 Tdi Quattro Premium,Naivasha,2017,40318,Diesel,Automatic,First,14.16,1968.0,174.3,5.0,6473520.0
Audi Q3 2.0 Tdi,Mombasa,2014,60000,Diesel,Automatic,First,15.73,1968.0,174.33,5.0,2960000.0
Smart Fortwo Cdi At,Eldoret,2008,103000,Diesel,Automatic,Second,0.0,799.0,97.7,2.0,444000.0
Maruti Swift Dzire Vdi,Kisumu,2010,130000,Diesel,Manual,First,19.3,1248.0,73.9,5.0,540200.0
Tata Sumo Dx,Nairobi,2013,20000,Diesel,Manual,First,14.07,1978.0,83.1,10.0,777000.0
Bmw X5 2014-2019 Xdrive 30D Design Pure Experience 7 Seater,Kisumu,2016,76000,Diesel,Automatic,First,15.97,2993.0,258.0,7.0,8584000.0
Honda City I-Vtec Cvt Vx,Nairobi,2015,30000,Petrol,Automatic,First,18.0,1497.0,117.3,5.0,1280200.0
Tata Indigo Ecs Elx Bs Iv,Nairobi,2015,150000,Diesel,Manual,First,25.0,1396.0,69.01,5.0,370000.0
Volkswagen Vento Tsi,Mombasa,2014,28000,Petrol,Automatic,First,16.93,1197.0,103.6,5.0,1147000.0
Maruti Celerio Vxi,Nakuru,2015,74000,Petrol,Manual,First,23.1,998.0,67.04,5.0,614200.0000000001
Toyota Fortuner 3.0 Diesel,Nairobi,2011,75000,Diesel,Manual,First,11.5,2982.0,171.0,7.0,1605800.0
Mitsubishi Outlander 2.4,Nairobi,2010,76000,Petrol,Automatic,Second,11.3,2360.0,170.0,5.0,818440.0
Volkswagen Jetta 2007-2011 1.9 Highline Tdi,Eldoret,2014,64889,Diesel,Automatic,First,15.5,1896.0,105.0,5.0,1702000.0
Porsche Cayman 2009-2012 S,Kisumu,2010,10000,Petrol,Manual,First,9.0,3436.0,97.7,2.0,5920000.0
Hyundai Creta 1.6 Crdi Sx,Kisumu,2015,43000,Diesel,Manual,First,19.67,1582.0,126.2,5.0,1369000.0
Skoda Fabia 1.2 Mpi Ambiente Petrol,Eldoret,2011,47490,Petrol,Manual,First,17.5,1198.0,75.0,5.0,338920.0
Ford Ecosport 1.5 Tdci Titanium,Mombasa,2015,80000,Diesel,Manual,First,22.77,1498.0,98.59,5.0,1036000.0
Maruti Zen Estilo 1.1 Lxi Bsiii,Nakuru,2007,60000,Petrol,Manual,Second,18.2,1061.0,64.0,5.0,244200.0
Maruti Ciaz 1.4 Delta,Thika,2017,6006,Petrol,Manual,First,20.73,1373.0,91.1,5.0,1221000.0
Mercedes-Benz New C-Class C 200 Avantgarde Edition C,Mombasa,2011,71703,Petrol,Automatic,First,14.74,1991.0,181.03,5.0,1352720.0
Honda Amaze Sx I-Vtec,Kisumu,2016,33000,Petrol,Manual,First,17.8,1198.0,86.7,5.0,962000.0
Toyota Etios Gd,Kisumu,2012,60000,Diesel,Manual,First,23.59,1364.0,97.7,5.0,436600.0
Renault Duster 85Ps Diesel Rxl,Nyeri,2015,91000,Diesel,Manual,First,19.87,1461.0,83.8,5.0,851000.0
Maruti Wagon R Lxi Lpg Bsiv,Kisumu,2012,72000,Lpg,Manual,First,26.2,998.0,58.2,5.0,421800.0
Volkswagen Polo Petrol Highline 1.2L,Kisumu,2011,43000,Petrol,Manual,Second,16.47,1198.0,73.9,5.0,310800.0
Hyundai Creta 1.6 Sx Plus Diesel,Naivasha,2017,63770,Diesel,Manual,First,19.67,1582.0,126.2,5.0,2005400.0
Jaguar Xf Diesel,Kisumu,2012,43510,Diesel,Automatic,First,14.74,2993.0,270.9,5.0,3034000.0
Jeep Compass 2.0 Limited 4X4,Nairobi,2017,52000,Diesel,Manual,First,16.3,1956.0,170.0,5.0,2960000.0
Land Rover Range Rover Evoque 2.0 Td4 Hse Dynamic,Mombasa,2018,31427,Diesel,Automatic,First,15.68,1999.0,177.0,5.0,8838560.0
Maruti Baleno Alpha Diesel,Kisumu,2016,29000,Diesel,Manual,First,27.39,1248.0,74.0,5.0,962000.0
Maruti Ciaz Zdi Shvs,Thika,2016,56000,Diesel,Manual,First,28.09,1248.0,88.5,5.0,1110000.0
Maruti Sx4 Vxi Bsiii,Nyeri,2007,76000,Petrol,Manual,Second,15.0,1586.0,104.68,5.0,318200.0
Hyundai Elantra Crdi Sx,Naivasha,2015,53615,Diesel,Manual,First,22.7,1582.0,126.24,5.0,1249120.0
Mitsubishi Pajero Sport 4X4,Nakuru,2013,132000,Diesel,Manual,First,13.5,2477.0,175.56,7.0,1848520.0
Volkswagen Ameo 1.2 Mpi Comfortline,Eldoret,2017,14800,Petrol,Manual,First,17.0,1198.0,73.75,5.0,811040.0
Maruti Ritz Vxi,Kisumu,2013,35433,Petrol,Manual,First,18.5,1197.0,85.8,5.0,621600.0
Hyundai Verna Crdi Sx,Kisumu,2013,82966,Diesel,Manual,First,16.8,1493.0,110.0,5.0,1065600.0
Maruti Swift Dzire Tour Ldi,Nyeri,2014,96000,Diesel,Manual,First,23.4,1248.0,74.0,5.0,710400.0
Mahindra Kuv 100 Mfalcon D75 K6,Mombasa,2017,39528,Diesel,Manual,First,25.32,1198.0,77.0,6.0,862840.0
Toyota Innova Crysta 2.4 Zx Mt,Naivasha,2018,92056,Diesel,Manual,First,13.68,2393.0,147.8,7.0,2721720.0
Maruti Baleno Delta 1.2,Eldoret,2016,14930,Petrol,Manual,First,21.4,1197.0,83.1,5.0,865800.0
Honda Jazz Vx Diesel,Nairobi,2016,38000,Diesel,Manual,First,27.3,1498.0,98.6,5.0,919080.0
Hyundai I20 1.2 Asta,Nairobi,2013,71000,Petrol,Manual,First,17.0,1197.0,80.0,5.0,540200.0
Hyundai I20 Sportz Diesel,Nairobi,2012,71000,Diesel,Manual,First,23.0,1396.0,90.0,5.0,547600.0
Mercedes-Benz New C-Class C 220D Avantgarde Edition C,Eldoret,2015,50000,Diesel,Automatic,First,19.27,2143.0,167.62,5.0,4440000.0
Hyundai Xcent 1.2 Kappa Base,Mombasa,2016,48163,Petrol,Manual,First,19.1,1197.0,82.0,5.0,717799.9999999999
Hyundai Grand I10 At Asta,Naivasha,2017,19168,Petrol,Automatic,First,18.9,1197.0,82.0,5.0,1025640.0
Maruti Alto 800 Vxi,Kisumu,2016,26000,Petrol,Manual,First,22.74,796.0,47.3,5.0,384800.0
Chevrolet Sail Hatchback 1.2 Ls,Kisumu,2014,37400,Petrol,Manual,First,18.2,1199.0,82.5,5.0,279720.0
Mercedes-Benz C-Class Progressive C 220D,Nairobi,2018,8682,Diesel,Automatic,First,0.0,1950.0,194.0,5.0,5846000.0
Skoda Superb Elegance 1.8 Tsi At,Nairobi,2012,95000,Petrol,Automatic,First,13.7,1798.0,157.75,5.0,1480000.0
Audi A4 2.0 Tdi,Kisumu,2009,34000,Diesel,Automatic,First,16.55,1968.0,147.51,5.0,1472599.9999999998
Toyota Innova 2.5 G (Diesel) 7 Seater Bs Iv,Nairobi,2014,95000,Diesel,Manual,Second,12.8,2494.0,102.0,8.0,1398599.9999999998
Mercedes-Benz Cla 200 Cdi Sport,Naivasha,2017,13689,Diesel,Automatic,First,17.9,2143.0,136.0,5.0,4181000.0
Hyundai I10 Era,Nyeri,2008,84000,Petrol,Manual,Second,19.81,1086.0,68.05,5.0,266400.0
Maruti Swift Dzire Vxi,Kisumu,2008,47000,Petrol,Manual,Second,17.5,1298.0,85.8,5.0,207200.0
Skoda Rapid 1.5 Tdi At Ambition,Thika,2015,60001,Diesel,Automatic,First,21.66,1498.0,103.52,5.0,1073000.0
Maruti Ritz Vdi,Kisumu,2012,96000,Diesel,Manual,First,21.1,1248.0,73.9,5.0,532800.0
Hyundai Accent Gls 1.6,Nyeri,2004,47300,Petrol,Manual,Second,14.4,1599.0,94.0,5.0,177600.0
Honda Amaze Sx I-Vtec,Naivasha,2014,28246,Petrol,Manual,Second,17.8,1198.0,86.7,5.0,731120.0000000001
Maruti Wagon R Lxi,Nairobi,2007,65000,Petrol,Manual,Second,18.9,998.0,67.1,5.0,185000.0
Volkswagen Polo Diesel Comfortline 1.2L,Mombasa,2013,68000,Diesel,Manual,Second,22.07,1199.0,73.9,5.0,710400.0
Ford Endeavour 2.2 Trend At 4X2,Mombasa,2019,11209,Diesel,Automatic,First,12.62,2198.0,158.0,7.0,4610200.0
Hyundai I20 1.2 Sportz,Eldoret,2011,41980,Petrol,Manual,Second,17.0,1197.0,80.0,5.0,488400.0
Chevrolet Beat Diesel Ps,Nakuru,2012,65000,Diesel,Manual,First,25.44,936.0,57.6,5.0,355200.0
Honda Civic 2010-2013 1.8 V Mt,Kisumu,2010,38000,Petrol,Manual,First,14.8,1799.0,130.2,5.0,296000.0
Maruti Wagon R Vxi Bs Iv,Eldoret,2014,51000,Petrol,Manual,First,20.51,998.0,67.04,5.0,458800.0
Skoda Rapid 1.6 Mpi Ambition Plus,Mombasa,2014,33855,Petrol,Manual,First,15.0,1598.0,103.6,5.0,753320.0
Maruti Baleno Vxi - Bsiii,Eldoret,2006,146000,Petrol,Manual,Second,15.4,1590.0,94.0,5.0,155400.0
Ford Ecosport 1.5 Tdci Titanium,Nakuru,2015,47037,Diesel,Manual,Second,22.77,1498.0,98.59,5.0,1036000.0
Hyundai Accent Gle,Thika,2010,58000,Petrol,Manual,Second,13.2,1495.0,94.0,5.0,370000.0
Bmw 5 Series 520D Luxury Line,Nairobi,2012,61240,Diesel,Automatic,First,22.48,1995.0,190.0,5.0,2590000.0
Maruti Alto K10 2010-2014 Vxi,Mombasa,2011,91211,Petrol,Manual,First,20.92,998.0,67.1,5.0,310800.0
Audi Q3 2012-2015 2.0 Tdi Quattro Premium Plus,Nakuru,2013,84000,Diesel,Automatic,First,15.73,1968.0,174.33,5.0,2627000.0
Maruti Wagon R Lxi Duo Bsiii,Nairobi,2008,64226,Lpg,Manual,First,17.3,1061.0,57.5,5.0,214600.0
Toyota Corolla H4,Nakuru,2005,67000,Petrol,Automatic,Second,11.3,1794.0,125.0,5.0,362600.00000000006
Volvo Xc60 D5,Eldoret,2011,106976,Diesel,Automatic,First,13.5,2400.0,215.0,5.0,2042400.0
Honda Jazz 1.5 Vx I Dtec,Kisumu,2016,27210,Diesel,Manual,First,27.3,1498.0,98.6,5.0,865800.0
Maruti Ciaz 1.3 Alpha,Nairobi,2017,26322,Diesel,Manual,First,28.09,1248.0,88.5,5.0,1317200.0
Maruti Swift Vxi Bsiv,Nairobi,2016,9107,Petrol,Manual,First,20.4,1197.0,81.8,5.0,762200.0000000001
Mercedes-Benz New C-Class C 220 Cdi Avantgarde,Mombasa,2015,63983,Diesel,Automatic,First,19.27,2143.0,170.0,5.0,2450879.9999999995
Maruti Wagon R Vxi Minor,Mombasa,2010,134000,Petrol,Manual,Second,18.9,1061.0,67.0,5.0,244200.0
Mercedes-Benz A Class A180 Sport,Eldoret,2015,11000,Petrol,Automatic,First,15.5,1595.0,120.7,5.0,2368000.0
Hyundai Santro Xing Gl,Eldoret,2008,93000,Petrol,Manual,First,0.0,1086.0,62.0,5.0,214600.0
Maruti Swift Dzire Amt Zdi,Naivasha,2017,24852,Diesel,Automatic,First,26.59,1248.0,74.0,5.0,1195840.0
Hyundai Grand I10 At Asta,Eldoret,2014,37632,Petrol,Automatic,First,18.9,1197.0,82.0,5.0,666000.0
Nissan Sunny 2011-2014 Xv Special Edition,Mombasa,2013,55000,Petrol,Manual,Second,16.95,1498.0,97.7,5.0,636400.0
Maruti A-Star Lxi,Kisumu,2010,81448,Petrol,Manual,First,19.0,998.0,66.1,5.0,384800.0
Renault Kwid Rxt Optional,Kisumu,2018,1900,Petrol,Manual,First,25.17,799.0,53.3,5.0,658600.0
Hyundai Verna 1.6 Sx Vtvt (O) At,Naivasha,2012,54957,Petrol,Automatic,First,17.1,1591.0,121.4,5.0,794760.0
Maruti Wagon R Lxi Minor,Mombasa,2008,55000,Petrol,Manual,Second,18.9,1061.0,67.0,5.0,259000.0
Bmw 3 Series 320D Sport Line,Kisumu,2013,21983,Diesel,Automatic,First,18.88,1995.0,184.0,5.0,2442000.0
Bmw 5 Series 2003-2012 520D,Nairobi,2013,76000,Diesel,Automatic,First,18.48,1995.0,177.0,5.0,2812000.0
Tata Indigo Cs Evx,Nyeri,2016,65000,Diesel,Manual,First,25.0,1396.0,69.01,5.0,414400.0
Hyundai I20 Sportz 1.4 Crdi,Kisumu,2015,26000,Diesel,Manual,First,22.54,1396.0,88.73,5.0,917600.0
Maruti Omni E Mpi Std Bs Iv,Mombasa,2019,11571,Petrol,Manual,First,16.8,796.0,34.2,8.0,562400.0
Maruti Swift Zdi,Kisumu,2014,81000,Diesel,Manual,First,25.2,1248.0,74.0,5.0,902800.0
Ford Ecosport Signature Edition Diesel,Naivasha,2019,23154,Diesel,Manual,First,23.0,1498.0,98.96,5.0,1724200.0
Honda Brio Vx At,Nairobi,2014,26856,Petrol,Automatic,First,16.5,1198.0,86.8,5.0,614200.0000000001
Toyota Innova Crysta 2.4 Gx Mt,Mombasa,2017,67489,Diesel,Manual,First,13.68,2393.0,147.8,7.0,2442000.0
Mahindra Scorpio 2.6 Lx,Nakuru,2008,176000,Diesel,Manual,Second,10.5,2179.0,120.0,8.0,636400.0
Hyundai I20 1.2 Magna,Kisumu,2010,18000,Petrol,Manual,First,18.5,1197.0,80.0,5.0,333000.0
Hyundai Verna 1.6 Sx,Thika,2014,63003,Diesel,Manual,First,22.32,1582.0,126.32,5.0,999000.0
Mahindra Xuv500 W6 2Wd,Mombasa,2014,80000,Diesel,Manual,First,15.1,2179.0,140.0,7.0,1391200.0
Volkswagen Vento 1.5 Tdi Comfortline,Naivasha,2014,56658,Diesel,Manual,First,20.64,1498.0,108.5,5.0,797720.0
Maruti Swift Dzire Vdi Optional,Mombasa,2019,18592,Diesel,Manual,First,26.59,1248.0,74.0,5.0,1259480.0
Tata Manza Aura Safire Bs Iv,Eldoret,2010,75695,Petrol,Manual,First,13.7,1368.0,88.8,5.0,273800.0
Maruti Swift Vdi,Kisumu,2012,82000,Diesel,Manual,Second,22.9,1248.0,74.0,5.0,370000.0
Volkswagen Polo Diesel Highline 1.2L,Mombasa,2013,60000,Diesel,Manual,First,22.07,1199.0,73.9,5.0,703000.0
Honda City 1.5 V Mt,Eldoret,2009,138000,Petrol,Manual,Second,17.0,1497.0,118.0,5.0,518000.0
Hyundai I20 Asta (O) 1.4 Crdi (Diesel),Nakuru,2014,67000,Diesel,Manual,First,23.0,1396.0,90.0,5.0,814000.0
Honda City 1.5 V Mt,Naivasha,2012,42750,Petrol,Manual,First,17.0,1497.0,118.0,5.0,936840.0
Chevrolet Beat Diesel,Mombasa,2014,52398,Diesel,Manual,First,25.44,936.0,57.6,5.0,365560.00000000006
Chevrolet Spark 1.0 Ls,Mombasa,2014,36657,Petrol,Manual,First,16.2,995.0,62.1,5.0,488400.0
Tata New Safari Dicor 2.2 Ex 4X2,Nairobi,2011,77000,Diesel,Manual,Second,11.57,2179.0,138.1,7.0,518000.0
Mercedes-Benz Gl-Class 350 Cdi Blue Efficiency,Nairobi,2014,85000,Diesel,Automatic,First,11.3,2987.0,254.8,7.0,5735000.0
Bmw 5 Series 2003-2012 530D Highline,Eldoret,2008,112500,Diesel,Automatic,First,11.5,2993.0,235.0,5.0,1182520.0
Toyota Fortuner 2.8 4Wd Mt,Mombasa,2013,105072,Diesel,Manual,First,14.24,2755.0,174.5,7.0,1965440.0
Bmw X1 Sdrive 18I,Eldoret,2012,80000,Petrol,Automatic,First,11.25,1995.0,150.0,5.0,1406000.0
Renault Captur 1.5 Diesel Platine Mono,Mombasa,2019,3102,Diesel,Manual,First,20.37,1461.0,108.45,5.0,2073480.0
Hyundai Xcent 1.1 Crdi S,Naivasha,2016,14656,Diesel,Manual,First,24.4,1120.0,71.0,5.0,1034520.0
Bmw 3 Series 320D,Kisumu,2010,105000,Diesel,Automatic,Second,13.2,1995.0,170.0,5.0,1628000.0
Bmw 5 Series 2010-2013 525I,Kisumu,2008,61000,Petrol,Automatic,Second,10.8,2497.0,215.0,5.0,1628000.0
Nissan Micra Xe,Eldoret,2010,85046,Petrol,Manual,Second,18.06,1198.0,75.0,5.0,340399.99999999994
Jaguar Xf 2.2 Litre Luxury,Nairobi,2014,48000,Diesel,Automatic,First,16.36,2179.0,187.7,5.0,3922000.0
Land Rover Range Rover Tdv8 (Diesel),Nakuru,2011,55000,Diesel,Automatic,First,10.2,4367.0,308.0,7.0,9916000.0
Jeep Compass 1.4 Limited Option,Nairobi,2017,4000,Petrol,Automatic,First,16.0,1368.0,160.0,5.0,2627000.0
Honda Cr-V 2.4 At,Nairobi,2010,94000,Petrol,Automatic,Second,10.1,2354.0,152.0,5.0,710400.0
Maruti Swift Vxi,Naivasha,2013,61110,Petrol,Manual,First,18.6,1197.0,85.8,5.0,676360.0
Hyundai Xcent 1.1 Crdi S,Mombasa,2016,80000,Diesel,Manual,First,24.4,1120.0,71.0,5.0,518000.0
Nissan Terrano Xv Premium 110 Ps,Mombasa,2015,43190,Diesel,Manual,First,19.01,1461.0,108.5,5.0,1126280.0
Audi A4 35 Tdi Technology,Kisumu,2015,45000,Diesel,Automatic,First,18.25,1968.0,187.74,5.0,3700000.0
Hyundai Grand I10 Asta Option,Naivasha,2016,44178,Petrol,Manual,First,18.9,1197.0,82.0,5.0,870240.0
Toyota Innova 2.5 G (Diesel) 8 Seater,Kisumu,2015,84415,Diesel,Manual,First,12.99,2494.0,100.6,8.0,1998000.0
Hyundai I20 1.2 Magna,Kisumu,2015,35000,Petrol,Manual,First,18.5,1197.0,80.0,5.0,680799.9999999999
Ford Ecosport 1.5 Tdci Titanium,Kisumu,2013,44000,Diesel,Manual,First,22.77,1498.0,98.59,5.0,725200.0000000001
Honda City 1.5 S Mt,Kisumu,2012,67635,Petrol,Manual,First,17.0,1497.0,118.0,5.0,777000.0
Ford Ecosport 1.5 Petrol Titanium Plus At,Naivasha,2018,18385,Petrol,Automatic,First,14.8,1497.0,121.36,5.0,1836680.0
Volkswagen Polo Diesel Highline 1.2L,Kisumu,2014,35000,Diesel,Manual,First,22.07,1199.0,73.9,5.0,562400.0
Mercedes-Benz New C-Class C 220 Cdi Avantgarde,Nairobi,2010,49000,Diesel,Automatic,First,19.27,2143.0,170.0,5.0,1324599.9999999998
Ford Ecosport 1.5 Dv5 Mt Titanium,Kisumu,2013,69000,Diesel,Manual,First,22.7,1498.0,89.84,5.0,1065600.0
Tata Indigo Gle,Kisumu,2017,23228,Petrol,Manual,First,14.4,1396.0,65.0,5.0,666000.0
Maruti Swift Dzire Ldi,Nairobi,2014,68462,Diesel,Manual,First,26.59,1248.0,74.0,5.0,614200.0000000001
Maruti S-Cross Zeta Ddis 200 Sh,Naivasha,2016,74611,Diesel,Manual,First,25.1,1248.0,88.5,5.0,1175120.0
Renault Duster 110Ps Diesel Rxz Pack,Eldoret,2014,90000,Diesel,Manual,First,19.01,1461.0,108.45,5.0,1073000.0
Maruti Wagon R Vxi,Nairobi,2016,22000,Petrol,Manual,First,18.9,998.0,67.1,5.0,547600.0
Hyundai Santro Xing Gl,Kisumu,2010,58163,Petrol,Manual,First,0.0,1086.0,62.0,5.0,362600.00000000006
Chevrolet Beat Diesel Lt,Mombasa,2011,109500,Diesel,Manual,Third,25.44,936.0,57.6,5.0,222000.0
Mahindra Xuv500 W4 1.99 Mhawk,Nairobi,2017,13363,Diesel,Manual,First,16.0,1997.0,140.0,7.0,1776000.0
Hyundai I10 Era 1.1,Nairobi,2012,51000,Petrol,Manual,Second,19.81,1086.0,68.05,5.0,325600.00000000006
Tata New Safari Dicor 2.2 Ex 4X4,Kisumu,2007,103000,Diesel,Manual,First,13.93,2179.0,138.0,7.0,532800.0
Hyundai I10 Sportz,Kisumu,2009,43002,Petrol,Manual,First,20.36,1197.0,78.9,5.0,284160.0
Toyota Innova Crysta 2.8 Zx At,Nakuru,2016,108000,Diesel,Automatic,First,11.36,2755.0,171.5,7.0,3034000.0
Skoda Laura Elegance Mt,Nyeri,2010,82407,Diesel,Manual,First,17.5,1896.0,106.0,5.0,629000.0
Hyundai Grand I10 Sportz,Kisumu,2013,29000,Petrol,Manual,First,18.9,1197.0,82.0,5.0,473600.0
Toyota Etios Liva Gd,Eldoret,2012,225000,Diesel,Manual,Second,23.59,1364.0,97.7,5.0,384800.0
Maruti Swift Dzire Vdi,Kisumu,2014,45000,Diesel,Manual,First,23.4,1248.0,74.0,5.0,569800.0
Hyundai I20 Asta 1.4 Crdi (Diesel),Mombasa,2010,93401,Diesel,Manual,First,23.0,1396.0,90.0,5.0,515040.0
Ford Figo 2015-2019 1.5D Trend Mt,Kisumu,2017,95802,Diesel,Manual,Second,25.83,1498.0,99.0,5.0,673400.0
Maruti Ertiga Vdi,Eldoret,2016,130000,Diesel,Manual,First,25.47,1248.0,88.5,7.0,1036000.0
Maruti Ertiga Zdi,Thika,2013,67443,Diesel,Manual,First,20.77,1248.0,88.8,7.0,851000.0
Honda City 1.5 V At Sunroof,Mombasa,2016,47681,Petrol,Automatic,First,16.8,1497.0,116.3,5.0,1292040.0
Maruti Alto Lxi Bsiii,Kisumu,2009,35000,Petrol,Manual,First,19.7,796.0,46.3,5.0,251600.0
Ford Endeavour 3.2 Titanium At 4X4,Kisumu,2016,68000,Diesel,Automatic,First,10.91,3198.0,197.0,7.0,4366000.0
Maruti Vitara Brezza Zdi Plus,Mombasa,2019,34688,Diesel,Manual,First,24.3,1248.0,88.5,5.0,1552520.0
Porsche Boxster S Tiptronic,Kisumu,2015,10512,Petrol,Automatic,First,8.6,2706.0,265.0,2.0,9472000.0
Maruti Swift Zdi,Eldoret,2016,58000,Diesel,Manual,First,22.9,1248.0,74.0,5.0,1117400.0
Tata Zest Revotron 1.2 Xt,Nairobi,2014,40000,Petrol,Manual,First,17.57,1193.0,88.7,5.0,584600.0
Hyundai I20 1.2 Sportz Option,Nakuru,2010,61000,Petrol,Manual,Fourth & Above,17.0,1197.0,80.0,5.0,481000.0
Skoda Fabia 1.4 Tdi Active,Nairobi,2009,86000,Diesel,Manual,First,19.4,1422.0,70.0,5.0,407000.0
Toyota Corolla Altis D-4D J,Kisumu,2015,45000,Diesel,Manual,First,21.43,1364.0,87.2,5.0,1087800.0
Volkswagen Ameo 1.2 Mpi Comfortline,Thika,2017,55000,Petrol,Manual,First,17.0,1198.0,73.75,5.0,695600.0
Hyundai Creta 1.6 Vtvt S,Mombasa,2016,36855,Petrol,Manual,Second,15.29,1591.0,121.3,5.0,1297960.0
Hyundai I10 Magna 1.2,Mombasa,2013,46821,Petrol,Manual,First,20.36,1197.0,78.9,5.0,506160.0
Chevrolet Beat Ls,Kisumu,2015,120000,Petrol,Manual,First,18.6,1199.0,76.8,5.0,370000.0
Jaguar Xf 3.0 Litre S Premium Luxury,Kisumu,2012,29000,Diesel,Automatic,First,14.74,2993.0,270.9,5.0,2960000.0
Nissan Terrano Xl,Nairobi,2014,40000,Petrol,Manual,First,13.24,1598.0,102.5,5.0,777000.0
Audi Q3 2012-2015 2.0 Tdi Quattro Premium Plus,Nairobi,2013,60000,Diesel,Automatic,Second,15.73,1968.0,174.33,5.0,2146000.0
Hyundai I10 Asta At,Nairobi,2011,64984,Petrol,Automatic,First,16.95,1197.0,78.9,5.0,510600.0
Maruti Alto K10 Vxi Ags,Eldoret,2015,73204,Petrol,Automatic,First,24.07,998.0,67.1,5.0,488400.0
Audi Q7 4.2 Tdi Quattro Technology,Nakuru,2014,50000,Diesel,Automatic,First,11.33,4134.0,335.2,7.0,7548000.0
Maruti Vitara Brezza Vdi,Kisumu,2017,35000,Diesel,Manual,First,24.3,1248.0,88.5,5.0,962000.0
Hyundai Eon D Lite Plus,Kisumu,2013,17729,Petrol,Manual,First,21.1,814.0,55.2,5.0,540200.0
Mahindra Xuv300 W8 Diesel,Mombasa,2012,97000,Diesel,Manual,First,20.0,1497.0,115.0,5.0,1073000.0
Hyundai Verna Crdi 1.6 Sx Option,Mombasa,2014,89614,Diesel,Manual,First,22.0,1582.0,126.2,5.0,889480.0
Maruti Wagon R Vxi,Kisumu,2015,14000,Petrol,Manual,First,18.9,998.0,67.1,5.0,414400.0
Hyundai I20 Sportz Option,Mombasa,2012,50000,Petrol,Manual,First,17.0,1197.0,80.0,5.0,592000.0
Honda City I Vtec V,Nairobi,2014,62505,Petrol,Manual,First,17.4,1497.0,117.3,5.0,880600.0
Toyota Innova 2.5 V Diesel 7-Seater,Mombasa,2011,248000,Diesel,Manual,Second,12.8,2494.0,102.0,7.0,1361599.9999999998
Hyundai Verna Crdi Sx,Eldoret,2012,94900,Diesel,Manual,First,16.8,1493.0,110.0,5.0,791800.0
Tata Hexa Xt,Nairobi,2017,55000,Diesel,Manual,First,17.6,2179.0,153.86,7.0,1776000.0
Audi Q7 3.0 Tdi Quattro Premium Plus,Naivasha,2015,53735,Diesel,Automatic,Second,12.07,2967.0,241.4,7.0,5763120.0
Maruti Wagon R Vxi,Naivasha,2008,53934,Petrol,Manual,Second,18.9,998.0,67.1,5.0,398120.0
Bmw 5 Series 2013-2017 525D Luxury Line,Nakuru,2013,58500,Diesel,Automatic,Second,17.09,1995.0,218.0,5.0,4070000.0
Honda Amaze Ex I-Vtech,Kisumu,2014,48000,Petrol,Manual,First,18.0,1198.0,86.7,5.0,407000.0
Maruti Alto 800 2016-2019 Lxi,Nairobi,2016,24000,Petrol,Manual,First,24.7,796.0,47.3,5.0,414400.0
Hyundai Verna 1.6 Sx Vtvt,Nairobi,2016,52001,Petrol,Manual,First,17.01,1591.0,121.3,5.0,954600.0
Tata Tiago 1.2 Revotron Xz,Naivasha,2018,9565,Petrol,Manual,First,23.84,1199.0,84.0,5.0,870240.0
Maruti Swift Lxi,Eldoret,2013,32953,Petrol,Manual,First,18.6,1197.0,85.8,5.0,688200.0000000001
Hyundai Eon Era,Nyeri,2014,18000,Petrol,Manual,First,21.1,814.0,55.2,5.0,370000.0
Mercedes-Benz E-Class E 220 D,Mombasa,2018,20446,Petrol,Automatic,First,12.6,1950.0,191.34,5.0,7599800.0
Hyundai I20 Magna 1.4 Crdi,Kisumu,2016,33016,Diesel,Manual,First,22.54,1396.0,88.73,5.0,1013800.0
Toyota Etios Vd,Mombasa,2012,48000,Diesel,Manual,First,23.59,1364.0,67.05,5.0,777000.0
Toyota Corolla Altis Diesel D4Dg,Naivasha,2014,72022,Diesel,Manual,First,21.43,1364.0,87.2,5.0,1366040.0
Mini Cooper 5 Door D,Thika,2014,34000,Diesel,Automatic,First,20.7,1496.0,113.98,5.0,3256000.0
Volkswagen Polo 1.5 Tdi Highline,Kisumu,2014,69000,Diesel,Manual,First,20.14,1498.0,88.8,5.0,768120.0000000001
Skoda Superb Elegance 1.8 Tsi At,Eldoret,2009,108000,Petrol,Automatic,First,13.7,1798.0,157.75,5.0,643799.9999999999
Mercedes-Benz E-Class 2009-2013 E 220 Cdi Avantgarde,Kisumu,2013,34700,Diesel,Automatic,First,10.0,2148.0,170.0,5.0,3626000.0
Maruti Swift Vdi Bsiii W/ Abs,Eldoret,2015,79000,Diesel,Manual,First,17.8,1248.0,75.0,5.0,851000.0
Honda City I Vtec Cvt Vx,Mombasa,2016,58197,Petrol,Automatic,First,18.0,1497.0,117.3,5.0,1360120.0
Bmw 7 Series 2007-2012 740Li,Eldoret,2008,66000,Petrol,Automatic,Second,8.45,2979.0,321.0,5.0,1591000.0
Hyundai I10 Magna At,Nakuru,2009,60000,Petrol,Automatic,First,19.2,1197.0,80.0,5.0,442520.0
Maruti Swift Dzire Vdi,Kisumu,2014,57000,Diesel,Manual,First,26.59,1248.0,74.0,5.0,575720.0
Honda City I Dtec Vx,Naivasha,2018,45555,Diesel,Manual,First,26.0,1498.0,98.6,5.0,1736040.0
Maruti Omni 8 Seater Bsiv,Naivasha,2016,55137,Petrol,Manual,First,14.0,796.0,35.0,5.0,460280.0
Skoda Superb 2009-2014 Elegance 2.0 Tdi Mt,Nyeri,2014,93325,Diesel,Manual,Second,17.2,1968.0,138.1,5.0,2138600.0
Maruti Ertiga Shvs Vdi,Thika,2018,38000,Diesel,Manual,First,24.52,1248.0,88.5,7.0,1287599.9999999998
Hyundai Grand I10 Crdi Magna,Mombasa,2016,57738,Diesel,Manual,First,24.0,1120.0,70.0,5.0,745920.0
Maruti Ciaz Vdi Plus Shvs,Nyeri,2017,38282,Diesel,Manual,First,28.09,1248.0,88.5,5.0,1258000.0
Mercedes-Benz New C-Class C 220 Cdi Avantgarde,Nairobi,2014,64000,Diesel,Automatic,First,19.27,2143.0,170.0,5.0,2316200.0
Fiat Avventura Multijet Emotion,Nairobi,2015,32000,Diesel,Manual,First,20.5,1248.0,91.72,5.0,836200.0
Mercedes-Benz E-Class 2009-2013 E 250 Elegance,Nakuru,2010,83000,Petrol,Automatic,First,10.93,2497.0,204.0,5.0,2442000.0
Maruti Zen Estilo Lxi Green (Cng),Thika,2011,76000,Cng,Manual,First,26.3,998.0,67.1,5.0,296000.0
Volkswagen Vento Petrol Highline,Eldoret,2012,67200,Petrol,Manual,First,15.04,1598.0,103.6,5.0,577200.0
Bmw 3 Series 320D Luxury Line,Nyeri,2013,62655,Diesel,Automatic,First,18.88,1995.0,184.0,5.0,2146000.0
Bmw 5 Series 2013-2017 530D M Sport,Nakuru,2015,16900,Diesel,Automatic,First,14.69,2993.0,258.0,5.0,6512000.0
Hyundai Grand I10 1.2 Kappa Magna,Nairobi,2017,8471,Petrol,Manual,First,18.9,1197.0,81.86,5.0,740000.0
Toyota Innova Crysta 2.8 Zx At,Kisumu,2016,69000,Diesel,Automatic,First,11.36,2755.0,171.5,7.0,2923000.0
Renault Duster 110Ps Diesel Rxz Amt,Naivasha,2017,30090,Diesel,Automatic,First,19.6,1461.0,108.45,5.0,1693120.0
Tata Indica Vista Aura 1.3 Quadrajet,Mombasa,2011,120000,Diesel,Manual,First,18.0,1248.0,75.0,5.0,259000.0
Maruti Swift Vdi Bsiv,Nakuru,2013,23000,Diesel,Manual,First,17.8,1248.0,97.7,5.0,828800.0
Mercedes-Benz E-Class 2009-2013 E 200 Cgi Avantgarde,Mombasa,2016,35939,Petrol,Manual,First,12.3,1796.0,185.0,5.0,4502160.0
Mahindra Xuv500 W8 4Wd,Naivasha,2013,116694,Diesel,Manual,First,15.1,2179.0,140.0,7.0,1416360.0
Mahindra Bolero Zlx,Nairobi,2016,40448,Diesel,Manual,First,15.96,2523.0,62.1,7.0,518000.0
Maruti Vitara Brezza Zdi,Naivasha,2018,64456,Diesel,Manual,First,24.3,1248.0,88.5,5.0,1548080.0000000002
Fiat Avventura Multijet Emotion,Eldoret,2014,52782,Diesel,Manual,First,20.5,1248.0,91.72,5.0,717799.9999999999
Honda Amaze S Petrol,Mombasa,2016,51672,Petrol,Manual,First,19.5,1199.0,88.76,5.0,840640.0
Skoda Superb Elegance 1.8 Tsi At,Nairobi,2015,56073,Petrol,Automatic,First,13.7,1798.0,157.75,5.0,1961000.0
Jaguar Xf 3.0 Litre S Premium Luxury,Nakuru,2011,65000,Diesel,Automatic,First,14.74,2993.0,270.9,5.0,2368000.0
Maruti Wagon R Vxi Bsiii,Mombasa,2013,79000,Petrol,Manual,First,18.9,998.0,67.1,5.0,444000.0
Hyundai Santro Xing Xl Erlx Euro Iii,Kisumu,2007,43206,Petrol,Manual,First,17.0,1086.0,97.7,5.0,146520.0
Toyota Corolla Altis Vl,Nairobi,2010,70200,Petrol,Automatic,First,14.53,1798.0,138.1,5.0,740000.0
Maruti Swift Vxi Bsiv,Nairobi,2016,42000,Petrol,Manual,First,16.1,1197.0,85.0,5.0,703000.0
Volkswagen Polo 1.2 Mpi Highline,Nakuru,2014,62000,Petrol,Manual,First,16.47,1198.0,74.0,5.0,791800.0
Hyundai Grand I10 1.2 Kappa Asta,Kisumu,2017,20000,Petrol,Manual,First,18.9,1197.0,81.86,5.0,885040.0
Maruti Sx4 Zdi,Mombasa,2011,80000,Diesel,Manual,Third,21.5,1248.0,88.8,5.0,518000.0
Hyundai Grand I10 1.2 Kappa Magna,Mombasa,2018,50234,Petrol,Manual,First,18.9,1197.0,81.86,5.0,705959.9999999999
Maruti Baleno Delta 1.2,Nairobi,2016,50003,Petrol,Manual,First,21.4,1197.0,83.1,5.0,806600.0
Tata Tigor 1.2 Revotron Xta,Thika,2018,1000,Petrol,Automatic,First,20.3,1199.0,84.0,5.0,1013800.0
Maruti Swift Dzire Amt Zdi,Nyeri,2016,54897,Diesel,Automatic,First,26.59,1248.0,74.0,5.0,1080400.0
Tata Indica Gls Bs Iv,Eldoret,2007,108995,Petrol,Manual,First,15.3,1193.0,65.3,5.0,185000.0
Maruti Sx4 S Cross Ddis 320 Zeta,Mombasa,2015,73000,Diesel,Manual,First,22.7,1598.0,118.0,5.0,1221000.0
Maruti Swift Vxi Bsiii,Thika,2008,65000,Petrol,Manual,First,16.1,1298.0,88.2,5.0,401080.0
Hyundai Xcent 1.2 Kappa Sx,Kisumu,2016,32000,Petrol,Manual,First,19.1,1197.0,82.0,5.0,532800.0
Hyundai I20 1.2 Magna,Thika,2010,65000,Petrol,Manual,First,18.5,1197.0,80.0,5.0,444000.0
Maruti Celerio Vxi At,Kisumu,2016,21600,Petrol,Automatic,First,23.1,998.0,67.04,5.0,688200.0000000001
Mercedes-Benz New C-Class C 220 Cdi Elegance At,Nairobi,2010,39000,Diesel,Automatic,First,14.84,2143.0,170.0,5.0,1406000.0
Maruti Swift Dzire Vxi,Nairobi,2011,58075,Petrol,Manual,First,17.5,1298.0,85.8,5.0,436600.0
Volkswagen Vento Petrol Trendline,Nairobi,2011,58000,Petrol,Manual,First,15.04,1598.0,103.6,5.0,444000.0
Maruti Swift Zdi,Kisumu,2015,58000,Diesel,Manual,First,25.2,1248.0,74.0,5.0,880600.0
Toyota Corolla Altis Vl,Nairobi,2008,89000,Petrol,Automatic,First,14.53,1798.0,138.1,5.0,592000.0
Honda Civic 2006-2010 1.8 V Mt,Nairobi,2008,72000,Petrol,Manual,First,13.5,1799.0,130.0,5.0,370000.0
Ford Ecosport 1.5 Ti Vct At Titanium Be,Kisumu,2017,1800,Petrol,Automatic,First,16.05,1499.0,110.4,5.0,1682760.0
Fiat Linea Emotion Pack (Diesel),Eldoret,2010,172050,Diesel,Manual,Second,19.0,1248.0,93.0,5.0,333000.0
Hyundai I10 Era,Nyeri,2013,46230,Petrol,Manual,First,19.81,1086.0,68.05,5.0,458800.0
Volvo Xc60 D5 Inscription,Mombasa,2014,86925,Diesel,Automatic,First,11.2,2400.0,215.0,5.0,2542640.0
Hyundai I20 1.2 Asta,Nyeri,2018,5000,Petrol,Manual,First,18.6,1197.0,81.83,5.0,962000.0
Honda City I Dtec S,Thika,2014,66000,Diesel,Manual,First,26.0,1498.0,98.6,5.0,843600.0
Toyota Innova 2.5 Vx (Diesel) 8 Seater Bs Iv,Thika,2013,119000,Diesel,Manual,First,12.99,2494.0,100.0,8.0,1184000.0
Renault Kwid Rxt,Mombasa,2016,45000,Petrol,Manual,First,25.17,799.0,53.3,5.0,384800.0
Maruti A-Star Vxi,Kisumu,2009,66149,Petrol,Manual,First,19.0,998.0,66.1,5.0,362600.00000000006
Mercedes-Benz B Class B180,Mombasa,2014,42070,Petrol,Automatic,First,14.8,1595.0,120.7,5.0,1712360.0
Maruti Wagon R Lxi Bs Iv,Kisumu,2012,35503,Petrol,Manual,First,18.9,998.0,67.1,5.0,340399.99999999994
Maruti Swift Vdi Bsiv,Nyeri,2016,41460,Diesel,Manual,First,25.2,1248.0,74.0,5.0,873200.0
Hyundai Verna Vtvt 1.6 At Sx Option,Nairobi,2015,40600,Petrol,Automatic,First,17.0,1591.0,121.3,5.0,1065600.0
Hyundai Verna Crdi 1.6 At Sx Option,Thika,2013,87000,Diesel,Automatic,First,22.0,1582.0,126.2,5.0,873200.0
Honda City V Mt,Mombasa,2014,30000,Petrol,Manual,Second,16.8,1497.0,116.3,5.0,888000.0
Hyundai I10 Magna Optional 1.1L,Kisumu,2010,27089,Petrol,Manual,First,16.0,1086.0,66.7,5.0,288600.0
Toyota Etios Gd Sp,Naivasha,2016,53702,Diesel,Manual,First,23.59,1364.0,67.04,5.0,969400.0
Volvo S60 D4 Momentum,Kisumu,2015,51000,Diesel,Automatic,First,27.03,1969.0,190.0,5.0,3700000.0
Ford Figo Diesel Exi,Kisumu,2012,36542,Diesel,Manual,First,20.0,1399.0,68.05,5.0,392200.0
Mercedes-Benz E-Class 2015-2017 E350 Cdi Avantgrade,Nairobi,2017,15000,Diesel,Automatic,First,13.0,2987.0,265.0,5.0,10286000.0
Bmw 3 Series 320D Luxury Line,Mombasa,2012,65000,Diesel,Automatic,First,22.69,1995.0,190.0,5.0,2072000.0
Maruti Alto 800 Vxi,Eldoret,2014,32000,Petrol,Manual,Second,22.74,796.0,47.3,5.0,310800.0
Toyota Innova Crysta 2.4 Vx Mt,Kisumu,2017,24393,Diesel,Manual,First,13.68,2393.0,147.8,7.0,3019199.9999999995
Volkswagen Polo 1.0 Mpi Trendline,Kisumu,2019,1000,Petrol,Manual,First,18.78,999.0,75.0,5.0,840640.0
Nissan Terrano Xl,Nairobi,2014,28238,Petrol,Manual,First,13.24,1598.0,102.5,5.0,821400.0
Mitsubishi Pajero Sport 4X4,Nairobi,2013,59000,Diesel,Manual,First,13.5,2477.0,175.56,7.0,1887000.0
Honda Civic 2010-2013 1.8 S Mt,Nairobi,2012,92000,Petrol,Manual,Second,14.8,1799.0,130.2,5.0,495800.0
Maruti Alto 800 Lxi,Kisumu,2013,56840,Petrol,Manual,First,22.74,796.0,47.3,5.0,229400.0
Volkswagen Vento Diesel Highline,Naivasha,2013,62746,Diesel,Manual,Second,20.54,1598.0,103.6,5.0,873200.0
Land Rover Freelander 2 Hse,Kisumu,2012,96000,Diesel,Automatic,First,12.35,2179.0,187.74,5.0,2809040.0
Honda Cr-V 2.0L 2Wd Mt,Nairobi,2014,24000,Petrol,Manual,First,13.7,1997.0,153.86,5.0,1703480.0
Maruti Ertiga Vdi,Nairobi,2016,54000,Diesel,Manual,First,20.77,1248.0,88.76,7.0,1147000.0
Toyota Innova 2.5 Gx (Diesel) 7 Seater,Mombasa,2016,90000,Diesel,Manual,First,12.99,2494.0,100.6,7.0,2057200.0
Tata Manza Aura Safire,Kisumu,2010,40000,Petrol,Manual,First,15.0,1368.0,90.0,5.0,199800.0
Audi Q7 35 Tdi Quattro Premium Plus,Nairobi,2015,65938,Diesel,Automatic,Second,12.07,2967.0,241.4,7.0,5624000.0
Hyundai Verna 1.6 Sx Vtvt (O) At,Nairobi,2017,16100,Petrol,Automatic,First,17.1,1591.0,121.4,5.0,1716800.0
Volkswagen Vento 1.5 Highline Plus At 16 Alloy,Kisumu,2017,3600,Diesel,Automatic,First,21.5,1498.0,108.5,5.0,1813000.0
Honda City 1.5 S Mt,Nyeri,2011,52000,Petrol,Manual,First,17.0,1497.0,118.0,5.0,562400.0
Ford Figo Diesel Titanium,Nairobi,2014,54000,Diesel,Manual,First,20.0,1399.0,68.05,5.0,481000.0
Honda Jazz 1.2 Vx I Vtec,Nairobi,2016,15399,Petrol,Manual,First,18.7,1199.0,88.7,5.0,947200.0
Volkswagen Polo Petrol Highline 1.2L,Nakuru,2012,75000,Petrol,Manual,Second,16.47,1198.0,73.9,5.0,584600.0
Honda City I-Vtec S,Nairobi,2010,76752,Petrol,Manual,First,17.4,1497.0,117.3,5.0,528360.0
Honda City Zx Gxi,Nairobi,2005,56000,Petrol,Manual,Second,17.7,1497.0,78.0,5.0,185000.0
Maruti Wagon R Lxi Cng,Eldoret,2015,70000,Cng,Manual,First,26.2,998.0,58.2,5.0,540200.0
Honda Cr-V 2.4L 4Wd At Avn,Kisumu,2013,46125,Petrol,Automatic,Second,12.0,2354.0,187.4,5.0,1850000.0
Bmw 5 Series 2013-2017 520D Luxury Line,Thika,2014,35000,Diesel,Automatic,Second,18.12,1995.0,190.0,5.0,3404000.0
Ambassador Classic Nova Diesel,Mombasa,2003,80000,Diesel,Manual,Third,12.8,1489.0,35.5,5.0,199800.0
Mahindra Scorpio Vlx 2.2 Mhawk Bsiii,Naivasha,2012,62729,Diesel,Manual,First,12.05,2179.0,120.0,8.0,935360.0
Volkswagen Vento Diesel Comfortline,Kisumu,2012,34000,Diesel,Manual,First,20.54,1598.0,103.6,5.0,503200.0
Maruti Zen Vx,Nyeri,1999,70000,Petrol,Manual,Second,17.3,993.0,60.0,5.0,113960.0
Maruti 800 Dx Bsii,Nyeri,2009,32000,Petrol,Manual,First,16.1,796.0,37.0,4.0,133200.0
Toyota Corolla Altis 1.8 Vl Cvt,Nairobi,2017,21000,Petrol,Automatic,First,14.28,1798.0,138.03,5.0,2664000.0
Bmw 3 Series 328I Sport Line,Eldoret,2013,49000,Petrol,Automatic,First,14.59,1997.0,245.0,5.0,2812000.0
Ford Ikon 1.3 Flair,Mombasa,2007,40000,Petrol,Manual,Third,13.8,1299.0,70.0,5.0,162800.00000000003
Chevrolet Beat Lt,Eldoret,2012,78000,Petrol,Manual,Second,18.6,1199.0,79.4,5.0,296000.0
Toyota Corolla Altis 1.4 Dg,Thika,2012,52000,Diesel,Manual,First,21.43,1364.0,86.79,5.0,962000.0
Mahindra Xuv500 W4,Nakuru,2014,65213,Diesel,Manual,First,16.0,2179.0,140.0,7.0,1398599.9999999998
Hyundai Xcent 1.1 Crdi Base,Nairobi,2016,170000,Diesel,Manual,First,24.4,1120.0,71.0,5.0,592000.0
Mercedes-Benz E-Class 2015-2017 E250 Cdi Avantgarde,Mombasa,2017,36884,Diesel,Automatic,First,13.0,2143.0,204.0,5.0,4773000.0
Hyundai I10 Sportz,Eldoret,2009,62500,Petrol,Manual,First,20.36,1197.0,78.9,5.0,310800.0
Toyota Corolla Altis Vl At,Nairobi,2015,68000,Petrol,Automatic,Second,14.28,1798.0,138.03,5.0,1443000.0
Toyota Corolla 1.8 J,Kisumu,2014,40748,Petrol,Manual,First,14.53,1798.0,138.0,5.0,932400.0
Audi Q3 2.0 Tdi Quattro,Kisumu,2013,60000,Diesel,Automatic,First,17.32,1968.0,184.0,5.0,3108000.0
Hyundai I20 Magna Optional 1.4 Crdi,Nairobi,2014,12400,Diesel,Manual,First,21.9,1396.0,88.8,5.0,688200.0000000001
Mercedes-Benz New C-Class C 220D Avantgarde Edition C,Nairobi,2013,87000,Diesel,Automatic,Second,19.27,2143.0,167.62,5.0,2516000.0
Maruti Ritz Vdi,Eldoret,2013,20248,Diesel,Manual,First,21.1,1248.0,73.9,5.0,643799.9999999999
Hyundai Creta 1.6 Sx Plus Diesel,Naivasha,2017,52383,Diesel,Manual,First,19.67,1582.0,126.2,5.0,2193360.0
Jaguar Xe 2.0L Diesel Prestige,Nairobi,2018,1000,Diesel,Automatic,First,13.6,1999.0,177.0,5.0,5920000.0
Mahindra Xylo D4,Mombasa,2016,85000,Diesel,Manual,First,14.95,2489.0,93.7,7.0,910200.0
Toyota Innova 2.5 G (Diesel) 7 Seater,Thika,2014,47000,Diesel,Manual,First,12.99,2494.0,100.6,7.0,1665000.0
Toyota Camry 2.5 Hybrid,Eldoret,2018,17585,Petrol,Automatic,First,19.16,2494.0,157.7,5.0,4736000.0
Audi Q5 3.0 Tdi Quattro,Naivasha,2018,32496,Diesel,Automatic,First,13.22,2967.0,241.4,5.0,6751760.0
Maruti Swift Vdi,Mombasa,2017,34613,Diesel,Manual,First,28.4,1248.0,74.0,5.0,923520.0
Maruti Ertiga Vdi Limited Edition,Mombasa,2015,153000,Diesel,Manual,First,20.77,1248.0,88.76,7.0,710400.0
Maruti Swift Vxi Bsiv,Mombasa,2014,54000,Petrol,Manual,Second,16.1,1197.0,85.0,5.0,666000.0
Hyundai I10 Sportz,Mombasa,2015,16900,Petrol,Manual,First,20.36,1197.0,78.9,5.0,572760.0
Hyundai I10 Sportz,Nairobi,2013,62334,Petrol,Manual,First,20.36,1197.0,78.9,5.0,407000.0
Maruti Baleno Sigma 1.2,Mombasa,2018,23714,Petrol,Manual,First,21.4,1197.0,83.1,5.0,972360.0
Hyundai Accent Executive,Nyeri,2010,52325,Petrol,Manual,First,16.36,1495.0,93.7,5.0,296000.0
Honda Brio S Mt,Thika,2012,50000,Petrol,Manual,First,19.4,1198.0,86.8,5.0,540200.0
Maruti Swift Zdi,Kisumu,2016,55746,Diesel,Manual,First,22.9,1248.0,74.0,5.0,1028600.0
Hyundai Xcent 1.2 Vtvt S,Nakuru,2014,54000,Petrol,Manual,First,20.14,1197.0,81.86,5.0,814000.0
Mahindra Xuv500 W8 2Wd,Kisumu,2013,43000,Diesel,Manual,First,16.0,2179.0,140.0,7.0,1036000.0
Mercedes-Benz E-Class E250 Cdi Avantgrade,Nairobi,2014,40000,Diesel,Automatic,First,13.0,2143.0,201.1,5.0,3552000.0
Land Rover Freelander 2 Td4 S,Nakuru,2010,125000,Diesel,Automatic,Second,0.0,2179.0,115.0,5.0,1628000.0
Mercedes-Benz New C-Class C 220 Cdi Avantgarde,Nakuru,2016,51944,Diesel,Automatic,First,19.27,2143.0,170.0,5.0,4810000.0
Hyundai I20 Asta 1.4 Crdi,Mombasa,2015,46950,Diesel,Manual,First,21.27,1396.0,88.76,5.0,954600.0
Skoda Octavia Elegance 2.0 Tdi At,Nairobi,2015,23000,Diesel,Automatic,First,19.3,1968.0,141.0,5.0,2331000.0
Honda City 1.5 S Mt,Nairobi,2014,54546,Petrol,Manual,First,17.0,1497.0,118.0,5.0,814000.0
Toyota Fortuner 4X2 At,Mombasa,2015,51535,Diesel,Automatic,First,12.55,2982.0,168.5,7.0,2816440.0
Audi Q3 2.0 Tdi Quattro,Kisumu,2013,45000,Diesel,Automatic,First,17.32,1968.0,184.0,5.0,2257000.0
Maruti Alto K10 2010-2014 Vxi,Kisumu,2012,46004,Petrol,Manual,First,20.92,998.0,67.1,5.0,355200.0
Tata Indigo Ecs Lx Bsiv,Mombasa,2011,124000,Diesel,Manual,First,23.03,1396.0,69.0,5.0,340399.99999999994
Audi A4 2.0 Tdi 177 Bhp Premium Plus,Mombasa,2014,77395,Diesel,Automatic,First,17.11,1968.0,174.33,5.0,2123800.0
Maruti Alto 800 2016-2019 Cng Lxi,Nairobi,2018,10600,Cng,Manual,First,33.44,796.0,40.3,4.0,518000.0
Honda City I-Vtec Cvt Vx,Mombasa,2018,22974,Petrol,Automatic,First,18.0,1497.0,117.3,5.0,1771560.0
Hyundai Santro Gls I - Euro Ii,Nyeri,2009,89000,Petrol,Manual,Second,0.0,999.0,97.7,5.0,236800.0
Toyota Fortuner 2.8 2Wd Mt,Thika,2015,65012,Diesel,Manual,First,14.24,2755.0,174.5,7.0,2797199.9999999995
Hyundai Grand I10 Sportz,Thika,2017,17125,Petrol,Manual,First,18.9,1197.0,82.0,5.0,799200.0
Maruti Eeco 7 Seater Standard,Kisumu,2015,90413,Petrol,Manual,First,15.1,1196.0,73.0,7.0,436600.0
Volkswagen Polo Petrol Highline 1.2L,Nakuru,2013,37000,Petrol,Manual,First,16.47,1198.0,73.9,5.0,754799.9999999999
Maruti Wagon R Lxi Minor,Nyeri,2006,65000,Petrol,Manual,First,18.9,1061.0,67.0,5.0,222000.0
Honda City 1.5 V Mt,Nakuru,2011,66000,Petrol,Manual,First,17.0,1497.0,118.0,5.0,725200.0000000001
Honda Civic 2010-2013 1.8 S Mt,Nairobi,2010,86000,Petrol,Manual,First,14.8,1799.0,130.2,5.0,429200.0
Honda City 1.5 Exi,Eldoret,2005,98437,Petrol,Manual,First,13.0,1493.0,100.0,5.0,170199.99999999997
Hyundai I20 1.2 Magna,Kisumu,2010,18000,Petrol,Manual,First,18.5,1197.0,80.0,5.0,340399.99999999994
Hyundai Grand I10 Crdi Sportz Celebration Edition,Mombasa,2018,35070,Diesel,Manual,First,24.0,1120.0,70.0,5.0,886520.0
Volkswagen Vento Petrol Highline At,Eldoret,2011,42000,Petrol,Automatic,Third,14.4,1598.0,103.6,5.0,503200.0
Hyundai I10 Sportz 1.2,Kisumu,2009,40000,Petrol,Manual,First,20.36,1197.0,78.9,5.0,251600.0
Hyundai I20 Asta,Kisumu,2009,43000,Petrol,Manual,First,17.0,1197.0,80.0,5.0,294520.0
Chevrolet Beat Ls,Eldoret,2012,65000,Petrol,Manual,First,18.6,1199.0,79.4,5.0,370000.0
Volkswagen Polo Diesel Highline 1.2L,Kisumu,2013,74000,Diesel,Manual,First,22.07,1199.0,73.9,5.0,717799.9999999999
Ford Figo Petrol Lxi,Kisumu,2010,51192,Petrol,Manual,First,15.6,1196.0,70.0,5.0,392200.0
Audi Tt 2.0 Tfsi,Mombasa,2014,14262,Petrol,Automatic,First,9.9,1984.0,207.8,2.0,4047800.0
Honda City I Dtec Vx,Nyeri,2015,66339,Diesel,Manual,Second,25.1,1498.0,98.6,5.0,1021200.0
Ford Figo Diesel Titanium,Kisumu,2013,90200,Diesel,Manual,First,20.0,1399.0,68.05,5.0,518000.0
Toyota Innova 2.5 Zx Diesel 7 Seater,Nairobi,2015,57854,Diesel,Manual,First,12.99,2494.0,100.6,7.0,1850000.0
Maruti Ciaz 1.4 At Alpha,Nairobi,2017,32000,Petrol,Automatic,First,19.12,1373.0,91.1,5.0,1361599.9999999998
Hyundai Grand I10 At Asta,Nairobi,2015,29631,Petrol,Automatic,First,18.9,1197.0,82.0,5.0,725200.0000000001
Honda City 1.3 Dx,Nairobi,2009,55005,Petrol,Manual,First,12.8,1493.0,97.7,5.0,473600.0
Ford Ecosport 1.0 Ecoboost Titanium Plus Be,Mombasa,2014,54173,Petrol,Manual,First,18.88,999.0,123.24,5.0,821400.0
Skoda Octavia Ambition 1.8 Tsi At,Thika,2014,50000,Petrol,Automatic,First,14.7,1798.0,177.6,5.0,1998000.0
Fiat Linea Emotion (Diesel),Kisumu,2010,145000,Diesel,Manual,First,20.4,1248.0,91.7,5.0,384800.0
Maruti Swift Lxi Bsiii,Nyeri,2015,78000,Petrol,Manual,First,16.1,1298.0,88.2,5.0,666000.0
Land Rover Discovery 4 Tdv6 Se,Nairobi,2013,65000,Diesel,Automatic,Second,11.8,2993.0,180.0,7.0,5032000.0
Toyota Innova 2.5 V Diesel 7-Seater,Kisumu,2012,120000,Diesel,Manual,First,12.8,2494.0,102.0,7.0,1776000.0
Maruti Swift Ldi,Nairobi,2015,14000,Diesel,Manual,First,28.4,1248.0,74.0,5.0,777000.0
Audi A6 2011-2015 2.0 Tdi Premium Plus,Mombasa,2014,57456,Diesel,Automatic,First,17.68,1968.0,174.33,5.0,3190880.0
Bmw 5 Series 520D Luxury Line,Naivasha,2012,44450,Diesel,Automatic,First,22.48,1995.0,190.0,5.0,3652640.0
Hyundai I20 Magna Optional 1.2,Nairobi,2013,63777,Petrol,Manual,First,18.5,1197.0,82.9,5.0,543160.0
Bmw X1 M Sport Sdrive 20D,Nairobi,2016,31000,Diesel,Automatic,First,17.05,1995.0,190.0,5.0,4366000.0
Toyota Etios G,Nairobi,2012,60000,Petrol,Manual,First,17.6,1496.0,88.73,5.0,458800.0
Tata Indigo Lx,Thika,2015,78008,Diesel,Manual,First,17.0,1405.0,70.0,5.0,429200.0
Mercedes-Benz M-Class Ml 350 4Matic,Nakuru,2014,33000,Diesel,Automatic,Second,0.0,2987.0,165.0,5.0,6364000.0
Volkswagen Beetle 2.0,Nairobi,2009,27078,Petrol,Automatic,First,10.98,1984.0,114.4,4.0,2360600.0
Volkswagen Polo Gt Tdi,Kisumu,2011,57275,Diesel,Manual,First,19.7,1598.0,103.6,5.0,666000.0
Hyundai Grand I10 Crdi Magna,Nairobi,2014,45000,Diesel,Manual,First,24.0,1120.0,70.0,5.0,516520.0
Maruti Swift Vdi Bsiv,Nairobi,2014,57319,Diesel,Manual,First,25.2,1248.0,74.0,5.0,629000.0
Hyundai Verna Crdi 1.4 E,Mombasa,2008,121097,Diesel,Manual,Second,24.0,1396.0,88.76,5.0,281200.0
Bmw 5 Series 2003-2012 525D,Nairobi,2011,89000,Diesel,Automatic,First,16.73,1995.0,218.0,5.0,2452360.0
Honda City 1.5 S Mt,Nakuru,2012,72000,Petrol,Manual,First,17.0,1497.0,118.0,5.0,851000.0
Audi A4 2.0 Tdi,Nairobi,2013,36000,Diesel,Automatic,Second,16.55,1968.0,147.51,5.0,2072000.0
Fiat Linea Classic Plus 1.3 Multijet,Nyeri,2013,86000,Diesel,Manual,Second,19.5,1248.0,75.0,5.0,370000.0
Honda City 1.3 Exi,Thika,2002,85000,Petrol,Manual,First,13.0,1343.0,90.0,5.0,177600.0
Fiat Petra 1.2 El,Eldoret,2005,120000,Petrol,Manual,Second,15.5,1242.0,97.7,5.0,125800.0
Bmw 3 Series 320D Luxury Line,Mombasa,2013,37613,Diesel,Automatic,First,22.69,1995.0,190.0,5.0,2064600.0
Ford Fiesta 1.4 Duratec Exi,Mombasa,2007,100000,Petrol,Manual,First,16.6,1388.0,68.0,5.0,236800.0
Tata Nano Xta,Naivasha,2016,5240,Petrol,Automatic,First,21.9,624.0,37.48,4.0,532800.0
Maruti Eeco 5 Str With Ac Plus Htr Cng,Nairobi,2018,20000,Cng,Manual,First,15.1,1196.0,73.0,5.0,666000.0
Maruti Ignis 1.2 Delta,Naivasha,2019,16862,Petrol,Manual,First,20.89,1197.0,81.8,5.0,896880.0
Maruti Swift Dzire Zxi,Naivasha,2013,59254,Petrol,Manual,Second,17.5,1298.0,85.8,5.0,782920.0
Ford Ecosport 1.5 Dv5 Mt Titanium,Nyeri,2014,60000,Diesel,Manual,First,22.7,1498.0,89.84,5.0,851000.0
Maruti Swift 1.3 Zxi,Kisumu,2015,50295,Petrol,Manual,First,16.1,1493.0,97.7,5.0,858400.0
Maruti Swift Dzire Vxi,Naivasha,2014,47674,Petrol,Manual,First,19.1,1197.0,85.8,5.0,846560.0
Hyundai I10 Sportz At,Mombasa,2014,61517,Petrol,Automatic,First,16.95,1197.0,78.9,5.0,649719.9999999999
Mahindra Xuv500 W6 2Wd,Naivasha,2016,62946,Diesel,Manual,First,15.1,2179.0,140.0,7.0,1635400.0
Hyundai I20 Magna 1.4 Crdi,Nairobi,2015,66823,Diesel,Manual,Second,22.54,1396.0,88.73,5.0,714840.0
Maruti Wagon R Cng Lxi,Eldoret,2013,79494,Cng,Manual,First,33.54,998.0,67.04,5.0,438080.0
Hyundai I20 Asta 1.4 Crdi,Mombasa,2012,107000,Diesel,Manual,Second,21.27,1396.0,88.76,5.0,666000.0
Bmw 7 Series 730Ld,Nairobi,2011,55000,Diesel,Automatic,Second,16.46,2993.0,258.0,5.0,2886000.0
Skoda Rapid 1.6 Mpi At Style Plus,Nairobi,2017,24000,Petrol,Automatic,First,14.3,1598.0,103.52,5.0,1295000.0
Audi Q7 45 Tdi Quattro Technology,Nairobi,2016,20002,Diesel,Automatic,First,14.75,2967.0,245.0,7.0,9916000.0
Honda City I Vtec Vx,Mombasa,2016,54317,Petrol,Manual,First,17.4,1497.0,117.3,5.0,1243200.0
Hyundai Xcent 1.2 Kappa Sx,Nairobi,2016,10200,Petrol,Manual,First,19.1,1197.0,82.0,5.0,738520.0
Honda City I Dtec E,Naivasha,2016,24337,Diesel,Manual,First,26.0,1498.0,98.6,5.0,1210640.0
Honda Brio S Option Mt,Eldoret,2012,79000,Petrol,Manual,First,18.4,1198.0,86.8,5.0,429200.0
Maruti Ciaz Zdi Plus Shvs,Nyeri,2015,40500,Diesel,Manual,First,28.09,1248.0,88.5,5.0,1050800.0
Maruti Swift Dzire Vdi Optional,Eldoret,2016,23000,Diesel,Manual,First,26.59,1248.0,74.0,5.0,1043400.0
Honda Cr-V 2.4L 4Wd At,Eldoret,2015,63050,Petrol,Automatic,First,11.1,2354.0,158.8,5.0,2590000.0
Toyota Corolla Altis 2008-2013 1.8 Vl At,Nairobi,2008,78000,Petrol,Automatic,Second,14.53,1794.0,138.1,5.0,504680.0
Maruti Baleno Vxi,Eldoret,2005,70000,Petrol,Manual,First,0.0,1590.0,97.7,5.0,192400.0
Honda City 1.5 V Mt,Naivasha,2012,66245,Petrol,Manual,First,17.0,1497.0,118.0,5.0,840640.0
Mahindra Scorpio Lx Bs Iv,Nakuru,2007,74112,Diesel,Manual,First,12.05,2179.0,120.0,9.0,606799.9999999999
Skoda Laura 1.8 Tsi Ambiente,Nairobi,2011,87670,Petrol,Manual,First,13.4,1798.0,157.8,5.0,592000.0
Bmw 3 Series 320D Sport Line,Kisumu,2015,10000,Diesel,Automatic,First,18.88,1995.0,184.0,5.0,4440000.0
Maruti Sx4 Zxi Bsiii,Mombasa,2007,62493,Petrol,Manual,First,15.0,1586.0,104.68,5.0,266400.0
Maruti Ciaz Vxi Plus,Mombasa,2015,44620,Petrol,Manual,First,20.73,1373.0,91.1,5.0,1025640.0
Land Rover Range Rover 3.6 Tdv8 Vogue Se Diesel,Nakuru,2012,66538,Diesel,Automatic,First,10.2,4367.0,308.0,7.0,10360000.0
Toyota Innova 2.5 G (Diesel) 7 Seater Bs Iv,Thika,2013,60000,Diesel,Manual,First,12.99,2494.0,100.0,7.0,1169200.0
Hyundai Santro Xing Gl,Mombasa,2011,20842,Petrol,Manual,First,0.0,1086.0,62.0,5.0,411440.0
Hyundai Santa Fe 4Wd At,Mombasa,2014,110000,Diesel,Automatic,First,13.01,2199.0,194.3,7.0,2131200.0
Mercedes-Benz New C-Class C250 Avantgarde,Nairobi,2011,45000,Petrol,Automatic,Second,11.74,1796.0,186.0,5.0,1998000.0
Maruti Wagon R Lxi Cng,Nairobi,2014,40000,Cng,Manual,Second,26.6,998.0,58.16,5.0,466200.0
Maruti Alto Lxi,Naivasha,2012,49008,Petrol,Manual,First,19.7,796.0,46.3,5.0,426240.0
Maruti Alto 800 2016-2019 Lxi,Kisumu,2016,31000,Petrol,Manual,First,24.7,796.0,47.3,5.0,318200.0
Nissan Sunny 2011-2014 Xv,Eldoret,2013,8000,Petrol,Manual,First,16.95,1498.0,97.7,5.0,555000.0
Maruti Alto 800 2016-2019 Vxi,Nairobi,2019,171,Petrol,Manual,First,24.7,796.0,47.3,5.0,532800.0
Maruti Alto K10 Vxi,Kisumu,2018,2100,Petrol,Manual,First,24.07,998.0,67.1,5.0,532800.0
Hyundai Grand I10 1.2 Kappa Sportz At,Naivasha,2018,20667,Petrol,Automatic,First,18.9,1197.0,81.86,5.0,1117400.0
Honda Mobilio S I Dtec,Kisumu,2015,50000,Diesel,Manual,First,24.2,1498.0,98.6,7.0,695600.0
Tata Manza Aqua Quadrajet,Nyeri,2010,100030,Diesel,Manual,Second,18.8,1248.0,90.0,5.0,236800.0
Chevrolet Optra Magnum 2.0 Lt,Eldoret,2011,75372,Diesel,Manual,First,16.52,1991.0,123.7,5.0,494320.0
Honda City I Vtec Cvt Vx,Mombasa,2016,60475,Petrol,Automatic,First,18.0,1497.0,117.3,5.0,1346800.0
Hyundai Grand I10 1.2 Kappa Sportz,Mombasa,2019,18453,Petrol,Manual,First,18.9,1197.0,81.86,5.0,913160.0
Hyundai Verna Crdi 1.6 Sx,Kisumu,2008,96578,Diesel,Manual,First,22.0,1582.0,126.2,5.0,370000.0
Nissan Micra Xl,Kisumu,2016,31001,Petrol,Manual,First,18.44,1198.0,75.0,5.0,444000.0
Hyundai Verna 1.6 Sx,Nyeri,2012,65900,Diesel,Manual,First,22.32,1582.0,126.32,5.0,851000.0
Hyundai Creta 1.6 Vtvt E Plus,Nakuru,2017,26246,Petrol,Manual,First,15.29,1591.0,121.3,5.0,1591000.0
Maruti Wagon R Vxi Bs Iv,Nyeri,2013,62700,Petrol,Manual,Second,20.51,998.0,67.04,5.0,421800.0
Honda Accord 2.4 Elegance A/T,Mombasa,2008,90000,Petrol,Automatic,First,10.2,2354.0,180.0,5.0,962000.0
Honda City 1.5 S At,Nakuru,2016,36000,Petrol,Automatic,First,16.8,1497.0,118.0,5.0,1398599.9999999998
Maruti Baleno Alpha 1.3,Nairobi,2016,46000,Diesel,Manual,First,27.39,1248.0,74.0,5.0,999000.0
Honda City I Dtec V,Naivasha,2017,73003,Diesel,Manual,First,26.0,1498.0,98.6,5.0,1147000.0
Hyundai I20 Era 1.4 Crdi,Mombasa,2014,46566,Diesel,Manual,First,22.54,1396.0,88.76,5.0,651200.0000000001
Mercedes-Benz E-Class 2015-2017 E350 Edition E,Nyeri,2015,41493,Diesel,Automatic,First,13.0,2987.0,265.0,5.0,6216000.0
Nissan Terrano Xv 110 Ps,Mombasa,2014,103788,Diesel,Manual,First,19.01,1461.0,108.5,5.0,839160.0
Renault Duster 110Ps Diesel Rxz Amt,Nakuru,2016,45000,Diesel,Automatic,First,19.6,1461.0,108.45,5.0,1702000.0
Maruti Wagon R Lxi Minor,Eldoret,2009,120000,Petrol,Manual,First,18.9,998.0,67.1,5.0,250120.0
Hyundai Getz 1.5 Crdi Gvs,Nyeri,2009,97359,Diesel,Manual,Second,17.1,1493.0,110.0,5.0,266400.0
Maruti Ritz Lxi,Nairobi,2016,62000,Petrol,Manual,First,18.5,1197.0,85.8,5.0,473600.0
Honda City 1.5 Gxi,Eldoret,2004,115000,Petrol,Manual,Second,0.0,1493.0,97.7,5.0,222000.0
Bmw 5 Series 520D Sport Line,Mombasa,2019,18373,Diesel,Automatic,First,22.48,1995.0,187.74,5.0,6787280.0
Volkswagen Polo 1.2 Mpi Highline,Kisumu,2016,60453,Petrol,Manual,First,16.47,1198.0,74.0,5.0,754799.9999999999
Maruti Swift Vdi Bsiv,Eldoret,2013,37000,Diesel,Manual,First,17.8,1248.0,97.7,5.0,717799.9999999999
Ford Figo Petrol Zxi,Nairobi,2010,69009,Petrol,Manual,Second,15.6,1196.0,70.0,5.0,355200.0
Bmw 3 Series 320D Luxury Line,Kisumu,2013,30000,Diesel,Automatic,First,18.88,1995.0,184.0,5.0,3256000.0
Hyundai Verna 1.6 Sx Crdi (O),Nairobi,2012,70707,Diesel,Manual,First,22.32,1582.0,126.32,5.0,633440.0
Renault Duster 85Ps Diesel Rxl,Naivasha,2015,64677,Diesel,Manual,First,20.45,1461.0,83.8,5.0,839160.0
Hyundai Grand I10 1.2 Kappa Magna At,Nakuru,2018,3000,Petrol,Automatic,First,18.9,1197.0,81.86,5.0,917600.0
Bmw X1 Sdrive20D,Nakuru,2013,49000,Diesel,Automatic,Second,17.05,1995.0,184.0,5.0,2144520.0
Maruti Ritz Vdi,Eldoret,2010,71000,Diesel,Manual,First,21.1,1248.0,73.9,5.0,444000.0
Hyundai I10 Era 1.1 Itech Se,Nyeri,2010,52000,Petrol,Manual,Second,19.81,1086.0,68.05,5.0,333000.0
Bmw X5 2014-2019 Xdrive 30D Design Pure Experience 7 Seater,Mombasa,2016,35659,Diesel,Automatic,First,15.97,2993.0,258.0,7.0,6479440.0
Honda City V Mt Exclusive,Mombasa,2019,5377,Petrol,Manual,First,16.8,1497.0,116.3,5.0,1694600.0
Mahindra Ssangyong Rexton Rx7,Nairobi,2014,65000,Diesel,Automatic,First,11.18,2696.0,184.0,7.0,1554000.0
Ford Ecosport 1.5 Dv5 Mt Titanium Optional,Naivasha,2015,92708,Diesel,Manual,First,22.7,1498.0,89.84,5.0,1107040.0
Maruti Alto Lxi,Naivasha,2010,48105,Petrol,Manual,First,19.7,796.0,46.3,5.0,458800.0
Volkswagen Polo 1.2 Mpi Highline,Nairobi,2011,46759,Petrol,Manual,First,16.47,1198.0,74.0,5.0,377399.99999999994
Volkswagen Polo Diesel Comfortline 1.2L,Nyeri,2013,62000,Diesel,Manual,First,22.07,1199.0,73.9,5.0,518000.0
Volkswagen Polo Diesel Highline 1.2L,Kisumu,2012,35175,Diesel,Manual,First,22.07,1199.0,73.9,5.0,383320.0
Maruti Ertiga Zdi,Kisumu,2013,70000,Diesel,Manual,First,20.77,1248.0,88.8,7.0,806600.0
Ford Ecosport 1.5 Tdci Ambiente,Kisumu,2017,30000,Diesel,Manual,First,22.77,1498.0,98.59,5.0,888000.0
Toyota Innova Crysta 2.8 Zx At,Kisumu,2016,66618,Diesel,Automatic,First,11.36,2755.0,171.5,7.0,2292520.0
Bmw 5 Series 523I Sedan,Nairobi,2010,69300,Petrol,Automatic,Second,10.8,2497.0,150.0,5.0,1850000.0
Maruti Swift Dzire Tour Ldi,Kisumu,2017,148000,Diesel,Manual,First,23.4,1248.0,74.0,5.0,703000.0
Ford Ecosport 1.0 Ecoboost Platinum Edition,Nairobi,2017,22000,Petrol,Manual,First,18.88,999.0,123.24,5.0,1161800.0
Hyundai Verna Crdi Sx,Thika,2013,75000,Diesel,Manual,First,16.8,1493.0,110.0,5.0,888000.0
Tata Zest Revotron 1.2T Xm,Nairobi,2016,43706,Petrol,Manual,First,17.57,1193.0,88.7,5.0,592000.0
Audi A7 2011-2015 3.0 Tdi Quattro,Nairobi,2011,42000,Diesel,Automatic,First,14.4,2967.0,241.4,5.0,4255000.0
Tata Indica Vista Quadrajet Vx,Eldoret,2012,65000,Diesel,Manual,First,22.3,1248.0,74.0,5.0,370000.0
Maruti Swift Dzire Vdi,Nairobi,2015,76128,Diesel,Manual,First,26.59,1248.0,74.0,5.0,814000.0
Fiat Linea Emotion,Kisumu,2010,39852,Petrol,Manual,First,16.0,1368.0,90.0,5.0,235320.0
Hyundai I20 1.2 Spotz,Nairobi,2017,18673,Petrol,Manual,First,18.6,1197.0,81.83,5.0,920560.0
Hyundai Eon Era Plus,Kisumu,2016,11583,Petrol,Manual,First,21.1,814.0,55.2,5.0,407000.0
Hyundai Santro Xing Xl,Mombasa,2007,82000,Petrol,Manual,Second,0.0,1086.0,97.7,5.0,199800.0
Mercedes-Benz Gla Class 200 Cdi Sport,Eldoret,2017,50000,Diesel,Automatic,First,17.9,2143.0,136.0,5.0,3700000.0
Maruti Celerio Vxi,Nairobi,2014,77000,Petrol,Manual,First,23.1,998.0,67.04,5.0,414400.0
Chevrolet Beat Lt,Nairobi,2014,54890,Petrol,Manual,Second,17.8,1199.0,76.8,5.0,362600.00000000006
Honda Jazz 1.2 V At I Vtec Privilege,Eldoret,2016,21000,Petrol,Automatic,First,19.0,1199.0,88.7,5.0,939800.0
Bmw 3 Series 320D Highline,Nairobi,2009,58557,Diesel,Automatic,Third,16.07,1995.0,181.0,5.0,1184000.0
Renault Duster 110Ps Diesel Rxl,Nakuru,2014,70000,Diesel,Manual,First,19.01,1461.0,108.45,5.0,1221000.0
Ford Figo 2015-2019 1.5P Titanium At,Nairobi,2017,16000,Petrol,Automatic,First,17.01,1499.0,110.4,5.0,880600.0
Toyota Innova Crysta 2.4 Vx Mt,Mombasa,2018,8899,Diesel,Manual,First,13.68,2393.0,147.8,7.0,2948160.0000000005
Chevrolet Beat Diesel Ls,Mombasa,2016,83629,Diesel,Manual,First,25.44,936.0,56.3,5.0,466200.0
Volkswagen Polo Gti,Mombasa,2014,35059,Petrol,Automatic,First,17.21,1798.0,189.0,4.0,851000.0
Ford Endeavour 3.2 Trend At 4X4,Mombasa,2018,30552,Diesel,Automatic,First,10.91,3198.0,197.2,7.0,4801120.0
Hyundai Verna 1.6 Sx Crdi (O) At,Mombasa,2016,44875,Diesel,Automatic,Second,22.32,1582.0,126.32,5.0,1185480.0
Ford Figo 2015-2019 1.2P Titanium Opt Mt,Naivasha,2017,25095,Petrol,Manual,First,18.16,1196.0,86.8,5.0,959040.0
Maruti 800 Ac,Nyeri,2007,59000,Petrol,Manual,First,16.1,796.0,37.0,4.0,111000.0
Honda City I Dtec V,Kisumu,2014,36000,Diesel,Manual,First,26.0,1498.0,98.6,5.0,740000.0
Mahindra Xuv500 W8 2Wd,Nairobi,2012,37000,Diesel,Manual,First,16.0,2179.0,140.0,7.0,1147000.0
Ford Figo Diesel Zxi,Mombasa,2010,90000,Diesel,Manual,First,20.0,1399.0,68.0,5.0,384800.0
Ford Ecosport 1.5 Petrol Titanium,Eldoret,2018,17000,Petrol,Manual,First,17.0,1497.0,121.36,5.0,1361599.9999999998
Hyundai I20 Asta 1.2,Nairobi,2015,42575,Petrol,Manual,First,18.6,1197.0,81.83,5.0,747400.0
Toyota Innova 2.5 G (Diesel) 7 Seater Bs Iv,Kisumu,2012,131000,Diesel,Manual,First,12.99,2494.0,100.0,7.0,1420800.0
Renault Duster 85Ps Diesel Rxl Optional,Nairobi,2013,74000,Diesel,Manual,First,20.46,1461.0,83.8,5.0,814000.0
Toyota Innova 2.5 Vx (Diesel) 8 Seater,Nairobi,2013,47234,Diesel,Manual,First,12.99,2494.0,100.6,8.0,1383800.0
Honda City 1.5 S Mt,Nairobi,2009,231673,Petrol,Manual,First,17.0,1497.0,118.0,5.0,384800.0
Maruti Alto K10 Vxi,Kisumu,2016,10000,Petrol,Manual,First,24.07,998.0,67.1,5.0,518000.0
Nissan Micra Active Xl Petrol,Mombasa,2016,49389,Petrol,Manual,First,19.49,1198.0,67.04,5.0,630480.0
Maruti Celerio Vxi At,Mombasa,2016,12000,Petrol,Automatic,Second,23.1,998.0,67.04,5.0,629000.0
Mercedes-Benz New C-Class 200 Kompressor,Kisumu,2010,65000,Petrol,Manual,Second,11.7,1796.0,178.0,5.0,1739000.0
Ford Fiesta Diesel Style,Mombasa,2013,177000,Diesel,Manual,First,23.5,1498.0,88.7,5.0,518000.0
Hyundai Verna 1.6 Vtvt S,Nyeri,2015,89000,Petrol,Manual,First,17.01,1591.0,121.3,5.0,1110000.0
Hyundai I20 1.4 Asta (At),Mombasa,2009,72000,Petrol,Automatic,Third,15.0,1396.0,100.0,5.0,481000.0
Maruti Swift Dzire Vxi,Mombasa,2012,49000,Petrol,Manual,First,17.5,1298.0,85.8,5.0,725200.0000000001
Mercedes-Benz New C-Class C 220Cdibe Avantgarde Command,Kisumu,2014,51355,Diesel,Automatic,First,14.84,2143.0,170.0,5.0,3996000.0
Hyundai Elite I20 Petrol Asta,Mombasa,2017,13460,Petrol,Manual,First,18.6,1197.0,81.86,5.0,1318680.0
Hyundai Verna 1.6 Vtvt Ex At,Mombasa,2014,35642,Petrol,Automatic,First,17.01,1591.0,121.4,5.0,990120.0
Chevrolet Cruze Ltz,Mombasa,2014,52895,Diesel,Manual,First,17.3,1998.0,163.7,5.0,890960.0
Toyota Corolla Altis 1.8 G,Nairobi,2010,93000,Petrol,Manual,First,14.28,1798.0,138.03,5.0,666000.0
Maruti A-Star Vxi,Eldoret,2011,70000,Petrol,Manual,First,19.0,998.0,66.1,5.0,296000.0
Nissan Micra Diesel Xv Premium,Kisumu,2012,32048,Diesel,Manual,First,23.08,1461.0,63.1,5.0,355200.0
Tata Nano Lx,Eldoret,2013,4700,Petrol,Manual,First,25.4,624.0,37.48,4.0,177600.0
Maruti Swift Dzire Tour Ldi,Nairobi,2014,71800,Diesel,Manual,First,23.4,1248.0,74.0,5.0,429200.0
Land Rover Range Rover Sport 2005 2012 Sport,Naivasha,2008,69078,Petrol,Manual,First,0.0,1493.0,97.7,5.0,6050240.000000001
Audi Q3 2.0 Tdi Quattro,Thika,2016,45000,Diesel,Automatic,First,17.32,1968.0,184.0,5.0,3996000.0
Honda Amaze Vx I-Dtec,Mombasa,2016,15388,Diesel,Manual,First,25.8,1498.0,98.6,5.0,1110000.0
Chevrolet Optra 1.6 Ls,Nairobi,2004,98798,Petrol,Manual,First,14.7,1599.0,104.0,5.0,222000.0
Audi Q5 2.0 Tdi Premium Plus,Kisumu,2016,43000,Diesel,Automatic,First,14.16,1968.0,174.3,5.0,5846000.0
Maruti Ritz Vdi,Kisumu,2012,85112,Diesel,Manual,First,23.2,1248.0,73.94,5.0,501720.0
Mahindra Scorpio S6 7 Seater,Mombasa,2018,37804,Diesel,Manual,First,15.4,2179.0,120.0,7.0,1835200.0
Maruti Ciaz Zdi Shvs,Mombasa,2014,45000,Diesel,Manual,First,28.09,1248.0,88.5,5.0,1013800.0
Toyota Corolla Altis Aero D 4D J,Eldoret,2011,116000,Diesel,Manual,Second,21.43,1364.0,138.0,5.0,851000.0
Tata Indica V2 Els,Mombasa,2015,100073,Diesel,Manual,Second,25.0,1396.0,69.0,5.0,296000.0
Maruti 800 Std Bsiii,Nyeri,2006,165000,Petrol,Manual,First,16.1,796.0,37.0,4.0,133200.0
Volkswagen Polo 1.2 Mpi Highline,Kisumu,2015,22000,Petrol,Manual,First,16.47,1198.0,74.0,5.0,562400.0
Hyundai Elantra 2.0 Sx Option At,Nairobi,2017,9500,Petrol,Automatic,First,14.62,1999.0,149.92,5.0,2419800.0000000005
Toyota Fortuner 4X2 4 Speed At,Kisumu,2012,152000,Diesel,Automatic,First,11.5,2982.0,169.0,7.0,2442000.0
Maruti Baleno Zeta 1.2,Naivasha,2019,17705,Petrol,Manual,First,21.4,1197.0,83.1,5.0,1287599.9999999998
Maruti Baleno Zeta 1.2,Nairobi,2016,12000,Petrol,Manual,First,21.4,1197.0,83.1,5.0,902800.0
Mini Cooper Countryman D,Kisumu,2013,51000,Diesel,Automatic,First,23.8,1998.0,112.0,5.0,3247120.0
Mercedes-Benz S Class 2005 2013 320 Cdi,Mombasa,2009,42000,Diesel,Automatic,Second,13.0,2987.0,210.0,5.0,3256000.0
Maruti Alto K10 Lxi,Nairobi,2015,51000,Petrol,Manual,First,20.92,998.0,67.1,5.0,392200.0
Maruti Swift Vxi Optional,Mombasa,2017,42527,Petrol,Manual,First,20.4,1197.0,81.8,5.0,779960.0
Chevrolet Sail Lt Abs,Kisumu,2014,45000,Diesel,Manual,First,22.1,1248.0,74.0,5.0,367040.0
Toyota Innova 2.5 G (Diesel) 8 Seater Bs Iv,Kisumu,2011,70000,Diesel,Manual,First,12.8,2494.0,102.0,8.0,888000.0
Toyota Fortuner 3.0 Diesel,Nairobi,2009,92000,Diesel,Manual,First,11.5,2982.0,171.0,7.0,1317200.0
Bmw 3 Series 320D Sport Line,Kisumu,2012,57156,Diesel,Automatic,Second,18.88,1995.0,184.0,5.0,2664000.0
Skoda Octavia Ambition 1.4 Tsi Mt,Naivasha,2016,53211,Petrol,Manual,First,16.8,1395.0,138.02,5.0,1722720.0
Toyota Fortuner 3.0 Diesel,Kisumu,2019,80000,Diesel,Manual,First,11.5,2982.0,171.0,7.0,1330520.0
Volkswagen Jetta 2007-2011 1.9 Highline Tdi,Nakuru,2009,74000,Diesel,Automatic,First,15.5,1896.0,105.0,5.0,777000.0
Hyundai I20 1.4 Crdi Asta,Kisumu,2011,37000,Diesel,Manual,First,23.0,1396.0,90.0,5.0,436600.0
Tata Manza Club Class Quadrajet90 Lx,Nairobi,2013,64000,Diesel,Manual,Second,21.02,1248.0,88.76,5.0,392200.0
Volkswagen Vento Petrol Highline,Eldoret,2013,57197,Petrol,Manual,First,15.04,1598.0,103.6,5.0,592000.0
Hyundai Creta 1.6 Sx Automatic Diesel,Mombasa,2016,55000,Diesel,Automatic,First,17.6,1582.0,126.2,5.0,1850000.0
Maruti Ritz Vxi,Nairobi,2014,33000,Petrol,Manual,First,21.1,1197.0,85.8,5.0,481000.0
Honda Cr-V 2.0L 2Wd Mt,Nairobi,2008,70000,Petrol,Manual,First,13.1,1997.0,141.1,5.0,592000.0
Mahindra Xuv500 W8 2Wd,Nairobi,2012,75000,Diesel,Manual,Second,15.1,2179.0,140.0,7.0,925000.0
Volkswagen Ameo 1.5 Tdi Comfortline,Nyeri,2016,58095,Diesel,Manual,First,21.66,1498.0,108.62,5.0,858400.0
Tata Zest Revotron 1.2 Xt,Kisumu,2015,7445,Petrol,Manual,First,17.57,1193.0,88.7,5.0,740000.0
Jaguar Xj 3.0L Portfolio Lwb,Mombasa,2016,17652,Diesel,Automatic,First,12.9,2993.0,270.88,5.0,8692040.0
Toyota Corolla Altis 1.8 Vl Cvt,Mombasa,2018,28321,Petrol,Automatic,First,14.28,1798.0,138.03,5.0,2588519.9999999995
Maruti A-Star Vxi,Eldoret,2011,69000,Petrol,Manual,Second,19.0,998.0,66.1,5.0,288600.0
Honda Accord Vti-L (At),Nairobi,2007,80000,Petrol,Automatic,First,11.1,2354.0,142.0,5.0,444000.0
Hyundai I20 Asta (O),Nairobi,2014,42365,Petrol,Manual,First,17.0,1197.0,80.0,5.0,814000.0
Toyota Fortuner 4X2 At,Nairobi,2013,123000,Diesel,Automatic,First,12.55,2982.0,168.5,7.0,2442000.0
Mercedes-Benz New C-Class C 200 Cgi Avantgarde,Nairobi,2011,40000,Petrol,Automatic,Second,11.74,1796.0,186.0,5.0,2146000.0
Maruti Baleno Alpha 1.3,Kisumu,2016,30112,Diesel,Manual,First,27.39,1248.0,74.0,5.0,1152920.0
Maruti Ertiga Vdi,Mombasa,2017,43775,Diesel,Manual,First,20.77,1248.0,88.76,7.0,1223960.0
Land Rover Range Rover Sport Se,Mombasa,2019,26013,Diesel,Automatic,First,12.65,2993.0,255.0,5.0,14366360.0
Chevrolet Optra Magnum 1.6 Lt Abs Bs3,Nairobi,2012,56000,Petrol,Manual,First,12.9,1598.0,102.5,5.0,318200.0
Honda Civic 2006-2010 1.8 V At,Kisumu,2008,95000,Petrol,Automatic,Second,12.9,1799.0,130.0,5.0,444000.0
Bmw X3 Xdrive20D,Naivasha,2014,41089,Diesel,Automatic,First,16.09,1995.0,184.0,5.0,4260920.0
Skoda Laura Ambition 2.0 Tdi Cr At,Nairobi,2011,41988,Diesel,Automatic,First,20.0,1968.0,138.1,5.0,806600.0
Maruti Swift Dzire Vdi,Nairobi,2013,72486,Diesel,Manual,First,23.4,1248.0,74.0,5.0,584600.0
Volvo V40 Cross Country D3,Eldoret,2013,92000,Diesel,Automatic,First,23.3,1984.0,150.0,5.0,2368000.0
Maruti Swift Dzire Zxi,Nairobi,2013,40000,Petrol,Manual,First,17.5,1298.0,85.8,5.0,629000.0
Land Rover Range Rover 2.2L Pure,Nakuru,2014,56000,Diesel,Automatic,First,12.7,2179.0,187.7,5.0,5106000.0
Honda Accord 2.4 At,Nairobi,2008,125000,Petrol,Automatic,Third,11.7,2354.0,177.6,5.0,384800.0
Toyota Innova 2.5 G (Diesel) 8 Seater,Mombasa,2017,29219,Diesel,Manual,First,12.99,2494.0,100.6,8.0,1995040.0
Toyota Fortuner 4X4 Mt,Kisumu,2018,39927,Diesel,Manual,First,12.55,2982.0,168.5,7.0,4750800.0
Honda Jazz 1.2 E I Vtec,Mombasa,2018,38593,Petrol,Manual,First,18.7,1199.0,88.7,5.0,913160.0
Honda City 1.5 V Mt,Kisumu,2015,32000,Petrol,Manual,First,17.0,1497.0,118.0,5.0,814000.0
Maruti Dzire Amt Zdi Plus,Kisumu,2017,28226,Diesel,Automatic,First,28.4,1248.0,73.75,5.0,1354200.0
Nissan Sunny 2011-2014 Diesel Xl,Eldoret,2014,95000,Diesel,Manual,First,21.64,1461.0,84.8,5.0,666000.0
Toyota Innova 2.5 G (Diesel) 8 Seater,Mombasa,2014,194000,Diesel,Manual,First,12.99,2494.0,100.6,8.0,1554000.0
Honda Brio S Mt,Naivasha,2016,14821,Petrol,Manual,First,19.4,1198.0,86.8,5.0,794760.0
Volkswagen Vento Petrol Trendline,Nakuru,2012,52000,Petrol,Manual,First,15.04,1598.0,103.6,5.0,806600.0
Mahindra Xuv500 W4,Nairobi,2016,33000,Diesel,Manual,First,16.0,2179.0,140.0,7.0,1369000.0
Ford Ecosport 1.5 Diesel Titanium Plus,Mombasa,2016,29200,Diesel,Manual,First,23.0,1498.0,98.96,5.0,1139600.0
Skoda Yeti Ambition 4X2,Kisumu,2012,99754,Diesel,Manual,First,17.72,1968.0,108.49,5.0,1182520.0
Hyundai I10 Sportz,Mombasa,2012,49000,Petrol,Manual,First,20.36,1197.0,78.9,5.0,444000.0
Toyota Innova 2.5 G (Diesel) 8 Seater Bs Iv,Kisumu,2005,299322,Diesel,Manual,First,12.8,2494.0,102.0,8.0,592000.0
Tata Zest Quadrajet 1.3 Xt,Naivasha,2018,38310,Diesel,Manual,First,20.65,1248.0,88.7,5.0,990120.0
Maruti Swift Vdi,Nairobi,2014,56000,Diesel,Manual,First,22.9,1248.0,74.0,5.0,629000.0
Skoda Rapid 1.5 Tdi At Style,Kisumu,2017,31300,Diesel,Automatic,First,21.72,1498.0,108.4,5.0,1554000.0
Toyota Innova Crysta 2.4 Vx Mt 8S,Naivasha,2019,11241,Diesel,Manual,First,13.68,2393.0,147.8,8.0,3337400.0
Hyundai Verna 1.6 Sx Vtvt,Eldoret,2014,48000,Petrol,Manual,Second,17.01,1591.0,121.3,5.0,769600.0
Honda City I Vtec Vx Option,Naivasha,2019,23882,Petrol,Manual,First,17.4,1497.0,117.3,5.0,1756760.0
Honda City I Dtec Sv,Kisumu,2014,65000,Diesel,Manual,First,26.0,1498.0,98.6,5.0,1034520.0
Volkswagen Vento Diesel Highline,Nyeri,2011,50000,Diesel,Manual,First,20.54,1598.0,103.6,5.0,740000.0
Audi Q5 2008-2012 3.0 Tdi,Mombasa,2014,25000,Diesel,Automatic,First,12.19,2967.0,236.0,5.0,6512000.0
Maruti Alto 800 Lxi,Mombasa,2015,21000,Petrol,Manual,First,22.74,796.0,47.3,5.0,412920.0
Tata Manza Elan Quadrajet Bs Iv,Eldoret,2012,148000,Diesel,Manual,Second,21.12,1248.0,88.8,5.0,429200.0
Hyundai Creta 1.6 Sx Plus Dual Tone Petrol,Nairobi,2016,68000,Petrol,Manual,First,15.29,1591.0,121.3,5.0,1457800.0
Mercedes-Benz Gl-Class 2007 2012 350 Cdi Luxury,Nakuru,2014,52000,Diesel,Automatic,First,12.0,2987.0,224.0,7.0,7252000.0
Mahindra Thar Crde,Nyeri,2016,19000,Diesel,Manual,First,16.55,2498.0,105.0,6.0,1369000.0
Hyundai Verna 1.6 Crdi,Nairobi,2011,74000,Diesel,Manual,Second,22.32,1582.0,126.3,5.0,555000.0
Ford Aspire Titanium Diesel,Naivasha,2017,30279,Diesel,Manual,First,26.1,1498.0,99.0,5.0,1078920.0
Mini Cooper 3 Door D,Nairobi,2016,20000,Diesel,Automatic,First,20.7,1496.0,113.98,4.0,3478000.0
Maruti Omni 8 Seater Bsiv,Kisumu,2013,34834,Petrol,Manual,First,14.0,796.0,35.0,5.0,384800.0
Mahindra Verito 1.5 D4 Bsiv,Eldoret,2015,90000,Diesel,Manual,Second,21.03,1461.0,65.0,5.0,458800.0
Mercedes-Benz E-Class 2009-2013 E250 Cdi Elegance,Naivasha,2016,38730,Diesel,Automatic,First,14.21,2143.0,203.0,5.0,4437040.0
Renault Duster 110Ps Diesel Rxz,Mombasa,2016,57390,Diesel,Manual,First,19.01,1461.0,108.45,5.0,996040.0
Maruti Swift Dzire Tour Ldi,Kisumu,2016,100000,Diesel,Manual,First,23.4,1248.0,74.0,5.0,518000.0
Volkswagen Polo Petrol Highline 1.2L,Kisumu,2011,50000,Petrol,Manual,First,16.47,1198.0,73.9,5.0,347800.0
Mahindra Xuv500 W10 2Wd,Naivasha,2017,64961,Diesel,Manual,First,16.0,2179.0,140.0,7.0,2387240.0
Volkswagen Polo 1.2 Mpi Highline,Naivasha,2014,72465,Petrol,Manual,First,16.47,1198.0,74.0,5.0,873200.0
Maruti Ritz Vxi,Kisumu,2012,68776,Petrol,Manual,First,21.1,1197.0,85.8,5.0,577200.0
Chevrolet Optra 1.6 Elite,Eldoret,2005,150000,Petrol,Manual,First,14.7,1598.0,97.7,5.0,222000.0
Toyota Innova 2.5 Gx 7 Str Bsiv,Nairobi,2012,68000,Diesel,Manual,First,12.8,2494.0,102.0,7.0,1028600.0
Honda City I Dtec Sv,Nairobi,2015,33000,Diesel,Manual,First,26.0,1498.0,98.6,5.0,1036000.0
Volkswagen Ameo 1.2 Mpi Highline,Naivasha,2017,22389,Petrol,Manual,First,17.0,1198.0,73.75,5.0,1070040.0
Maruti Sx4 Zdi Leather,Nairobi,2012,90000,Diesel,Manual,First,21.5,1248.0,88.8,5.0,563880.0
Maruti Swift Zxi,Mombasa,2012,42000,Petrol,Manual,Third,18.6,1197.0,85.8,5.0,666000.0
Hyundai Creta 1.6 Crdi Sx,Eldoret,2017,38767,Diesel,Manual,First,19.67,1582.0,126.2,5.0,1864800.0
Audi Q7 35 Tdi Quattro Technology,Nakuru,2015,21000,Diesel,Automatic,First,12.07,2967.0,241.4,7.0,7104000.0
Maruti Alto Lxi Bsiii,Naivasha,2010,59136,Petrol,Manual,First,19.7,796.0,46.3,5.0,438080.0
Honda Amaze Sx I-Dtec,Kisumu,2014,36000,Diesel,Manual,First,25.8,1498.0,98.6,5.0,481000.0
Volkswagen Passat Diesel Highline 2.0 Tdi,Mombasa,2011,95000,Diesel,Automatic,Second,18.33,1968.0,167.7,5.0,1258000.0
Hyundai Elantra Crdi Sx At,Nairobi,2013,51000,Diesel,Automatic,First,19.5,1582.0,126.24,5.0,1295000.0
Maruti Wagon R Vxi Bs Iv,Mombasa,2011,36411,Petrol,Manual,First,18.9,998.0,67.1,5.0,455840.0
Land Rover Discovery Sport Td4 Hse 7S,Nairobi,2017,40000,Diesel,Automatic,First,12.81,1999.0,148.31,7.0,6142000.0
Honda City I Vtec Sv,Eldoret,2016,27300,Petrol,Manual,First,17.8,1497.0,117.3,5.0,1036000.0
Mercedes-Benz New C-Class C 200 Avantgarde Edition C,Mombasa,2011,29813,Petrol,Automatic,Second,14.74,1991.0,181.03,5.0,1702000.0
Maruti Wagon R Lx Bs Iv,Eldoret,2011,71000,Petrol,Manual,First,20.51,998.0,67.04,5.0,384800.0
Hyundai Verna 1.6 Crdi,Kisumu,2014,32000,Diesel,Manual,First,22.32,1582.0,126.3,5.0,636400.0
Maruti Ertiga Vxi Cng,Nairobi,2017,19234,Cng,Manual,First,17.5,1373.0,80.46,7.0,1235800.0
Volkswagen Tiguan 2.0 Tdi Highline,Nyeri,2017,50510,Diesel,Automatic,First,17.06,1968.0,141.0,5.0,3685200.0
Bmw X1 Sdrive 20D Exclusive,Eldoret,2011,102000,Diesel,Automatic,First,15.06,1995.0,177.0,5.0,2035000.0
Hyundai Grand I10 1.2 Crdi Sportz Option,Kisumu,2014,42277,Diesel,Manual,First,24.0,1186.0,73.97,5.0,569800.0
Mercedes-Benz E-Class E250 Cdi Avantgrade,Nairobi,2014,46000,Diesel,Automatic,First,13.0,2143.0,201.1,5.0,3441000.0
Mahindra Bolero Zlx,Mombasa,2012,35000,Diesel,Manual,First,13.6,2523.0,97.7,7.0,1036000.0
Hyundai Grand I10 Asta Option,Nakuru,2015,50000,Petrol,Manual,First,18.9,1197.0,82.0,5.0,851000.0
Hyundai I10 Magna 1.2,Nairobi,2008,62000,Petrol,Manual,Second,20.36,1197.0,78.9,5.0,244200.0
Volkswagen Jetta 2012-2014 2.0L Tdi Comfortline,Nairobi,2012,78000,Diesel,Manual,First,19.33,1968.0,138.1,5.0,962000.0
Skoda Yeti Elegance,Mombasa,2011,79000,Diesel,Manual,First,17.67,1968.0,138.08,5.0,1110000.0
Audi Q7 45 Tdi Quattro Premium Plus,Mombasa,2019,6773,Diesel,Automatic,First,14.75,2967.0,245.0,7.0,10795120.0
Toyota Fortuner 3.0 Diesel,Mombasa,2010,135000,Diesel,Manual,Second,11.5,2982.0,171.0,7.0,1628000.0
Maruti Wagon R Vxi Minor Abs,Mombasa,2013,36716,Petrol,Manual,First,18.9,1061.0,67.0,5.0,446960.0
Hyundai Eon Era,Naivasha,2013,65060,Petrol,Manual,First,21.1,814.0,55.2,5.0,491360.0
Honda Brio S Mt,Nairobi,2013,33000,Petrol,Manual,First,19.4,1198.0,86.8,5.0,479520.0
Maruti Alto 800 Vxi,Kisumu,2015,11110,Petrol,Manual,First,22.74,796.0,47.3,5.0,347800.0
Mahindra Bolero Zlx,Nyeri,2013,63000,Diesel,Manual,First,15.96,2523.0,62.1,7.0,814000.0
Honda City I Vtec Sv,Nairobi,2015,27030,Petrol,Manual,First,17.8,1497.0,117.3,5.0,999000.0
Skoda Rapid 1.6 Mpi Elegance Black Package,Nairobi,2015,19600,Petrol,Manual,First,15.0,1598.0,103.52,5.0,910200.0
Maruti Swift Vvt Vxi,Eldoret,2016,27755,Petrol,Manual,First,22.0,1197.0,81.8,5.0,806600.0
Hyundai Eon Magna Plus,Kisumu,2013,20000,Petrol,Manual,Second,21.1,814.0,55.2,5.0,340399.99999999994
Maruti Swift Dzire Zxi,Mombasa,2015,24782,Petrol,Manual,First,20.85,1197.0,83.14,5.0,919080.0
Nissan Micra Xv Cvt,Naivasha,2014,47303,Petrol,Automatic,First,19.34,1198.0,76.0,5.0,771080.0
Audi Q7 4.2 Fsi Quattro,Nairobi,2008,71000,Petrol,Automatic,First,8.3,4134.0,250.0,7.0,1774520.0
Maruti Swift Vdi Bsiii,Eldoret,2010,135000,Diesel,Manual,First,17.8,1248.0,75.0,5.0,458800.0
Tata Xenon Xt Ex 4X2,Nyeri,2017,1000,Diesel,Manual,First,13.49,2179.0,138.03,5.0,1110000.0
Volkswagen Polo 1.5 Tdi Comfortline,Kisumu,2016,29000,Diesel,Manual,First,20.14,1498.0,88.8,5.0,592000.0
Honda City I Vtec Sv,Mombasa,2016,36367,Petrol,Manual,First,17.8,1497.0,117.3,5.0,1144040.0
Honda City I Vtec V,Nakuru,2015,38000,Petrol,Manual,First,17.4,1497.0,117.3,5.0,1154400.0
Maruti 800 Ac Bsiii,Kisumu,2011,83969,Petrol,Manual,First,16.1,796.0,37.0,4.0,192400.0
Volkswagen Polo 1.5 Tdi Trendline,Nyeri,2014,82621,Diesel,Manual,First,20.14,1498.0,88.8,5.0,654160.0
Chevrolet Captiva Ltz Vcdi,Eldoret,2009,89000,Diesel,Automatic,First,12.5,1991.0,147.9,7.0,592000.0
Mahindra Xuv500 W10 2Wd,Kisumu,2016,54000,Diesel,Manual,First,16.0,2179.0,140.0,7.0,1924000.0
Honda Amaze Vx I-Dtec,Mombasa,2015,61691,Diesel,Manual,First,25.8,1498.0,98.6,5.0,796240.0
Hyundai I20 1.2 Sportz Option,Mombasa,2011,32200,Petrol,Manual,Second,17.0,1197.0,80.0,5.0,481000.0
Maruti Wagon R Amt Vxi,Nyeri,2016,68630,Petrol,Automatic,First,20.51,998.0,67.0,5.0,572760.0
Volkswagen Jetta 2013-2015 2.0L Tdi Highline At,Nairobi,2014,61000,Diesel,Automatic,Second,16.96,1968.0,138.03,5.0,1221000.0
Maruti Ciaz 1.4 Zeta,Nairobi,2018,32644,Petrol,Manual,First,20.73,1373.0,91.1,5.0,1373439.9999999998
Mahindra Scorpio 2009-2014 Vlx 4Wd At 7S Bsiv,Nairobi,2012,85000,Diesel,Automatic,First,11.79,2179.0,120.0,7.0,925000.0
Chevrolet Aveo U-Va 1.2 Ls,Nairobi,2008,75000,Petrol,Manual,Second,15.26,1150.0,74.9,5.0,170199.99999999997
Maruti Ciaz Zxi Option,Mombasa,2016,40347,Petrol,Manual,First,20.73,1373.0,91.2,5.0,1154400.0
Hyundai I20 1.4 Crdi Asta,Kisumu,2012,60788,Diesel,Manual,First,23.0,1396.0,90.0,5.0,666000.0
Honda Jazz 1.2 Sv I Vtec,Mombasa,2018,18664,Petrol,Manual,First,18.7,1199.0,88.7,5.0,1118880.0
Mahindra Xuv500 W10 2Wd,Naivasha,2017,57847,Diesel,Manual,First,16.0,2179.0,140.0,7.0,2379839.9999999995
Hyundai I20 1.2 Sportz,Nakuru,2012,52237,Petrol,Manual,First,17.0,1197.0,80.0,5.0,666000.0
Hyundai Verna 1.6 Sx,Mombasa,2012,128000,Diesel,Manual,First,22.32,1582.0,126.32,5.0,740000.0
Hyundai I10 Era 1.1,Nairobi,2011,54000,Petrol,Manual,First,19.81,1086.0,68.05,5.0,325600.00000000006
Maruti Celerio Vxi At,Nakuru,2014,49800,Petrol,Automatic,First,23.1,998.0,67.04,5.0,592000.0
Skoda Fabia 1.2 Tdi Ambition,Kisumu,2012,98000,Diesel,Manual,First,20.86,1199.0,73.9,5.0,371479.99999999994
Maruti Swift Vdi Bsiv,Nairobi,2015,60095,Diesel,Manual,First,25.2,1248.0,74.0,5.0,703000.0
Hyundai I10 Magna(O) With Sun Roof,Eldoret,2008,68000,Petrol,Manual,Second,16.0,1086.0,66.7,5.0,296000.0
Hyundai I10 Magna 1.2,Nyeri,2010,81402,Petrol,Manual,Second,20.36,1197.0,78.9,5.0,310800.0
Ford Ecosport 1.5 Ti Vct At Titanium,Nairobi,2013,38000,Petrol,Automatic,First,16.5,1499.0,110.0,5.0,925000.0
Mercedes-Benz E-Class 2009-2013 E350 Cdi Avantgarde,Mombasa,2011,92239,Diesel,Automatic,Second,11.5,2987.0,210.0,5.0,1568800.0
Maruti Swift Vdi Bsiv,Thika,2017,49224,Diesel,Manual,First,25.2,1248.0,74.0,5.0,888000.0
Maruti 800 Std Bsiii,Nyeri,2004,12000,Petrol,Manual,Second,16.1,796.0,37.0,4.0,66600.0
Maruti Swift Lxi Bsiii,Eldoret,2010,54898,Petrol,Manual,Third,16.1,1298.0,88.2,5.0,370000.0
Hyundai Creta 1.6 Sx Plus Dual Tone Petrol,Nairobi,2018,2500,Petrol,Manual,First,15.29,1591.0,121.3,5.0,1887000.0
Bmw X1 M Sport Sdrive 20D,Mombasa,2017,32838,Diesel,Automatic,First,17.05,1995.0,190.0,5.0,4482920.0
Ford Ikon 1.3 Flair,Kisumu,2006,27076,Petrol,Manual,First,13.8,1299.0,70.0,5.0,236800.0
Ford Ecosport 1.5 Dv5 Mt Titanium Optional,Mombasa,2017,75445,Diesel,Manual,First,22.7,1498.0,89.84,5.0,1115920.0
Maruti Ciaz Vxi Plus,Mombasa,2015,46601,Petrol,Manual,First,20.73,1373.0,91.1,5.0,1012320.0
Volkswagen Passat Diesel Highline 2.0 Tdi,Kisumu,2012,72000,Diesel,Automatic,First,18.33,1968.0,167.7,5.0,888000.0
Honda Jazz 1.5 Vx I Dtec,Eldoret,2017,27000,Diesel,Manual,First,27.3,1498.0,98.6,5.0,1184000.0
Audi A4 35 Tdi Premium,Naivasha,2016,68193,Diesel,Automatic,First,17.11,1968.0,174.33,5.0,3661520.0
Hyundai Grand I10 Crdi Sportz Celebration Edition,Mombasa,2017,34429,Diesel,Manual,First,24.0,1120.0,70.0,5.0,814000.0
Mercedes-Benz Gl-Class 2007 2012 350 Cdi Luxury,Nairobi,2013,46000,Diesel,Automatic,First,12.0,2987.0,224.0,7.0,5328000.0
Toyota Innova 2.5 G (Diesel) 7 Seater,Naivasha,2013,80544,Diesel,Manual,First,12.99,2494.0,100.6,7.0,1744920.0
Nissan Sunny 2011-2014 Xl,Nyeri,2011,42000,Petrol,Manual,Second,16.95,1498.0,97.7,5.0,444000.0
Skoda Laura Ambiente 2.0 Tdi Cr At,Nakuru,2011,94821,Diesel,Automatic,Second,20.0,1968.0,138.1,5.0,999000.0
Chevrolet Aveo 1.4 Ls,Nyeri,2006,100000,Petrol,Manual,First,14.49,1399.0,92.7,5.0,207200.0
Honda Mobilio V I Dtec,Nairobi,2014,57000,Diesel,Manual,First,24.2,1498.0,98.6,7.0,851000.0
Maruti Ritz Vdi,Kisumu,2010,79894,Diesel,Manual,First,21.1,1248.0,73.9,5.0,503200.0
Volkswagen Polo Petrol Highline 1.2L,Naivasha,2011,44748,Petrol,Manual,Second,16.47,1198.0,73.9,5.0,723719.9999999999
Nissan Terrano Xl,Nairobi,2013,31000,Petrol,Manual,First,13.24,1598.0,102.5,5.0,732600.0
Maruti A-Star At Vxi Aktiv,Naivasha,2013,60587,Petrol,Automatic,Second,16.98,998.0,66.1,5.0,516520.0
Toyota Etios Liva Gd,Eldoret,2011,32000,Diesel,Manual,First,23.59,1364.0,97.7,5.0,569800.0
Honda City 1.5 S Mt,Eldoret,2014,43772,Petrol,Manual,First,17.0,1497.0,118.0,5.0,939800.0
Hyundai Grand I10 At Asta,Naivasha,2017,23576,Petrol,Automatic,First,18.9,1197.0,82.0,5.0,1047840.0
Jaguar Xe 2.0L Diesel Prestige,Kisumu,2017,4000,Diesel,Automatic,First,13.6,1999.0,177.0,5.0,5624000.0
Mahindra Scorpio Vlx,Kisumu,2012,62000,Diesel,Manual,First,12.05,2179.0,120.0,8.0,925000.0
Mercedes-Benz New C-Class C 200 Kompressor Elegance At,Nairobi,2011,36000,Petrol,Automatic,First,11.74,1796.0,186.0,5.0,1502200.0
Skoda Superb Elegance 1.8 Tsi At,Nairobi,2014,80000,Petrol,Automatic,First,13.7,1798.0,157.75,5.0,1591000.0
Chevrolet Cruze Ltz At,Eldoret,2012,137008,Diesel,Automatic,First,18.1,1991.0,147.9,4.0,688200.0000000001
Mahindra Scorpio Vlx,Nairobi,2010,61001,Diesel,Manual,First,12.05,2179.0,120.0,8.0,703000.0
Hyundai Verna 1.6 Sx Vtvt (O),Naivasha,2015,52191,Petrol,Manual,First,17.1,1591.0,121.3,5.0,1151440.0
Hyundai I20 1.4 Asta Crdi With Avn,Kisumu,2016,77076,Diesel,Manual,First,23.0,1396.0,90.0,5.0,999000.0
Honda City Zx Cvt,Kisumu,2008,56000,Petrol,Automatic,First,16.4,1497.0,78.0,5.0,442520.0
Hyundai I10 Magna,Kisumu,2013,21000,Petrol,Manual,First,20.36,1197.0,78.9,5.0,347800.0
Honda Amaze S I-Dtech,Nairobi,2013,89429,Diesel,Manual,First,25.8,1498.0,98.6,5.0,540200.0
Maruti Wagon R Lxi,Nairobi,2012,45631,Petrol,Manual,Second,22.5,998.0,67.04,5.0,405520.0
Honda Brio S Mt,Nyeri,2013,53959,Petrol,Manual,First,19.4,1198.0,86.8,5.0,518000.0
Hyundai I20 1.2 Sportz Option,Mombasa,2014,55804,Petrol,Manual,First,17.0,1197.0,80.0,5.0,704480.0
Volkswagen Vento 2013-2015 1.6 Comfortline,Mombasa,2016,25899,Petrol,Manual,First,15.04,1598.0,103.2,5.0,917600.0
Skoda Octavia Rider 1.9 Tdi Mt,Eldoret,2008,82000,Diesel,Manual,Second,18.7,1896.0,66.0,5.0,347800.0
Mercedes-Benz E-Class 2015-2017 E250 Cdi Avantgarde,Nairobi,2014,52000,Diesel,Automatic,First,13.0,2143.0,204.0,5.0,3626000.0
Renault Duster Petrol Rxl,Eldoret,2013,20000,Petrol,Manual,First,13.24,1598.0,102.57,5.0,888000.0
Hyundai Eon Sportz,Kisumu,2017,31829,Petrol,Manual,First,21.1,814.0,55.2,5.0,540200.0
Maruti Swift Vxi,Naivasha,2016,18094,Petrol,Manual,Second,18.6,1197.0,85.8,5.0,926480.0
Nissan Micra Diesel,Nyeri,2011,80000,Diesel,Manual,Second,19.5,1461.0,97.7,5.0,310800.0
Audi Q5 3.0 Tdi Quattro Technology,Nairobi,2015,11964,Diesel,Automatic,First,13.22,2967.0,241.4,5.0,4876600.000000001
Hyundai I20 1.2 Spotz,Naivasha,2018,22684,Petrol,Manual,First,18.6,1197.0,81.83,5.0,1154400.0
Honda Brio S Mt,Nakuru,2014,43521,Petrol,Manual,First,19.4,1198.0,86.8,5.0,629000.0
Maruti Swift Dzire Zxi,Mombasa,2014,49386,Petrol,Manual,First,17.5,1298.0,85.8,5.0,719280.0000000001
Hyundai Grand I10 1.2 Kappa Magna,Nairobi,2017,12248,Petrol,Manual,First,18.9,1197.0,81.86,5.0,725200.0000000001
Mahindra Xylo E8 Abs Bs Iv,Naivasha,2014,67771,Diesel,Manual,First,11.68,2498.0,112.0,8.0,1044880.0
Volkswagen Polo Gti,Nairobi,2015,60007,Petrol,Automatic,First,17.21,1798.0,189.0,4.0,666000.0
Maruti Alto K10 Vxi,Naivasha,2011,48624,Petrol,Manual,First,24.07,998.0,67.1,5.0,476560.0
Volkswagen Polo Diesel Comfortline 1.2L,Kisumu,2014,30000,Diesel,Manual,First,22.07,1199.0,73.9,5.0,481000.0
Hyundai Grand I10 Sportz,Nairobi,2016,81605,Petrol,Manual,First,18.9,1197.0,82.0,5.0,670440.0
Mercedes-Benz New C-Class C 220 Cdi Elegance At,Naivasha,2017,32642,Diesel,Automatic,First,14.84,2143.0,170.0,5.0,5147440.0
Hyundai Verna 1.6 Sx Vtvt At,Eldoret,2014,34200,Petrol,Automatic,First,15.74,1591.0,121.3,5.0,962000.0
Fiat Punto Evo 1.2 Emotion,Mombasa,2010,72204,Petrol,Manual,First,15.7,1172.0,67.0,5.0,333000.0
Toyota Innova 2.5 Vx (Diesel) 8 Seater Bs Iv,Eldoret,2011,156347,Diesel,Manual,Second,12.99,2494.0,100.0,8.0,1184000.0
Mahindra Tuv 300 2015-2019 Mhawk100 T8 Amt,Mombasa,2017,47357,Diesel,Automatic,First,18.49,1493.0,100.0,7.0,1238759.9999999998
Volkswagen Polo 1.5 Tdi Comfortline,Naivasha,2015,61738,Diesel,Manual,First,20.14,1498.0,88.8,5.0,797720.0
Bmw 5 Series 520D Luxury Line,Mombasa,2018,32586,Diesel,Automatic,First,22.48,1995.0,190.0,5.0,5520399.999999999
Mercedes-Benz Gle 350D,Naivasha,2018,40129,Diesel,Automatic,First,11.57,2987.0,254.79,5.0,10478400.0
Mercedes-Benz M-Class Ml 350 Cdi,Nairobi,2012,51000,Diesel,Automatic,First,11.74,2987.0,254.8,5.0,3293000.0
Hyundai Grand I10 1.2 Kappa Sportz,Mombasa,2018,10393,Petrol,Manual,First,18.9,1197.0,81.86,5.0,892440.0
Skoda Superb Elegance 1.8 Tsi At,Nairobi,2011,46000,Petrol,Automatic,First,13.7,1798.0,157.75,5.0,725200.0000000001
Hyundai I10 Sportz At,Mombasa,2013,21000,Petrol,Automatic,First,16.95,1197.0,78.9,5.0,586080.0
Hyundai I20 1.4 Crdi Asta,Kisumu,2011,113562,Diesel,Manual,First,23.0,1396.0,90.0,5.0,680799.9999999999
Mahindra Scorpio Vlx,Nairobi,2011,100010,Diesel,Manual,Second,12.05,2179.0,120.0,8.0,814000.0
Honda Brio V Mt,Nairobi,2013,63107,Petrol,Manual,First,19.4,1198.0,86.8,5.0,481000.0
Hyundai I20 1.2 Magna Executive,Nyeri,2017,58500,Petrol,Manual,First,18.6,1197.0,81.83,5.0,925000.0
Ford Endeavour 4X2 Xlt Limited Edition,Eldoret,2007,90000,Diesel,Manual,Fourth & Above,10.9,2499.0,143.0,7.0,444000.0
Hyundai Verna Crdi Sx,Mombasa,2011,108242,Diesel,Manual,First,16.8,1493.0,110.0,5.0,629000.0
Toyota Fortuner 3.0 Diesel,Eldoret,2011,146300,Diesel,Manual,First,11.5,2982.0,171.0,7.0,1813000.0
Bmw X1 Sdrive20D,Eldoret,2011,62943,Diesel,Automatic,Second,17.05,1995.0,184.0,5.0,1620600.0
Toyota Fortuner 4X2 At,Nairobi,2013,65000,Diesel,Automatic,First,12.55,2982.0,168.5,7.0,2442000.0
Honda Amaze V Cvt Petrol,Eldoret,2018,1700,Petrol,Automatic,First,19.0,1199.0,88.76,5.0,1154400.0
Hyundai I10 Era 1.1,Mombasa,2013,34697,Petrol,Manual,First,19.81,1086.0,68.05,5.0,547600.0
Hyundai I20 1.2 Sportz,Kisumu,2012,58000,Petrol,Manual,First,17.0,1197.0,80.0,5.0,592000.0
Bmw 3 Series 320D Gt Luxury Line,Nairobi,2015,32500,Diesel,Automatic,First,19.59,1995.0,187.74,5.0,3959000.0
Audi Q3 35 Tdi Quattro Premium Plus,Naivasha,2016,58661,Diesel,Automatic,First,15.17,1968.0,181.0,5.0,4148440.0
Maruti Swift Vxi Optional,Mombasa,2017,37124,Petrol,Manual,First,20.4,1197.0,81.8,5.0,805120.0
Maruti Baleno Delta Automatic,Nairobi,2017,44000,Petrol,Automatic,First,21.4,1197.0,83.1,5.0,917600.0
Hyundai Accent Gle,Kisumu,2005,45200,Petrol,Manual,First,13.2,1495.0,94.0,5.0,133200.0
Maruti Ritz Lxi,Nairobi,2016,11000,Petrol,Manual,First,18.5,1197.0,85.8,5.0,584600.0
Tata Nano Lx,Eldoret,2011,65000,Petrol,Manual,Second,26.0,624.0,35.0,4.0,65120.0
Ford Figo Diesel Exi,Thika,2012,55005,Diesel,Manual,First,20.0,1399.0,68.0,5.0,407000.0
Volkswagen Passat Diesel Highline 2.0 Tdi,Kisumu,2011,81650,Diesel,Automatic,First,18.33,1968.0,167.7,5.0,1110000.0
Fiat Linea Emotion Pack (Diesel),Mombasa,2010,160000,Diesel,Manual,Second,19.0,1248.0,93.0,5.0,370000.0
Mahindra Xylo D4,Kisumu,2015,169000,Diesel,Manual,First,14.95,2489.0,93.7,7.0,740000.0
Maruti Wagon R Vxi,Kisumu,2013,67263,Petrol,Manual,First,18.9,998.0,67.1,5.0,532800.0
Toyota Etios G Safety,Mombasa,2012,44223,Petrol,Manual,First,17.6,1496.0,88.7,5.0,590520.0
Hyundai Grand I10 Sportz,Naivasha,2015,36840,Petrol,Manual,First,18.9,1197.0,82.0,5.0,834720.0
Toyota Innova 2.5 Vx (Diesel) 8 Seater Bs Iv,Eldoret,2014,160000,Diesel,Manual,First,12.99,2494.0,100.0,8.0,1776000.0
Tata Indica V2 Dls Tc,Kisumu,2008,133000,Diesel,Manual,First,16.8,1405.0,62.0,5.0,103600.0
Bmw 3 Series 320D Sport Line,Nairobi,2015,69123,Diesel,Automatic,First,18.88,1995.0,184.0,5.0,2812000.0
Ford Endeavour 3.2 Titanium At 4X4,Nairobi,2017,38000,Diesel,Automatic,First,10.91,3198.0,197.0,7.0,4511040.0
Maruti Ciaz Zeta,Nairobi,2017,5500,Petrol,Manual,First,21.56,1462.0,103.25,5.0,1213599.9999999998
Ford Figo 1.5D Titanium Plus Mt,Kisumu,2015,1001,Diesel,Manual,First,25.83,1498.0,99.0,5.0,1117400.0
Chevrolet Aveo U-Va 1.2 Ls,Eldoret,2007,59000,Petrol,Manual,Third,15.26,1150.0,74.9,5.0,146520.0
Honda City 1.5 V At,Nairobi,2011,78256,Petrol,Automatic,First,16.8,1497.0,118.0,5.0,614200.0000000001
Nissan Sunny Xl,Mombasa,2016,90000,Petrol,Manual,First,16.95,1498.0,97.6,5.0,917600.0
Maruti Swift Dzire Vxi,Kisumu,2016,18000,Petrol,Manual,First,19.1,1197.0,85.8,5.0,651200.0000000001
Ford Figo Diesel Titanium,Kisumu,2012,60000,Diesel,Manual,First,20.0,1399.0,68.0,5.0,310800.0
Fiat Grande Punto 1.3 Emotion (Diesel),Nyeri,2011,130000,Diesel,Manual,First,20.3,1248.0,75.0,5.0,325600.00000000006
Hyundai Elite I20 Petrol Asta,Naivasha,2018,32851,Petrol,Manual,First,18.6,1197.0,81.86,5.0,1234320.0
Maruti Swift Dzire Vdi,Kisumu,2014,32000,Diesel,Manual,First,23.4,1248.0,74.0,5.0,643799.9999999999
Ford Ecosport 1.5 Dv5 Mt Titanium,Kisumu,2014,62700,Diesel,Manual,First,22.7,1498.0,89.84,5.0,1006400.0
Maruti Swift Dzire Vdi,Nyeri,2010,71000,Diesel,Manual,First,19.3,1248.0,73.9,5.0,488400.0
Hyundai Grand I10 Sportz,Mombasa,2016,19947,Petrol,Manual,First,18.9,1197.0,82.0,5.0,745920.0
Ford Endeavour 3.0L 4X4 At,Kisumu,2012,91000,Diesel,Automatic,First,11.4,2953.0,153.86,7.0,1361599.9999999998
Volkswagen Polo Diesel Highline 1.2L,Kisumu,2014,74000,Diesel,Manual,First,22.07,1199.0,73.9,5.0,843600.0
Mahindra Tuv 300 2015-2019 Mhawk100 T8,Mombasa,2018,55594,Diesel,Manual,First,18.49,1493.0,100.0,7.0,1255040.0
Bmw X6 Xdrive 40D,Kisumu,2013,58000,Diesel,Automatic,First,11.2,2993.0,306.0,4.0,7104000.0
Renault Duster 110Ps Diesel Rxz,Kisumu,2012,110224,Diesel,Manual,First,19.01,1461.0,108.45,5.0,902800.0
Maruti Wagon R Lxi,Thika,2010,21002,Petrol,Manual,First,22.5,998.0,67.04,5.0,407000.0
Maruti Ertiga Shvs Vdi,Eldoret,2017,121000,Diesel,Manual,First,24.52,1248.0,88.5,7.0,1184000.0
Maruti Alto Lxi Bsiii,Nyeri,2010,73513,Petrol,Manual,First,19.7,796.0,46.3,5.0,273800.0
Maruti Wagon R Amt Vxi Option,Nyeri,2015,34000,Petrol,Automatic,First,20.51,998.0,67.0,5.0,569800.0
Maruti Eeco 7 Seater Standard,Naivasha,2017,28371,Petrol,Manual,First,15.1,1196.0,73.0,7.0,701520.0
Renault Duster 110Ps Diesel Rxl,Mombasa,2013,74755,Diesel,Manual,First,19.6,1461.0,108.45,5.0,833240.0
Maruti Zen Estilo 1.1 Lx Bsiii,Mombasa,2011,25805,Petrol,Manual,First,18.2,1061.0,64.0,5.0,387760.0
Renault Duster Petrol Rxl,Mombasa,2015,82603,Petrol,Manual,First,13.06,1598.0,102.53,5.0,725200.0000000001
Honda Civic 2006-2010 1.8 S Mt,Mombasa,2006,110000,Petrol,Manual,First,13.5,1799.0,130.0,5.0,392200.0
Mahindra Xuv500 W8 2Wd,Nairobi,2012,88000,Diesel,Manual,First,16.0,2179.0,140.0,7.0,886520.0
Mahindra Verito 1.5 D6 Bsiv,Mombasa,2011,110000,Diesel,Manual,Second,21.0,1461.0,64.1,5.0,355200.0
Renault Kwid Climber 1.0 Mt,Nairobi,2017,15000,Petrol,Manual,First,21.7,999.0,67.0,5.0,629000.0
Porsche Cayenne Diesel,Nairobi,2013,70000,Diesel,Automatic,First,15.15,2967.0,240.0,5.0,5920000.0
Maruti Swift Ddis Vdi,Eldoret,2008,150000,Diesel,Manual,Second,28.4,1248.0,74.0,5.0,399600.0
Datsun Go T Option,Kisumu,2016,19000,Petrol,Manual,First,20.63,1198.0,67.0,5.0,442520.0
Hyundai I20 1.2 Magna,Mombasa,2011,37442,Petrol,Manual,First,18.5,1197.0,80.0,5.0,503200.0
Bmw 5 Series 2013-2017 520D Luxury Line,Naivasha,2016,63111,Diesel,Automatic,Second,18.12,1995.0,190.0,5.0,4558400.0
Maruti Ertiga Zdi,Nairobi,2012,88000,Diesel,Manual,First,20.77,1248.0,88.8,7.0,865800.0
Hyundai Grand I10 Magna,Nyeri,2014,42355,Petrol,Manual,First,18.9,1197.0,82.0,5.0,592000.0
Bmw 3 Series 330I,Naivasha,2011,75871,Petrol,Automatic,First,9.43,2996.0,254.0,5.0,2089760.0
Chevrolet Cruze Ltz,Nairobi,2011,65000,Diesel,Manual,First,17.9,1998.0,163.7,5.0,673400.0
Mercedes-Benz M-Class Ml 350 4Matic,Eldoret,2015,69000,Diesel,Automatic,First,0.0,2987.0,165.0,5.0,5624000.0
Maruti Ritz Ldi,Nyeri,2011,79232,Diesel,Manual,First,21.1,1248.0,73.9,5.0,429200.0
Mercedes-Benz New C-Class C 200 Kompressor Elegance At,Eldoret,2007,220000,Petrol,Automatic,Second,11.74,1796.0,186.0,5.0,888000.0
Hyundai I20 1.2 Magna Executive,Mombasa,2016,28470,Petrol,Manual,First,18.6,1197.0,81.83,5.0,1028600.0
Hyundai Eon 1.0 Kappa Magna Plus Optional,Kisumu,2014,9759,Petrol,Manual,First,20.3,998.0,68.05,5.0,407000.0
Maruti Swift Vdi,Eldoret,2014,75216,Diesel,Manual,First,22.9,1248.0,74.0,5.0,754799.9999999999
Hyundai I20 Sportz 1.2,Mombasa,2017,8000,Petrol,Manual,First,18.6,1197.0,81.83,5.0,999000.0
Maruti Ritz Zxi,Nairobi,2014,59451,Petrol,Manual,First,18.5,1197.0,85.8,5.0,546120.0
Maruti Swift Vdi,Kisumu,2013,53996,Diesel,Manual,First,22.9,1248.0,74.0,5.0,806600.0
Honda Wrv I-Vtec Vx,Mombasa,2018,15135,Petrol,Manual,First,17.5,1199.0,88.7,5.0,1374919.9999999998
Hyundai Xcent 1.2 Kappa At S Option,Mombasa,2015,53000,Petrol,Automatic,Second,16.9,1197.0,81.86,5.0,592000.0
Honda Amaze E I-Vtech,Kisumu,2013,40000,Petrol,Manual,First,18.0,1198.0,86.7,5.0,429200.0
Hyundai Verna 1.6 Sx Vtvt (O),Eldoret,2013,21107,Petrol,Manual,First,17.1,1591.0,121.3,5.0,777000.0
Honda City V Mt,Nairobi,2014,56000,Petrol,Manual,First,16.8,1497.0,116.3,5.0,851000.0
Hyundai Creta 1.6 Sx Plus Dual Tone Petrol,Naivasha,2017,19623,Petrol,Manual,First,15.29,1591.0,121.3,5.0,1941760.0
Mahindra Xuv500 W8 2Wd,Mombasa,2014,70963,Diesel,Manual,First,15.1,2179.0,140.0,7.0,1158840.0
Maruti Wagon R Lxi Cng,Nairobi,2013,25755,Cng,Manual,First,26.6,998.0,58.16,5.0,466200.0
Toyota Innova 2.5 V Diesel 7-Seater,Nairobi,2013,51450,Diesel,Manual,First,12.8,2494.0,102.0,7.0,1539200.0
Maruti Swift Vdi,Eldoret,2012,75000,Diesel,Manual,First,22.9,1248.0,74.0,5.0,643799.9999999999
Maruti Wagon R Vxi Amt,Naivasha,2017,37832,Petrol,Automatic,First,22.5,998.0,67.0,5.0,774040.0000000001
Hyundai Grand I10 1.2 Kappa Asta,Naivasha,2016,43041,Petrol,Manual,First,18.9,1197.0,81.86,5.0,889480.0
Honda Amaze Vx I-Dtec,Kisumu,2014,97236,Diesel,Manual,First,25.8,1498.0,98.6,5.0,651200.0000000001
Bmw 3 Series 320D Highline,Mombasa,2010,83000,Diesel,Automatic,First,16.07,1995.0,181.0,5.0,1887000.0
Ford Figo Petrol Titanium,Nairobi,2011,65000,Petrol,Manual,First,15.6,1196.0,70.0,5.0,355200.0
Volkswagen Ameo 1.2 Mpi Trendline,Mombasa,2018,46007,Petrol,Manual,First,17.0,1198.0,73.75,5.0,845080.0
Ford Ecosport 1.5 Dv5 Mt Trend,Mombasa,2015,65925,Diesel,Manual,Second,22.7,1498.0,89.84,5.0,812520.0
Honda City 1.3 Exi,Eldoret,2004,73500,Petrol,Manual,Second,13.0,1343.0,90.0,5.0,192400.0
Mahindra Xuv500 W6 2Wd,Kisumu,2014,55000,Diesel,Manual,First,16.0,2179.0,140.0,7.0,1258000.0
Toyota Fortuner 4X2 Manual,Nairobi,2012,115000,Diesel,Manual,First,13.0,2982.0,168.5,7.0,1922520.0
Hyundai Grand I10 1.2 Kappa Magna,Kisumu,2017,31184,Petrol,Manual,First,18.9,1197.0,81.86,5.0,740000.0
Maruti Dzire Amt Zdi Plus,Eldoret,2017,41747,Diesel,Automatic,First,28.4,1248.0,73.75,5.0,1332000.0
Maruti Swift Vdi,Mombasa,2016,38143,Diesel,Manual,First,22.9,1248.0,74.0,5.0,772560.0
Volkswagen Polo Petrol Highline 1.2L,Eldoret,2012,19030,Petrol,Manual,First,16.47,1198.0,73.9,5.0,562400.0
Toyota Etios Liva 1.2 Vx Dual Tone,Naivasha,2019,20877,Petrol,Manual,First,18.16,1197.0,78.9,5.0,1075960.0
Maruti Swift Vxi,Nairobi,2016,23555,Petrol,Manual,First,22.0,1197.0,81.8,5.0,754799.9999999999
Mercedes-Benz E-Class 2009-2013 E250 Cdi Elegance,Nakuru,2013,29000,Diesel,Automatic,First,14.21,2143.0,203.0,5.0,4292000.0
Maruti Wagon R Vxi,Eldoret,2013,61000,Petrol,Manual,First,18.9,998.0,67.1,5.0,429200.0
Tata Nano Lx Bsiv,Mombasa,2012,4187,Petrol,Manual,First,26.0,624.0,35.0,4.0,204240.0
Skoda Laura 1.8 Tsi Ambiente,Nakuru,2011,46000,Petrol,Manual,First,13.4,1798.0,157.8,5.0,814000.0
Volkswagen Polo Gt Tsi,Nairobi,2016,28000,Petrol,Automatic,First,17.21,1197.0,103.5,5.0,1073000.0
Hyundai Verna 1.6 Sx,Naivasha,2014,83558,Diesel,Manual,First,22.32,1582.0,126.32,5.0,1033040.0
Tata Bolt Quadrajet Xe,Kisumu,2017,40000,Diesel,Manual,First,22.95,1248.0,74.0,5.0,777000.0
Hyundai Eon D Lite Plus,Kisumu,2013,36000,Petrol,Manual,First,21.1,814.0,55.2,5.0,288600.0
Audi A4 2.0 Tdi 177 Bhp Premium Plus,Nakuru,2014,21000,Diesel,Automatic,First,17.11,1968.0,174.33,5.0,3626000.0
Toyota Innova 2.5 Gx (Diesel) 7 Seater,Mombasa,2013,62162,Diesel,Manual,First,12.99,2494.0,100.0,7.0,1229880.0
Mercedes-Benz M-Class Ml 350 Cdi,Kisumu,2012,83000,Diesel,Automatic,First,11.74,2987.0,254.8,5.0,5328000.0
Hyundai Xcent 1.1 Crdi S,Eldoret,2015,58000,Diesel,Manual,First,24.4,1120.0,71.0,5.0,814000.0
Honda Accord 2.4 At,Mombasa,2011,62332,Petrol,Automatic,First,11.7,2354.0,177.6,5.0,871720.0
Volkswagen Vento 1.5 Tdi Highline,Mombasa,2016,50867,Diesel,Manual,First,20.34,1498.0,103.2,5.0,1176600.0
Hyundai I20 Sportz Petrol,Nairobi,2010,73000,Petrol,Manual,First,17.0,1197.0,80.0,5.0,407000.0
Hyundai Elantra Crdi Sx,Nyeri,2012,98008,Diesel,Manual,First,22.7,1582.0,126.24,5.0,925000.0
Ford Figo Diesel Titanium,Kisumu,2015,36000,Diesel,Manual,First,20.0,1399.0,68.05,5.0,732600.0
Hyundai I20 1.2 Magna Executive,Mombasa,2019,27339,Petrol,Manual,First,18.6,1197.0,81.83,5.0,927960.0
Hyundai Verna 1.6 Crdi Sx,Kisumu,2017,25000,Diesel,Manual,First,23.9,1582.0,126.2,5.0,1280200.0
Hyundai Grand I10 Asta,Kisumu,2014,37000,Petrol,Manual,First,18.9,1197.0,82.0,5.0,518000.0
Audi Q5 2.0 Tdi,Kisumu,2015,56000,Diesel,Automatic,First,14.16,1968.0,174.3,5.0,5180000.0
Maruti Swift Dzire Zxi,Kisumu,2015,27000,Petrol,Manual,First,17.5,1298.0,85.8,5.0,658600.0
Hyundai I20 Magna,Kisumu,2012,37000,Petrol,Manual,First,18.5,1197.0,80.0,5.0,392200.0
Mahindra Kuv 100 Mfalcon D75 K4 Plus 5Str,Kisumu,2017,10500,Diesel,Manual,First,25.32,1198.0,77.0,5.0,695600.0
Hyundai Elantra 1.6 Sx Option At,Thika,2014,49000,Diesel,Automatic,First,18.23,1582.0,126.2,5.0,1317200.0
Jeep Compass 2.0 Limited Option Black,Nairobi,2017,7000,Diesel,Manual,First,17.1,1956.0,170.0,5.0,2582600.0
Maruti Vitara Brezza Vdi Option,Naivasha,2017,71256,Diesel,Manual,First,24.3,1248.0,88.5,5.0,1417840.0
Toyota Corolla Altis 1.8 Gl,Mombasa,2012,83184,Petrol,Manual,First,14.28,1798.0,138.03,5.0,920560.0
Mahindra Xuv500 W8 2Wd,Kisumu,2013,87284,Diesel,Manual,First,15.1,2179.0,140.0,7.0,1154400.0
Bmw X1 Xdrive 20D Xline,Nairobi,2016,7000,Diesel,Automatic,First,20.68,1995.0,190.0,5.0,4107000.0
Hyundai I20 Magna 1.4 Crdi,Eldoret,2015,29000,Diesel,Manual,Second,22.54,1396.0,88.73,5.0,1036000.0
Mercedes-Benz Gle 350D,Naivasha,2017,33552,Diesel,Automatic,First,11.57,2987.0,254.79,5.0,9600760.0
Chevrolet Cruze Ltz,Nakuru,2013,64000,Diesel,Manual,Second,17.3,1998.0,163.7,5.0,962000.0
Hyundai I20 1.2 Magna,Nyeri,2011,82000,Petrol,Manual,Second,18.5,1197.0,80.0,5.0,399600.0
Honda Brio S Mt,Nairobi,2012,70000,Petrol,Manual,Second,19.4,1198.0,86.8,5.0,370000.0
Nissan Evalia 2013 Xl,Kisumu,2013,166194,Diesel,Manual,First,19.3,1461.0,84.8,7.0,577200.0
Volkswagen Polo Petrol Trendline 1.2L,Nairobi,2015,58000,Petrol,Manual,First,16.47,1198.0,73.9,5.0,584600.0
Hyundai I10 Sportz 1.2,Mombasa,2010,77000,Petrol,Manual,Second,20.36,1197.0,78.9,5.0,310800.0
Chevrolet Cruze Ltz At,Eldoret,2009,73204,Diesel,Automatic,Third,18.1,1991.0,147.9,4.0,518000.0
Hyundai I10 Era,Kisumu,2007,70000,Petrol,Manual,Second,19.81,1086.0,68.05,5.0,296000.0
Maruti Ertiga Vdi,Nairobi,2014,79870,Diesel,Manual,First,20.77,1248.0,88.76,7.0,791800.0
Honda Amaze S I-Dtech,Nairobi,2013,90000,Diesel,Manual,First,25.8,1498.0,98.6,5.0,562400.0
Mercedes-Benz A Class A180 Sport,Nairobi,2016,17000,Petrol,Automatic,First,15.5,1595.0,122.0,5.0,2553000.0
Hyundai Grand I10 1.2 Kappa Magna,Mombasa,2018,46493,Petrol,Manual,First,18.9,1197.0,81.86,5.0,818440.0
Hyundai I10 Sportz 1.2,Eldoret,2009,68000,Petrol,Manual,Third,20.36,1197.0,78.9,5.0,288600.0
Maruti Swift Ddis Zdi Plus,Kisumu,2017,2000,Diesel,Manual,First,28.4,1248.0,74.0,5.0,1213599.9999999998
Honda City 1.3 Exi,Eldoret,1999,140000,Petrol,Manual,First,13.0,1343.0,90.0,5.0,133200.0
Toyota Innova 2.5 Gx (Diesel) 7 Seater,Eldoret,2013,255000,Diesel,Manual,Third,12.99,2494.0,100.6,7.0,962000.0
Mini Cooper Countryman D High,Naivasha,2014,45535,Diesel,Automatic,First,23.8,1998.0,112.0,5.0,2872680.0
Fiat Linea T-Jet Active,Naivasha,2016,39228,Petrol,Manual,First,15.7,1368.0,112.4,5.0,973840.0
Chevrolet Aveo 1.4 Lt,Nairobi,2011,57000,Petrol,Manual,Second,14.49,1399.0,92.7,5.0,310800.0
Hyundai I10 Era 1.1,Mombasa,2008,85445,Petrol,Manual,Second,19.81,1086.0,68.05,5.0,296000.0
Hyundai Xcent 1.1 Crdi Base,Nairobi,2015,54000,Diesel,Manual,First,24.4,1120.0,71.0,5.0,547600.0
Maruti Celerio Vxi At,Nairobi,2014,53000,Petrol,Automatic,First,23.1,998.0,67.04,5.0,562400.0
Hyundai I10 Sportz,Nyeri,2014,60000,Petrol,Manual,First,20.36,1197.0,78.9,5.0,481000.0
Renault Duster 85Ps Diesel Rxl,Naivasha,2015,65668,Diesel,Manual,First,19.87,1461.0,83.8,5.0,818440.0
Bmw 3 Series 320D,Thika,2011,100000,Diesel,Automatic,Second,22.69,1995.0,190.0,5.0,1613200.0
Hyundai Grand I10 Sportz,Kisumu,2018,1800,Petrol,Manual,First,18.9,1197.0,82.0,5.0,754799.9999999999
Hyundai Santro Dx,Kisumu,2007,96000,Petrol,Manual,Second,0.0,999.0,97.7,5.0,325600.00000000006
Chevrolet Spark 1.0 Ls,Eldoret,2009,44200,Petrol,Manual,Second,18.0,995.0,62.0,5.0,236800.0
Honda City I Vtec Vx Option,Thika,2018,14000,Petrol,Manual,First,17.4,1497.0,117.3,5.0,1665000.0
Volkswagen Vento Diesel Highline,Mombasa,2013,720000,Diesel,Manual,First,20.54,1598.0,103.6,5.0,873200.0
Toyota Fortuner 4X2 4 Speed At,Nairobi,2012,73000,Diesel,Automatic,First,11.5,2982.0,169.0,7.0,2131200.0
Honda City 1.5 S Mt,Nairobi,2011,68000,Petrol,Manual,First,17.0,1497.0,118.0,5.0,532800.0
Bmw 5 Series 2013-2017 520D Luxury Line,Nyeri,2017,19543,Diesel,Automatic,First,18.12,1995.0,190.0,5.0,5994000.0
Audi Q5 30 Tdi Quattro Premium Plus,Nakuru,2014,38000,Diesel,Automatic,Second,14.16,1968.0,174.3,5.0,5764600.000000001
Maruti Ritz Ldi,Nairobi,2014,32805,Diesel,Manual,First,23.2,1248.0,73.94,5.0,532800.0
Volkswagen Vento 1.5 Tdi Highline At,Mombasa,2016,44782,Diesel,Automatic,First,21.21,1498.0,103.2,5.0,1053760.0
Honda City I Dtec Sv,Mombasa,2016,55700,Diesel,Manual,First,26.0,1498.0,98.6,5.0,1112960.0
Audi A4 New 2.0 Tdi Multitronic,Nairobi,2012,60000,Diesel,Automatic,Second,15.2,1968.0,140.8,5.0,1531800.0
Skoda Rapid 1.6 Mpi Elegance,Kisumu,2014,56000,Petrol,Manual,First,15.0,1598.0,103.52,5.0,1036000.0
Toyota Fortuner 3.0 Diesel,Nairobi,2011,60000,Diesel,Manual,First,11.5,2982.0,171.0,7.0,1605800.0
Chevrolet Optra Magnum 2.0 Lt Bs3,Nairobi,2010,78563,Diesel,Manual,First,16.52,1991.0,123.7,5.0,347800.0
Maruti Eeco 7 Seater Standard,Nairobi,2014,34669,Petrol,Manual,First,15.1,1196.0,73.0,7.0,429200.0
Maruti Ciaz Zxi,Nairobi,2017,17000,Petrol,Manual,First,20.73,1373.0,91.1,5.0,1132200.0
Maruti Ciaz Vdi Plus Shvs,Nairobi,2016,66000,Diesel,Manual,First,28.09,1248.0,88.5,5.0,947200.0
Toyota Innova 2.5 Le 2014 Diesel 7 Seater,Eldoret,2014,102418,Diesel,Manual,First,12.99,2494.0,100.6,7.0,1494800.0
Maruti Swift Dzire Vxi,Kisumu,2014,48800,Petrol,Manual,First,19.1,1197.0,85.8,5.0,629000.0
Toyota Innova Crysta 2.8 Gx At,Mombasa,2019,10601,Diesel,Automatic,First,11.36,2755.0,171.5,7.0,2908199.9999999995
Tata Indica V2 Elx,Eldoret,2017,8200,Diesel,Manual,First,25.0,1396.0,69.0,5.0,651200.0000000001
Hyundai I20 Magna,Nyeri,2012,100000,Petrol,Manual,First,18.5,1197.0,82.85,5.0,481000.0
Ford Fiesta 1.4 Duratorq Zxi,Eldoret,2012,78000,Diesel,Manual,First,17.8,1399.0,68.0,5.0,414400.0
Chevrolet Enjoy 1.3 Tcdi Ls 8,Kisumu,2015,50000,Diesel,Manual,First,18.2,1248.0,73.74,8.0,636400.0
Ford Fiesta 1.4 Duratorq Exi,Mombasa,2006,89327,Diesel,Manual,Third,17.8,1399.0,68.0,5.0,229400.0
Honda Cr-V 2.4 Mt,Mombasa,2007,98000,Petrol,Manual,Second,10.8,2354.0,152.0,5.0,695600.0
Honda Jazz 1.2 Vx I Vtec,Mombasa,2017,24700,Petrol,Manual,First,18.7,1199.0,88.7,5.0,1046360.0
Mercedes-Benz Gls 350D Grand Edition,Nairobi,2018,6000,Diesel,Automatic,First,11.0,2987.0,258.0,7.0,11692000.0
Hyundai Grand I10 1.2 Kappa Sportz,Nairobi,2018,9434,Petrol,Manual,First,18.9,1197.0,81.86,5.0,851000.0
Maruti Ritz Vxi,Nairobi,2012,29000,Petrol,Manual,First,18.5,1197.0,85.8,5.0,481000.0
Volkswagen Ameo 1.5 Tdi Highline At,Naivasha,2017,22440,Diesel,Automatic,First,22.0,1498.0,108.495,5.0,1315720.0
Honda City I Vtec Sv,Nairobi,2015,73070,Petrol,Manual,First,17.4,1497.0,117.3,5.0,873200.0
Honda Jazz 1.2 S I Vtec,Kisumu,2016,21771,Petrol,Manual,First,18.7,1199.0,88.7,5.0,732600.0
Maruti Swift Ldi Bsiv,Nairobi,2014,62000,Diesel,Manual,First,17.8,1248.0,75.0,5.0,555000.0
Hyundai Creta 1.6 Crdi At Sx Plus,Mombasa,2017,37024,Diesel,Automatic,First,17.01,1582.0,126.2,5.0,1623560.0
Audi A7 2011-2015 3.0 Tdi Quattro,Mombasa,2014,60336,Diesel,Automatic,Second,14.4,2967.0,241.4,5.0,3691120.0
Hyundai Eon D Lite Plus,Kisumu,2014,26008,Petrol,Manual,First,21.1,814.0,55.2,5.0,291560.0
Ford Figo Diesel Exi,Nyeri,2010,90000,Diesel,Manual,Second,20.0,1399.0,68.0,5.0,207200.0
Volkswagen Ameo 1.2 Mpi Highline,Naivasha,2018,35569,Petrol,Manual,First,17.0,1198.0,73.75,5.0,1075960.0
Renault Scala Diesel Rxl,Kisumu,2013,40000,Diesel,Manual,First,21.64,1461.0,84.8,5.0,592000.0
Honda Jazz 1.2 V I Vtec,Kisumu,2015,45000,Petrol,Manual,First,18.7,1199.0,88.7,5.0,703000.0
Hyundai I20 1.2 Sportz,Nairobi,2015,42000,Petrol,Manual,First,17.0,1197.0,80.0,5.0,754799.9999999999
Audi A4 3.0 Tdi Quattro Premium,Naivasha,2012,46913,Diesel,Automatic,First,14.94,2967.0,241.4,5.0,2384280.0
Mahindra Ssangyong Rexton Rx7,Nairobi,2014,62000,Diesel,Automatic,First,11.18,2696.0,184.0,7.0,1561400.0
Toyota Fortuner 2.8 2Wd At,Thika,2017,15000,Diesel,Automatic,First,12.9,2755.0,174.5,7.0,4440000.0
Skoda Octavia Classic 1.9 Tdi Mt,Kisumu,2002,69000,Diesel,Manual,First,18.7,1896.0,66.0,5.0,236800.0
Mercedes-Benz New C-Class 250 Cdi Classic,Kisumu,2012,41367,Diesel,Automatic,First,15.8,2148.0,170.0,5.0,2736519.9999999995
Maruti Ciaz 1.4 Zeta,Mombasa,2018,15982,Petrol,Manual,First,20.73,1373.0,91.1,5.0,1474080.0000000002
Maruti Swift Zdi,Kisumu,2013,99595,Diesel,Manual,Second,22.9,1248.0,74.0,5.0,703000.0
Toyota Qualis Fs B3,Nakuru,2002,63000,Diesel,Manual,Third,13.1,2446.0,75.0,10.0,540200.0
Bmw 5 Series 2007-2010 525D Sedan,Nairobi,2012,49000,Diesel,Automatic,Second,16.73,2495.0,218.0,5.0,2294000.0
Mitsubishi Pajero 2.8 Sfx Bsiii Dual Tone,Mombasa,2013,48272,Diesel,Manual,First,10.5,2835.0,116.9,6.0,1749360.0
Toyota Corolla H2,Nairobi,2008,63000,Petrol,Manual,First,13.4,1794.0,125.0,5.0,303399.99999999994
Maruti Wagon R Lxi Cng,Thika,2016,77000,Cng,Manual,First,26.6,998.0,58.16,5.0,488400.0
Maruti Omni E Mpi Std Bs Iv,Nairobi,2013,11734,Petrol,Manual,First,16.8,796.0,34.2,8.0,333000.0
Audi A6 2011-2015 2.0 Tdi,Mombasa,2014,62012,Diesel,Automatic,First,17.68,1968.0,174.33,5.0,2977760.0
Hyundai Xcent 1.2 Kappa S Option Cng,Mombasa,2017,46000,Cng,Manual,First,25.0,1197.0,81.86,5.0,732600.0
Honda Jazz 1.5 S I Dtec,Naivasha,2016,45449,Diesel,Manual,First,27.3,1498.0,98.6,5.0,1107040.0
Mercedes-Benz E-Class 200 Kompressor Elegance,Nairobi,2004,85000,Petrol,Automatic,Second,10.5,1796.0,157.7,5.0,814000.0
Honda City 1.5 Exi,Nyeri,2005,88000,Petrol,Manual,Second,13.0,1493.0,100.0,5.0,251600.0
Audi A4 2.0 Tdi,Mombasa,2013,45330,Diesel,Automatic,First,16.55,1968.0,147.51,5.0,1952120.0
Maruti Swift Dzire Vxi,Nairobi,2012,88000,Petrol,Manual,First,19.1,1197.0,85.8,5.0,569800.0
Maruti Dzire Vdi,Nairobi,2016,45376,Diesel,Manual,First,28.4,1248.0,73.75,5.0,851000.0
Mahindra Xuv500 W8 4Wd,Eldoret,2014,81000,Diesel,Manual,First,15.1,2179.0,140.0,7.0,1332000.0
Chevrolet Beat Lt,Mombasa,2012,83381,Petrol,Manual,First,18.6,1199.0,79.4,5.0,327080.0
Ford Ecosport 1.5 Diesel Titanium Plus,Mombasa,2017,78526,Diesel,Manual,First,23.0,1498.0,98.96,5.0,1197320.0
Bmw 5 Series 2013-2017 530D M Sport,Naivasha,2017,27313,Diesel,Automatic,First,14.69,2993.0,258.0,5.0,7197240.0
Audi Q5 30 Tdi Quattro Premium Plus,Naivasha,2015,42747,Diesel,Automatic,Second,14.16,1968.0,174.3,5.0,5841560.0
Bmw X1 Sdrive 20D Xline,Naivasha,2015,42265,Diesel,Automatic,Second,20.68,1995.0,190.0,5.0,3291520.0
Hyundai I10 Magna At,Nairobi,2009,21000,Petrol,Automatic,First,19.2,1197.0,80.0,5.0,384800.0
Hyundai Creta 1.6 Crdi At Sx Plus,Thika,2016,55100,Diesel,Automatic,First,17.01,1582.0,126.2,5.0,1776000.0
Audi A4 2.0 Tdi 177 Bhp Premium Plus,Mombasa,2014,70000,Diesel,Automatic,First,17.11,1968.0,174.33,5.0,2664000.0
Mercedes-Benz S Class 2005 2013 S 350 L,Nairobi,2007,55000,Petrol,Automatic,Third,10.13,3498.0,364.9,5.0,1478520.0
Hyundai I10 Magna,Kisumu,2012,58235,Petrol,Manual,First,20.36,1197.0,78.9,5.0,362600.00000000006
Ford Ecosport 1.5 Diesel Titanium,Nairobi,2017,26000,Diesel,Manual,First,23.0,1498.0,98.96,5.0,1330520.0
Volkswagen Vento Diesel Highline,Kisumu,2011,35000,Diesel,Manual,First,20.54,1598.0,103.6,5.0,466200.0
Maruti Dzire Zdi Plus,Nyeri,2017,24000,Diesel,Manual,First,28.4,1248.0,73.75,5.0,1213599.9999999998
Mahindra Scorpio 1.99 S10,Thika,2016,98000,Diesel,Manual,First,15.4,1997.0,120.0,7.0,1702000.0
Hyundai I20 Asta 1.4 Crdi,Naivasha,2016,44487,Diesel,Manual,First,22.54,1396.0,88.73,5.0,1080400.0
Maruti Alto Lxi,Mombasa,2008,65000,Petrol,Manual,First,19.7,796.0,46.3,5.0,235320.0
Hyundai I10 Magna,Nairobi,2015,34951,Petrol,Manual,Second,20.36,1197.0,78.9,5.0,466200.0
Mahindra Scorpio S6 7 Seater,Kisumu,2015,52373,Diesel,Manual,Second,15.4,2179.0,120.0,7.0,1258000.0
Skoda Fabia 1.2L Diesel Classic,Kisumu,2010,66285,Diesel,Manual,First,19.5,1199.0,75.0,5.0,444000.0
Bmw X5 Xdrive 30D,Nairobi,2012,66000,Diesel,Automatic,First,15.3,2993.0,258.0,5.0,3108000.0
Honda Jazz 1.5 S I Dtec,Kisumu,2016,43000,Diesel,Manual,First,27.3,1498.0,98.6,5.0,1147000.0
Mercedes-Benz E-Class 2009-2013 E 220 Cdi Avantgarde,Nairobi,2013,45200,Diesel,Automatic,First,10.0,2148.0,170.0,5.0,3404000.0
Mahindra Xuv500 At W10 Fwd,Nairobi,2016,41000,Diesel,Automatic,First,16.0,2179.0,140.0,7.0,2035000.0
Honda City I Vtec Cvt Sv,Mombasa,2017,39430,Petrol,Automatic,First,18.0,1497.0,117.3,5.0,1226919.9999999998
Maruti Swift Vdi,Naivasha,2014,83274,Diesel,Manual,First,22.9,1248.0,74.0,5.0,856920.0
Mercedes-Benz New C-Class 220 Cdi At,Naivasha,2017,32324,Diesel,Automatic,First,14.84,2143.0,170.0,5.0,4514000.0
Honda City 1.5 S Mt,Nairobi,2011,49999,Petrol,Manual,First,17.0,1497.0,118.0,5.0,562400.0
Tata Sumo Ex,Nakuru,2014,66000,Diesel,Manual,First,15.3,2956.0,83.8,7.0,658600.0
Hyundai I20 Magna,Nairobi,2012,54000,Petrol,Manual,First,18.5,1197.0,82.85,5.0,488400.0
Fiat Linea 1.3 Dynamic,Nyeri,2009,80000,Diesel,Manual,Second,20.4,1248.0,91.2,5.0,259000.0
Honda Civic 2006-2010 1.8 V At,Nakuru,2011,72000,Petrol,Automatic,Second,12.9,1799.0,130.0,5.0,814000.0
Hyundai Creta 1.6 Sx Plus Diesel,Eldoret,2017,44865,Diesel,Manual,First,19.67,1582.0,126.2,5.0,1975800.0
Audi A3 35 Tdi Technology,Nairobi,2017,22000,Diesel,Automatic,Second,20.38,1968.0,143.0,5.0,3330000.0
Hyundai Verna Vtvt 1.6 Sx Option,Nairobi,2013,57478,Petrol,Manual,Second,17.0,1591.0,121.3,5.0,777000.0
Hyundai I20 1.4 Crdi Magna,Kisumu,2011,75000,Diesel,Manual,First,21.9,1396.0,90.0,5.0,555000.0
Honda Mobilio S I Dtec,Mombasa,2015,50624,Diesel,Manual,First,24.2,1498.0,98.6,7.0,935360.0
Hyundai Verna 1.6 Sx Crdi (O) At,Nakuru,2018,75000,Diesel,Automatic,First,22.32,1582.0,126.32,5.0,1147000.0
Ford Fiesta 1.6 Zxi Duratec,Mombasa,2006,87000,Petrol,Manual,Second,15.3,1596.0,101.0,5.0,202760.0
Hyundai I10 Sportz 1.2,Nairobi,2010,62000,Petrol,Manual,First,20.36,1197.0,78.9,5.0,310800.0
Maruti Vitara Brezza Zdi,Kisumu,2016,41372,Diesel,Manual,First,24.3,1248.0,88.5,5.0,1376400.0000000002
Toyota Innova 2.5 Vx (Diesel) 7 Seater,Thika,2015,70000,Diesel,Manual,First,12.99,2494.0,100.6,7.0,1776000.0
Mercedes-Benz Gla Class 200 D Sport,Eldoret,2017,35000,Diesel,Automatic,First,17.9,2143.0,136.0,5.0,3478000.0
Maruti Alto Lxi Bsiii,Kisumu,2006,71993,Petrol,Manual,First,19.7,796.0,46.3,5.0,266400.0
Mercedes-Benz New C-Class C 220 Cdi Elegance At,Mombasa,2013,62000,Diesel,Automatic,Second,14.84,2143.0,170.0,5.0,1850000.0
Maruti Swift Ldi,Nairobi,2015,51000,Diesel,Manual,First,22.9,1248.0,74.0,5.0,701520.0
Hyundai Grand I10 Sportz,Mombasa,2016,26038,Petrol,Manual,First,18.9,1197.0,82.0,5.0,803640.0
Toyota Fortuner 4X4 At,Mombasa,2018,37713,Diesel,Automatic,Second,12.55,2982.0,168.5,7.0,4679760.0
Toyota Innova 2.0 Gx 8 Str,Kisumu,2011,78088,Petrol,Manual,First,12.4,1998.0,132.0,8.0,932400.0
Ford Ecosport 1.5 Tdci Titanium,Mombasa,2017,30453,Diesel,Manual,First,22.77,1498.0,98.59,5.0,1250599.9999999998
Ford Figo 1.2P Titanium Mt,Eldoret,2016,54000,Petrol,Manual,First,18.16,1196.0,86.8,5.0,740000.0
Toyota Fortuner 3.0 Diesel,Mombasa,2011,190000,Diesel,Manual,First,11.5,2982.0,171.0,7.0,1924000.0
Maruti Swift Dzire Vxi,Kisumu,2012,65097,Petrol,Manual,First,19.1,1197.0,85.8,5.0,695600.0
Bmw 7 Series 740Li,Naivasha,2018,28060,Petrol,Automatic,First,12.05,2979.0,320.0,5.0,13863160.0
Skoda Superb 1.8 Tsi Mt,Eldoret,2012,282000,Petrol,Manual,First,13.14,1798.0,160.0,5.0,488400.0
Maruti Wagon R Lxi Minor,Nyeri,2009,111000,Petrol,Manual,Second,18.9,1061.0,67.0,5.0,223480.0
Renault Duster 110Ps Diesel Rxz,Mombasa,2013,63295,Diesel,Manual,First,19.01,1461.0,108.45,5.0,901320.0
Maruti Ciaz Vxi Plus,Nairobi,2015,35770,Petrol,Manual,First,20.73,1373.0,91.1,5.0,880600.0
Hyundai Elantra Crdi Sx,Kisumu,2012,125928,Diesel,Manual,First,22.7,1582.0,126.24,5.0,1332000.0
Skoda Rapid 1.5 Tdi At Elegance,Kisumu,2015,45000,Diesel,Automatic,First,21.66,1498.0,103.52,5.0,629000.0
Mercedes-Benz New C-Class C 220 Cdi Elegance At,Kisumu,2013,21000,Diesel,Automatic,First,14.84,2143.0,170.0,5.0,3478000.0
Honda Accord 2.4 A/T,Nairobi,2011,54774,Petrol,Automatic,First,11.7,2354.0,177.6,5.0,939800.0
Maruti Celerio Vxi,Mombasa,2014,41123,Petrol,Manual,First,23.1,998.0,67.04,5.0,503200.0
Bmw 7 Series 740Li,Nakuru,2017,17465,Petrol,Automatic,First,12.05,2979.0,320.0,5.0,13764000.0
Bmw 3 Series 320D Sport,Mombasa,2014,48000,Diesel,Automatic,First,22.69,1995.0,190.0,5.0,3196800.0
Volkswagen Vento Diesel Trendline,Mombasa,2011,173000,Diesel,Manual,First,20.54,1598.0,103.6,5.0,592000.0
Maruti Swift Dzire Tour Ldi,Eldoret,2018,12000,Diesel,Manual,First,23.4,1248.0,74.0,5.0,814000.0
Land Rover Freelander 2 Se,Nairobi,2012,34000,Diesel,Automatic,First,12.39,2179.0,147.51,5.0,2849000.0
Hyundai I20 1.4 Crdi Magna,Kisumu,2012,71360,Diesel,Manual,First,21.9,1396.0,90.0,5.0,584600.0
Maruti Dzire Vdi,Nairobi,2012,74000,Diesel,Manual,Second,28.4,1248.0,73.75,5.0,629000.0
Jeep Compass 2.0 Longitude,Mombasa,2018,28937,Diesel,Manual,First,17.1,1956.0,170.0,5.0,2518960.0
Maruti Ertiga Vdi,Kisumu,2012,82085,Diesel,Manual,First,20.77,1248.0,88.76,7.0,962000.0
Ford Figo Petrol Zxi,Nakuru,2011,68465,Petrol,Manual,First,15.6,1196.0,70.0,5.0,436600.0
Toyota Corolla Altis 1.4 Dg,Naivasha,2013,63854,Diesel,Manual,First,21.43,1364.0,86.79,5.0,1053760.0
Maruti Vitara Brezza Zdi Plus Amt Dual Tone,Mombasa,2018,3000,Diesel,Automatic,First,24.3,1248.0,88.5,5.0,1665000.0
Honda City 1.5 S Mt,Nairobi,2009,65055,Petrol,Manual,First,17.0,1497.0,118.0,5.0,407000.0
Mahindra Scorpio S10 4Wd,Kisumu,2015,120000,Diesel,Manual,First,15.4,2179.0,120.0,7.0,1776000.0
Hyundai Xcent 1.2 Vtvt Sx,Nairobi,2014,64241,Petrol,Manual,First,20.14,1197.0,81.86,5.0,543160.0
Mercedes-Benz E-Class 220 Cdi,Eldoret,2001,121000,Diesel,Manual,First,15.0,2148.0,97.7,5.0,740000.0
Mahindra Renault Logan 1.4 Glx Petrol,Eldoret,2008,2200,Petrol,Manual,First,15.7,1390.0,75.0,5.0,340399.99999999994
Skoda Octavia 1.9 Tdi,Eldoret,2008,88123,Diesel,Manual,First,18.7,1896.0,66.0,5.0,325600.00000000006
Mercedes-Benz Gl-Class 2007 2012 350 Cdi Luxury,Eldoret,2014,79000,Diesel,Automatic,First,12.0,2987.0,224.0,7.0,6068000.0
Bmw X1 Sdrive 20D Xline,Nakuru,2016,28143,Diesel,Automatic,First,20.68,1995.0,190.0,5.0,4218000.0
Volkswagen Vento 2013-2015 1.6 Comfortline,Nairobi,2015,23001,Petrol,Manual,First,15.04,1598.0,103.2,5.0,812520.0
Audi A4 2.0 Tdi,Thika,2013,82002,Diesel,Automatic,Second,16.55,1968.0,147.51,5.0,2590000.0
Ford Ikon 1.4 Tdci Duratorq,Nakuru,2009,75000,Diesel,Manual,First,13.8,1399.0,68.0,5.0,294520.0
Hyundai Verna 1.6 Crdi Ex Mt,Mombasa,2016,37451,Diesel,Manual,First,22.32,1582.0,126.3,5.0,982720.0
Toyota Innova Crysta 2.4 Vx Mt,Kisumu,2017,67000,Diesel,Manual,First,13.68,2393.0,147.8,7.0,2442000.0
Hyundai Grand I10 Asta Option,Eldoret,2016,25000,Petrol,Manual,First,18.9,1197.0,82.0,5.0,740000.0
Volkswagen Ameo 1.2 Mpi Comfortline,Nairobi,2017,12000,Petrol,Manual,First,17.0,1198.0,73.75,5.0,799200.0
Renault Kwid Rxt,Kisumu,2017,25000,Petrol,Manual,First,25.17,799.0,53.3,5.0,442520.0
Honda City 1.5 S Mt,Nyeri,2011,95936,Petrol,Manual,First,17.0,1497.0,118.0,5.0,606799.9999999999
Hyundai Grand I10 1.2 Kappa Magna At,Mombasa,2018,5354,Petrol,Automatic,First,18.9,1197.0,81.86,5.0,1000480.0
Volkswagen Polo 1.0 Mpi Comfortline,Mombasa,2016,42000,Petrol,Manual,Second,18.78,999.0,75.0,5.0,814000.0
Maruti Swift Vdi Bsiv,Naivasha,2014,44282,Diesel,Manual,First,25.2,1248.0,74.0,5.0,886520.0
Nissan Sunny 2011-2014 Diesel Xv,Nairobi,2012,70000,Diesel,Manual,First,21.64,1461.0,84.8,5.0,383320.0
Jaguar Xf 2.2 Litre Luxury,Nairobi,2013,31400,Diesel,Automatic,First,16.36,2179.0,187.7,5.0,3959000.0
Maruti Ciaz Zdi Shvs,Eldoret,2016,50000,Diesel,Manual,First,28.09,1248.0,88.5,5.0,1258000.0
Audi Q5 2008-2012 2.0 Tdi,Nakuru,2011,53000,Diesel,Automatic,First,12.8,1968.0,167.6,5.0,3404000.0
Ford Figo Petrol Zxi,Eldoret,2014,21727,Petrol,Manual,First,15.6,1196.0,70.02,5.0,495800.0
Hyundai Santa Fe 4X4 At,Nakuru,2012,43000,Diesel,Automatic,Second,11.72,2199.0,194.3,7.0,1591000.0
Mahindra Scorpio Vlx 2Wd Airbag Bsiv,Kisumu,2013,75000,Diesel,Manual,First,12.05,2179.0,120.0,8.0,930920.0
Renault Duster 110Ps Diesel Rxl,Nakuru,2014,73557,Diesel,Manual,First,19.6,1461.0,108.45,5.0,1147000.0
Audi A4 New 2.0 Tdi Multitronic,Nairobi,2012,44555,Diesel,Automatic,First,15.2,1968.0,140.8,5.0,1998000.0
Maruti Eeco 7 Seater Standard,Naivasha,2013,54885,Petrol,Manual,First,15.1,1196.0,73.0,7.0,555000.0
Mahindra Xylo E4,Nairobi,2011,76000,Diesel,Manual,Second,14.0,2498.0,112.0,7.0,555000.0
Maruti Wagon R Lxi,Nyeri,2006,101000,Petrol,Manual,Second,18.9,998.0,67.1,5.0,222000.0
Maruti Wagon R Lxi Bsiii,Mombasa,2005,66000,Petrol,Manual,First,14.0,1061.0,64.0,5.0,214600.0
Maruti Sx4 Zxi Mt Bsiv,Naivasha,2013,84360,Petrol,Manual,First,15.5,1586.0,103.3,5.0,609760.0
Toyota Innova Crysta 2.4 Vx Mt,Nairobi,2016,25121,Diesel,Manual,First,13.68,2393.0,147.8,7.0,2532280.0
Toyota Innova 2.5 G (Diesel) 7 Seater,Eldoret,2015,100000,Diesel,Manual,Second,12.99,2494.0,100.6,7.0,1517000.0
Volkswagen Polo Diesel Trendline 1.2L,Kisumu,2011,66035,Diesel,Manual,First,22.07,1199.0,73.9,5.0,368520.00000000006
Toyota Etios G,Eldoret,2015,190000,Petrol,Manual,Second,16.78,1496.0,88.73,5.0,569800.0
Ford Ecosport 1.5 Dv5 Mt Titanium,Kisumu,2014,85670,Diesel,Manual,First,22.7,1498.0,89.84,5.0,925000.0
Hyundai Grand I10 Crdi Magna,Kisumu,2015,35000,Diesel,Manual,First,24.0,1120.0,70.0,5.0,722240.0
Honda City I Vtec Cvt Sv,Nairobi,2016,8000,Petrol,Automatic,First,18.0,1497.0,117.3,5.0,1398599.9999999998
Toyota Innova 2.5 G3,Kisumu,2007,162000,Diesel,Manual,Second,12.8,2494.0,102.0,8.0,710400.0
Hyundai Eon Era Plus,Kisumu,2012,60000,Petrol,Manual,First,21.1,814.0,55.2,5.0,294520.0
Hyundai I10 Magna 1.2,Kisumu,2010,70600,Petrol,Manual,First,20.36,1197.0,78.9,5.0,414400.0
Mercedes-Benz E-Class 2009-2013 E 200 Cgi Elegance,Nakuru,2011,25000,Petrol,Automatic,Second,12.3,1796.0,185.0,5.0,3256000.0
Mahindra Bolero Sle,Kisumu,2012,75000,Diesel,Manual,First,15.96,2523.0,62.1,7.0,636400.0
Skoda Laura Ambition 2.0 Tdi Cr At,Naivasha,2014,85071,Diesel,Automatic,First,20.0,1968.0,138.1,5.0,1443000.0
Maruti Swift Zxi,Thika,2015,40000,Petrol,Manual,First,20.4,1197.0,81.8,5.0,873200.0
Audi A4 2.0 Tdi,Nairobi,2013,67000,Diesel,Automatic,First,16.55,1968.0,147.51,5.0,2146000.0
Ford Fiesta 1.4 Sxi Tdci Abs,Kisumu,2009,55000,Diesel,Manual,Second,17.8,1399.0,68.0,5.0,355200.0
Maruti Sx4 Vxi Bsiii,Nairobi,2008,62000,Petrol,Manual,Second,15.0,1586.0,104.68,5.0,312280.0
Hyundai Grand I10 At Asta,Naivasha,2017,22526,Petrol,Automatic,First,18.9,1197.0,82.0,5.0,1124800.0
Maruti Ritz At,Kisumu,2012,57788,Petrol,Automatic,First,17.16,1197.0,85.8,5.0,532800.0
Mahindra Scorpio 2.6 Crde,Nyeri,2013,72000,Diesel,Manual,First,10.5,2179.0,120.0,8.0,888000.0
Mahindra Scorpio S4 7 Seater,Nairobi,2014,83128,Diesel,Manual,First,15.4,2179.0,120.0,7.0,1102600.0
Maruti Alto Lxi,Mombasa,2011,75000,Petrol,Manual,First,19.7,796.0,46.3,5.0,310800.0
Renault Duster 110Ps Diesel Rxz,Thika,2013,58000,Diesel,Manual,Second,19.01,1461.0,108.45,5.0,769600.0
Mahindra Jeep Mm 550 Pe,Kisumu,2009,26000,Diesel,Manual,First,0.0,2498.0,97.7,6.0,1034520.0
Maruti Ignis 1.2 Alpha,Nairobi,2017,1000,Petrol,Manual,First,20.89,1197.0,81.8,5.0,941280.0
Toyota Innova 2.5 Zx Diesel 7 Seater,Mombasa,2015,59751,Diesel,Manual,First,12.99,2494.0,100.6,7.0,1719760.0
Bmw 7 Series 730Ld Eminence,Mombasa,2015,29966,Diesel,Automatic,Second,16.77,2993.0,261.49,5.0,6452800.0
Hyundai Sonata Embera 2.0L Crdi Mt,Kisumu,2009,65000,Diesel,Manual,Second,13.6,1991.0,142.0,5.0,725200.0000000001
Renault Duster Adventure Edition,Mombasa,2015,75863,Diesel,Manual,First,19.01,1461.0,108.45,5.0,991600.0
Maruti Wagon R Cng Lxi,Nairobi,2013,54000,Cng,Manual,First,33.54,998.0,67.04,5.0,451400.0
Audi A4 2.0 Tdi 177 Bhp Technology Edition,Nakuru,2014,24000,Diesel,Automatic,First,17.11,1968.0,174.33,5.0,3700000.0
Jeep Compass 2.0 Longitude,Naivasha,2018,33218,Diesel,Manual,First,17.1,1956.0,170.0,5.0,2819400.0
Hyundai Verna 1.4 Vtvt,Kisumu,2015,33425,Petrol,Manual,First,17.43,1396.0,105.5,5.0,666000.0
Honda Amaze Vx I-Vtech,Eldoret,2013,47000,Petrol,Manual,First,18.0,1198.0,86.7,5.0,614200.0000000001
Hyundai Creta 1.6 Crdi Sx Option,Mombasa,2015,41000,Diesel,Manual,First,19.67,1582.0,126.2,5.0,1761200.0
Hyundai I10 Magna 1.1,Nairobi,2011,62000,Petrol,Manual,First,19.81,1086.0,68.05,5.0,310800.0
Mahindra Tuv 300 T8,Nairobi,2016,47035,Diesel,Manual,First,18.49,1493.0,100.0,7.0,1028600.0
Maruti Swift Dzire Vxi,Eldoret,2008,56230,Petrol,Manual,Second,17.5,1298.0,85.8,5.0,355200.0
Hyundai Accent Gle 1,Mombasa,2007,55000,Petrol,Manual,First,13.2,1495.0,94.0,5.0,392200.0
Mahindra Xuv500 W8 2Wd,Nyeri,2014,70669,Diesel,Manual,First,15.1,2179.0,140.0,7.0,1332000.0
Maruti Alto K10 2010-2014 Vxi,Eldoret,2012,69000,Petrol,Manual,First,20.92,998.0,67.1,5.0,310800.0
Chevrolet Beat Lt,Eldoret,2011,65000,Petrol,Manual,Second,18.6,1199.0,79.4,5.0,370000.0
Audi A6 2.7 Tdi,Nairobi,2009,30000,Diesel,Automatic,First,12.4,2698.0,179.5,5.0,1324599.9999999998
Mini Cooper 5 Door D,Kisumu,2017,2000,Diesel,Automatic,First,20.7,1496.0,113.98,5.0,5032000.0
Maruti Swift 1.3 Lxi,Eldoret,2011,24255,Petrol,Manual,First,16.1,1493.0,97.7,5.0,466200.0
Tata Zest Revotron 1.2T Xms,Mombasa,2015,40000,Petrol,Manual,First,17.57,1193.0,88.7,5.0,592000.0
Honda City I Dtec Sv,Kisumu,2014,40000,Diesel,Manual,First,26.0,1498.0,98.6,5.0,658600.0
Chevrolet Beat Lt,Nyeri,2010,26000,Petrol,Manual,First,18.6,1199.0,79.4,5.0,222000.0
Audi A4 2.0 Tdi Multitronic,Nyeri,2011,105000,Diesel,Automatic,Second,16.55,1968.0,140.0,5.0,2146000.0
Ford Aspire Titanium Plus Diesel,Kisumu,2015,2800,Diesel,Manual,First,26.1,1498.0,99.0,5.0,1244680.0
Hyundai Verna Sx Crdi At,Nairobi,2014,71000,Diesel,Automatic,Second,19.08,1582.0,126.32,5.0,806600.0
Honda City I Vtec Cvt Vx,Nairobi,2015,32896,Petrol,Automatic,First,18.0,1497.0,117.3,5.0,1317200.0
Hyundai I10 Sportz 1.2,Kisumu,2012,45000,Petrol,Manual,First,20.36,1197.0,78.9,5.0,540200.0
Bmw X3 Xdrive20D Expedition,Nakuru,2015,65000,Diesel,Automatic,Second,18.56,1995.0,190.0,5.0,4292000.0
Audi A4 2.0 Tdi,Nairobi,2013,45200,Diesel,Automatic,First,16.55,1968.0,147.51,5.0,1998000.0
Honda Cr-V 2.4 At,Kisumu,2008,82167,Petrol,Automatic,First,10.1,2354.0,152.0,5.0,799200.0
Hyundai Grand I10 1.2 Kappa Asta,Naivasha,2016,37429,Petrol,Manual,First,18.9,1197.0,81.86,5.0,871720.0
Maruti Ciaz Zdi Plus Shvs,Kisumu,2016,46000,Diesel,Manual,First,28.09,1248.0,88.5,5.0,1250599.9999999998
Honda City I-Vtec V,Nairobi,2011,67031,Petrol,Manual,First,17.4,1497.0,117.3,5.0,592000.0
Bmw 6 Series 640D Coupe,Nairobi,2013,30000,Diesel,Automatic,First,9.52,2993.0,313.0,4.0,6660000.0
Maruti Celerio Vxi Amt,Nairobi,2016,47691,Petrol,Automatic,First,23.1,998.0,67.04,5.0,583120.0
Renault Koleos 2.0 Diesel,Nyeri,2011,32531,Diesel,Automatic,Second,13.73,1995.0,148.0,5.0,1184000.0
Ford Figo Diesel Zxi,Kisumu,2013,71336,Diesel,Manual,First,20.0,1399.0,68.0,5.0,606799.9999999999
Toyota Innova 2.5 V Diesel 7-Seater,Mombasa,2006,196000,Diesel,Manual,First,12.8,2494.0,102.0,7.0,925000.0
Maruti Dzire Vdi,Kisumu,2015,28193,Diesel,Manual,First,28.4,1248.0,73.75,5.0,777000.0
Mercedes-Benz Slc 43 Amg,Naivasha,2019,2526,Petrol,Automatic,First,19.0,2996.0,362.07,2.0,12426080.0
Hyundai Santro Lp Zipplus,Naivasha,2004,52146,Petrol,Manual,First,0.0,1493.0,97.7,5.0,285640.0
Mercedes-Benz E-Class E 220 D,Kisumu,2013,85000,Diesel,Automatic,First,16.1,1950.0,194.0,5.0,3108000.0
Hyundai Grand I10 1.2 Kappa Sportz,Thika,2015,20780,Petrol,Manual,First,18.9,1197.0,81.86,5.0,636400.0
Honda Mobilio S I Vtec,Nairobi,2014,43081,Petrol,Manual,First,17.3,1497.0,117.3,7.0,777000.0
Porsche Cayenne Turbo S,Nairobi,2010,35000,Petrol,Automatic,Second,11.9,4806.0,550.0,5.0,4736000.0
Mahindra Quanto C8,Kisumu,2013,36000,Diesel,Manual,First,17.21,1493.0,100.0,7.0,577200.0
Toyota Corolla H5,Nairobi,2007,67000,Petrol,Manual,Third,13.4,1794.0,125.0,5.0,325600.00000000006
Mahindra Kuv 100 Mfalcon D75 K4,Nairobi,2016,34079,Diesel,Manual,First,25.32,1198.0,77.0,6.0,547600.0
Bmw 3 Series 2005-2011 325I Sedan,Naivasha,2010,77849,Petrol,Automatic,Second,10.9,2497.0,215.0,5.0,1667960.0
Maruti Alto 800 Lxi,Nyeri,2013,86000,Petrol,Manual,First,22.74,796.0,47.3,5.0,356680.0
Audi Q3 35 Tdi Quattro Premium,Eldoret,2015,110000,Diesel,Automatic,First,15.73,1968.0,174.33,5.0,2812000.0
Toyota Etios Gd,Kisumu,2015,116000,Diesel,Manual,Second,23.59,1364.0,67.05,5.0,858400.0
Mahindra Xuv500 W8 2Wd,Naivasha,2016,41840,Diesel,Manual,First,15.1,2179.0,140.0,7.0,2000960.0
Toyota Fortuner 4X2 Mt Trd Sportivo,Kisumu,2015,19317,Diesel,Manual,First,13.0,2982.0,168.7,7.0,3626000.0
Tata Indigo Cs Emax Cng Glx,Eldoret,2014,41000,Cng,Manual,First,24.6,1193.0,55.23,5.0,481000.0
Mercedes-Benz Gle 250D,Mombasa,2017,25601,Diesel,Automatic,First,17.9,2143.0,201.15,5.0,8396040.0
Hyundai Creta 1.6 Crdi Sx,Nyeri,2015,83950,Diesel,Manual,First,19.67,1582.0,126.2,5.0,1472599.9999999998
Honda City 1.5 V At,Eldoret,2012,60000,Petrol,Automatic,First,16.8,1497.0,118.0,5.0,814000.0
Audi A4 35 Tdi Premium,Kisumu,2015,50000,Diesel,Automatic,First,17.11,1968.0,174.33,5.0,3700000.0
Maruti Zen Vxi,Kisumu,2009,37000,Petrol,Manual,First,17.3,993.0,60.0,5.0,148000.0
Maruti Alto Lxi,Kisumu,2011,76976,Petrol,Manual,Second,19.7,796.0,46.3,5.0,318200.0
Maruti Baleno Delta Automatic,Mombasa,2018,21684,Petrol,Automatic,First,21.4,1197.0,83.1,5.0,1167720.0
Mahindra Xuv500 W10 2Wd,Nairobi,2015,62000,Diesel,Manual,First,16.0,2179.0,140.0,7.0,1517000.0
Ford Freestyle Titanium Petrol,Nairobi,2007,1261,Petrol,Manual,First,19.0,1194.0,94.68,5.0,888000.0
Hyundai Elite I20 Asta Option,Naivasha,2017,59450,Petrol,Manual,First,18.6,1197.0,81.86,5.0,1114440.0
Mercedes-Benz New C-Class C 220D Avantgarde Edition C,Naivasha,2018,24465,Diesel,Automatic,First,19.27,2143.0,167.62,5.0,5838600.000000001
Honda City I Vtec Sv,Nairobi,2014,55000,Petrol,Manual,First,17.8,1497.0,117.3,5.0,864320.0
Ford Ecosport 1.5 Ti Vct Mt Titanium Be,Nairobi,2017,2000,Petrol,Manual,First,18.88,1499.0,110.4,5.0,1280200.0
Maruti Baleno Alpha 1.2,Mombasa,2017,25040,Petrol,Manual,First,21.4,1197.0,83.1,5.0,1145520.0
Hyundai I10 Sportz,Nakuru,2008,84000,Petrol,Manual,First,20.36,1197.0,78.9,5.0,370000.0
Toyota Innova 2.5 G (Diesel) 8 Seater Bs Iv,Eldoret,2007,170428,Diesel,Manual,Second,12.8,2494.0,102.0,8.0,843600.0
Maruti Baleno Delta,Nairobi,2016,12573,Petrol,Manual,First,21.4,1197.0,83.1,5.0,858400.0
Audi Q7 3.0 Tdi Quattro Technology,Kisumu,2012,88000,Diesel,Automatic,First,12.07,2967.0,241.4,7.0,5402000.0
Hyundai Santa Fe 2Wd At,Nairobi,2012,86000,Diesel,Automatic,Second,13.01,2199.0,194.3,7.0,1406000.0
Hyundai Santro Gls I - Euro Ii,Naivasha,2012,51019,Petrol,Manual,First,0.0,999.0,97.7,5.0,515040.0
Honda City 1.5 V Mt Exclusive,Nairobi,2013,45000,Petrol,Manual,First,17.0,1497.0,118.0,5.0,673400.0
Hyundai I20 1.4 Crdi Magna,Nyeri,2012,51000,Diesel,Manual,First,21.9,1396.0,90.0,5.0,577200.0
Mahindra Bolero Sle Bsiii,Eldoret,2007,92000,Diesel,Manual,First,13.6,2523.0,63.0,7.0,399600.0
Toyota Fortuner 2.8 2Wd At,Eldoret,2017,29000,Diesel,Automatic,First,12.9,2755.0,174.5,7.0,4588000.0
Bmw 3 Series 2005-2011 325I Sedan,Nakuru,2009,70521,Petrol,Automatic,Second,10.9,2497.0,215.0,5.0,1524400.0000000002
Bmw 3 Series 320D Sedan,Kisumu,2010,51000,Diesel,Automatic,First,16.07,1995.0,181.0,5.0,1147000.0
Maruti Wagon R Lxi,Kisumu,2012,52618,Petrol,Manual,First,18.9,998.0,67.1,5.0,473600.0
Maruti Ertiga Zdi,Nairobi,2013,68000,Diesel,Manual,First,25.47,1248.0,88.5,7.0,717799.9999999999
Land Rover Range Rover Evoque 2.0 Td4 Pure,Mombasa,2016,29022,Diesel,Automatic,Second,15.68,1999.0,177.0,5.0,5043840.0
Maruti Ertiga Shvs Vdi,Mombasa,2017,80000,Diesel,Manual,First,24.52,1248.0,88.5,7.0,1198800.0
Tata Indigo Cs Evx,Mombasa,2016,78000,Diesel,Manual,Second,25.0,1396.0,69.01,5.0,347800.0
Maruti Alto K10 Lxi,Eldoret,2012,100000,Petrol,Manual,First,20.92,998.0,67.1,5.0,266400.0
Hyundai Eon D Lite Plus,Naivasha,2015,31412,Petrol,Manual,First,21.1,814.0,55.2,5.0,506160.0
Ford Endeavour 3.0L 4X4 At,Nairobi,2010,78000,Diesel,Automatic,Second,11.4,2953.0,153.86,7.0,790320.0
Ford Endeavour 2.2 Titanium At 4X2,Kisumu,2018,14000,Diesel,Automatic,First,12.62,2198.0,158.0,7.0,4734520.0
Volkswagen Vento Diesel Highline,Nakuru,2011,80000,Diesel,Manual,First,20.54,1598.0,103.6,5.0,703000.0
Maruti Ciaz At Zxi,Nairobi,2014,46738,Petrol,Automatic,First,19.12,1373.0,91.1,5.0,902800.0
Hyundai Eon D Lite Plus,Naivasha,2013,54884,Petrol,Manual,Second,21.1,814.0,55.2,5.0,546120.0
Audi Q5 2.0 Tdi Premium Plus,Nairobi,2012,74500,Diesel,Automatic,Second,14.16,1968.0,174.3,5.0,2220000.0
Mahindra Xuv500 W10 Awd,Naivasha,2016,67472,Diesel,Manual,First,16.0,2179.0,140.0,7.0,2146000.0
Maruti Swift Vdi,Kisumu,2013,84000,Diesel,Manual,First,28.4,1248.0,74.0,5.0,836200.0
Maruti Ritz Vdi,Kisumu,2011,77400,Diesel,Manual,First,21.1,1248.0,73.9,5.0,370000.0
Mercedes-Benz New C-Class C 250 Cdi Avantgarde,Nairobi,2017,14470,Diesel,Automatic,First,19.71,2143.0,201.15,5.0,5698000.0
Renault Duster 110Ps Diesel Rxz,Kisumu,2014,52108,Diesel,Manual,First,19.01,1461.0,108.45,5.0,812520.0
Maruti Swift Dzire Vxi,Kisumu,2013,40000,Petrol,Manual,First,19.1,1197.0,85.8,5.0,525400.0
Toyota Innova 2.5 Vx (Diesel) 7 Seater,Nyeri,2014,105044,Diesel,Manual,First,12.99,2494.0,100.6,7.0,1591000.0
Hyundai Creta 1.6 Sx Option,Nairobi,2016,24347,Petrol,Manual,First,15.8,1591.0,121.3,5.0,1628000.0
Maruti Sx4 Zdi,Thika,2014,58000,Diesel,Manual,First,21.79,1248.0,88.73,5.0,666000.0
Mahindra Xuv500 W8 2Wd,Mombasa,2014,49663,Diesel,Manual,First,15.1,2179.0,140.0,7.0,1246160.0
Honda City I-Vtec Cvt Vx,Nairobi,2017,17000,Petrol,Automatic,First,18.0,1497.0,117.3,5.0,1716800.0
Jaguar Xf 2.2 Litre Luxury,Mombasa,2016,13418,Diesel,Automatic,First,16.36,2179.0,187.7,5.0,4977240.000000001
Ford Fiesta 1.4 Sxi Tdci Abs,Eldoret,2008,117080,Diesel,Manual,Third,17.8,1399.0,68.0,5.0,333000.0
Bmw 5 Series 523I Sedan,Nairobi,2010,74000,Petrol,Automatic,First,10.8,2497.0,150.0,5.0,1916600.0
Maruti Swift Vdi Bsiv W Abs,Kisumu,2010,86514,Diesel,Manual,First,17.8,1248.0,97.7,5.0,629000.0
Audi A6 2011-2015 2.0 Tdi Premium Plus,Naivasha,2014,66882,Diesel,Automatic,First,17.68,1968.0,174.33,5.0,3702960.0
Honda Brio 1.2 Vx Mt,Mombasa,2014,41460,Petrol,Manual,First,18.5,1198.0,86.8,5.0,584600.0
Honda City 1.5 V At,Nairobi,2011,57000,Petrol,Automatic,First,16.8,1497.0,118.0,5.0,651200.0000000001
Volkswagen Polo Petrol Comfortline 1.2L,Nakuru,2015,34010,Petrol,Manual,Third,16.47,1198.0,73.9,5.0,732600.0
Mahindra Scorpio Sle Bsiii,Eldoret,2010,96813,Diesel,Manual,Second,12.05,2179.0,120.0,8.0,814000.0
Honda City V Mt,Nairobi,2011,84000,Petrol,Manual,First,16.8,1497.0,116.3,5.0,481000.0
Skoda Rapid 1.6 Mpi Elegance,Mombasa,2013,50004,Petrol,Manual,First,15.0,1598.0,103.5,5.0,594959.9999999999
Mahindra Xuv500 W6 2Wd,Naivasha,2016,67995,Diesel,Manual,First,16.0,2179.0,140.0,7.0,1736040.0
Volkswagen Jetta 2007-2011 2.0 Tdi Trendline,Mombasa,2012,55000,Diesel,Manual,First,15.0,1896.0,105.0,5.0,1406000.0
Maruti Baleno Alpha Automatic,Kisumu,2017,14900,Petrol,Automatic,First,21.4,1197.0,83.1,5.0,1272800.0
Honda Amaze Ex I-Dtech,Nyeri,2013,70961,Diesel,Manual,First,25.8,1498.0,98.6,5.0,592000.0
Volkswagen Vento 1.6 Highline,Nairobi,2015,40194,Petrol,Manual,First,15.04,1598.0,103.2,5.0,821400.0
Maruti Alto 800 Lxi,Kisumu,2015,96000,Petrol,Manual,First,22.74,796.0,47.3,5.0,370000.0
Land Rover Discovery Hse Luxury 3.0 Td6,Nairobi,2017,35000,Diesel,Automatic,First,18.0,2993.0,255.0,7.0,6156800.0
Honda City I Vtec Cvt Vx,Nairobi,2015,50000,Petrol,Automatic,First,18.0,1497.0,117.3,5.0,1096680.0
Nissan Terrano Xl 110 Ps,Nairobi,2014,50000,Diesel,Manual,First,19.01,1461.0,108.5,5.0,962000.0
Maruti Alto Lxi,Nairobi,2008,26299,Petrol,Manual,First,19.7,796.0,46.3,5.0,177600.0
Toyota Fortuner 2.8 4Wd Mt,Nakuru,2015,150386,Diesel,Manual,First,14.24,2755.0,174.5,7.0,3404000.0
Hyundai I20 1.4 Crdi Magna,Kisumu,2012,60000,Diesel,Manual,First,21.9,1396.0,90.0,5.0,405520.0
Ford Figo Diesel Titanium,Kisumu,2013,65000,Diesel,Manual,First,20.0,1399.0,68.0,5.0,577200.0
Maruti Vitara Brezza Zdi Plus,Thika,2017,80000,Diesel,Manual,First,24.3,1248.0,88.5,5.0,1184000.0
Hyundai Verna 1.6 Sx,Mombasa,2012,92000,Diesel,Manual,Third,22.32,1582.0,126.32,5.0,592000.0
Hyundai Tucson 2.0 Dual Vtvt 2Wd At Gl,Nairobi,2016,13000,Petrol,Automatic,First,12.95,1999.0,152.88,5.0,2627000.0
Maruti Ritz Vdi,Naivasha,2013,73278,Diesel,Manual,First,21.1,1248.0,73.9,5.0,747400.0
Audi A4 2.0 Tfsi,Nairobi,2011,38000,Petrol,Automatic,First,10.8,1984.0,132.0,5.0,1776000.0
Mercedes-Benz E-Class E250 Cdi Launch Edition,Mombasa,2016,46936,Diesel,Automatic,First,13.0,2143.0,204.0,5.0,4380800.0
Renault Duster 85Ps Diesel Rxe,Nyeri,2015,55000,Diesel,Manual,First,19.87,1461.0,83.8,5.0,962000.0
Honda Amaze S At I-Vtech,Nairobi,2014,19000,Petrol,Automatic,First,15.5,1198.0,86.7,5.0,703000.0
Volvo S60 D4 Summum,Naivasha,2016,42259,Diesel,Automatic,First,9.0,1984.0,181.0,5.0,3605280.0
Maruti Swift Dzire 1.2 Lxi Bsiv,Nairobi,2011,14000,Petrol,Manual,Second,17.5,1197.0,85.8,5.0,473600.0
Maruti Wagon R Vxi,Kisumu,2016,16956,Petrol,Manual,First,22.5,998.0,67.04,5.0,532800.0
Maruti Omni Mpi Std Bsiv,Naivasha,2017,15473,Petrol,Manual,First,16.8,796.0,34.2,5.0,529840.0
Maruti Sx4 Vdi,Nairobi,2011,75000,Diesel,Manual,First,21.5,1248.0,88.8,5.0,370000.0
Ford Fiesta Titanium 1.5 Tdci,Thika,2013,96000,Diesel,Manual,Second,23.5,1498.0,90.0,5.0,518000.0
Toyota Camry Hybrid,Nairobi,2015,25000,Petrol,Automatic,First,19.16,2494.0,158.2,5.0,3700000.0
Maruti Wagon R Vxi,Nairobi,2010,38000,Petrol,Manual,Second,22.5,998.0,67.04,5.0,259000.0
Mercedes-Benz E-Class E270 Cdi,Nakuru,2005,54000,Diesel,Automatic,First,11.0,2987.0,198.5,5.0,1480000.0
Maruti Baleno Zeta Automatic,Nyeri,2018,4131,Petrol,Automatic,First,21.4,1197.0,83.1,5.0,1147000.0
Honda Jazz 1.2 Vx I Vtec,Kisumu,2016,31700,Petrol,Manual,First,18.7,1199.0,88.7,5.0,954600.0
Mahindra Scorpio S10 At 4Wd,Eldoret,2017,66988,Diesel,Automatic,First,15.4,2179.0,120.0,7.0,1480000.0
Volkswagen Polo 1.2 Mpi Trendline,Nairobi,2014,54230,Petrol,Manual,First,16.47,1198.0,74.0,5.0,666000.0
Hyundai I20 1.2 Era,Kisumu,2015,35000,Petrol,Manual,First,17.0,1197.0,80.0,5.0,503200.0
Toyota Camry W4 (At),Nairobi,2010,62714,Petrol,Automatic,First,12.1,2362.0,164.7,5.0,666000.0
Maruti Wagon R Vxi,Kisumu,2015,45295,Petrol,Manual,First,18.9,998.0,67.1,5.0,636400.0
Bmw 5 Series 2013-2017 520D M Sport,Eldoret,2018,7000,Diesel,Automatic,First,18.12,1995.0,190.0,5.0,6808000.0
Maruti Alto K10 Vxi Ags,Mombasa,2016,57000,Petrol,Automatic,First,24.07,998.0,67.1,5.0,503200.0
Mercedes-Benz New C-Class 220 Cdi At,Nairobi,2013,40100,Diesel,Automatic,First,14.84,2143.0,170.0,5.0,2146000.0
Maruti Alto 800 2016-2019 Lxi,Nairobi,2013,56000,Petrol,Manual,First,24.7,796.0,47.3,5.0,310800.0
Maruti Swift Vxi,Nairobi,2012,15000,Petrol,Manual,First,18.6,1197.0,85.8,5.0,540200.0
Chevrolet Sail Hatchback 1.2 Ls Abs,Kisumu,2014,14000,Petrol,Manual,First,18.2,1199.0,82.5,5.0,444000.0
Hyundai I20 Asta 1.4 Crdi (Diesel),Thika,2009,68000,Diesel,Manual,Second,23.0,1396.0,90.0,5.0,584600.0
Skoda Superb 2.5 Tdi At,Nairobi,2012,83000,Diesel,Automatic,First,11.9,2496.0,163.2,5.0,999000.0
Toyota Corolla Altis D-4D G,Mombasa,2013,81504,Diesel,Manual,First,21.43,1364.0,87.2,5.0,966440.0
Toyota Fortuner 4X2 Manual,Kisumu,2015,73500,Diesel,Manual,First,13.0,2982.0,168.5,7.0,3256000.0
Skoda Rapid 1.6 Mpi At Elegance,Eldoret,2013,52900,Petrol,Automatic,First,14.3,1598.0,103.52,5.0,703000.0
Honda Brio 1.2 Vx At,Nairobi,2017,20000,Petrol,Automatic,First,16.5,1198.0,86.8,5.0,886520.0
Volkswagen Polo Petrol Comfortline 1.2L,Nyeri,2011,46000,Petrol,Manual,First,16.47,1198.0,73.9,5.0,451400.0
Volkswagen Polo Petrol Comfortline 1.2L,Nairobi,2010,65000,Petrol,Manual,First,16.47,1198.0,73.9,5.0,355200.0
Maruti Zen Estilo Lxi Bsiii,Eldoret,2007,42000,Petrol,Manual,Third,18.2,998.0,67.1,5.0,192400.0
Toyota Etios Cross 1.4L Gd,Mombasa,2016,36681,Diesel,Manual,First,23.59,1364.0,67.06,5.0,993080.0
Mahindra Xuv500 W8 2Wd,Thika,2014,67000,Diesel,Manual,Second,15.1,2179.0,140.0,7.0,1065600.0
Hyundai Grand I10 At Asta,Mombasa,2016,18000,Petrol,Automatic,First,18.9,1197.0,82.0,5.0,799200.0
Ford Ecosport 1.5 Dv5 Mt Titanium Optional,Mombasa,2015,56409,Diesel,Manual,First,22.7,1498.0,89.84,5.0,981240.0
Maruti Ertiga Vxi Cng,Nairobi,2016,65263,Cng,Manual,First,17.5,1373.0,80.46,7.0,1110000.0
Honda City I-Vtec Cvt Zx,Naivasha,2018,20300,Petrol,Automatic,First,18.0,1497.0,117.3,5.0,2103080.0
Honda City 1.5 V Mt,Kisumu,2010,45008,Petrol,Manual,First,17.0,1497.0,118.0,5.0,444000.0
Maruti Celerio Zxi Mt,Mombasa,2017,21799,Petrol,Manual,First,23.1,998.0,67.04,5.0,756280.0000000001
Volkswagen Vento Petrol Highline,Eldoret,2011,57328,Petrol,Manual,First,15.04,1598.0,103.6,5.0,501720.0
Toyota Innova Crysta 2.8 Zx At,Kisumu,2017,35358,Diesel,Automatic,First,11.36,2755.0,171.5,7.0,3402520.0
Hyundai I20 Magna,Nairobi,2009,46946,Petrol,Manual,Second,18.5,1197.0,80.0,5.0,347800.0
Maruti Ritz Vdi,Kisumu,2012,39772,Diesel,Manual,First,23.2,1248.0,73.94,5.0,421800.0
Audi A6 2011-2015 2.0 Tdi Premium Plus,Nairobi,2014,58000,Diesel,Automatic,First,17.68,1968.0,174.33,5.0,2738000.0
Renault Duster Petrol Rxl,Nakuru,2014,52000,Petrol,Manual,First,13.24,1598.0,102.57,5.0,886520.0
Honda Civic 2006-2010 1.8 V Mt,Kisumu,2008,152000,Petrol,Manual,Second,13.5,1799.0,130.0,5.0,444000.0
Tata Tiago 1.2 Revotron Xt,Nyeri,2016,42700,Petrol,Manual,First,23.84,1199.0,84.0,5.0,532800.0
Audi A4 2.0 Tdi,Kisumu,2014,60000,Diesel,Automatic,First,16.55,1968.0,147.51,5.0,3552000.0
Maruti Swift Dzire Vxi,Naivasha,2015,33195,Petrol,Manual,First,19.1,1197.0,85.8,5.0,926480.0
Toyota Fortuner 2.8 4Wd Mt,Kisumu,2010,110000,Diesel,Manual,First,14.24,2755.0,174.5,7.0,2027600.0
Mercedes-Benz M-Class Ml 250 Cdi,Nairobi,2016,52000,Diesel,Automatic,First,15.26,2143.0,203.2,5.0,5180000.0
Hyundai I20 Magna 1.4 Crdi,Mombasa,2015,64399,Diesel,Manual,First,21.9,1396.0,90.0,5.0,742959.9999999999
Maruti Wagon R Vxi 1.2,Nairobi,2015,55000,Petrol,Manual,First,21.5,1197.0,81.8,5.0,458800.0
Volkswagen Vento Diesel Highline,Nakuru,2012,50000,Diesel,Manual,First,20.54,1598.0,103.6,5.0,814000.0
Maruti Swift Dzire Vxi,Kisumu,2014,33485,Petrol,Manual,First,19.1,1197.0,85.8,5.0,531320.0
Fiat Linea Emotion (Diesel),Kisumu,2015,32000,Diesel,Manual,First,20.4,1248.0,91.7,5.0,688200.0000000001
Honda City 1.5 V Mt,Nakuru,2009,71400,Petrol,Manual,Third,17.0,1497.0,118.0,5.0,562400.0
Hyundai Creta 1.6 Sx Plus Diesel,Kisumu,2016,41713,Diesel,Manual,First,19.67,1582.0,126.2,5.0,1850000.0
Honda City I-Dtec Zx,Kisumu,2017,46000,Diesel,Manual,First,25.6,1498.0,98.6,5.0,1909200.0
Maruti Omni 8 Seater Bsiv,Kisumu,2015,52950,Petrol,Manual,First,14.0,796.0,35.0,5.0,347800.0
Maruti Swift Lxi Option,Mombasa,2015,29500,Petrol,Manual,First,20.4,1197.0,81.8,5.0,614200.0000000001
Mercedes-Benz M-Class Ml 350 Cdi Corporate,Naivasha,2012,63888,Diesel,Automatic,First,14.0,2987.0,224.0,5.0,3341840.0
Maruti Alto 800 2016-2019 Lxi,Thika,2016,60000,Petrol,Manual,First,24.7,796.0,47.3,5.0,392200.0
Ford Figo Petrol Titanium,Nairobi,2010,59196,Petrol,Manual,Second,15.6,1196.0,70.0,5.0,333000.0
Toyota Innova Crysta 2.4 G Mt,Kisumu,2016,121362,Diesel,Manual,First,13.68,2393.0,147.8,7.0,2368000.0
Bmw 5 Series 2003-2012 520D,Nairobi,2013,78000,Diesel,Automatic,First,18.48,1995.0,177.0,5.0,2886000.0
Hyundai Santa Fe 4Wd At,Nakuru,2015,59000,Diesel,Automatic,First,13.01,2199.0,194.3,7.0,3108000.0
Bmw 5 Series 520D Luxury Line,Thika,2012,95000,Diesel,Automatic,Second,22.48,1995.0,190.0,5.0,2590000.0
Ford Fiesta Exi 1.4 Tdci Ltd,Kisumu,2010,84000,Diesel,Manual,Second,17.8,1399.0,68.0,5.0,356680.0
Toyota Etios Gd,Nakuru,2012,58253,Diesel,Manual,Second,23.59,1364.0,97.7,5.0,658600.0
Land Rover Range Rover 2.2L Prestige,Naivasha,2014,64557,Diesel,Automatic,Second,12.7,2179.0,187.7,5.0,4429640.0
Toyota Etios Liva V,Eldoret,2012,24500,Petrol,Manual,Second,18.3,1493.0,97.7,5.0,436600.0
Maruti Alto Lx,Kisumu,2009,68078,Petrol,Manual,First,19.7,796.0,46.3,5.0,150960.0
Toyota Fortuner 3.0 Diesel,Nyeri,2009,149706,Diesel,Manual,First,11.5,2982.0,171.0,7.0,1628000.0
Toyota Qualis Rs E2,Eldoret,2004,215750,Diesel,Manual,Second,0.0,2446.0,97.7,10.0,518000.0
Ford Ecosport 1.5 Ti Vct Mt Titanium,Nairobi,2013,25984,Petrol,Manual,First,15.8,1499.0,110.0,5.0,791800.0
Maruti Baleno Sigma 1.2,Nairobi,2017,15544,Petrol,Manual,First,21.4,1197.0,83.1,5.0,836200.0
Mini Cooper Countryman D High,Nairobi,2015,34000,Diesel,Automatic,First,23.8,1998.0,112.0,5.0,3256000.0
Hyundai Verna 1.6 Vtvt Ex At,Nairobi,2013,24000,Petrol,Automatic,First,17.01,1591.0,121.4,5.0,880600.0
Ford Figo Diesel Titanium,Eldoret,2011,95000,Diesel,Manual,Third,20.0,1399.0,68.0,5.0,347800.0
Honda Amaze S I-Dtech,Eldoret,2014,52000,Diesel,Manual,Second,25.8,1498.0,98.6,5.0,606799.9999999999
Renault Duster 110Ps Diesel Rxz,Eldoret,2012,135000,Diesel,Manual,First,19.01,1461.0,108.45,5.0,799200.0
Ford Ecosport 1.5 Diesel Titanium,Nairobi,2017,39000,Diesel,Manual,First,23.0,1498.0,98.96,5.0,1250599.9999999998
Bmw X6 Xdrive30D,Nyeri,2013,45306,Diesel,Automatic,Second,11.2,2993.0,241.0,4.0,6290000.0
Toyota Fortuner 2.8 4Wd Mt,Nairobi,2010,140000,Diesel,Manual,First,14.24,2755.0,174.5,7.0,1591000.0
Hyundai Santro Xing Gls Lpg,Eldoret,2010,55000,Lpg,Manual,Second,13.45,1086.0,62.1,5.0,244200.0
Mahindra Ssangyong Rexton Rx7,Mombasa,2015,67415,Diesel,Automatic,First,11.18,2696.0,184.0,7.0,1632440.0
Maruti Celerio Vxi,Kisumu,2016,25562,Petrol,Manual,First,23.1,998.0,67.04,5.0,518000.0
Hyundai I20 Sportz 1.2,Nyeri,2016,30292,Petrol,Manual,First,18.6,1197.0,81.83,5.0,932400.0
Ford Ecosport 1.0 Ecoboost Titanium Plus,Nakuru,2014,84056,Petrol,Manual,First,18.88,999.0,123.24,5.0,999000.0
Maruti Ciaz Vdi,Nyeri,2017,62691,Diesel,Manual,First,26.21,1248.0,88.5,5.0,1110000.0
Audi A4 2.0 Tdi 177 Bhp Premium Plus,Eldoret,2013,87000,Diesel,Automatic,First,17.11,1968.0,174.33,5.0,2294000.0
Honda Amaze S I-Vtech,Nairobi,2015,52513,Petrol,Manual,First,18.0,1198.0,86.7,5.0,688200.0000000001
Ford Ecosport 1.5 Ti Vct At Titanium,Mombasa,2016,43983,Petrol,Automatic,First,15.63,1499.0,110.4,5.0,1121840.0
Maruti Alto K10 2010-2014 Vxi,Kisumu,2013,90121,Petrol,Manual,First,20.92,998.0,67.1,5.0,325600.00000000006
Audi A6 3.0 Tdi Quattro,Nakuru,2011,50000,Diesel,Automatic,Third,16.77,2967.0,241.38,5.0,3108000.0
Volkswagen Passat Diesel Highline 2.0 Tdi,Kisumu,2011,42500,Diesel,Automatic,First,18.33,1968.0,167.7,5.0,777000.0
Maruti Swift Vdi,Mombasa,2016,62192,Diesel,Manual,First,28.4,1248.0,74.0,5.0,772560.0
Mahindra Logan Diesel 1.5 Dls,Mombasa,2011,128000,Diesel,Manual,Third,19.2,1461.0,65.0,5.0,296000.0
Maruti Ciaz Alpha,Mombasa,2018,38394,Petrol,Manual,First,21.56,1462.0,103.25,5.0,1358640.0
Tata Nano Lx,Naivasha,2013,37287,Petrol,Manual,First,26.0,624.0,35.0,4.0,257520.0
Honda City 1.5 V At,Nairobi,2011,60000,Petrol,Automatic,First,16.8,1497.0,118.0,5.0,658600.0
Ford Figo 2015-2019 1.2P Trend Mt,Naivasha,2017,39419,Petrol,Manual,First,18.16,1196.0,86.8,5.0,732600.0
Hyundai I20 Sportz 1.4 Crdi,Nairobi,2014,55000,Diesel,Manual,First,22.54,1396.0,88.73,5.0,834720.0
Ford Ecosport 1.5 Ti Vct Mt Titanium Be,Nairobi,2016,7000,Petrol,Manual,First,18.88,1499.0,110.4,5.0,1021200.0
Audi A4 2.0 Tdi,Kisumu,2011,85000,Diesel,Automatic,First,16.55,1968.0,147.51,5.0,2064600.0
Bmw 1 Series 118D Sport Line,Kisumu,2013,51000,Diesel,Automatic,Second,20.58,1995.0,143.0,5.0,2516000.0
Tata Safari Dicor 2.2 Lx 4X2,Nakuru,2012,90000,Diesel,Manual,Second,13.93,2179.0,138.03,7.0,680799.9999999999
Mahindra Scorpio Vlx 4Wd Airbag Bsiv,Nyeri,2010,105000,Diesel,Manual,Second,12.05,2179.0,120.0,8.0,771080.0
Hyundai Creta 1.6 Sx Plus Dual Tone Petrol,Naivasha,2017,36458,Petrol,Manual,First,15.29,1591.0,121.3,5.0,1826320.0
Honda City Zx Vtec,Mombasa,2006,109000,Petrol,Manual,First,16.9,1497.0,100.0,5.0,222000.0
Bmw X1 Sdrive 20D Sportline,Nairobi,2015,49000,Diesel,Automatic,First,17.05,1995.0,184.0,5.0,3402520.0
Porsche Cayman 2009-2012 S Tiptronic,Nairobi,2011,8000,Petrol,Automatic,First,9.0,3436.0,97.7,2.0,6364000.0
Land Rover Range Rover Sport 2005 2012 Hse,Kisumu,2010,45000,Diesel,Automatic,First,14.7,2993.0,241.4,6.0,5920000.0
Maruti Alto Lxi Bsiii,Mombasa,2008,68000,Petrol,Manual,Third,19.7,796.0,46.3,5.0,177600.0
Hyundai I10 Asta Sunroof At,Nairobi,2011,54000,Petrol,Automatic,First,19.2,1197.0,80.0,5.0,429200.0
Hyundai Elantra 2.0 Sx Option At,Nairobi,2016,28000,Petrol,Automatic,First,14.62,1999.0,149.92,5.0,2057200.0
Maruti Ciaz Rs Zdi Plus Shvs,Nairobi,2016,38500,Diesel,Manual,Second,28.09,1248.0,88.5,5.0,1161800.0
Bmw X5 Xdrive 30D,Naivasha,2016,17738,Diesel,Automatic,First,15.3,2993.0,258.0,5.0,8058600.0
Chevrolet Tavera Lt 9 Str Bs Iv,Kisumu,2012,67132,Diesel,Manual,First,13.58,2499.0,78.0,9.0,703000.0
Volkswagen Vento 1.5 Tdi Trendline,Nairobi,2011,47000,Diesel,Manual,First,20.64,1498.0,108.5,5.0,481000.0
Honda City I Vtec V,Nairobi,2015,28005,Petrol,Manual,First,17.8,1497.0,117.3,5.0,1050800.0
Maruti Swift Vxi Bsiv,Kisumu,2017,13000,Petrol,Manual,First,20.4,1197.0,81.8,5.0,688200.0000000001
Volkswagen Jetta 2012-2014 2.0L Tdi Comfortline,Kisumu,2012,67000,Diesel,Manual,First,19.33,1968.0,138.1,5.0,740000.0
Hyundai I20 Sportz 1.2,Nairobi,2015,50000,Petrol,Manual,First,18.6,1197.0,81.83,5.0,732600.0
Mahindra Xuv500 W8 2Wd,Nakuru,2014,55000,Diesel,Manual,First,15.1,2179.0,140.0,7.0,1450400.0000000002
Mercedes-Benz E-Class E 350 D,Naivasha,2019,9312,Diesel,Automatic,First,18.0,2987.0,258.0,5.0,11662400.0
Maruti Celerio Lxi,Kisumu,2015,30458,Petrol,Manual,First,23.1,998.0,67.04,5.0,442520.0
Volkswagen Vento 1.6 Highline,Nairobi,2014,46000,Petrol,Manual,First,15.04,1598.0,103.2,5.0,658600.0
Tata Nano Xt,Eldoret,2011,50000,Petrol,Manual,Second,23.9,624.0,37.48,4.0,111000.0
Hyundai Xcent 1.2 Kappa S Option Cng,Nairobi,2016,36676,Cng,Manual,First,25.0,1197.0,81.86,5.0,740000.0
Ford Ecosport 1.5 Tdci Titanium,Mombasa,2014,72563,Diesel,Manual,Second,22.77,1498.0,98.59,5.0,740000.0
Maruti Swift 1.3 Vxi Abs,Eldoret,2015,67000,Petrol,Manual,First,16.1,1493.0,97.7,5.0,695600.0
Hyundai Elantra 2.0 Sx Option At,Naivasha,2015,58239,Petrol,Automatic,First,14.62,1999.0,149.92,5.0,1434120.0
Chevrolet Enjoy 1.3 Tcdi Ltz 8,Naivasha,2015,57934,Diesel,Manual,First,18.2,1248.0,73.74,8.0,814000.0
Bmw X5 Xdrive 30D M Sport,Mombasa,2017,6500000,Diesel,Automatic,First,15.97,2993.0,258.0,5.0,9620000.0
Volkswagen Polo 1.5 Tdi Highline,Nyeri,2015,63000,Diesel,Manual,First,20.14,1498.0,88.8,5.0,756280.0000000001
Skoda Fabia 1.2 Mpi Ambition Plus,Nairobi,2012,27014,Petrol,Manual,First,16.25,1198.0,75.0,5.0,324120.0
Volkswagen Vento Diesel Comfortline,Mombasa,2012,90906,Diesel,Manual,First,20.54,1598.0,103.6,5.0,629000.0
Mahindra Ssangyong Rexton Rx7,Kisumu,2013,61202,Diesel,Automatic,First,11.18,2696.0,184.0,7.0,2146000.0
Nissan Terrano Xl D Option,Nairobi,2014,51000,Diesel,Manual,First,19.87,1461.0,83.14,5.0,836200.0
Toyota Fortuner 2.8 2Wd At,Thika,2016,88008,Diesel,Automatic,Second,12.9,2755.0,174.5,7.0,3330000.0
Maruti Swift 1.3 Vxi,Nairobi,2007,55000,Petrol,Manual,Second,16.1,1493.0,97.7,5.0,259000.0
Toyota Corolla H4,Nyeri,2004,160000,Petrol,Automatic,Second,11.3,1794.0,125.0,5.0,222000.0
Hyundai I10 Sportz,Mombasa,2012,42591,Petrol,Manual,First,20.36,1197.0,78.9,5.0,473600.0
Hyundai I20 1.4 Crdi Sportz,Nakuru,2012,67000,Diesel,Manual,First,23.0,1396.0,90.0,5.0,666000.0
Honda Amaze S I-Dtech,Eldoret,2014,48000,Diesel,Manual,Second,25.8,1498.0,98.6,5.0,666000.0
Hyundai Verna 1.6 Sx Crdi (O) At,Nyeri,2014,97000,Diesel,Automatic,First,22.32,1582.0,126.32,5.0,1184000.0
Mercedes-Benz Gla Class 200 D Sport,Nairobi,2018,10000,Diesel,Automatic,First,17.9,2143.0,136.0,5.0,4277200.0
Volkswagen Polo 1.5 Tdi Trendline,Naivasha,2015,56900,Diesel,Manual,First,20.14,1498.0,88.8,5.0,606799.9999999999
Hyundai Santro At,Kisumu,2006,74483,Petrol,Automatic,First,0.0,999.0,97.7,5.0,340399.99999999994
Maruti Baleno Zeta Automatic,Mombasa,2017,36152,Petrol,Automatic,First,21.4,1197.0,83.1,5.0,1068560.0
Maruti Swift Vdi,Kisumu,2014,85512,Diesel,Manual,First,22.9,1248.0,74.0,5.0,858400.0
Mahindra Xylo D2 Bsiv,Mombasa,2013,234000,Diesel,Manual,Second,14.0,2489.0,95.0,8.0,518000.0
Ford Ecosport 1.5 Dv5 Mt Trend,Nakuru,2013,36000,Diesel,Manual,Second,22.7,1498.0,89.84,5.0,939800.0
Mahindra Xuv500 W8 2Wd,Nairobi,2015,36096,Diesel,Manual,First,15.1,2179.0,140.0,7.0,1309800.0
Chevrolet Beat Ls,Kisumu,2010,111111,Petrol,Manual,Second,18.6,1199.0,79.4,5.0,296000.0
Hyundai Verna 1.6 Vtvt,Nakuru,2012,73000,Petrol,Manual,First,17.01,1591.0,121.3,5.0,814000.0
Hyundai Grand I10 Asta,Kisumu,2014,44300,Petrol,Manual,Second,18.9,1197.0,82.0,5.0,340399.99999999994
Renault Duster 110Ps Diesel Rxz,Nakuru,2014,74500,Diesel,Manual,First,19.01,1461.0,108.45,5.0,1176600.0
Hyundai Xcent 1.2 Kappa S Option,Naivasha,2016,21495,Petrol,Manual,First,19.1,1197.0,81.86,5.0,911680.0
Hyundai I10 Sportz,Nairobi,2012,59000,Petrol,Manual,First,20.36,1197.0,78.9,5.0,421800.0
Mercedes-Benz Gla Class 200 Sport Edition,Nairobi,2016,23000,Petrol,Automatic,First,13.7,1991.0,183.0,5.0,3700000.0
Mercedes-Benz New C-Class 220 Cdi Mt,Naivasha,2008,50135,Diesel,Manual,First,15.8,2148.0,170.0,5.0,1533280.0
Mercedes-Benz Cla 200 Sport Edition,Nairobi,2016,25000,Petrol,Automatic,First,15.04,1991.0,183.0,5.0,3848000.0
Hyundai Verna 1.6 Sx Crdi (O),Kisumu,2013,47000,Diesel,Manual,First,22.32,1582.0,126.32,5.0,643799.9999999999
Mahindra Xylo D2 Maxx,Mombasa,2016,150000,Diesel,Manual,First,14.95,2489.0,93.7,9.0,666000.0
Maruti Swift Dzire Ldi,Nairobi,2015,53503,Diesel,Manual,First,26.59,1248.0,74.0,5.0,740000.0
Hyundai I10 Sportz,Thika,2014,47003,Petrol,Manual,First,20.36,1197.0,78.9,5.0,543160.0
Tata Safari Storme Explorer Edition,Nairobi,2014,80000,Diesel,Manual,First,14.0,2179.0,138.1,7.0,888000.0
Hyundai Grand I10 Asta,Naivasha,2018,20492,Petrol,Manual,First,18.9,1197.0,82.0,5.0,938320.0
Mini Cooper Convertible S,Mombasa,2012,17000,Petrol,Automatic,Second,16.82,1998.0,189.08,4.0,3256000.0
Toyota Corolla H5,Nairobi,2006,79000,Petrol,Manual,Second,13.4,1794.0,125.0,5.0,247160.0
Toyota Corolla Altis G Mt,Kisumu,2014,27000,Petrol,Manual,First,14.28,1798.0,138.03,5.0,1176600.0
Maruti Grand Vitara 2.4 Mt,Mombasa,2018,28786,Petrol,Manual,First,10.4,2393.0,163.5,5.0,1441520.0
Mahindra Xuv500 W8 1.99 Mhawk,Mombasa,2011,143354,Diesel,Manual,Second,16.0,1997.0,140.0,7.0,888000.0
Maruti Estilo Lxi,Mombasa,2008,56000,Petrol,Manual,Second,19.5,1061.0,97.7,5.0,222000.0
Mini Cooper 3 Door S,Nairobi,2013,21000,Petrol,Automatic,First,17.44,1998.0,189.08,4.0,3182000.0
Maruti Wagon R Cng Lxi,Eldoret,2014,29202,Cng,Manual,First,33.54,998.0,67.04,5.0,577200.0
Maruti Ritz Vdi,Nyeri,2009,73000,Diesel,Manual,Second,21.1,1248.0,73.9,5.0,347800.0
Volkswagen Polo Diesel Comfortline 1.2L,Nairobi,2012,74000,Diesel,Manual,Second,22.07,1199.0,73.9,5.0,392200.0
Hyundai I10 Magna,Mombasa,2011,65423,Petrol,Manual,First,20.36,1197.0,78.9,5.0,467680.0
Maruti A-Star Vxi,Nyeri,2009,65000,Petrol,Manual,Second,19.0,998.0,66.1,5.0,303399.99999999994
Maruti Wagon R Lxi Cng,Kisumu,2013,83875,Cng,Manual,Second,26.6,998.0,58.16,5.0,436600.0
Maruti Wagon R Stingray Lxi,Kisumu,2014,55277,Petrol,Manual,First,20.51,998.0,67.04,5.0,577200.0
Honda Mobilio S I Dtec,Naivasha,2017,50808,Diesel,Manual,Second,24.2,1498.0,98.6,7.0,988640.0
Hyundai Eon Era Plus,Nyeri,2017,52000,Petrol,Manual,Second,21.1,814.0,55.2,5.0,518000.0
Skoda Rapid 1.6 Mpi At Ambition,Nairobi,2017,32000,Petrol,Automatic,First,14.84,1598.0,103.52,5.0,1200280.0
Maruti Ciaz Vdi Plus Shvs,Nairobi,2017,25000,Diesel,Manual,First,28.09,1248.0,88.5,5.0,1228400.0000000002
Mercedes-Benz M-Class Ml 250 Cdi,Naivasha,2016,23218,Diesel,Automatic,First,15.26,2143.0,203.2,5.0,6750280.0
Skoda Laura Elegance 2.0 Tdi Cr At,Eldoret,2010,84000,Diesel,Automatic,First,20.0,1968.0,138.1,5.0,658600.0
Maruti Vitara Brezza Vdi Option,Nairobi,2017,40000,Diesel,Manual,First,24.3,1248.0,88.5,5.0,1161800.0
Hyundai Santro Xing Gls Lpg,Kisumu,2011,17000,Lpg,Manual,First,13.45,1086.0,62.1,5.0,458800.0
Hyundai Grand I10 Crdi Sportz,Kisumu,2014,25135,Diesel,Manual,First,24.0,1120.0,70.0,5.0,555000.0
Maruti Ertiga Vdi,Nairobi,2017,65000,Diesel,Manual,First,25.47,1248.0,88.5,7.0,1132200.0
Hyundai I20 1.2 Sportz,Thika,2013,40000,Petrol,Manual,First,17.0,1197.0,80.0,5.0,725200.0000000001
Mahindra Xuv500 At W10 Fwd,Naivasha,2018,24500,Diesel,Automatic,First,16.0,2179.0,140.0,7.0,2444960.0
Skoda Superb Elegance 1.8 Tsi At,Mombasa,2016,56674,Petrol,Automatic,First,13.7,1798.0,157.75,5.0,2079400.0
Maruti Ciaz Vxi Plus,Mombasa,2016,51950,Petrol,Manual,First,20.73,1373.0,91.1,5.0,999000.0
Hyundai Creta 1.6 Crdi Sx,Kisumu,2016,51000,Diesel,Manual,First,19.67,1582.0,126.2,5.0,1361599.9999999998
Toyota Etios Gd,Mombasa,2012,150000,Diesel,Manual,Third,23.59,1364.0,97.7,5.0,444000.0
Honda City 1.5 S Mt,Mombasa,2008,114750,Petrol,Manual,Second,17.0,1497.0,118.0,5.0,407000.0
Ford Endeavour 2.2 Trend Mt 4X4,Kisumu,2016,107890,Diesel,Manual,First,13.5,2198.0,157.7,7.0,3034000.0
Hyundai I20 2015-2017 1.4 Magna Abs,Eldoret,2012,64000,Diesel,Manual,First,21.9,1396.0,90.0,5.0,629000.0
Ford Ecosport 1.5 Petrol Trend,Kisumu,2016,21460,Petrol,Manual,First,17.0,1497.0,121.36,5.0,888000.0
Hyundai I20 1.2 Sportz,Naivasha,2015,29634,Petrol,Manual,Second,17.0,1197.0,80.0,5.0,888000.0
Maruti Swift Vxi Bsiii,Thika,2008,52000,Petrol,Manual,First,16.1,1298.0,88.2,5.0,356680.0
Honda Jazz V Cvt,Kisumu,2015,33000,Petrol,Automatic,First,19.0,1199.0,88.7,5.0,1073000.0
Volvo Xc90 2007-2015 D5 Awd,Mombasa,2014,89230,Diesel,Manual,First,11.1,2400.0,200.0,7.0,3500200.0
Maruti Baleno Alpha 1.2,Nairobi,2016,27000,Petrol,Manual,First,21.4,1197.0,83.1,5.0,962000.0
Mercedes-Benz Gla Class 200 Cdi Sport,Mombasa,2017,72524,Diesel,Automatic,Second,17.9,2143.0,136.0,5.0,2672879.9999999995
Renault Kwid Rxt,Kisumu,2016,73000,Petrol,Manual,First,25.17,799.0,53.3,5.0,473600.0
Ford Figo 2015-2019 1.2P Titanium Opt Mt,Naivasha,2017,21740,Petrol,Manual,First,18.16,1196.0,86.8,5.0,950160.0
Toyota Fortuner 4X2 Manual,Nyeri,2015,59000,Diesel,Manual,First,13.0,2982.0,168.5,7.0,3404000.0
Honda City 1.5 S Mt,Mombasa,2013,83432,Petrol,Manual,First,17.0,1497.0,118.0,5.0,873200.0
Mahindra Scorpio S2 7 Seater,Eldoret,2014,87200,Diesel,Manual,First,15.4,2523.0,75.0,7.0,1147000.0
Bmw 3 Series 320D,Kisumu,2012,88000,Diesel,Automatic,First,13.2,1995.0,170.0,5.0,2220000.0
Maruti Vitara Brezza Zdi Plus,Nyeri,2017,48324,Diesel,Manual,First,24.3,1248.0,88.5,5.0,1332000.0
Mercedes-Benz New C-Class C 200 Cgi Elegance,Nairobi,2011,51000,Petrol,Automatic,First,11.74,1796.0,186.0,5.0,1702000.0
Hyundai Verna 1.6 Vtvt,Kisumu,2012,24000,Petrol,Manual,Second,17.01,1591.0,121.3,5.0,917600.0
Hyundai Grand I10 1.2 Crdi Sportz,Mombasa,2017,20773,Diesel,Manual,First,24.0,1186.0,73.97,5.0,876160.0
Volkswagen Polo 1.5 Tdi Highline,Kisumu,2016,22000,Diesel,Manual,First,20.14,1498.0,88.0,5.0,930920.0
Honda Amaze S I-Vtech,Mombasa,2014,66355,Petrol,Manual,First,18.0,1198.0,86.7,5.0,609760.0
Honda Cr-V 2.4 At,Eldoret,2007,115800,Petrol,Automatic,Third,10.1,2354.0,152.0,5.0,562400.0
Hyundai Santro Xing Gl Plus,Thika,2014,41125,Petrol,Manual,First,17.92,1086.0,62.1,5.0,399600.0
Mercedes-Benz B Class B200 Cdi,Naivasha,2017,43812,Diesel,Automatic,First,15.0,2143.0,107.3,5.0,3001440.0
Honda Amaze S I-Vtech,Nairobi,2014,69876,Petrol,Manual,First,18.0,1198.0,86.7,5.0,577200.0
Toyota Fortuner 4X2 At,Eldoret,2014,102000,Diesel,Automatic,Second,12.55,2982.0,168.5,7.0,2442000.0
Hyundai Verna 1.6 Vtvt,Eldoret,2011,68000,Petrol,Manual,First,17.01,1591.0,121.3,5.0,547600.0
Jaguar Xj 3.0L Portfolio,Nairobi,2016,12000,Diesel,Automatic,First,10.5,2993.0,271.23,4.0,11692000.0
Bmw 3 Series 320D,Nairobi,2013,25000,Diesel,Automatic,First,22.69,1995.0,190.0,5.0,2662519.9999999995
Hyundai I20 Magna 1.4 Crdi (Diesel),Nyeri,2013,51873,Diesel,Manual,First,21.9,1396.0,88.76,5.0,577200.0
Ford Figo Diesel Exi Option,Mombasa,2012,72500,Diesel,Manual,First,18.5,1399.0,68.0,5.0,461760.0
Maruti Wagon R Lxi Bsiii,Eldoret,2007,83000,Petrol,Manual,First,14.0,1061.0,64.0,5.0,244200.0
Hyundai Xcent 1.2 Kappa S Option,Kisumu,2015,39871,Petrol,Manual,First,19.1,1197.0,81.86,5.0,518000.0
Mahindra Xylo H4,Mombasa,2015,82000,Diesel,Manual,Second,14.02,2179.0,118.3,7.0,717799.9999999999
Mercedes-Benz New C-Class C 220D Avantgarde Edition C,Naivasha,2018,23152,Diesel,Automatic,First,19.27,2143.0,167.62,5.0,5804560.0
Hyundai I10 Magna,Kisumu,2007,71600,Petrol,Manual,Second,20.36,1197.0,78.9,5.0,296000.0
Toyota Fortuner 3.0 Diesel,Nairobi,2010,122000,Diesel,Manual,Second,11.5,2982.0,171.0,7.0,1546599.9999999998
Toyota Camry Hybrid,Mombasa,2016,29277,Petrol,Automatic,First,19.16,2494.0,158.2,5.0,3996000.0
Ford Figo Diesel Zxi,Kisumu,2011,60000,Diesel,Manual,First,20.0,1399.0,68.0,5.0,333000.0
Hyundai Xcent 1.2 Kappa S Option,Kisumu,2014,42000,Petrol,Manual,First,19.1,1197.0,81.86,5.0,510600.0
Hyundai I20 Sportz 1.2,Mombasa,2016,61823,Petrol,Manual,First,18.6,1197.0,81.83,5.0,908720.0
Hyundai I10 Magna Lpg,Nyeri,2012,53000,Lpg,Manual,Second,19.2,1086.0,68.05,5.0,421800.0
Tata Indigo Cs Emax Cng Glx,Mombasa,2015,75000,Cng,Manual,First,24.6,1193.0,55.23,5.0,481000.0
Maruti Dzire Vdi,Kisumu,2011,110000,Diesel,Manual,First,28.4,1248.0,73.75,5.0,592000.0
Honda City 1.5 S Mt,Kisumu,2010,38446,Petrol,Manual,First,17.0,1497.0,118.0,5.0,383320.0
Maruti Baleno Delta 1.3,Nairobi,2017,33000,Diesel,Manual,First,27.39,1248.0,74.0,5.0,1030080.0
Toyota Etios Liva G,Kisumu,2011,42118,Petrol,Manual,First,18.3,1197.0,97.7,5.0,324120.0
Hyundai Eon Era Plus,Nyeri,2016,70000,Petrol,Manual,First,21.1,814.0,55.2,5.0,444000.0
Volkswagen Polo 1.5 Tdi Highline,Nairobi,2012,68038,Diesel,Manual,First,20.14,1498.0,88.0,5.0,532800.0
Chevrolet Beat Diesel Ls,Naivasha,2014,55012,Diesel,Manual,Second,25.44,936.0,57.6,5.0,547600.0
Bmw 5 Series 520D Luxury Line,Thika,2013,55000,Diesel,Automatic,First,22.48,1995.0,190.0,5.0,3219000.0
Mercedes-Benz Glc 220D 4Matic Sport,Nairobi,2017,25000,Diesel,Automatic,First,17.9,2143.0,170.0,5.0,6660000.0
Maruti Alto K10 Vxi,Naivasha,2011,46808,Petrol,Manual,Second,24.07,998.0,67.1,5.0,472120.0
Hyundai Xcent 1.2 Vtvt S,Naivasha,2015,65743,Petrol,Manual,First,20.14,1197.0,81.86,5.0,917600.0
Hyundai I10 Magna 1.1,Naivasha,2013,64466,Petrol,Manual,First,19.81,1086.0,68.05,5.0,586080.0
Tata Indica Dls,Kisumu,2009,75648,Diesel,Manual,First,13.5,1405.0,97.7,5.0,121360.0
Maruti Swift Dzire Tour Ldi,Nyeri,2016,80000,Diesel,Manual,First,23.4,1248.0,74.0,5.0,666000.0
Hyundai Xcent 1.2 Crdi E Plus,Nairobi,2017,69000,Diesel,Manual,First,25.4,1186.0,73.97,5.0,525400.0
Nissan Sunny Diesel Xv,Mombasa,2014,79200,Diesel,Manual,First,22.71,1461.0,84.8,5.0,814000.0
Hyundai Creta 1.6 Sx Option,Nairobi,2016,29477,Petrol,Manual,First,15.8,1591.0,121.3,5.0,1517000.0
Toyota Fortuner 2.8 2Wd At,Nairobi,2017,40000,Diesel,Automatic,First,12.9,2755.0,174.5,7.0,4440000.0
Maruti Ritz Vxi,Eldoret,2014,25000,Petrol,Manual,Second,18.5,1197.0,85.8,5.0,518000.0
Renault Pulse Rxl,Nairobi,2014,67668,Diesel,Manual,First,23.08,1461.0,63.12,5.0,458800.0
Skoda Fabia 1.2 Mpi Ambiente Petrol,Kisumu,2010,78000,Petrol,Manual,First,17.5,1198.0,75.0,5.0,481000.0
Ford Ecosport 1.5 Diesel Titanium,Nairobi,2017,30000,Diesel,Manual,First,23.0,1498.0,98.96,5.0,1330520.0
Volkswagen Vento Petrol Comfortline,Kisumu,2015,70623,Petrol,Manual,First,15.04,1598.0,103.6,5.0,590520.0
Nissan Terrano Xv 110 Ps,Nairobi,2015,54000,Diesel,Manual,Second,19.01,1461.0,108.5,5.0,888000.0
Audi Q3 2012-2015 35 Tdi Quattro Premium,Nairobi,2015,48000,Diesel,Automatic,First,15.73,1968.0,174.33,5.0,2701000.0
Toyota Innova 2.5 Gx (Diesel) 7 Seater,Nairobi,2012,62000,Diesel,Manual,First,12.99,2494.0,100.0,7.0,1147000.0
Tata Zest Revotron 1.2T Xe,Nairobi,2017,47000,Petrol,Manual,Second,17.57,1193.0,88.7,5.0,666000.0
Toyota Fortuner 3.0 Diesel,Nakuru,2014,171000,Diesel,Manual,First,11.5,2982.0,171.0,7.0,2479000.0
Bmw X3 Xdrive20D,Eldoret,2012,108000,Diesel,Automatic,First,16.09,1995.0,184.0,5.0,2590000.0
Maruti Sx4 S Cross Ddis 320 Zeta,Mombasa,2016,41000,Diesel,Manual,First,22.7,1598.0,118.0,5.0,1139600.0
Honda City 1.5 S Mt,Eldoret,2012,66000,Petrol,Manual,Second,17.0,1497.0,118.0,5.0,658600.0
Maruti Swift Dzire Ldi,Nyeri,2015,144000,Diesel,Manual,First,26.59,1248.0,74.0,5.0,777000.0
Bmw 3 Series 320D M Sport,Mombasa,2017,23806,Diesel,Automatic,First,22.69,1995.0,190.0,5.0,4981679.999999999
Nissan Micra Xv Cvt,Mombasa,2013,89000,Petrol,Automatic,Second,19.34,1198.0,76.0,5.0,414400.0
Maruti Baleno Zeta Automatic,Naivasha,2018,38852,Petrol,Automatic,First,21.4,1197.0,83.1,5.0,1253560.0000000002
Maruti Ciaz Zdi Plus,Naivasha,2018,68737,Diesel,Manual,First,26.21,1248.0,88.5,5.0,1379360.0
Mercedes-Benz Cla 200 Cdi Style,Naivasha,2017,23106,Diesel,Automatic,First,17.9,2143.0,136.0,5.0,4059640.0
Honda Mobilio Rs I Dtec,Nairobi,2015,31250,Diesel,Manual,First,24.5,1498.0,98.6,7.0,962000.0
Toyota Innova 2.5 Gx (Diesel) 8 Seater,Nairobi,2014,77795,Diesel,Manual,First,12.99,2494.0,100.6,8.0,1406000.0
Jaguar Xf 3.0 Litre S Premium Luxury,Mombasa,2015,47759,Diesel,Automatic,First,14.74,2993.0,270.9,5.0,4706400.0
Toyota Etios Petrol Trd Sportivo,Mombasa,2013,67620,Petrol,Manual,Second,17.6,1496.0,88.8,5.0,621600.0
Chevrolet Beat Diesel Ls,Mombasa,2013,44378,Diesel,Manual,First,25.44,936.0,57.6,5.0,569800.0
Honda Accord 2.4 M/T,Nairobi,2012,64709,Petrol,Manual,Second,12.8,2354.0,177.6,5.0,888000.0
Maruti Alto Lxi,Kisumu,2007,76161,Petrol,Manual,First,19.7,796.0,46.3,5.0,244200.0
Skoda Octavia Ambition 2.0 Tdi At,Nakuru,2013,58410,Diesel,Automatic,First,19.3,1968.0,141.0,5.0,2146000.0
Toyota Innova 2.5 V Diesel 7-Seater,Nairobi,2011,72000,Diesel,Manual,First,12.8,2494.0,102.0,7.0,1050800.0
Audi A4 35 Tdi Premium Sport,Mombasa,2016,11000,Diesel,Automatic,First,17.11,1968.0,174.33,5.0,4144000.0
Maruti Vitara Brezza Zdi Plus Dual Tone,Mombasa,2017,45362,Diesel,Manual,First,24.3,1248.0,88.5,5.0,1388240.0000000002
Hyundai Grand I10 Sportz,Mombasa,2016,59767,Petrol,Manual,First,18.9,1197.0,82.0,5.0,707440.0
Toyota Corolla Dx,Mombasa,2003,70000,Petrol,Manual,Second,13.4,1794.0,125.0,5.0,251600.0
Tata Hexa Xta,Naivasha,2019,14233,Diesel,Automatic,First,17.6,2179.0,153.86,7.0,2641800.0000000005
Hyundai I20 2015-2017 1.2 Asta,Eldoret,2010,72000,Petrol,Manual,Second,17.0,1197.0,80.0,5.0,407000.0
Hyundai Verna 1.6 Sx Vtvt,Nairobi,2014,11000,Petrol,Manual,First,17.01,1591.0,121.3,5.0,880600.0
Maruti Omni 8 Seater Bsiv,Nairobi,2011,39000,Petrol,Manual,First,14.0,796.0,35.0,5.0,222000.0
Maruti Alto 800 2016-2019 Vxi,Mombasa,2019,19855,Petrol,Manual,First,24.7,796.0,47.3,5.0,562400.0
Mercedes-Benz New C-Class C 220D Avantgarde Edition C,Nakuru,2017,20149,Diesel,Automatic,First,19.27,2143.0,167.62,5.0,5698000.0
Hyundai I10 Era 1.1,Nyeri,2011,70000,Petrol,Manual,First,19.81,1086.0,68.05,5.0,318200.0
Skoda Superb Style 1.8 Tsi At,Nairobi,2010,62004,Petrol,Automatic,Second,14.67,1798.0,177.46,5.0,555000.0
Volkswagen Vento 1.5 Tdi Highline At,Nairobi,2016,25500,Diesel,Automatic,First,21.5,1498.0,108.5,5.0,1324599.9999999998
Maruti Swift Vdi Bsiv,Kisumu,2013,68800,Diesel,Manual,First,17.8,1248.0,97.7,5.0,740000.0
Honda Civic 2010-2013 1.8 V Mt,Eldoret,2010,61700,Petrol,Manual,First,14.8,1799.0,130.2,5.0,436600.0
Bmw 3 Series 320I Sedan,Naivasha,2010,59660,Petrol,Automatic,First,12.05,1995.0,154.0,5.0,1552520.0
Hyundai Santro Xing Gls,Kisumu,2007,69775,Petrol,Manual,Second,17.92,1086.0,62.1,5.0,273800.0
Maruti Swift Vdi Bsiv,Kisumu,2016,51787,Diesel,Manual,First,17.8,1248.0,97.7,5.0,954600.0
Honda Accord 2001-2003 2.3 Vti L At,Nyeri,2009,88000,Petrol,Automatic,First,11.1,2354.0,142.0,5.0,777000.0
Maruti Ertiga Vdi,Kisumu,2014,47052,Diesel,Manual,First,20.77,1248.0,88.76,7.0,886520.0
Ford Fiesta Classic 1.4 Duratorq Lxi,Mombasa,2015,69749,Diesel,Manual,First,18.6,1388.0,67.0,5.0,565360.0
Audi Q7 3.0 Tdi Quattro Premium Plus,Kisumu,2012,79000,Diesel,Automatic,First,12.07,2967.0,241.4,7.0,5772000.0
Audi A4 35 Tdi Premium,Naivasha,2016,39644,Diesel,Automatic,First,17.11,1968.0,174.33,5.0,3811000.0
Tata Indica Vista Quadrajet Vx,Kisumu,2012,137800,Diesel,Manual,First,22.3,1248.0,74.0,5.0,325600.00000000006
Hyundai Verna Crdi Abs,Mombasa,2008,120000,Diesel,Manual,Second,18.1,1493.0,110.0,5.0,296000.0
Mercedes-Benz E-Class E 220 D,Nairobi,2018,11000,Diesel,Automatic,First,16.1,1950.0,194.0,5.0,8362000.0
Bmw 3 Series 320D Luxury Line,Nairobi,2014,18600,Diesel,Automatic,Second,22.69,1995.0,190.0,5.0,3108000.0
Hyundai Grand I10 Crdi Asta,Thika,2014,116905,Diesel,Manual,First,24.0,1120.0,70.0,5.0,592000.0
Hyundai I10 Sportz At,Naivasha,2011,32824,Petrol,Automatic,First,16.95,1197.0,78.9,5.0,566840.0
Maruti Swift Vxi Bsiv,Mombasa,2016,19148,Petrol,Manual,First,16.1,1197.0,85.0,5.0,871720.0
Hyundai Santro Xing Gls,Kisumu,2010,35008,Petrol,Manual,First,17.92,1086.0,62.1,5.0,201280.0
Bmw 6 Series Gran Coupe,Nairobi,2013,21000,Diesel,Automatic,Second,17.54,2993.0,313.0,4.0,6512000.0
Maruti Sx4 Green Vxi (Cng),Nairobi,2014,53000,Cng,Manual,First,22.1,1586.0,85.7,5.0,482480.0
Hyundai Verna 1.4 Vtvt,Nakuru,2016,36000,Petrol,Manual,First,17.43,1396.0,105.5,5.0,1184000.0
Maruti Swift Dzire Zdi,Thika,2012,56121,Diesel,Manual,First,23.4,1248.0,74.0,5.0,629000.0
Maruti Swift Vdi,Eldoret,2018,30000,Diesel,Manual,First,28.4,1248.0,74.0,5.0,888000.0
Skoda Octavia 2.0 Tdi At Style Plus,Mombasa,2016,31021,Diesel,Automatic,First,19.5,1968.0,141.0,5.0,2458280.0
Renault Duster 110Ps Diesel Rxl,Naivasha,2013,52600,Diesel,Manual,First,19.6,1461.0,108.45,5.0,1074480.0
Mahindra Scorpio 2.6 Crde,Nakuru,2005,60000,Diesel,Manual,First,10.5,2179.0,120.0,8.0,592000.0
Bmw 5 Series 2013-2017 520D Luxury Line,Thika,2016,44001,Diesel,Automatic,First,18.12,1995.0,190.0,5.0,5107480.0
Maruti Wagon R Vxi Bsiii,Mombasa,2003,101000,Petrol,Manual,Third,17.3,1061.0,64.0,5.0,140600.0
Maruti Wagon R Lxi Bsiii,Kisumu,2007,84169,Petrol,Manual,First,14.0,1061.0,64.0,5.0,325600.00000000006
Hyundai I20 Sportz 1.2,Nairobi,2017,14001,Petrol,Manual,First,18.6,1197.0,81.83,5.0,851000.0
Hyundai Santro Xing Xo Cng,Eldoret,2005,100000,Cng,Manual,Third,17.0,1086.0,97.7,5.0,177600.0
Land Rover Discovery Se 3.0 Td6,Nairobi,2016,59000,Diesel,Automatic,First,18.0,2993.0,255.0,7.0,5439000.0
Mercedes-Benz New C-Class 230 Avantgarde,Kisumu,2009,29000,Petrol,Automatic,Second,11.7,1796.0,178.0,5.0,1480000.0
Bmw 5 Series 520D Sedan,Mombasa,2014,64158,Diesel,Automatic,First,18.48,1493.0,97.7,5.0,2647720.0
Nissan Sunny 2011-2014 Diesel Xv,Nairobi,2012,38800,Diesel,Manual,First,21.64,1461.0,84.8,5.0,599400.0
Audi Q7 3.0 Tdi Quattro,Kisumu,2011,98000,Diesel,Automatic,First,12.07,2967.0,241.4,7.0,3256000.0
Mercedes-Benz Cla 200 Cdi Sport,Naivasha,2017,20969,Diesel,Automatic,First,17.9,2143.0,136.0,5.0,4124760.0
Maruti Vitara Brezza Zdi,Kisumu,2018,2900,Diesel,Manual,First,24.3,1248.0,88.5,5.0,1295000.0
Maruti Swift Dzire Vdi Bsiv,Kisumu,2016,69000,Diesel,Manual,First,19.3,1248.0,73.9,5.0,708920.0
Skoda Rapid 1.5 Tdi Ambition,Naivasha,2018,5833,Diesel,Manual,First,21.13,1498.0,108.4,5.0,1764160.0
Audi Q7 35 Tdi Quattro Technology,Naivasha,2016,28733,Diesel,Automatic,Second,12.07,2967.0,241.4,7.0,7860280.0
Maruti Wagon R Lxi,Nyeri,2006,145000,Petrol,Manual,First,18.9,998.0,67.1,5.0,170199.99999999997
Honda City I Dtec Vx Option,Eldoret,2014,71000,Diesel,Manual,First,25.1,1498.0,98.6,5.0,1102600.0
Hyundai Eon Magna Plus,Nyeri,2017,12000,Petrol,Manual,First,21.1,814.0,55.2,5.0,518000.0
Mercedes-Benz E-Class 2015-2017 E350 Cdi Avantgrade,Mombasa,2018,21603,Diesel,Automatic,First,13.0,2987.0,265.0,5.0,10382200.000000002
Hyundai Santro Gls Ii - Euro Ii,Nakuru,2011,65000,Petrol,Manual,Second,0.0,1493.0,97.7,5.0,466200.0
Bmw 3 Series 320D,Kisumu,2013,58000,Diesel,Automatic,First,13.2,1995.0,170.0,5.0,2886000.0
Bmw 3 Series 318I Sedan,Eldoret,2012,39000,Petrol,Automatic,Second,12.05,1995.0,154.0,5.0,2220000.0
Mahindra Nuvosport N8,Naivasha,2017,37712,Diesel,Manual,First,17.45,1493.0,100.0,7.0,1120360.0
Maruti Ritz Vxi,Kisumu,2012,68000,Petrol,Manual,First,18.5,1197.0,85.8,5.0,651200.0000000001
Bmw X6 Xdrive 40D M Sport,Mombasa,2016,25000,Diesel,Automatic,First,15.87,2993.0,308.43,5.0,8880000.0
Chevrolet Beat Lt,Kisumu,2010,30000,Petrol,Manual,First,18.6,1199.0,79.4,5.0,236800.0
Maruti Swift Dzire Vxi,Eldoret,2014,68218,Petrol,Manual,First,19.1,1197.0,85.8,5.0,725200.0000000001
Maruti Ertiga Zdi,Nairobi,2014,52000,Diesel,Manual,First,20.77,1248.0,88.8,7.0,880600.0
Renault Duster 85Ps Diesel Rxl,Naivasha,2015,63591,Diesel,Manual,First,20.45,1461.0,83.8,5.0,791800.0
Honda Amaze Vx At I-Vtech,Kisumu,2014,57937,Petrol,Automatic,First,15.5,1198.0,86.7,5.0,799200.0
Audi A4 2.0 Tdi Premium Sport Limited Edition,Naivasha,2015,21979,Diesel,Automatic,First,17.11,1968.0,174.33,5.0,3470600.0
Skoda Octavia Ambiente 1.9 Tdi Mt,Kisumu,2002,99000,Diesel,Manual,Second,18.7,1896.0,66.0,5.0,281200.0
Honda Amaze E I-Dtech,Eldoret,2016,62000,Diesel,Manual,First,25.8,1498.0,98.6,5.0,902800.0
Toyota Innova 2.5 Ev Diesel Ms 8 Str Bsiii,Nairobi,2006,127001,Diesel,Manual,First,12.8,2494.0,102.0,8.0,732600.0
Hyundai Eon D Lite Plus,Kisumu,2013,84600,Petrol,Manual,Second,21.1,814.0,55.2,5.0,370000.0
Datsun Redi-Go T Option,Mombasa,2018,30953,Petrol,Manual,First,22.7,799.0,53.64,5.0,515040.0
Maruti Swift Vdi,Mombasa,2012,78000,Diesel,Manual,First,22.9,1248.0,74.0,5.0,651200.0000000001
Mitsubishi Pajero 2.8 Glx Sports,Kisumu,2008,85000,Diesel,Manual,First,9.5,2835.0,118.6,6.0,1182520.0
Volvo S80 D5,Kisumu,2008,79000,Diesel,Automatic,First,13.1,2400.0,215.0,5.0,1626520.0
Toyota Fortuner 4X2 At,Nairobi,2014,79000,Diesel,Automatic,First,12.55,2982.0,168.5,7.0,2738000.0
Jeep Compass 2.0 Limited 4X4,Naivasha,2018,48188,Diesel,Manual,First,16.3,1956.0,170.0,5.0,3210120.0
Maruti Swift Dzire Vdi,Naivasha,2014,67557,Diesel,Manual,First,23.4,1248.0,74.0,5.0,765160.0
Hyundai Verna 1.6 Sx,Nairobi,2011,103814,Diesel,Manual,Second,22.32,1582.0,126.32,5.0,666000.0
Mahindra Scorpio Vlx 2Wd Bsiv,Kisumu,2014,45128,Diesel,Manual,First,12.05,2179.0,120.0,8.0,999000.0
Hyundai I10 Era,Mombasa,2013,56075,Petrol,Manual,First,19.81,1086.0,68.05,5.0,461760.0
Toyota Innova 2.5 G (Diesel) 8 Seater,Kisumu,2011,166000,Diesel,Manual,First,12.99,2494.0,100.6,8.0,1221000.0
Toyota Innova Crysta 2.8 Zx At,Naivasha,2017,65367,Diesel,Automatic,First,11.36,2755.0,171.5,7.0,2980720.0
Toyota Innova 2.5 G (Diesel) 8 Seater,Kisumu,2013,114708,Diesel,Manual,First,12.99,2494.0,100.0,8.0,1864800.0
Maruti Swift Dzire Zdi,Mombasa,2015,35082,Diesel,Manual,First,23.4,1248.0,74.0,5.0,978280.0
Hyundai Creta 1.6 Crdi At Sx Plus,Mombasa,2016,38593,Diesel,Automatic,First,17.01,1582.0,126.2,5.0,1958040.0
Toyota Innova 2.5 G (Diesel) 8 Seater Bs Iv,Nairobi,2008,70700,Diesel,Manual,First,12.99,2494.0,100.0,8.0,703000.0
Volkswagen Vento Diesel Highline,Nairobi,2011,83000,Diesel,Manual,Second,20.54,1598.0,103.6,5.0,429200.0
Chevrolet Tavera Ls B3 10 Seats Bsiii,Kisumu,2015,120000,Diesel,Manual,First,14.8,2499.0,80.0,10.0,814000.0
Mahindra Ssangyong Rexton Rx7,Mombasa,2014,91586,Diesel,Automatic,Second,11.18,2696.0,184.0,7.0,1401560.0000000002
Hyundai I10 Magna,Nairobi,2008,38235,Petrol,Manual,First,20.36,1197.0,78.9,5.0,288600.0
Hyundai I10 Sportz 1.2,Kisumu,2011,37000,Petrol,Manual,First,20.36,1197.0,78.9,5.0,325600.00000000006
Hyundai Santro Xing Xg Erlx Euro Iii,Nairobi,2006,50888,Petrol,Manual,First,17.0,1086.0,97.7,5.0,170199.99999999997
Honda Amaze S I-Vtech,Nakuru,2013,44000,Petrol,Manual,Second,18.0,1198.0,86.7,5.0,643799.9999999999
Maruti Celerio Zxi At,Eldoret,2016,54000,Petrol,Automatic,First,23.1,998.0,67.04,5.0,666000.0
Hyundai Grand I10 Asta,Mombasa,2013,90000,Petrol,Manual,First,18.9,1197.0,82.0,5.0,525400.0
Maruti Swift Dzire Vdi,Kisumu,2015,35000,Diesel,Manual,First,19.3,1248.0,73.9,5.0,703000.0
Hyundai I10 Sportz,Naivasha,2012,47324,Petrol,Manual,Second,20.36,1197.0,78.9,5.0,668959.9999999999
Bmw X1 Sdrive 20D Exclusive,Nairobi,2012,65148,Diesel,Automatic,First,15.06,1995.0,177.0,5.0,1887000.0
Audi A4 2.0 Tdi 177 Bhp Premium Plus,Naivasha,2014,57773,Diesel,Automatic,Second,17.11,1968.0,174.33,5.0,2965920.0
Nissan Terrano Xl 85 Ps,Nakuru,2014,87000,Diesel,Manual,First,20.45,1461.0,83.8,5.0,962000.0
Mitsubishi Montero 3.2 Gls,Mombasa,2007,179032,Diesel,Manual,First,11.56,3200.0,199.3,7.0,1110000.0
Maruti Wagon R Vxi Amt,Nairobi,2016,8000,Petrol,Automatic,First,22.5,998.0,67.0,5.0,614200.0000000001
Honda Civic 2006-2010 1.8 (E) Mt,Kisumu,2007,77000,Petrol,Manual,First,13.5,1799.0,130.0,5.0,370000.0
Hyundai I20 2015-2017 Magna 1.2,Eldoret,2016,20600,Petrol,Manual,First,18.6,1197.0,81.83,5.0,799200.0
Maruti Alto K10 Vxi,Nairobi,2016,13198,Petrol,Manual,First,24.07,998.0,67.1,5.0,466200.0
Audi Q7 35 Tdi Quattro Technology,Nakuru,2015,21000,Diesel,Automatic,Second,12.07,2967.0,241.4,7.0,7770000.0
Hyundai I20 Sportz Option 1.2,Nairobi,2016,38000,Petrol,Manual,First,18.6,1197.0,81.83,5.0,880600.0
Tata Tiago Amt 1.2 Revotron Xza,Naivasha,2019,15379,Petrol,Automatic,First,23.84,1199.0,83.83,5.0,1031560.0
Hyundai I10 Sportz 1.2,Kisumu,2011,60000,Petrol,Manual,First,20.36,1197.0,78.9,5.0,473600.0
Hyundai Santro Xing Xp,Eldoret,2007,70000,Petrol,Manual,First,0.0,1086.0,97.7,5.0,165760.00000000003
Renault Duster 85Ps Diesel Rxl Optional,Nakuru,2013,75371,Diesel,Manual,First,20.46,1461.0,83.8,5.0,990120.0
Tata Xenon Xt Ex 4X4,Nakuru,2014,60000,Diesel,Manual,Second,13.49,2179.0,138.03,5.0,873200.0
Hyundai I20 Magna,Kisumu,2009,30675,Petrol,Manual,First,18.5,1197.0,80.0,5.0,333000.0
Maruti Swift Dzire Vdi,Kisumu,2013,22000,Diesel,Manual,First,23.4,1248.0,74.0,5.0,666000.0
Hyundai Eon Magna,Eldoret,2015,55000,Petrol,Manual,First,22.0,814.0,55.0,5.0,386280.0
Mercedes-Benz New C-Class 220 Cdi At,Nyeri,2010,74213,Diesel,Automatic,First,14.84,2143.0,170.0,5.0,1702000.0
Mini Cooper Convertible S,Nairobi,2016,15000,Petrol,Automatic,First,16.82,1998.0,189.08,4.0,5180000.0
Tata Nano Cx,Nyeri,2010,57000,Petrol,Manual,First,26.0,624.0,35.0,4.0,74000.0
Maruti Ciaz Zdi Plus,Kisumu,2015,62144,Diesel,Manual,Second,26.21,1248.0,88.5,5.0,851000.0
Hyundai Verna Crdi 1.6 Sx Option,Eldoret,2017,50000,Diesel,Manual,First,22.0,1582.0,126.2,5.0,1702000.0
Hyundai Eon Era Plus,Nyeri,2015,38000,Petrol,Manual,First,21.1,814.0,55.2,5.0,407000.0
Bmw 5 Series 2013-2017 520D Luxury Line,Mombasa,2016,30000,Diesel,Automatic,Second,18.12,1995.0,190.0,5.0,4662000.0
Honda Brio S Mt,Mombasa,2016,38735,Petrol,Manual,First,19.4,1198.0,86.8,5.0,728160.0
Maruti Ritz Vdi,Eldoret,2012,23598,Diesel,Manual,First,23.2,1248.0,73.94,5.0,520960.0
Bmw 3 Series 320D Prestige,Mombasa,2014,70000,Diesel,Automatic,First,18.88,1995.0,184.0,5.0,2597400.0
Maruti Swift Dzire Ldi,Eldoret,2016,39000,Diesel,Manual,First,26.59,1248.0,74.0,5.0,858400.0
Maruti Swift Dzire Vdi,Kisumu,2013,84175,Diesel,Manual,First,23.4,1248.0,74.0,5.0,1028600.0
Renault Scala Rxl,Kisumu,2013,45000,Petrol,Manual,First,16.95,1498.0,97.6,5.0,355200.0
Chevrolet Cruze Ltz At,Nairobi,2013,59302,Diesel,Automatic,First,14.39,1998.0,163.7,5.0,777000.0
Maruti Swift Dzire Zxi,Thika,2012,55002,Petrol,Manual,First,17.5,1298.0,85.8,5.0,629000.0
Tata Indigo Cs Lx (Tdi) Bs Iii,Nyeri,2008,128813,Diesel,Manual,First,19.09,1396.0,69.0,5.0,222000.0
Hyundai Grand I10 Crdi Sportz,Nyeri,2016,46522,Diesel,Manual,First,24.0,1120.0,70.0,5.0,666000.0
Tata Indica Vista Quadrajet Ls,Eldoret,2014,180000,Diesel,Manual,First,22.3,1248.0,74.0,5.0,370000.0
Ford Fiesta 1.4 Tdci Exi,Mombasa,2006,89326,Diesel,Manual,Third,17.8,1399.0,68.0,5.0,229400.0
Renault Duster 85Ps Diesel Rxe,Eldoret,2016,54000,Diesel,Manual,First,19.87,1461.0,83.8,5.0,962000.0
Bmw 5 Series 520D Sedan,Eldoret,2012,95000,Diesel,Automatic,Second,18.48,1493.0,97.7,5.0,2664000.0
Hyundai Grand I10 Crdi Sportz Edition,Mombasa,2015,66337,Diesel,Manual,First,24.0,1120.0,70.0,5.0,734080.0
Honda Brio S Mt,Nakuru,2012,60000,Petrol,Manual,First,19.4,1198.0,86.8,5.0,481000.0
Audi A4 1.8 Tfsi,Kisumu,2010,38001,Petrol,Automatic,First,12.3,1781.0,163.2,5.0,1258000.0
Maruti Alto 800 2016-2019 Lxi,Nakuru,2014,73000,Petrol,Manual,Second,24.7,796.0,47.3,5.0,407000.0
Hyundai Verna Transform Sx Vtvt,Nakuru,2011,61000,Petrol,Manual,Second,16.2,1599.0,103.2,5.0,503200.0
Maruti Ertiga Zdi,Kisumu,2013,120000,Diesel,Manual,First,20.77,1248.0,88.8,7.0,1036000.0
Chevrolet Optra Magnum 1.6 Lt Abs Bs3,Mombasa,2012,71787,Petrol,Manual,First,12.9,1598.0,102.5,5.0,475080.0
Hyundai Creta 1.6 Crdi Sx Option,Naivasha,2016,11554,Diesel,Manual,First,19.67,1582.0,126.2,5.0,2109000.0
Volkswagen Vento 1.5 Tdi Highline,Kisumu,2014,90000,Diesel,Manual,First,20.34,1498.0,103.2,5.0,962000.0
Honda City I Vtec Sv,Kisumu,2014,48104,Petrol,Manual,First,17.4,1497.0,117.3,5.0,812520.0
Hyundai Getz Gls Abs,Eldoret,2005,91000,Petrol,Manual,Third,16.8,1341.0,83.0,5.0,118400.0
Hyundai Santro Xing Xg Erlx Euro Iii,Mombasa,2007,58815,Petrol,Manual,First,17.0,1086.0,97.7,5.0,294520.0
Hyundai Grand I10 At Asta,Naivasha,2015,33931,Petrol,Automatic,Second,18.9,1197.0,82.0,5.0,874680.0
Hyundai Grand I10 1.2 Kappa Sportz Option,Naivasha,2019,13916,Petrol,Manual,First,18.9,1197.0,81.86,5.0,953120.0
Maruti Wagon R Lxi Cng,Eldoret,2012,90400,Cng,Manual,First,26.2,998.0,58.2,5.0,429200.0
Hyundai Grand I10 Sportz,Nyeri,2015,14000,Petrol,Manual,First,18.9,1197.0,82.0,5.0,680799.9999999999
Maruti Swift Vdi Bsiv,Eldoret,2007,121000,Diesel,Manual,Second,17.8,1248.0,97.7,5.0,347800.0
Hyundai I20 Asta 1.2,Naivasha,2016,17560,Petrol,Manual,First,18.6,1197.0,81.83,5.0,1067080.0
Renault Duster 85Ps Diesel Rxl,Eldoret,2016,60000,Diesel,Manual,First,19.87,1461.0,83.8,5.0,1184000.0
Maruti Swift Dzire Vdi,Kisumu,2009,88096,Diesel,Manual,Second,19.3,1248.0,73.9,5.0,518000.0
Toyota Innova 2.5 G (Diesel) 8 Seater Bs Iv,Eldoret,2008,178280,Diesel,Manual,First,12.8,2494.0,102.0,8.0,873200.0
Tata Nano Twist Xt,Naivasha,2015,19963,Petrol,Manual,Second,25.4,624.0,37.5,4.0,257520.0
Ford Figo 2015-2019 1.2P Sports Edition Mt,Nairobi,2019,1000,Petrol,Manual,First,18.12,1196.0,86.8,5.0,1006400.0
Hyundai I20 1.2 Asta Option,Nyeri,2017,8000,Petrol,Manual,First,18.6,1197.0,81.83,5.0,1110000.0
Honda Brv I-Vtec V Mt,Eldoret,2016,9200,Petrol,Manual,First,15.4,1497.0,117.3,7.0,1184000.0
Honda Amaze S Diesel,Kisumu,2015,29000,Diesel,Manual,First,27.4,1498.0,98.6,5.0,886520.0
Hyundai Creta 1.6 Crdi Sx,Nairobi,2017,27000,Diesel,Manual,First,19.67,1582.0,126.2,5.0,1909200.0
Maruti Baleno Zeta 1.2,Nairobi,2018,22900,Petrol,Manual,First,21.4,1197.0,83.1,5.0,1036000.0
Audi Q5 2.0 Tdi Technology,Kisumu,2014,50000,Diesel,Automatic,First,14.16,1968.0,174.3,5.0,5180000.0
Honda Amaze S I-Dtec,Nyeri,2015,60207,Diesel,Manual,First,25.8,1498.0,98.6,5.0,814000.0
Bmw X5 3.0D,Naivasha,2010,101119,Diesel,Automatic,First,11.0,2993.0,235.0,5.0,2732080.0
Ford Figo Petrol Titanium,Nyeri,2010,42000,Petrol,Manual,First,15.6,1196.0,70.0,5.0,355200.0
Maruti Wagon R Vxi,Eldoret,2002,93000,Petrol,Manual,Third,18.9,998.0,67.1,5.0,148000.0
Hyundai I10 Era,Thika,2012,60000,Petrol,Manual,Second,19.81,1086.0,68.05,5.0,392200.0
Skoda Rapid 1.5 Tdi At Elegance,Mombasa,2015,66122,Diesel,Automatic,First,21.66,1498.0,103.52,5.0,882080.0
Porsche Panamera Diesel,Kisumu,2015,25100,Diesel,Automatic,First,17.85,2967.0,300.0,4.0,11100000.0
Mercedes-Benz Cla 200 Sport Edition,Mombasa,2017,24733,Petrol,Automatic,First,15.04,1991.0,183.0,5.0,4018200.0
Audi A6 2.8 Fsi,Thika,2008,41000,Petrol,Automatic,Second,10.4,2773.0,201.0,5.0,1554000.0
Maruti Ciaz Zxi Plus,Mombasa,2015,30000,Petrol,Manual,First,20.73,1373.0,91.1,5.0,991600.0
Ford Ecosport 1.5 Dv5 Mt Titanium,Kisumu,2013,36000,Diesel,Manual,First,22.7,1498.0,89.84,5.0,725200.0000000001
Mahindra Bolero Mhawk D70 Zlx,Kisumu,2017,40279,Diesel,Manual,First,16.5,1493.0,70.0,7.0,1184000.0
Maruti Alto K10 Vxi,Mombasa,2018,46805,Petrol,Manual,First,24.07,998.0,67.1,5.0,537240.0
Maruti Swift Dzire 1.2 Vxi Bsiv,Nairobi,2015,60000,Petrol,Manual,First,17.5,1197.0,85.8,5.0,710400.0
Tata Zest Revotron 1.2T Xe,Nairobi,2017,100000,Petrol,Manual,First,17.57,1193.0,88.7,5.0,629000.0
Maruti Swift 1.3 Vxi,Kisumu,2014,32986,Petrol,Manual,First,16.1,1493.0,97.7,5.0,627520.0
Ford Endeavour 3.2 Trend At 4X4,Naivasha,2018,51530,Diesel,Automatic,First,10.91,3198.0,197.2,7.0,4479960.0
Mercedes-Benz New C-Class C 220 Cdi Classic,Nyeri,2013,81456,Diesel,Manual,First,15.8,2148.0,170.0,5.0,2109000.0
Hyundai I10 Sportz At,Thika,2012,37229,Petrol,Automatic,First,16.95,1197.0,78.9,5.0,504680.0
Honda City 1.5 S Mt,Nairobi,2009,73200,Petrol,Manual,First,17.0,1497.0,118.0,5.0,411440.0
Skoda Octavia Elegance 2.0 Tdi At,Thika,2015,71826,Diesel,Automatic,First,19.3,1968.0,141.0,5.0,2294000.0
Tata Indica V2 Els,Mombasa,2017,129000,Diesel,Manual,First,25.0,1396.0,69.0,5.0,444000.0
Maruti Wagon R Vxi Bsii,Eldoret,2012,82000,Petrol,Manual,First,18.9,998.0,67.1,5.0,340399.99999999994
Hyundai Creta 1.6 Crdi Sx,Mombasa,2017,40459,Diesel,Manual,First,19.67,1582.0,126.2,5.0,1965440.0
Maruti A-Star Lxi,Kisumu,2009,61964,Petrol,Manual,First,19.0,998.0,66.1,5.0,333000.0
Maruti Wagon R Lxi,Mombasa,2011,15466,Petrol,Manual,First,22.5,998.0,67.04,5.0,497280.0
Honda Mobilio E I Vtec,Kisumu,2014,23000,Petrol,Manual,First,17.3,1497.0,117.3,7.0,629000.0
Hyundai I10 Magna,Naivasha,2012,43766,Petrol,Manual,First,20.36,1197.0,78.9,5.0,636400.0
Skoda Superb 3.6 V6 Fsi,Kisumu,2010,54000,Petrol,Automatic,First,0.0,3597.0,262.6,5.0,888000.0
Hyundai I20 1.4 Sportz,Naivasha,2018,18521,Diesel,Manual,First,22.54,1396.0,88.73,5.0,1358640.0
Maruti Celerio Zxi Optional,Kisumu,2017,26400,Petrol,Manual,First,23.1,998.0,67.04,5.0,738520.0
Skoda Laura 1.8 Tsi Ambiente,Eldoret,2011,31900,Petrol,Manual,First,13.4,1798.0,157.8,5.0,555000.0
Ford Figo Diesel Lxi,Mombasa,2010,39000,Diesel,Manual,First,20.0,1399.0,68.0,5.0,370000.0
Honda Jazz 1.5 Vx I Dtec,Kisumu,2016,45671,Diesel,Manual,First,27.3,1498.0,98.6,5.0,1065600.0
Mercedes-Benz E-Class 2015-2017 E250 Edition E,Thika,2016,39500,Diesel,Automatic,First,15.0,2143.0,204.0,5.0,4366000.0
Mercedes-Benz Gla Class 200 Cdi Sport,Mombasa,2015,54000,Diesel,Automatic,First,17.9,2143.0,136.0,5.0,2597400.0
Volvo S60 D3,Mombasa,2012,20000,Diesel,Automatic,First,18.5,1985.0,163.0,5.0,1776000.0
Audi A8 L 3.0 Tdi Quattro,Nakuru,2009,55000,Diesel,Automatic,First,11.8,2967.0,246.7,5.0,1998000.0
Hyundai Verna 1.6 Sx Crdi (O) At,Kisumu,2014,48000,Diesel,Automatic,First,22.32,1582.0,126.32,5.0,754799.9999999999
Bmw 3 Series 320D,Kisumu,2011,70000,Diesel,Automatic,First,22.69,1995.0,190.0,5.0,1524400.0000000002
Hyundai Verna 1.6 Sx,Nairobi,2014,62000,Diesel,Manual,First,22.32,1582.0,126.32,5.0,843600.0
Maruti Wagon R Vxi,Mombasa,2014,41994,Petrol,Manual,First,22.5,998.0,67.04,5.0,504680.0
Ford Figo Diesel Exi,Kisumu,2010,108882,Diesel,Manual,Second,20.0,1399.0,68.0,5.0,355200.0
Mahindra Kuv 100 Mfalcon G80 K2,Naivasha,2017,24806,Petrol,Manual,First,18.15,1198.0,82.0,6.0,828800.0
Tata Indigo Ls,Eldoret,2006,160000,Diesel,Manual,First,17.0,1405.0,70.0,5.0,148000.0
Mahindra Tuv 300 T8 Amt,Kisumu,2017,30000,Diesel,Automatic,First,18.49,1493.0,100.0,7.0,1213599.9999999998
Audi Q3 35 Tdi Quattro Premium Plus,Nakuru,2015,51000,Diesel,Automatic,First,15.17,1968.0,181.0,5.0,4070000.0
Maruti Wagon R Vxi 1.2,Nyeri,2015,64876,Petrol,Manual,First,21.5,1197.0,81.8,5.0,518000.0
Maruti Celerio Cng Vxi Mt,Mombasa,2016,70536,Cng,Manual,First,31.79,998.0,58.33,5.0,677840.0
Maruti Vitara Brezza Zdi Plus Dual Tone,Naivasha,2017,25299,Diesel,Manual,First,24.3,1248.0,88.5,5.0,1530320.0
Mahindra Scorpio Dx 2.6 Turbo 8 Str,Nairobi,2006,89869,Diesel,Manual,First,12.7,2609.0,116.6,8.0,481000.0
Hyundai Tucson Crdi,Nyeri,2007,103515,Diesel,Manual,Third,12.6,1991.0,112.0,7.0,740000.0
Hyundai Santro Xing Gls,Kisumu,2008,68282,Petrol,Manual,First,17.92,1086.0,62.1,5.0,333000.0
Porsche Panamera Diesel 250Hp,Mombasa,2014,60033,Diesel,Automatic,First,18.18,2967.0,250.0,4.0,7624960.0
Maruti Vitara Brezza Vdi Option,Mombasa,2018,51921,Diesel,Manual,First,24.3,1248.0,88.5,5.0,1275759.9999999998
Maruti Swift Dzire Vdi,Nairobi,2017,18414,Diesel,Manual,First,23.4,1248.0,74.0,5.0,1073000.0
Honda Amaze V Petrol,Mombasa,2016,40866,Petrol,Manual,First,19.5,1199.0,86.76,5.0,809560.0
Jaguar Xf 2.2 Litre Luxury,Eldoret,2014,55001,Diesel,Automatic,First,16.36,2179.0,187.7,5.0,4588000.0
Mini Cooper Convertible S,Mombasa,2017,20469,Petrol,Automatic,First,16.82,1998.0,189.08,4.0,5325039.999999999
Hyundai Eon Era Plus,Nyeri,2017,8500,Petrol,Manual,First,21.1,814.0,55.2,5.0,506160.0
Audi A6 3.0 Tdi Quattro,Thika,2008,45000,Diesel,Automatic,Second,16.77,2967.0,241.38,5.0,1702000.0
Hyundai I20 Active 1.2 Sx Dual Tone,Eldoret,2016,6000,Petrol,Manual,First,17.19,1197.0,81.86,5.0,1073000.0
Maruti Swift Amt Ddis Vdi,Mombasa,2018,11000,Diesel,Manual,First,28.4,1248.0,74.0,5.0,1184000.0
Ford Ecosport 1.5 Dv5 Mt Titanium,Mombasa,2015,80064,Diesel,Manual,First,22.7,1498.0,89.84,5.0,1084840.0
Maruti Wagon R Vxi Bs Iv With Abs,Kisumu,2016,29930,Petrol,Manual,First,18.9,998.0,67.1,5.0,495800.0
Volkswagen Vento 1.5 Tdi Highline,Nairobi,2013,49105,Diesel,Manual,First,20.34,1498.0,103.2,5.0,651200.0000000001
Toyota Etios Vx,Kisumu,2012,55000,Petrol,Manual,First,17.6,1496.0,88.7,5.0,442520.0
Honda Jazz 1.2 Sv I Vtec,Nakuru,2015,23000,Petrol,Manual,First,18.7,1199.0,88.7,5.0,828800.0
Volkswagen Crosspolo 1.5 Tdi,Naivasha,2016,54727,Diesel,Manual,First,20.14,1498.0,88.73,5.0,981240.0
Volkswagen Ameo 1.5 Tdi Highline,Mombasa,2018,31426,Diesel,Manual,First,21.66,1498.0,108.62,5.0,1169200.0
Honda City V Mt Exclusive,Mombasa,2015,53442,Petrol,Manual,First,16.8,1497.0,116.3,5.0,1036000.0
Honda Brio Vx At,Kisumu,2014,28000,Petrol,Automatic,First,16.5,1198.0,86.8,5.0,732600.0
Skoda Rapid 1.6 Mpi At Style,Nairobi,2017,13412,Petrol,Automatic,First,14.3,1598.0,103.52,5.0,1360120.0
Hyundai Verna Crdi,Kisumu,2011,70000,Diesel,Manual,First,16.8,1493.0,110.0,5.0,754799.9999999999
Hyundai I20 Active S Diesel,Nyeri,2015,81310,Diesel,Manual,First,21.19,1396.0,88.76,5.0,873200.0
Maruti Baleno Alpha Cvt,Mombasa,2019,13574,Petrol,Automatic,First,21.4,1197.0,83.1,5.0,1407480.0
Honda Cr-V 2.4L 4Wd Mt,Nairobi,2008,75000,Petrol,Manual,Second,11.1,2354.0,158.8,5.0,577200.0
Maruti Swift Dzire Vxi,Naivasha,2014,58310,Petrol,Manual,Second,19.1,1197.0,85.8,5.0,797720.0
Maruti Swift Dzire Vdi,Eldoret,2009,90000,Diesel,Manual,Second,19.3,1248.0,73.9,5.0,444000.0
Maruti Swift Dzire Zdi,Nyeri,2012,83000,Diesel,Manual,First,23.4,1248.0,74.0,5.0,636400.0
Maruti Swift Dzire Zxi,Nyeri,2017,37282,Petrol,Manual,First,20.85,1197.0,83.14,5.0,999000.0
Hyundai Grand I10 Sportz,Nyeri,2017,23000,Petrol,Manual,First,18.9,1197.0,82.0,5.0,666000.0
Ford Fiesta 1.4 Zxi Tdci Abs,Mombasa,2010,82000,Diesel,Manual,First,17.8,1399.0,68.0,5.0,407000.0
Hyundai Verna 1.6 Crdi S,Mombasa,2016,31000,Diesel,Manual,First,23.9,1582.0,126.2,5.0,1332000.0
Maruti Wagon R Vx,Nyeri,2001,200000,Petrol,Manual,First,12.0,1493.0,97.7,5.0,103600.0
Ford Figo Diesel Exi,Nairobi,2014,45001,Diesel,Manual,Second,20.0,1399.0,68.05,5.0,377399.99999999994
Tata Manza Aqua Quadrajet Bs Iv,Naivasha,2014,50446,Diesel,Manual,First,21.12,1248.0,88.8,5.0,523920.0
Honda Civic 2006-2010 1.8 S Mt,Thika,2009,89000,Petrol,Manual,First,13.5,1799.0,130.0,5.0,629000.0
Maruti Alto Lx Bsiii,Thika,2007,72000,Petrol,Manual,Second,19.7,796.0,46.3,5.0,177600.0
Bmw 5 Series 520D Luxury Line,Thika,2013,90000,Diesel,Automatic,First,22.48,1995.0,190.0,5.0,2886000.0
Mahindra Xuv500 W8 2Wd,Nakuru,2015,76000,Diesel,Manual,Second,16.0,2179.0,140.0,7.0,1776000.0
Maruti Ritz Vdi,Kisumu,2012,78401,Diesel,Manual,First,23.2,1248.0,73.94,5.0,577200.0
Maruti Vitara Brezza Zdi Plus,Mombasa,2017,38426,Diesel,Manual,First,24.3,1248.0,88.5,5.0,1351240.0000000002
Maruti Eeco 7 Seater Standard,Eldoret,2011,45000,Petrol,Manual,First,15.1,1196.0,73.0,7.0,333000.0
Maruti Swift Dzire 1.2 Vxi Bsiv,Nairobi,2012,83000,Petrol,Manual,First,17.5,1197.0,85.8,5.0,481000.0
Hyundai Creta 1.6 Crdi At Sx Plus,Naivasha,2017,50170,Diesel,Automatic,First,17.01,1582.0,126.2,5.0,2188920.0
Maruti Wagon R Lxi,Nairobi,2010,37822,Petrol,Manual,First,22.5,998.0,67.04,5.0,347800.0
Maruti Celerio Zdi,Kisumu,2015,33517,Diesel,Manual,First,27.62,793.0,47.0,5.0,458800.0
Hyundai Santa Fe 2Wd At,Nairobi,2014,110000,Diesel,Automatic,First,13.01,2199.0,194.3,7.0,1909200.0
Hyundai Eon D Lite Plus Option,Kisumu,2017,60000,Petrol,Manual,First,21.1,814.0,55.2,5.0,370000.0
Hyundai I20 Sportz 1.2,Nairobi,2013,92408,Petrol,Manual,First,18.5,1197.0,82.85,5.0,540200.0
Hyundai Verna 1.6 Sx Vtvt (O),Nakuru,2014,45000,Petrol,Manual,First,17.1,1591.0,121.3,5.0,1110000.0
Honda Brio S Option Mt,Mombasa,2013,33793,Petrol,Manual,First,18.4,1198.0,86.8,5.0,553520.0
Maruti Swift Vxi Optional,Mombasa,2017,26327,Petrol,Manual,First,20.4,1197.0,81.8,5.0,867280.0
Mercedes-Benz New C-Class C 220D Avantgarde Edition C,Naivasha,2018,20604,Diesel,Automatic,First,19.27,2143.0,167.62,5.0,5863759.999999999
Maruti Swift Vdi Optional,Naivasha,2018,61386,Diesel,Manual,First,25.2,1248.0,74.0,5.0,1043400.0
Maruti Swift Amt Vdi,Nairobi,2018,11500,Diesel,Automatic,First,28.4,1248.0,74.0,5.0,1110000.0
Chevrolet Beat Diesel Ls,Mombasa,2012,58000,Diesel,Manual,First,25.44,936.0,57.6,5.0,310800.0
Skoda Superb Elegance 1.8 Tsi At,Nairobi,2014,38000,Petrol,Automatic,First,13.7,1798.0,157.75,5.0,1716800.0
Mercedes-Benz New C-Class C 220 Cdi Be Avantgare,Nakuru,2012,49000,Diesel,Automatic,Second,14.84,2143.0,167.62,5.0,2849000.0
Toyota Innova Crysta 2.4 Vx Mt 8S,Naivasha,2017,72202,Diesel,Manual,First,13.68,2393.0,147.8,8.0,2652160.0000000005
Hyundai I10 Sportz,Kisumu,2016,7000,Petrol,Manual,First,20.36,1197.0,78.9,5.0,532800.0
Honda Amaze S I-Dtec,Thika,2014,20000,Diesel,Manual,Second,25.8,1498.0,98.6,5.0,666000.0
Hyundai I20 Magna 1.4 Crdi (Diesel),Kisumu,2017,14061,Diesel,Manual,First,21.9,1396.0,88.76,5.0,1095200.0
Mercedes-Benz Gle 350D,Naivasha,2018,30706,Diesel,Automatic,First,11.57,2987.0,254.79,5.0,8774920.0
Mahindra Scorpio 2009-2014 Sle 7S Bsiv,Kisumu,2011,51387,Diesel,Manual,First,12.05,2179.0,120.0,7.0,814000.0
Hyundai Getz Gle,Nakuru,2006,44000,Petrol,Manual,Second,15.3,1341.0,83.0,5.0,259000.0
Maruti Baleno Alpha,Nairobi,2016,12208,Petrol,Manual,First,21.4,1197.0,83.1,5.0,999000.0
Chevrolet Optra Magnum 2.0 Lt,Mombasa,2011,55000,Diesel,Manual,First,16.52,1991.0,123.7,5.0,584600.0
Hyundai Verna 1.6 Sx Vtvt (O),Nairobi,2011,61600,Petrol,Manual,First,17.1,1591.0,121.3,5.0,621600.0
Honda City 1.5 V Mt,Kisumu,2016,28414,Petrol,Manual,First,17.0,1497.0,118.0,5.0,1243200.0
Volkswagen Polo Gt Tsi,Nairobi,2017,27853,Petrol,Automatic,First,17.21,1197.0,103.5,5.0,1221000.0
Honda Brio E Mt,Nakuru,2013,55116,Petrol,Manual,First,19.4,1198.0,86.8,5.0,489880.0
Maruti Swift Dzire Vdi,Thika,2017,26000,Diesel,Manual,First,26.59,1248.0,74.0,5.0,1110000.0
Honda City 1.5 V Mt Exclusive,Eldoret,2012,45496,Petrol,Manual,First,17.0,1497.0,118.0,5.0,703000.0
Mahindra Ssangyong Rexton Rx7,Eldoret,2013,76000,Diesel,Automatic,Second,11.18,2696.0,184.0,7.0,1300919.9999999998
Skoda Superb Elegance 1.8 Tsi Mt,Eldoret,2014,136000,Petrol,Manual,First,13.1,1798.0,157.75,5.0,1406000.0
Hyundai Santro Gls Ii - Euro Ii,Eldoret,2009,100000,Petrol,Manual,First,0.0,1493.0,97.7,5.0,236800.0
Maruti Alto Lxi,Kisumu,2010,38127,Petrol,Manual,First,19.7,796.0,46.3,5.0,229400.0
Hyundai I20 Asta (O) 1.4 Crdi (Diesel),Nyeri,2014,82450,Diesel,Manual,First,23.0,1396.0,90.0,5.0,865800.0
Ford Ecosport 1.5 Ti Vct Mt Trend,Naivasha,2014,62497,Petrol,Manual,First,15.8,1499.0,110.0,5.0,1112960.0
Nissan Micra Diesel Xv,Kisumu,2011,86732,Diesel,Manual,First,23.08,1461.0,63.1,5.0,532800.0
Honda Brio E Mt,Mombasa,2016,27969,Petrol,Manual,First,19.4,1198.0,86.8,5.0,700040.0000000001
Mahindra Ssangyong Rexton Rx7,Nairobi,2013,66372,Diesel,Automatic,First,11.18,2696.0,184.0,7.0,1554000.0
Bmw 7 Series 730Ld Sedan,Naivasha,2013,73525,Diesel,Automatic,First,16.46,2993.0,258.0,5.0,5111920.0
Hyundai Grand I10 1.2 Kappa Sportz,Mombasa,2018,20689,Petrol,Manual,First,18.9,1197.0,81.86,5.0,898360.0
Maruti Baleno Delta 1.2,Naivasha,2018,25093,Petrol,Manual,First,21.4,1197.0,83.1,5.0,1148480.0
Mahindra Xylo E8 Abs Bs Iv,Naivasha,2016,49176,Diesel,Manual,First,11.68,2498.0,112.0,8.0,1104080.0
Renault Fluence Diesel E4,Nairobi,2012,87510,Diesel,Manual,First,21.8,1461.0,78.0,5.0,516520.0
Hyundai I20 1.2 Magna,Naivasha,2012,38214,Petrol,Manual,Second,18.5,1197.0,80.0,5.0,599400.0
Mitsubishi Pajero 2.8 Sfx,Mombasa,2013,48986,Diesel,Manual,First,10.5,2835.0,107.2,6.0,1758240.0
Toyota Corolla Altis 2008-2013 1.8 Vl At,Eldoret,2011,88000,Petrol,Automatic,First,14.53,1794.0,138.1,5.0,954600.0
Bmw X5 X5 M,Eldoret,2015,69002,Diesel,Automatic,First,15.97,2993.0,258.0,5.0,7400000.0
Bmw 3 Series 2005-2011 325I Sedan,Eldoret,2011,43706,Petrol,Automatic,First,10.9,2497.0,215.0,5.0,1332000.0
Hyundai Creta 1.6 Crdi At Sx Plus,Naivasha,2016,58671,Diesel,Automatic,First,17.01,1582.0,126.2,5.0,2109000.0
Mahindra Tuv 300 2015-2019 T8,Naivasha,2017,49404,Diesel,Manual,First,18.49,1493.0,100.0,7.0,1089280.0
Mahindra Scorpio Vlx 2.2 Mhawk Bsiii,Nairobi,2010,72000,Diesel,Manual,First,12.05,2179.0,120.0,8.0,651200.0000000001
Renault Kwid Rxt,Nairobi,2016,24000,Petrol,Manual,First,25.17,799.0,53.3,5.0,458800.0
Renault Kwid 1.0 Rxt Optional Amt,Naivasha,2017,53285,Petrol,Automatic,First,22.5,999.0,67.0,5.0,633440.0
Maruti Swift Vxi Bsiv,Eldoret,2017,12000,Petrol,Manual,First,16.1,1197.0,85.0,5.0,814000.0
Skoda Laura 1.9 Tdi At Ambiente,Kisumu,2012,45000,Diesel,Automatic,First,17.0,1896.0,105.0,5.0,1034520.0
Maruti Alto 800 2016-2019 Vxi,Naivasha,2018,26234,Petrol,Manual,First,24.7,796.0,47.3,5.0,634920.0
Maruti Swift Vxi,Nairobi,2014,55000,Petrol,Manual,First,18.6,1197.0,85.8,5.0,621600.0
Hyundai I20 1.4 Crdi Sportz,Eldoret,2012,90000,Diesel,Manual,First,23.0,1396.0,90.0,5.0,608280.0000000001
Audi Q3 2012-2015 35 Tdi Quattro Premium,Nairobi,2015,48000,Diesel,Automatic,First,15.73,1968.0,174.33,5.0,2775000.0
Mercedes-Benz Gle 350D,Nairobi,2017,19863,Diesel,Automatic,First,11.57,2987.0,254.79,5.0,9612600.0
Hyundai I10 Era,Nairobi,2010,55000,Petrol,Manual,Second,19.81,1086.0,68.05,5.0,235320.0
Maruti Wagon R Lxi Optional,Kisumu,2016,4800,Petrol,Manual,First,20.51,998.0,67.04,5.0,532800.0
Honda City I Vtec V,Mombasa,2017,38607,Petrol,Manual,Second,17.8,1497.0,117.3,5.0,1164760.0
Hyundai Grand I10 1.2 Kappa Sportz,Nairobi,2018,3958,Petrol,Manual,First,18.9,1197.0,81.86,5.0,821400.0
Honda City I Dtec Vx,Nyeri,2014,74000,Diesel,Manual,Second,25.1,1498.0,98.6,5.0,947200.0
Maruti Swift Dzire Vxi,Nairobi,2009,54540,Petrol,Manual,Third,17.5,1298.0,85.8,5.0,392200.0
Maruti Swift Dzire Zxi,Nairobi,2015,58400,Petrol,Manual,First,17.5,1298.0,85.8,5.0,814000.0
Mahindra Xuv500 W8 2Wd,Mombasa,2013,73648,Diesel,Manual,First,15.1,2179.0,140.0,7.0,1081880.0
Maruti Ciaz Zdi Plus Shvs,Nyeri,2016,83000,Diesel,Manual,First,28.09,1248.0,88.5,5.0,1050800.0
Hyundai Verna 1.6 Sx Crdi (O),Mombasa,2016,16159,Diesel,Manual,First,22.32,1582.0,126.32,5.0,1158840.0
Hyundai Accent Crdi,Nairobi,2005,150000,Diesel,Manual,First,13.1,1493.0,82.0,5.0,125800.0
Honda Brio S Mt,Nairobi,2014,22100,Petrol,Manual,First,19.4,1198.0,86.8,5.0,525400.0
Hyundai I20 Active 1.2 Sx,Naivasha,2017,35043,Petrol,Manual,First,17.19,1197.0,81.86,5.0,1212120.0
Bmw 3 Series 320D Sport Line,Eldoret,2018,24000,Diesel,Automatic,First,18.88,1995.0,184.0,5.0,4144000.0
Volkswagen Jetta 2013-2015 2.0L Tdi Highline At,Mombasa,2015,480000,Diesel,Automatic,First,16.96,1968.0,138.03,5.0,1924000.0
Volkswagen Polo Petrol Highline 1.6L,Mombasa,2011,70000,Petrol,Manual,Second,15.26,1598.0,103.5,5.0,486920.0
Maruti Swift Vxi Bsiv,Eldoret,2015,13769,Petrol,Manual,Second,16.1,1197.0,85.0,5.0,652680.0
Renault Duster 110Ps Diesel Rxz,Kisumu,2013,58000,Diesel,Manual,First,19.01,1461.0,108.45,5.0,738520.0
Bmw X3 Xdrive 20D Luxury Line,Kisumu,2009,58000,Diesel,Automatic,First,18.56,1995.0,190.0,5.0,2661040.0
Fiat Avventura Multijet Emotion,Naivasha,2018,18705,Diesel,Manual,First,20.5,1248.0,91.72,5.0,1141080.0
Maruti Wagon R Stingray Vxi,Nairobi,2013,32378,Petrol,Manual,First,20.51,998.0,67.04,5.0,414400.0
Chevrolet Sail Hatchback Ls Abs,Kisumu,2013,45000,Diesel,Manual,First,22.1,1248.0,76.9,5.0,444000.0
Mahindra Xuv500 W8 2Wd,Naivasha,2015,36836,Diesel,Manual,First,15.1,2179.0,140.0,7.0,1848520.0
Tata Zest Quadrajet 1.3,Mombasa,2016,54199,Diesel,Manual,First,23.0,1248.0,88.8,5.0,740000.0
Bmw X3 Xdrive20D Xline,Mombasa,2017,36935,Diesel,Automatic,First,18.56,1995.0,190.0,5.0,4830720.0
Maruti Swift Vdi Bsiv,Mombasa,2015,23000,Diesel,Manual,First,25.2,1248.0,74.0,5.0,962000.0
Bmw 5 Series 2013-2017 520D Luxury Line,Nakuru,2015,14000,Diesel,Automatic,First,18.12,1995.0,190.0,5.0,5180000.0
Tata Indigo Cs Evx,Mombasa,2015,100073,Diesel,Manual,Second,25.0,1396.0,69.01,5.0,296000.0
Mahindra Xuv500 W8 2Wd,Mombasa,2015,59182,Diesel,Manual,First,15.1,2179.0,140.0,7.0,1400080.0000000002
Audi Q7 35 Tdi Quattro Premium Plus,Mombasa,2016,72132,Diesel,Automatic,Second,12.07,2967.0,241.4,7.0,5772000.0
Bmw 5 Series 2003-2012 520D,Kisumu,2009,79000,Diesel,Automatic,First,18.48,1995.0,177.0,5.0,2220000.0
Hyundai Verna 1.6 Sx Vtvt (O),Naivasha,2013,66930,Petrol,Manual,First,17.1,1591.0,121.3,5.0,910200.0
Hyundai Santa Fe 4Wd At,Eldoret,2015,100000,Diesel,Automatic,Second,13.01,2199.0,194.3,7.0,2146000.0
Hyundai Santro Gls Ii - Euro Ii,Nakuru,2012,43000,Petrol,Manual,First,0.0,1493.0,97.7,5.0,481000.0
Maruti Wagon R Amt Vxi,Mombasa,2018,27413,Petrol,Automatic,First,20.51,998.0,67.0,5.0,766640.0
Maruti Wagon R Lx Bsiii,Eldoret,2007,90000,Petrol,Manual,Second,17.3,1061.0,64.0,5.0,183520.0
Hyundai I20 Sportz 1.2,Kisumu,2013,40300,Petrol,Manual,First,18.5,1197.0,82.85,5.0,414400.0
Skoda Superb Elegance 1.8 Tsi At,Mombasa,2011,73783,Petrol,Automatic,Second,13.7,1798.0,157.75,5.0,774040.0000000001
Hyundai Getz Gls,Eldoret,2005,86000,Petrol,Manual,Second,15.3,1341.0,83.0,5.0,66600.0
Maruti Wagon R Lxi Bs Iv,Nairobi,2014,65694,Petrol,Manual,First,18.9,998.0,67.1,5.0,481000.0
Maruti Omni Mpi Cargo Bsiv,Kisumu,2015,23000,Petrol,Manual,First,16.8,796.0,34.2,5.0,222000.0
Hyundai I10 Magna 1.2,Nairobi,2012,51000,Petrol,Manual,First,20.36,1197.0,78.9,5.0,421800.0
Renault Kwid 1.0 Rxt Optional,Mombasa,2018,18335,Petrol,Manual,First,21.7,999.0,67.0,5.0,666000.0
Mercedes-Benz B Class 2012-2015 B200 Sport Cdi,Nakuru,2014,36000,Diesel,Automatic,First,15.0,2147.0,107.3,5.0,2405000.0
Volkswagen Polo Gt Tsi,Nairobi,2017,25000,Petrol,Automatic,First,17.21,1197.0,103.5,5.0,1147000.0
Mahindra Scorpio Vlx 4Wd,Nakuru,2007,81000,Diesel,Manual,Third,12.05,2179.0,120.0,8.0,643799.9999999999
Toyota Fortuner 2.8 2Wd At,Mombasa,2019,21719,Diesel,Automatic,First,12.9,2755.0,174.5,7.0,4903240.000000001
Chevrolet Beat Diesel Lt,Naivasha,2013,75421,Diesel,Manual,First,25.44,936.0,56.3,5.0,537240.0
Toyota Innova 2.5 G4 Diesel 8-Seater,Nairobi,2010,80000,Diesel,Manual,First,12.8,2494.0,102.0,8.0,703000.0
Maruti Swift Dzire Vxi,Mombasa,2018,10671,Petrol,Manual,First,20.85,1197.0,83.14,5.0,963480.0
Renault Kwid Climber 1.0 Mt,Kisumu,2018,4126,Petrol,Manual,First,21.7,999.0,67.0,5.0,710400.0
Tata Bolt Quadrajet Xm,Kisumu,2017,98500,Diesel,Manual,First,22.95,1248.0,74.0,5.0,888000.0
Hyundai Grand I10 Asta,Naivasha,2016,61578,Petrol,Manual,First,18.9,1197.0,82.0,5.0,947200.0
Volkswagen Vento 1.5 Tdi Highline,Thika,2014,54000,Diesel,Manual,First,20.34,1498.0,103.2,5.0,725200.0000000001
Audi A6 2011-2015 2.0 Tdi,Naivasha,2013,70998,Diesel,Automatic,First,17.68,1968.0,174.33,5.0,3044360.0
Maruti Swift Dzire Ldi Bsiv,Kisumu,2015,40082,Diesel,Manual,First,19.3,1248.0,73.9,5.0,704480.0
Chevrolet Spark 1.0 Lt,Mombasa,2012,50619,Petrol,Manual,First,18.0,995.0,62.0,5.0,296000.0
Bmw 3 Series 320D,Naivasha,2009,103905,Diesel,Automatic,First,22.69,1995.0,190.0,5.0,1468160.0
Hyundai Eon Era Plus,Mombasa,2018,15334,Petrol,Manual,First,21.1,814.0,55.2,5.0,546120.0
Maruti Swift Dzire Vdi,Kisumu,2013,69000,Diesel,Manual,First,23.4,1248.0,74.0,5.0,851000.0
Volkswagen Crosspolo 1.5 Tdi,Kisumu,2014,75160,Diesel,Manual,First,20.14,1498.0,88.5,5.0,843600.0
Honda Amaze E I-Vtech,Naivasha,2014,44753,Petrol,Manual,First,18.0,1198.0,86.7,5.0,731120.0000000001
Volkswagen Vento Petrol Highline At,Mombasa,2012,53024,Petrol,Automatic,First,14.4,1598.0,103.6,5.0,634920.0
Maruti Wagon R Stingray Vxi,Kisumu,2014,23840,Petrol,Manual,First,20.51,998.0,67.04,5.0,444000.0
Volkswagen Polo 1.5 Tdi Highline,Kisumu,2014,81298,Diesel,Manual,First,20.14,1498.0,88.8,5.0,962000.0
Volkswagen Polo Petrol Comfortline 1.2L,Nyeri,2015,59000,Petrol,Manual,Second,16.47,1198.0,73.9,5.0,725200.0000000001
Honda Amaze Sx I-Dtec,Mombasa,2016,51806,Diesel,Manual,First,25.8,1498.0,98.6,5.0,799200.0
Audi A6 35 Tdi Matrix,Nairobi,2014,56000,Diesel,Automatic,First,18.53,1968.0,187.74,5.0,3552000.0
Tata Tigor 1.05 Revotorq Xz Option,Mombasa,2019,29279,Diesel,Manual,First,24.7,1047.0,69.0,5.0,1104080.0
Volkswagen Vento 1.5 Tdi Highline At,Mombasa,2017,33550,Diesel,Automatic,First,21.5,1498.0,108.5,5.0,1420800.0
Audi A6 35 Tdi Matrix,Kisumu,2014,62000,Diesel,Automatic,First,18.53,1968.0,187.74,5.0,3700000.0
Nissan Terrano Xl 110 Ps,Kisumu,2014,66000,Diesel,Manual,First,19.01,1461.0,108.5,5.0,1006400.0
Skoda Rapid 1.5 Tdi At Elegance,Naivasha,2016,46630,Diesel,Automatic,First,21.66,1498.0,103.52,5.0,1271320.0
Ford Figo Aspire 1.5 Tdci Trend,Kisumu,2016,72566,Diesel,Manual,First,25.83,1498.0,99.0,5.0,782920.0
Tata Venture Ex,Eldoret,2011,51482,Diesel,Manual,First,15.42,1405.0,70.0,8.0,370000.0
Mercedes-Benz New C-Class C 220 Cdi Be Avantgare,Mombasa,2011,90000,Diesel,Automatic,First,14.84,2143.0,167.62,5.0,2057200.0
Toyota Fortuner 4X2 Manual,Nyeri,2014,69000,Diesel,Manual,Second,13.0,2982.0,168.5,7.0,2960000.0
Honda City 1.5 V Mt,Nairobi,2011,90000,Petrol,Manual,Second,17.0,1497.0,118.0,5.0,503200.0
Hyundai I20 Asta Option 1.2,Nairobi,2015,39000,Petrol,Manual,First,18.6,1197.0,81.83,5.0,814000.0
Volkswagen Vento Diesel Trendline,Kisumu,2012,110000,Diesel,Manual,Second,20.54,1598.0,103.6,5.0,540200.0
Ford Endeavour 2.5L 4X2 Mt,Mombasa,2011,68022,Diesel,Manual,First,13.1,2499.0,141.0,7.0,867280.0
Ford Ecosport 1.5 Petrol Titanium Plus At,Naivasha,2018,27852,Petrol,Automatic,First,14.8,1497.0,121.36,5.0,1545120.0
Maruti Swift Vdi Bsiv,Nakuru,2013,58291,Diesel,Manual,First,17.8,1248.0,97.7,5.0,740000.0
Hyundai I20 Sportz Diesel,Naivasha,2011,68439,Diesel,Manual,First,23.0,1396.0,90.0,5.0,498760.0
Toyota Innova 2.5 Vx (Diesel) 8 Seater,Nairobi,2011,150000,Diesel,Manual,First,12.99,2494.0,100.6,8.0,1028600.0
Tata Nexon 1.5 Revotorq Xz Plus Dual Tone,Nairobi,2018,14000,Diesel,Manual,First,21.5,1497.0,108.5,5.0,1465200.0
Ford Figo Diesel Titanium,Kisumu,2012,71558,Diesel,Manual,First,20.0,1399.0,68.05,5.0,488400.0
Porsche Panamera Diesel,Nairobi,2013,48000,Diesel,Automatic,Second,17.85,2967.0,300.0,4.0,7474000.0
Hyundai Creta 1.6 Crdi At Sx Plus,Nyeri,2015,65800,Diesel,Automatic,First,17.01,1582.0,126.2,5.0,1850000.0
Audi A4 2.0 Tdi Multitronic,Kisumu,2014,53000,Diesel,Automatic,First,16.55,1968.0,140.0,5.0,3034000.0
Mahindra Xuv500 W8 4Wd,Kisumu,2017,14600,Diesel,Manual,First,16.0,2179.0,140.0,7.0,2146000.0
Isuzu Mux 4Wd,Nyeri,2017,34429,Diesel,Automatic,First,13.8,2999.0,174.57,7.0,2960000.0
Maruti Swift Dzire Vdi,Nairobi,2014,52000,Diesel,Manual,First,23.4,1248.0,74.0,5.0,777000.0
Maruti Ciaz Zxi,Kisumu,2015,25470,Petrol,Manual,First,20.73,1373.0,91.1,5.0,873200.0
Hyundai Eon Era Plus,Eldoret,2013,22000,Petrol,Manual,First,21.1,814.0,55.2,5.0,384800.0
Mercedes-Benz E-Class 280 Cdi,Mombasa,2007,75000,Diesel,Automatic,First,11.0,2987.0,198.5,5.0,1628000.0
Bmw 5 Series 2003-2012 520D,Eldoret,2011,95995,Diesel,Automatic,First,18.48,1995.0,177.0,5.0,2294000.0
Hyundai Grand I10 1.2 Crdi Sportz Option,Nyeri,2017,26877,Diesel,Manual,First,24.0,1186.0,73.97,5.0,851000.0
Jaguar Xj 3.0L Portfolio,Kisumu,2015,26000,Diesel,Automatic,First,14.47,2993.0,301.73,5.0,11100000.0
Maruti Swift Ldi Bsiii,Mombasa,2007,140000,Diesel,Manual,Second,17.8,1248.0,75.0,5.0,296000.0
Hyundai Santro Xing Gls,Kisumu,2008,95291,Petrol,Manual,First,17.92,1086.0,62.1,5.0,340399.99999999994
Toyota Innova 2.5 V Diesel 8-Seater,Kisumu,2009,135000,Diesel,Manual,Second,12.8,2494.0,102.0,8.0,1213599.9999999998
Hyundai I20 Sportz 1.2,Kisumu,2015,32000,Petrol,Manual,First,18.6,1197.0,81.83,5.0,710400.0
Mercedes-Benz E-Class 280 Cdi,Nairobi,2008,68333,Diesel,Automatic,Second,11.0,2987.0,198.5,5.0,1258000.0
Ford Figo Diesel Zxi,Mombasa,2011,72000,Diesel,Manual,First,20.0,1399.0,68.0,5.0,429200.0
Toyota Corolla Altis 1.4 Dg,Thika,2012,52100,Diesel,Manual,First,21.43,1364.0,86.79,5.0,962000.0
Hyundai Grand I10 1.2 Kappa Sportz,Nyeri,2018,10000,Petrol,Manual,First,18.9,1197.0,81.86,5.0,865800.0
Jeep Compass 2.0 Limited 4X4,Naivasha,2019,6261,Diesel,Manual,First,16.3,1956.0,170.0,5.0,3538680.0
Maruti Ignis 1.2 Amt Alpha,Naivasha,2019,3906,Petrol,Automatic,First,20.89,1197.0,81.8,5.0,1089280.0
Toyota Fortuner 3.0 Diesel,Eldoret,2014,55960,Diesel,Manual,First,11.5,2982.0,171.0,7.0,2553000.0
Volkswagen Vento Diesel Highline,Nyeri,2013,144000,Diesel,Manual,First,20.54,1598.0,103.6,5.0,1036000.0
Toyota Innova Crysta 2.4 Vx Mt,Nairobi,2017,38000,Diesel,Manual,First,13.68,2393.0,147.8,7.0,2612199.9999999995
Ford Figo Diesel Celebration Edition,Nyeri,2013,51000,Diesel,Manual,First,20.0,1399.0,68.1,5.0,370000.0
Toyota Platinum Etios 1.4 Gxd,Kisumu,2015,150000,Diesel,Manual,First,23.59,1364.0,67.05,5.0,888000.0
Mahindra Thar Di 4X4,Nairobi,2018,2500,Diesel,Manual,First,18.06,2523.0,63.0,7.0,1221000.0
Land Rover Range Rover Hse Dynamic,Mombasa,2018,41661,Diesel,Automatic,First,12.7,2179.0,187.7,5.0,6634840.0
Bmw 3 Series 320D Highline,Nairobi,2011,64000,Diesel,Automatic,First,16.07,1995.0,181.0,5.0,1554000.0
Hyundai Accent Gls,Nakuru,2008,80000,Petrol,Manual,Second,13.2,1495.0,94.0,5.0,281200.0
Maruti Celerio Zxi At,Nyeri,2016,30000,Petrol,Automatic,Second,23.1,998.0,67.04,5.0,629000.0
Jaguar Xf 2.2 Litre Luxury,Mombasa,2014,43000,Diesel,Automatic,Second,16.36,2179.0,187.7,5.0,3922000.0
Audi A6 2.7 Tdi,Nakuru,2013,90000,Diesel,Automatic,Second,12.4,2698.0,179.5,5.0,3330000.0
Nissan Micra Diesel Xv,Kisumu,2011,123880,Diesel,Manual,First,23.08,1461.0,63.1,5.0,488400.0
Honda Amaze S I-Vtech,Nyeri,2015,42000,Petrol,Manual,Second,18.0,1198.0,86.7,5.0,636400.0
Renault Duster 85Ps Diesel Rxl Option,Mombasa,2012,79824,Diesel,Manual,First,19.87,1461.0,83.8,5.0,777000.0
Toyota Innova 2.5 G (Diesel) 8 Seater,Nyeri,2015,75000,Diesel,Manual,First,12.99,2494.0,100.6,8.0,1739000.0
Honda Amaze E I-Vtech,Thika,2014,72411,Petrol,Manual,First,18.0,1198.0,86.7,5.0,629000.0
Mercedes-Benz New C-Class C 250 Cdi Elegance,Nairobi,2012,63000,Diesel,Automatic,First,14.94,2143.0,204.0,5.0,2104560.0
Toyota Etios Liva G,Mombasa,2015,53713,Petrol,Manual,First,17.71,1197.0,78.9,5.0,621600.0
Toyota Innova Crysta 2.8 Gx At 8S,Nairobi,2017,18000,Diesel,Automatic,First,11.36,2755.0,171.5,8.0,2701000.0
Mercedes-Benz New C-Class 200 Cdi Elegance,Nakuru,2013,51000,Diesel,Manual,First,15.8,2148.0,170.0,5.0,2738000.0
Maruti Swift Vxi Bsiii,Mombasa,2008,86700,Petrol,Manual,Second,16.1,1298.0,88.2,5.0,355200.0
Maruti Baleno Alpha 1.3,Kisumu,2016,29000,Diesel,Manual,First,27.39,1248.0,74.0,5.0,962000.0
Hyundai Santro Xing Gl Plus Lpg,Kisumu,2014,56000,Lpg,Manual,First,13.45,1086.0,62.1,5.0,473600.0
Maruti Celerio Vxi At,Nairobi,2015,33000,Petrol,Automatic,First,23.1,998.0,67.04,5.0,590520.0
Ford Ecosport 1.5 Dv5 Mt Ambiente,Mombasa,2014,64394,Diesel,Manual,First,22.7,1498.0,89.84,5.0,806600.0
Tata Manza Aura Quadrajet,Kisumu,2010,76000,Diesel,Manual,First,18.8,1248.0,90.0,5.0,399600.0
Honda Jazz 1.5 Sv I Dtec,Nairobi,2016,48719,Diesel,Manual,First,27.3,1498.0,98.6,5.0,925000.0
Mahindra Xuv500 W8 2Wd,Naivasha,2016,59711,Diesel,Manual,First,15.1,2179.0,140.0,7.0,1965440.0
Nissan Micra Diesel Xv Premium,Kisumu,2012,83000,Diesel,Manual,First,23.08,1461.0,63.1,5.0,547600.0
Mercedes-Benz New C-Class C 220D Avantgarde Edition C,Naivasha,2018,10714,Diesel,Automatic,First,19.27,2143.0,167.62,5.0,5847480.0
Tata Manza Aura Plus Quadrajet Bs Iv,Kisumu,2010,127510,Diesel,Manual,Second,19.0,1248.0,90.0,5.0,207200.0
Maruti Swift Vdi,Kisumu,2014,35010,Diesel,Manual,First,22.9,1248.0,74.0,5.0,518000.0
Maruti Swift Dzire 1.2 Lxi Bsiv,Nyeri,2012,75451,Petrol,Manual,First,17.5,1197.0,85.8,5.0,559440.0
Tata Indigo Ecs Ls (Tdi) Bs-Iii,Eldoret,2015,83000,Diesel,Manual,First,19.09,1405.0,69.01,5.0,399600.0
Honda Amaze S I-Dtech,Kisumu,2013,38755,Diesel,Manual,First,25.8,1498.0,98.6,5.0,473600.0
Maruti Swift Vxi Bsiv,Nairobi,2016,30000,Petrol,Manual,First,20.4,1197.0,81.8,5.0,740000.0
Maruti Ertiga Zdi,Mombasa,2012,40000,Diesel,Manual,First,20.77,1248.0,88.8,7.0,1036000.0
Hyundai Grand I10 Era,Kisumu,2014,19500,Petrol,Manual,Second,18.9,1197.0,82.0,5.0,421800.0
Nissan Micra Active Xv,Thika,2016,41000,Petrol,Manual,First,19.69,1198.0,67.04,5.0,629000.0
Hyundai Grand I10 Asta Option,Nakuru,2014,30000,Petrol,Manual,Second,18.9,1197.0,82.0,5.0,725200.0000000001
Jeep Compass 2.0 Sport,Kisumu,2017,37000,Diesel,Manual,First,17.1,1956.0,170.0,5.0,2501199.9999999995
Volkswagen Polo Diesel Comfortline 1.2L,Nairobi,2014,62000,Diesel,Manual,Second,22.07,1199.0,73.9,5.0,629000.0
Honda Amaze S At I-Vtech,Eldoret,2015,42023,Petrol,Automatic,First,15.5,1198.0,86.7,5.0,642320.0
Bmw X3 Xdrive20D Advantage Edition,Kisumu,2012,51001,Diesel,Automatic,First,16.09,1995.0,184.0,5.0,2516000.0
Bmw 3 Series 320D Luxury Line,Mombasa,2017,55389,Diesel,Automatic,First,18.88,1995.0,184.0,5.0,4210600.0
Honda City V At,Mombasa,2014,46728,Petrol,Automatic,First,15.6,1497.0,116.3,5.0,910200.0
Mahindra Ssangyong Rexton Rx5,Mombasa,2014,58995,Diesel,Manual,First,12.83,2696.0,162.0,7.0,1369000.0
Maruti Swift Dzire Ldi,Nairobi,2015,37857,Diesel,Manual,First,26.59,1248.0,74.0,5.0,717799.9999999999
Maruti Swift Vdi Bsiv,Nyeri,2014,71000,Diesel,Manual,First,25.2,1248.0,74.0,5.0,710400.0
Honda Brio S Option Mt,Eldoret,2012,49024,Petrol,Manual,First,18.4,1198.0,86.8,5.0,340399.99999999994
Hyundai Grand I10 Sportz,Nairobi,2016,10770,Petrol,Manual,First,18.9,1197.0,82.0,5.0,703000.0
Tata Zest Quadrajet 1.3 75Ps Xm,Eldoret,2017,72000,Diesel,Manual,First,22.95,1248.0,74.0,5.0,740000.0
Hyundai Eon Era Plus,Nyeri,2015,91000,Petrol,Manual,First,21.1,814.0,55.2,5.0,370000.0
Hyundai I20 1.2 Spotz,Nairobi,2017,14000,Petrol,Manual,First,18.6,1197.0,81.83,5.0,880600.0
Volvo S60 D4 Kinetic,Nairobi,2014,48000,Diesel,Automatic,Second,9.0,1984.0,181.0,5.0,2368000.0
Ford Ecosport 1.5 Dv5 Mt Titanium Optional,Nairobi,2014,75136,Diesel,Manual,First,22.7,1498.0,89.84,5.0,910200.0
Maruti Ritz Vxi,Kisumu,2014,32500,Petrol,Manual,Second,21.1,1197.0,85.8,5.0,599400.0
Hyundai I20 1.4 Crdi Magna,Kisumu,2010,94500,Diesel,Manual,Second,21.9,1396.0,90.0,5.0,458800.0
Maruti Dzire Vxi,Kisumu,2013,34900,Petrol,Manual,First,22.0,1197.0,81.8,5.0,812520.0
Porsche Panamera 2010 2013 4S,Naivasha,2010,42400,Petrol,Automatic,Third,8.0,4806.0,394.3,4.0,6350680.0
Maruti Swift Vdi Bsiii W/ Abs,Nyeri,2015,50000,Diesel,Manual,First,17.8,1248.0,75.0,5.0,843600.0
Honda Brio S Mt,Kisumu,2014,35000,Petrol,Manual,First,19.4,1198.0,86.8,5.0,421800.0
Chevrolet Beat Ls,Nakuru,2012,37000,Petrol,Manual,Second,18.6,1199.0,79.4,5.0,347800.0
Hyundai Creta 1.6 Sx Plus Petrol Automatic,Naivasha,2018,32807,Petrol,Automatic,First,13.0,1591.0,121.3,5.0,2184480.0
Honda City Zx Gxi,Eldoret,2008,119000,Petrol,Manual,Second,17.7,1497.0,78.0,5.0,333000.0
Maruti Ritz Lxi,Nairobi,2016,12000,Petrol,Manual,First,18.5,1197.0,85.8,5.0,540200.0
Ford Ecosport 1.5 Tdci Trend,Nairobi,2016,46727,Diesel,Manual,First,22.77,1498.0,98.59,5.0,1073000.0
Bmw 3 Series 320D,Kisumu,2010,73336,Diesel,Automatic,First,13.2,1995.0,170.0,5.0,1582120.0
Hyundai Verna 1.6 Sx Vtvt,Nairobi,2014,9000,Petrol,Manual,Second,17.01,1591.0,121.3,5.0,814000.0
Toyota Innova 2.5 G4 Diesel 8-Seater,Mombasa,2005,240000,Diesel,Manual,Fourth & Above,12.8,2494.0,102.0,8.0,754799.9999999999
Maruti Wagon R Lxi,Nairobi,2014,25422,Petrol,Manual,First,22.5,998.0,67.04,5.0,481000.0
Maruti Ertiga Vdi,Nairobi,2018,14000,Diesel,Manual,First,25.47,1248.0,88.5,7.0,1369000.0
Maruti Alto Lxi Bsiii,Kisumu,2008,66000,Petrol,Manual,First,19.7,796.0,46.3,5.0,251600.0
Maruti A-Star Vxi,Mombasa,2010,55324,Petrol,Manual,First,19.0,998.0,66.1,5.0,424760.0
Bmw X5 3.0D,Nakuru,2009,90000,Diesel,Automatic,First,11.0,2993.0,235.0,5.0,2627000.0
Mahindra Kuv 100 G80 K6 Plus 5Str,Kisumu,2017,43000,Petrol,Manual,First,18.15,1198.0,82.0,5.0,666000.0
Hyundai I10 Magna At,Nakuru,2008,58483,Petrol,Automatic,Second,19.2,1197.0,80.0,5.0,436600.0
Honda Civic 2006-2010 1.8 S At,Eldoret,2007,93000,Petrol,Automatic,Second,12.9,1799.0,130.0,5.0,384800.0
Hyundai I10 Sportz 1.2,Kisumu,2010,50000,Petrol,Manual,First,20.36,1197.0,78.9,5.0,444000.0
Mercedes-Benz New C-Class C 220 Cdi Elegance At,Thika,2014,78616,Diesel,Automatic,Second,14.84,2143.0,170.0,5.0,2294000.0
Toyota Etios G,Eldoret,2011,37000,Petrol,Manual,First,17.6,1496.0,88.73,5.0,414400.0
Honda City 1.5 E Mt,Kisumu,2010,54801,Petrol,Manual,First,17.0,1497.0,118.0,5.0,370000.0
Maruti Swift Dzire Vdi,Nakuru,2014,29000,Diesel,Manual,First,23.4,1248.0,74.0,5.0,851000.0
Maruti Swift Vxi,Eldoret,2010,68000,Petrol,Manual,First,22.0,1197.0,81.8,5.0,414400.0
Hyundai Verna 1.6 Ex Vtvt,Kisumu,2014,58000,Petrol,Manual,First,17.01,1591.0,121.3,5.0,679320.0
Maruti Ritz Vdi,Eldoret,2012,64290,Diesel,Manual,First,23.2,1248.0,73.94,5.0,540200.0
Toyota Fortuner 4X2 Manual,Nairobi,2015,31000,Diesel,Manual,First,13.0,2982.0,168.5,7.0,2937800.0000000005
Jeep Compass 2.0 Limited,Eldoret,2018,16039,Diesel,Manual,First,17.1,1956.0,170.0,5.0,2738000.0
Hyundai I20 Asta Option 1.2,Kisumu,2017,19860,Petrol,Manual,First,18.6,1197.0,81.83,5.0,1028600.0
Maruti Wagon R Lxi Cng,Nairobi,2014,48500,Cng,Manual,Second,26.6,998.0,58.16,5.0,421800.0
Tata New Safari Dicor 2.2 Ex 4X4 Bs Iv,Nyeri,2012,75391,Diesel,Manual,First,13.93,2179.0,138.0,7.0,555000.0
Maruti Swift Dzire Ldi,Nyeri,2008,78000,Diesel,Manual,Second,19.3,1248.0,73.9,5.0,340399.99999999994
Tata Indigo Ecs Els Bs Iv,Kisumu,2016,78000,Diesel,Manual,First,25.0,1396.0,69.01,5.0,340399.99999999994
Maruti Swift Ldi,Kisumu,2016,52000,Diesel,Manual,First,28.4,1248.0,74.0,5.0,880600.0
Maruti Celerio Vxi At,Kisumu,2016,30000,Petrol,Automatic,First,23.1,998.0,67.04,5.0,516520.0
Bmw 5 Series 2013-2017 530D M Sport,Naivasha,2016,19254,Diesel,Automatic,First,14.69,2993.0,258.0,5.0,7059600.0
Volkswagen Polo 1.2 Mpi Highline,Naivasha,2015,29651,Petrol,Manual,First,16.47,1198.0,74.0,5.0,951640.0
Tata Safari Dicor 2.2 Lx 4X2,Nakuru,2011,80000,Diesel,Manual,First,13.93,2179.0,138.03,7.0,666000.0
Mini Cooper S Carbon Edition,Kisumu,2018,2971,Petrol,Automatic,First,13.6,1598.0,181.0,4.0,5883000.0
Ford Figo Petrol Titanium,Kisumu,2015,21400,Petrol,Manual,First,15.6,1196.0,70.0,5.0,592000.0
Honda City I Dtec V,Thika,2015,77000,Diesel,Manual,First,26.0,1498.0,98.6,5.0,1033040.0
Hyundai Tucson Crdi,Nairobi,2006,80000,Diesel,Manual,Second,12.6,1991.0,112.0,7.0,259000.0
Skoda Laura Ambiente 2.0 Tdi Cr Mt,Nairobi,2013,81755,Diesel,Manual,First,20.0,1968.0,108.5,5.0,703000.0
Toyota Fortuner 3.0 Diesel,Kisumu,2016,99593,Diesel,Manual,First,11.5,2982.0,171.0,7.0,3478000.0
Hyundai Verna 1.6 Sx,Kisumu,2014,39791,Diesel,Manual,First,22.32,1582.0,126.32,5.0,1108520.0
Mahindra Xuv500 W6 2Wd,Kisumu,2015,113000,Diesel,Manual,First,15.1,2179.0,140.0,7.0,1605800.0
Renault Kwid Rxt,Nairobi,2017,24000,Petrol,Manual,First,25.17,799.0,53.3,5.0,518000.0
Hyundai I20 Asta 1.2,Nakuru,2015,39000,Petrol,Manual,Second,18.6,1197.0,81.83,5.0,932400.0
Honda City V At,Nakuru,2012,37000,Petrol,Automatic,First,15.6,1497.0,116.3,5.0,999000.0
Ford Endeavour 3.2 Titanium At 4X4,Naivasha,2017,61108,Diesel,Automatic,First,10.91,3198.0,197.0,7.0,4274240.0
Skoda Superb Elegance 1.8 Tsi At,Mombasa,2016,61648,Petrol,Automatic,First,13.7,1798.0,157.75,5.0,2106040.0
Bmw 3 Series 320D Sport,Nairobi,2012,37000,Diesel,Automatic,Third,22.69,1995.0,190.0,5.0,2220000.0
Maruti Ertiga Vxi Cng,Nairobi,2013,53000,Cng,Manual,First,22.8,1373.0,80.9,7.0,858400.0
Maruti Ritz Ldi,Nyeri,2013,65000,Diesel,Manual,First,23.2,1248.0,73.94,5.0,555000.0
Hyundai Santro Xing Xp,Nyeri,2005,120000,Petrol,Manual,First,0.0,1086.0,97.7,5.0,170199.99999999997
Toyota Fortuner 3.0 Diesel,Nyeri,2011,148009,Diesel,Manual,Second,11.5,2982.0,171.0,7.0,1887000.0
Maruti Swift Lxi Bsiii,Nairobi,2009,53001,Petrol,Manual,First,16.1,1298.0,88.2,5.0,288600.0
Tata Tigor 1.2 Revotron Xt,Nairobi,2018,22345,Petrol,Manual,First,20.3,1199.0,84.0,5.0,732600.0
Honda City I Vtec Cvt Vx,Nairobi,2015,50000,Petrol,Automatic,First,18.0,1497.0,117.3,5.0,1221000.0
Bmw 3 Series 320D,Kisumu,2013,48183,Diesel,Automatic,First,13.2,1995.0,170.0,5.0,3106520.0
Mercedes-Benz E-Class 2009-2013 E250 Cdi Blue Efficiency,Kisumu,2010,93000,Diesel,Automatic,Second,14.21,2143.0,203.0,5.0,2590000.0
Maruti Swift Vdi,Mombasa,2015,53500,Diesel,Manual,First,28.4,1248.0,74.0,5.0,793280.0
Maruti Ertiga Vxi,Nairobi,2014,17585,Petrol,Manual,First,16.02,1373.0,93.7,7.0,939800.0
Hyundai Verna 1.6 Vtvt,Kisumu,2011,36226,Petrol,Manual,First,17.01,1591.0,121.3,5.0,436600.0
Land Rover Discovery Sport Td4 Hse,Naivasha,2019,25899,Diesel,Automatic,First,12.63,2179.0,147.5,5.0,8243600.0
Hyundai Santro Xing Gl,Kisumu,2009,60170,Petrol,Manual,First,0.0,1086.0,62.0,5.0,170199.99999999997
Mercedes-Benz New C-Class C 220 Cdi Style,Kisumu,2017,11200,Diesel,Automatic,First,19.27,2143.0,167.62,5.0,5550000.0
Hyundai I10 Magna 1.2,Mombasa,2017,49045,Petrol,Manual,First,20.36,1197.0,78.9,5.0,602360.0
Volkswagen Polo Diesel Comfortline 1.2L,Kisumu,2012,45000,Diesel,Manual,First,22.07,1199.0,73.9,5.0,442520.0
Maruti Vitara Brezza Vdi Option,Nairobi,2017,40000,Diesel,Manual,First,24.3,1248.0,88.5,5.0,1169200.0
Renault Duster 85Ps Diesel Rxl,Nairobi,2016,36600,Diesel,Manual,First,19.87,1461.0,83.8,5.0,1108520.0
Tata Indica Vista Aqua 1.3 Quadrajet,Nyeri,2009,117000,Diesel,Manual,First,18.0,1248.0,75.0,5.0,162800.00000000003
Mercedes-Benz Gl-Class 350 Cdi Blue Efficiency,Nairobi,2016,16000,Diesel,Automatic,First,11.3,2987.0,254.8,7.0,8288000.0
Hyundai Xcent 1.2 Crdi S,Nairobi,2016,50000,Diesel,Manual,First,25.4,1186.0,73.97,5.0,518000.0
Hyundai Verna Crdi Sx Abs,Kisumu,2008,150000,Diesel,Manual,First,18.1,1493.0,110.0,5.0,444000.0
Hyundai Verna 1.6 Sx Vtvt,Nairobi,2014,11000,Petrol,Manual,First,17.01,1591.0,121.3,5.0,902800.0
Ford Figo Petrol Zxi,Nakuru,2010,102016,Petrol,Manual,First,15.6,1196.0,70.0,5.0,333000.0
Maruti Swift Vdi Optional,Mombasa,2016,38000,Diesel,Manual,First,25.2,1248.0,74.0,5.0,880600.0
Renault Pulse Rxl,Kisumu,2013,71491,Diesel,Manual,First,23.08,1461.0,63.12,5.0,732600.0
Volkswagen Polo 1.2 Mpi Highline,Nakuru,2015,46354,Petrol,Manual,Second,16.47,1198.0,74.0,5.0,812520.0
Bmw 3 Series 320D Luxury Line,Nairobi,2019,87000,Diesel,Automatic,First,22.69,1995.0,190.0,5.0,987160.0
Skoda Rapid 1.6 Mpi Active,Thika,2015,20765,Petrol,Manual,First,15.0,1598.0,103.52,5.0,925000.0
Hyundai Santro Gs,Thika,2005,58000,Petrol,Manual,Second,0.0,999.0,97.7,5.0,223480.0
Audi Q7 3.0 Tdi Quattro Premium Plus,Naivasha,2014,51076,Diesel,Automatic,First,12.07,2967.0,241.4,7.0,5162240.000000001
Maruti Ciaz Vdi Plus,Nyeri,2016,84085,Diesel,Manual,First,26.21,1248.0,88.5,5.0,1021200.0
Honda City I Dtec Vx,Kisumu,2014,55000,Diesel,Manual,First,25.1,1498.0,98.6,5.0,886520.0
Mercedes-Benz E-Class 2009-2013 E350 Petrol,Nairobi,2010,73000,Petrol,Automatic,First,10.93,3498.0,272.0,5.0,1539200.0
Audi A6 2011-2015 3.0 Tdi Quattro Premium Plus,Eldoret,2012,50001,Diesel,Automatic,First,14.57,2967.0,241.38,5.0,4292000.0
Mahindra Xylo H4,Naivasha,2016,93166,Diesel,Manual,Second,14.02,2179.0,118.3,7.0,865800.0
Honda City 1.5 Exi At,Mombasa,2006,99583,Petrol,Automatic,Third,12.0,1493.0,100.0,5.0,327080.0
Maruti Sx4 Zxi Mt Bsiv,Nairobi,2010,72000,Petrol,Manual,First,15.5,1586.0,103.3,5.0,355200.0
Toyota Corolla Altis G,Eldoret,2009,70000,Petrol,Manual,Third,14.53,1798.0,138.1,5.0,444000.0
Volkswagen Vento Petrol Highline At,Eldoret,2012,61000,Petrol,Automatic,Second,14.4,1598.0,103.6,5.0,555000.0
Hyundai Eon Era Plus,Eldoret,2015,66510,Petrol,Manual,First,21.1,814.0,55.2,5.0,436600.0
Skoda Laura Ambition 2.0 Tdi Cr Mt,Kisumu,2011,84062,Diesel,Manual,First,20.0,1968.0,108.5,5.0,858400.0
Maruti Swift Vdi,Kisumu,2012,80799,Diesel,Manual,First,22.9,1248.0,74.0,5.0,725200.0000000001
Toyota Corolla Altis 1.8 Vl Cvt,Kisumu,2018,5000,Petrol,Automatic,First,14.28,1798.0,138.03,5.0,2508600.0
Toyota Innova 2.5 G (Diesel) 8 Seater,Kisumu,2013,92000,Diesel,Manual,First,12.99,2494.0,100.0,8.0,1850000.0
Tata Tiago Wizz 1.05 Revotorq,Kisumu,2017,53000,Diesel,Manual,First,27.28,1047.0,69.0,5.0,740000.0
Skoda Rapid 1.6 Mpi Ambition,Nairobi,2015,39822,Petrol,Manual,First,15.41,1598.0,103.52,5.0,692640.0
Ford Endeavour 3.2 Titanium At 4X4,Nairobi,2016,29000,Diesel,Automatic,First,10.91,3198.0,197.0,7.0,4410400.0
Renault Kwid Rxl,Mombasa,2017,24214,Petrol,Manual,Second,25.17,799.0,53.3,5.0,512080.0
Hyundai I20 1.4 Asta Crdi With Avn,Eldoret,2012,75000,Diesel,Manual,First,23.0,1396.0,90.0,5.0,592000.0
Skoda Laura Ambiente,Mombasa,2012,77216,Diesel,Manual,Second,17.5,1896.0,106.0,5.0,666000.0
Toyota Corolla Altis Diesel D4Dg,Mombasa,2013,74290,Diesel,Manual,First,21.43,1364.0,87.2,5.0,868760.0
Mahindra Scorpio S8 8 Seater,Nairobi,2015,61000,Diesel,Manual,First,15.4,2179.0,120.0,8.0,1406000.0
Audi Q5 2.0 Tdi Premium Plus,Mombasa,2013,44000,Diesel,Automatic,First,14.16,1968.0,174.3,5.0,4810000.0
Chevrolet Enjoy Tcdi Ls 8 Seater,Naivasha,2014,74041,Diesel,Manual,First,18.2,1248.0,73.8,8.0,574240.0
Bmw 3 Series 320D,Naivasha,2013,85846,Diesel,Automatic,First,22.69,1995.0,190.0,5.0,1935840.0
Nissan Sunny 2011-2014 Diesel Xv,Nairobi,2012,52000,Diesel,Manual,First,21.64,1461.0,84.8,5.0,518000.0
Honda Accord 2.4 Mt,Nairobi,2010,47000,Petrol,Manual,Second,12.8,2354.0,177.6,5.0,518000.0
Hyundai Verna Crdi,Nakuru,2010,72010,Diesel,Manual,First,16.8,1493.0,110.0,5.0,658600.0
Maruti Omni E Mpi Std Bs Iv,Nyeri,2015,15000,Petrol,Manual,First,16.8,796.0,34.2,8.0,347800.0
Honda City I Vtec Sv,Kisumu,2015,480000,Petrol,Manual,First,17.4,1497.0,117.3,5.0,740000.0
Audi A7 2011-2015 Sportback,Kisumu,2012,24720,Diesel,Automatic,Second,0.0,2967.0,241.4,5.0,4144000.0
Ford Fiesta 1.4 Zxi Leather,Mombasa,2007,75000,Petrol,Manual,Second,16.6,1388.0,68.0,5.0,296000.0
Hyundai I20 1.4 Asta,Nairobi,2015,57000,Diesel,Manual,First,22.54,1396.0,88.73,5.0,939800.0
Mercedes-Benz E-Class E250 Cdi Avantgrade,Mombasa,2015,41057,Diesel,Automatic,First,13.0,2143.0,201.1,5.0,3645240.0
Maruti Wagon R Lxi Cng,Eldoret,2012,92000,Cng,Manual,Second,26.2,998.0,58.2,5.0,444000.0
Ford Ecosport 1.5 Tdci Trend Plus,Mombasa,2016,20000,Diesel,Manual,First,22.77,1498.0,98.59,5.0,1169200.0
Hyundai I20 1.2 Magna,Nairobi,2011,52359,Petrol,Manual,First,18.5,1197.0,80.0,5.0,481000.0
Honda City I Vtec V,Nairobi,2016,17000,Petrol,Manual,Second,17.8,1497.0,117.3,5.0,1221000.0
Nissan Micra Diesel Xv,Kisumu,2011,39002,Diesel,Manual,First,23.08,1461.0,63.1,5.0,421800.0
Ford Figo Diesel Exi,Eldoret,2010,129986,Diesel,Manual,Second,20.0,1399.0,68.0,5.0,473600.0
Nissan Micra Xl,Kisumu,2013,45000,Petrol,Manual,First,18.44,1198.0,75.0,5.0,259000.0
Maruti Swift Vdi Bsiv,Kisumu,2013,41300,Diesel,Manual,First,17.8,1248.0,97.7,5.0,500240.0
Honda Accord 2.4 Mt,Thika,2009,82002,Petrol,Manual,Second,12.8,2354.0,177.6,5.0,851000.0
Skoda Superb Elegance 1.8 Tsi At,Nairobi,2010,67000,Petrol,Automatic,First,13.7,1798.0,157.75,5.0,695600.0
Maruti Omni 8 Seater Bsiv,Kisumu,2017,21260,Petrol,Manual,First,14.0,796.0,35.0,5.0,429200.0
Hyundai I20 Magna Optional 1.4 Crdi,Thika,2012,55362,Diesel,Manual,First,21.9,1396.0,88.8,5.0,629000.0
Hyundai Creta 1.6 Crdi At Sx Plus,Mombasa,2017,13000,Diesel,Automatic,First,17.01,1582.0,126.2,5.0,2146000.0
Maruti Swift Vdi Bsiv,Mombasa,2016,45725,Diesel,Manual,First,25.2,1248.0,74.0,5.0,790320.0
Maruti Swift Ldi Bsiv,Nyeri,2014,105000,Diesel,Manual,First,25.2,1248.0,74.0,5.0,569800.0
Toyota Innova 2.5 G (Diesel) 8 Seater Bs Iv,Kisumu,2009,156056,Diesel,Manual,First,12.8,2494.0,102.0,8.0,1258000.0
Hyundai Xcent 1.1 Crdi Base,Nairobi,2016,135000,Diesel,Manual,First,24.4,1120.0,71.0,5.0,621600.0
Maruti Ertiga Paseo Vdi,Nairobi,2016,67000,Diesel,Manual,First,20.77,1248.0,88.7,7.0,999000.0
Ford Endeavour 3.2 Trend At 4X4,Nyeri,2016,90000,Diesel,Automatic,First,10.91,3198.0,197.2,7.0,3848000.0
Hyundai I20 1.4 Sportz,Naivasha,2019,32251,Diesel,Manual,First,22.54,1396.0,88.73,5.0,1274280.0
Maruti Zen Estilo Lxi Bs Iv,Nairobi,2009,47000,Petrol,Manual,First,19.0,998.0,67.1,5.0,216080.0
Maruti Ritz Vdi,Nairobi,2011,75308,Diesel,Manual,Second,21.1,1248.0,73.9,5.0,414400.0
Maruti Alto K10 Lxi Cng Optional,Mombasa,2018,44202,Cng,Manual,First,32.26,998.0,58.2,4.0,592000.0
Honda City 1.5 S Mt,Nairobi,2014,58000,Petrol,Manual,First,17.0,1497.0,118.0,5.0,809560.0
Maruti Swift Dzire Zxi,Nairobi,2009,60000,Petrol,Manual,First,17.5,1298.0,85.8,5.0,362600.00000000006
Bmw X1 Sdrive 20D Sportline,Kisumu,2014,45000,Diesel,Automatic,First,17.05,1995.0,184.0,5.0,3182000.0
Tata Manza Aqua Safire,Nairobi,2010,41195,Petrol,Manual,First,15.0,1368.0,90.0,5.0,204240.0
Mahindra Xuv500 W10 2Wd,Mombasa,2016,89000,Diesel,Manual,First,16.0,2179.0,140.0,7.0,1998000.0
Hyundai I10 Sportz At,Nakuru,2009,60510,Petrol,Automatic,Second,16.95,1197.0,78.9,5.0,458800.0
Maruti Baleno Sigma 1.2,Nairobi,2016,8500,Petrol,Manual,First,21.4,1197.0,83.1,5.0,812520.0
Maruti Vitara Brezza Zdi Plus Dual Tone,Mombasa,2017,35981,Diesel,Manual,First,24.3,1248.0,88.5,5.0,1407480.0
Ford Figo Petrol Zxi,Nairobi,2012,23152,Petrol,Manual,First,15.6,1196.0,70.02,5.0,353720.0
Maruti Wagon R Cng Lxi,Nairobi,2014,74663,Cng,Manual,First,33.54,998.0,67.04,5.0,481000.0
Volkswagen Vento Sport 1.2 Tsi At,Nairobi,2014,61529,Petrol,Automatic,First,18.19,1197.0,103.5,5.0,836200.0
Mahindra Xylo D2 Bs Iii,Thika,2010,91596,Diesel,Manual,First,14.95,2489.0,93.7,7.0,273800.0
Porsche Cayenne Base,Mombasa,2019,14298,Petrol,Automatic,First,13.33,2995.0,340.0,5.0,298960.0
Maruti Swift Dzire Vdi,Kisumu,2013,83327,Diesel,Manual,First,19.3,1248.0,73.9,5.0,858400.0
Volkswagen Polo 1.2 Mpi Highline Plus,Kisumu,2017,22857,Petrol,Manual,First,16.2,1199.0,74.0,5.0,1021200.0
Hyundai Verna 1.6 Vtvt,Mombasa,2013,34620,Petrol,Manual,Second,17.01,1591.0,121.3,5.0,791800.0
Hyundai I10 Era 1.1,Nakuru,2010,56000,Petrol,Manual,First,19.81,1086.0,68.05,5.0,421800.0
Mercedes-Benz E-Class E250 Cdi Launch Edition,Mombasa,2014,81000,Diesel,Automatic,First,13.0,2143.0,204.0,5.0,3367000.0
Maruti Zen Lxi,Nyeri,1998,95150,Petrol,Manual,Third,17.3,993.0,60.0,5.0,66600.0
Hyundai I10 Sportz,Naivasha,2013,32776,Petrol,Manual,First,20.36,1197.0,78.9,5.0,686719.9999999999
Honda Amaze S I-Dtech,Naivasha,2016,51587,Diesel,Manual,First,25.8,1498.0,98.6,5.0,779960.0
Tata Safari Storme Vx,Nyeri,2016,36000,Diesel,Manual,First,14.1,2179.0,148.0,7.0,1480000.0
Honda Brio 1.2 S Mt,Nairobi,2015,22000,Petrol,Manual,First,18.5,1198.0,86.8,5.0,584600.0
Hyundai I20 Asta,Mombasa,2010,30754,Petrol,Manual,First,17.0,1197.0,80.0,5.0,500240.0
Volkswagen Jetta 2012-2014 1.4 Tsi,Naivasha,2018,37109,Petrol,Manual,First,14.69,1390.0,120.33,5.0,2486400.0
Honda Jazz Select Edition,Kisumu,2010,45000,Petrol,Manual,First,16.7,1198.0,88.8,5.0,294520.0
Hyundai Grand I10 Sportz,Naivasha,2017,33284,Petrol,Manual,First,18.9,1197.0,82.0,5.0,864320.0
Jaguar Xf Diesel,Naivasha,2016,55115,Diesel,Automatic,First,14.74,2993.0,270.9,5.0,5350200.0
Jaguar Xf 2.2 Litre Luxury,Kisumu,2014,18000,Diesel,Automatic,First,16.36,2179.0,187.7,5.0,3803600.0
Mahindra Xuv500 W8 2Wd,Naivasha,2013,130790,Diesel,Manual,First,16.0,2179.0,140.0,7.0,1367520.0
Maruti S Cross Ddis 320 Alpha,Nairobi,2015,16607,Diesel,Manual,First,22.7,1598.0,118.0,5.0,1132200.0
Audi A4 2.0 Tdi 177 Bhp Premium Plus,Naivasha,2015,32205,Diesel,Automatic,First,17.11,1968.0,174.33,5.0,3745880.0
Renault Duster 110Ps Diesel Rxz,Nairobi,2013,67000,Diesel,Manual,First,19.01,1461.0,108.45,5.0,703000.0
Maruti Swift Dzire Vxi,Naivasha,2014,57676,Petrol,Manual,First,19.1,1197.0,85.8,5.0,990120.0
Volkswagen Polo Petrol Trendline 1.2L,Nairobi,2012,41000,Petrol,Manual,First,16.47,1198.0,73.9,5.0,458800.0
Maruti Omni 8 Seater Bsii,Nyeri,2012,65000,Petrol,Manual,First,19.7,796.0,35.0,8.0,229400.0
Hyundai Grand I10 1.2 Kappa Magna At,Naivasha,2019,12153,Petrol,Automatic,First,18.9,1197.0,81.86,5.0,1012320.0
Tata Nano Twist Xt,Kisumu,2014,16810,Petrol,Manual,First,25.4,624.0,37.5,4.0,236800.0
Audi A4 30 Tfsi Premium Plus,Mombasa,2017,61221,Petrol,Automatic,First,17.84,1395.0,147.51,5.0,3216040.0
Volkswagen Polo 1.2 Mpi Highline,Nairobi,2015,22000,Petrol,Manual,First,16.47,1198.0,74.0,5.0,703000.0
Maruti Alto 800 Lxi,Mombasa,2015,63714,Petrol,Manual,First,22.74,796.0,47.3,5.0,362600.00000000006
Mini Cooper 5 Door D,Mombasa,2019,14857,Diesel,Automatic,First,20.7,1496.0,113.98,5.0,4669400.0
Audi A4 New 2.0 Tdi Multitronic,Nairobi,2012,69000,Diesel,Automatic,Second,15.2,1968.0,140.8,5.0,1517000.0
Ford Endeavour Titanium 4X2,Naivasha,2019,14648,Diesel,Manual,First,12.62,2198.0,158.0,7.0,4049280.0
Ford Ecosport 1.5 Ti Vct Mt Titanium,Kisumu,2013,100000,Petrol,Manual,Second,15.8,1499.0,110.0,5.0,962000.0
Hyundai Grand I10 Magna,Nyeri,2016,22000,Petrol,Manual,First,18.9,1197.0,82.0,5.0,629000.0
Chevrolet Sail 1.2 Ls,Nairobi,2014,10000,Petrol,Manual,First,18.2,1199.0,82.4,5.0,814000.0
Maruti Swift Dzire Lxi,Kisumu,2015,107000,Petrol,Manual,First,20.85,1197.0,83.14,5.0,592000.0
Tata Zest Revotron 1.2T Xm,Mombasa,2017,48198,Petrol,Manual,First,17.57,1193.0,88.7,5.0,688200.0000000001
Mercedes-Benz New C-Class C 220 Cdi Avantgarde,Nairobi,2015,15000,Diesel,Automatic,First,19.27,2143.0,170.0,5.0,4218000.0
Chevrolet Cruze Ltz,Naivasha,2014,80073,Diesel,Manual,First,17.3,1998.0,163.7,5.0,1052280.0
Maruti Ritz Vdi,Kisumu,2013,85388,Diesel,Manual,First,21.1,1248.0,73.9,5.0,577200.0
Hyundai Grand I10 1.2 Kappa Sportz Option,Nyeri,2017,14700,Petrol,Manual,First,18.9,1197.0,81.86,5.0,828800.0
Maruti Dzire Ldi,Eldoret,2012,150000,Diesel,Manual,Third,28.4,1248.0,73.75,5.0,333000.0
Hyundai Verna 1.6 Sx,Kisumu,2011,34994,Diesel,Manual,First,22.32,1582.0,126.32,5.0,577200.0
Jaguar Xf Diesel,Naivasha,2014,82536,Diesel,Automatic,First,14.74,2993.0,270.9,5.0,4237240.0
Skoda Superb Elegance 1.8 Tsi At,Nairobi,2013,82000,Petrol,Automatic,First,13.7,1798.0,157.75,5.0,1073000.0
Maruti Wagon R Lxi,Eldoret,2006,52000,Petrol,Manual,Second,18.9,998.0,67.1,5.0,296000.0
Volkswagen Polo Petrol Highline 1.2L,Nairobi,2011,20000,Petrol,Manual,First,16.47,1198.0,73.9,5.0,518000.0
Honda Civic 2010-2013 1.8 S Mt,Kisumu,2011,55000,Petrol,Manual,First,14.8,1799.0,130.2,5.0,740000.0
Maruti Eeco Cng 5 Seater Ac,Thika,2015,47001,Cng,Manual,First,20.0,1196.0,63.0,5.0,550560.0
Maruti Wagon R Vxi,Mombasa,2014,52000,Petrol,Manual,First,22.5,998.0,67.04,5.0,510600.0
Maruti Swift Dzire Vdi,Kisumu,2013,43284,Diesel,Manual,First,23.4,1248.0,74.0,5.0,666000.0
Hyundai Creta 1.6 Sx Plus Petrol Automatic,Naivasha,2018,23875,Petrol,Automatic,First,13.0,1591.0,121.3,5.0,2125280.0
Hyundai Grand I10 Asta,Nakuru,2016,51866,Petrol,Manual,First,18.9,1197.0,82.0,5.0,814000.0
Nissan Micra Diesel Xv Premium,Nairobi,2013,69000,Diesel,Manual,First,23.08,1461.0,63.1,5.0,444000.0
Hyundai Grand I10 1.2 Kappa Asta,Naivasha,2017,62788,Petrol,Manual,First,18.9,1197.0,81.86,5.0,899840.0
Volkswagen Vento Diesel Highline,Mombasa,2013,150000,Diesel,Manual,First,20.54,1598.0,103.6,5.0,740000.0
Toyota Fortuner 4X2 At,Mombasa,2015,47566,Diesel,Automatic,First,12.55,2982.0,168.5,7.0,2997000.0
Hyundai Santro Gs Zipdrive - Euro Ii,Mombasa,2002,67000,Petrol,Manual,Third,0.0,999.0,97.7,5.0,177600.0
Toyota Innova Crysta 2.8 Gx At,Eldoret,2018,20300,Diesel,Automatic,First,11.36,2755.0,171.5,7.0,2664000.0
Mercedes-Benz A Class A180 Cdi,Eldoret,2015,48300,Diesel,Automatic,First,20.0,2143.0,107.3,5.0,2590000.0
Hyundai Eon D Lite,Eldoret,2013,30000,Petrol,Manual,First,21.1,814.0,55.2,5.0,310800.0
Hyundai Elantra Crdi Sx,Nakuru,2012,36000,Diesel,Manual,Second,22.7,1582.0,126.24,5.0,1110000.0
Mini Cooper 3 Door D,Mombasa,2015,27641,Diesel,Automatic,Second,20.7,1496.0,113.98,4.0,3665960.0
Renault Duster 110Ps Diesel Rxz Option,Nakuru,2015,60000,Diesel,Manual,First,19.64,1461.0,108.45,5.0,1280200.0
Ford Endeavour 3.2 Titanium At 4X4,Mombasa,2019,9000,Diesel,Automatic,First,10.91,3198.0,197.0,7.0,5254000.0
Toyota Corolla Altis Gl Mt,Nairobi,2014,60750,Petrol,Manual,First,14.28,1798.0,138.03,5.0,1554000.0
Mahindra Xuv500 W7,Nairobi,2018,9000,Diesel,Manual,First,14.0,2179.0,155.0,7.0,1924000.0
Bmw 7 Series 730Ld Design Pure Excellence Cbu,Kisumu,2012,41100,Diesel,Automatic,First,16.77,2993.0,261.49,5.0,3922000.0
Maruti Wagon R Lx Bsiii,Thika,2004,60000,Petrol,Manual,Second,17.3,1061.0,64.0,5.0,207200.0
Honda City I Vtec Sv,Mombasa,2017,38424,Petrol,Manual,First,17.8,1497.0,117.3,5.0,1111480.0
Maruti Swift Vdi,Nairobi,2014,50000,Diesel,Manual,First,22.9,1248.0,74.0,5.0,636400.0
Honda City I-Vtec Cvt Vx,Nairobi,2015,19000,Petrol,Automatic,First,18.0,1497.0,117.3,5.0,1324599.9999999998
Maruti Ertiga Vdi,Mombasa,2015,58734,Diesel,Manual,First,20.77,1248.0,88.76,7.0,1022680.0
Renault Duster 110Ps Diesel Rxz,Naivasha,2016,65257,Diesel,Manual,First,19.01,1461.0,108.45,5.0,1443000.0
Maruti Swift Dzire Vdi,Nyeri,2010,130000,Diesel,Manual,Second,19.3,1248.0,73.9,5.0,592000.0
Maruti Ritz Vdi,Kisumu,2011,79000,Diesel,Manual,First,23.2,1248.0,73.94,5.0,540200.0
Mahindra Xuv500 W8 4Wd,Mombasa,2013,78000,Diesel,Manual,First,15.1,2179.0,140.0,7.0,1591000.0
Honda Brio S Mt,Mombasa,2015,49133,Petrol,Manual,First,19.4,1198.0,86.8,5.0,667480.0
Mercedes-Benz M-Class Ml 350 4Matic,Naivasha,2016,22769,Diesel,Automatic,First,0.0,2987.0,165.0,5.0,7284560.0
Tata Manza Club Class Quadrajet90 Ls,Naivasha,2014,54448,Diesel,Manual,First,21.02,1248.0,88.8,5.0,547600.0
Toyota Innova 2.5 V Diesel 7-Seater,Kisumu,2014,158793,Diesel,Manual,First,12.8,2494.0,102.0,7.0,1922520.0
Maruti Swift Vxi,Nairobi,2015,62088,Petrol,Manual,First,18.6,1197.0,85.8,5.0,614200.0000000001
Hyundai Verna 1.6 Ex Vtvt,Kisumu,2012,14800,Petrol,Manual,First,17.01,1591.0,121.3,5.0,651200.0000000001
Honda Mobilio S I Vtec,Kisumu,2015,26000,Petrol,Manual,First,17.3,1497.0,117.3,7.0,629000.0
Honda Amaze S I-Vtech,Nairobi,2017,32005,Petrol,Manual,First,18.0,1198.0,86.7,5.0,629000.0
Honda City I-Vtec Cvt Vx,Nyeri,2017,35000,Petrol,Automatic,First,18.0,1497.0,117.3,5.0,1139600.0
Land Rover Range Rover 2.2L Dynamic,Eldoret,2015,52000,Diesel,Automatic,First,12.7,2179.0,187.7,5.0,5883000.0
Honda City I-Vtec V,Nairobi,2017,11000,Petrol,Manual,First,17.4,1497.0,117.3,5.0,1258000.0
Mercedes-Benz E-Class 280 Elegance,Nyeri,2008,62000,Petrol,Automatic,First,9.5,2997.0,231.1,5.0,1036000.0
Ford Ikon 1.3 Flair,Mombasa,2002,65134,Petrol,Manual,Third,13.8,1299.0,70.0,5.0,118400.0
Toyota Fortuner 4X2 Manual,Nairobi,2013,71000,Diesel,Manual,First,13.0,2982.0,168.5,7.0,2257000.0
Maruti A-Star Vxi,Kisumu,2008,51366,Petrol,Manual,First,19.0,998.0,66.1,5.0,333000.0
Tata Sumo Ex,Kisumu,2016,46300,Diesel,Manual,First,14.07,1948.0,83.1,7.0,717799.9999999999
Honda City V At,Naivasha,2012,60908,Petrol,Automatic,Second,15.6,1497.0,116.3,5.0,950160.0
Nissan Micra Xv D,Mombasa,2012,93450,Diesel,Manual,Second,23.19,1461.0,63.12,5.0,370000.0
Hyundai Verna Sx Crdi At,Kisumu,2011,104000,Diesel,Automatic,First,19.08,1582.0,126.32,5.0,851000.0
Maruti 800 Std,Eldoret,2003,52000,Petrol,Manual,First,16.1,796.0,37.0,4.0,74000.0
Mahindra Xuv500 W8 4Wd,Naivasha,2015,42999,Diesel,Manual,First,15.1,2179.0,140.0,7.0,1704960.0
Maruti Sx4 Vdi,Nairobi,2014,90000,Diesel,Manual,First,21.5,1248.0,88.8,5.0,666000.0
Hyundai I20 Sportz At 1.4,Nakuru,2013,72000,Petrol,Automatic,First,15.0,1396.0,98.6,5.0,703000.0
Hyundai Creta 1.6 Crdi Sx,Naivasha,2019,54321,Diesel,Manual,First,19.67,1582.0,126.2,5.0,2003920.0
Mercedes-Benz E-Class E250 Cdi Avantgrade,Mombasa,2015,59630,Diesel,Automatic,First,13.0,2143.0,201.1,5.0,3464680.0
Toyota Fortuner 4X2 At,Kisumu,2013,116000,Diesel,Automatic,Second,12.55,2982.0,168.5,7.0,2849000.0
Volvo S60 D4 Kinetic,Thika,2015,34000,Diesel,Automatic,First,9.0,1984.0,181.0,5.0,2960000.0
Mercedes-Benz E-Class 2009-2013 E250 Cdi Avantgarde,Nairobi,2011,70000,Diesel,Automatic,First,14.21,2143.0,203.0,5.0,1924000.0
Honda Accord 2.4 Elegance M/T,Mombasa,2010,80000,Petrol,Manual,First,10.2,2354.0,180.0,5.0,590520.0
Honda Amaze S I-Dtech,Eldoret,2015,110000,Diesel,Manual,First,25.8,1498.0,98.6,5.0,688200.0000000001
Maruti Dzire Zdi,Thika,2013,56454,Diesel,Manual,First,28.4,1248.0,73.75,5.0,688200.0000000001
Maruti Swift Lxi,Kisumu,2013,60000,Petrol,Manual,First,18.6,1197.0,85.8,5.0,466200.0
Toyota Corolla Altis G Hv At,Nairobi,2013,56000,Petrol,Automatic,First,14.53,1798.0,138.1,5.0,1221000.0
Land Rover Range Rover Vogue Se 4.4 Sdv8,Nakuru,2012,63000,Diesel,Automatic,Second,11.49,4367.0,335.3,5.0,9620000.0
Maruti Swift Vdi,Mombasa,2012,63000,Diesel,Manual,First,22.9,1248.0,74.0,5.0,666000.0
Jeep Compass 2.0 Limited Option 4X4,Kisumu,2017,15050,Diesel,Manual,First,16.3,1956.0,170.0,5.0,2590000.0
Maruti Swift Vxi Bsiv,Nairobi,2016,29401,Petrol,Manual,First,20.4,1197.0,81.8,5.0,637879.9999999999
Honda Jazz 1.2 Sv I Vtec,Mombasa,2016,25238,Petrol,Manual,First,18.7,1199.0,88.7,5.0,917600.0
Toyota Etios Gd,Mombasa,2011,79000,Diesel,Manual,First,23.59,1364.0,97.7,5.0,691160.0
Volkswagen Polo Petrol Trendline 1.2L,Mombasa,2011,58752,Petrol,Manual,First,16.47,1198.0,73.9,5.0,491360.0
Honda Civic 2006-2010 1.8 V At,Nairobi,2011,62000,Petrol,Automatic,First,12.9,1799.0,130.0,5.0,555000.0
Toyota Etios G Sp,Nakuru,2013,132000,Petrol,Manual,First,16.78,1496.0,88.73,5.0,695600.0
Hyundai Verna 1.6 Sx Vtvt,Mombasa,2016,51000,Petrol,Manual,First,17.01,1591.0,121.3,5.0,962000.0
Toyota Innova 2.5 G4 Diesel 8-Seater,Kisumu,2009,185200,Diesel,Manual,First,12.8,2494.0,102.0,8.0,1073000.0
Maruti Sx4 S Cross Ddis 320 Zeta,Naivasha,2016,61717,Diesel,Manual,First,22.7,1598.0,118.0,5.0,1323120.0
Ford Freestyle Titanium Plus Petrol,Kisumu,2018,8896,Petrol,Manual,First,19.0,1194.0,94.68,5.0,1086320.0
Maruti Baleno Alpha 1.2,Nairobi,2016,17000,Petrol,Manual,First,21.4,1197.0,83.1,5.0,1021200.0
Honda Jazz V,Nairobi,2016,31378,Petrol,Manual,First,18.2,1199.0,88.7,5.0,873200.0
Hyundai Verna 1.6 Crdi Ex At,Eldoret,2013,114000,Diesel,Automatic,First,22.32,1582.0,126.3,5.0,999000.0
Honda Amaze Vx I-Dtec,Thika,2014,81000,Diesel,Manual,First,25.8,1498.0,98.6,5.0,606799.9999999999
Audi Q3 30 Tdi Premium Fwd,Nairobi,2017,31000,Diesel,Automatic,First,18.51,1968.0,147.51,5.0,3996000.0
Skoda Rapid 2013-2016 1.6 Mpi Ambition,Nairobi,2014,35000,Petrol,Manual,First,15.0,1598.0,103.52,5.0,666000.0
Audi A4 2.0 Tdi 177 Bhp Premium Plus,Kisumu,2013,60001,Diesel,Automatic,First,17.11,1968.0,174.33,5.0,2146000.0
Maruti Swift Dzire Vdi,Nyeri,2014,75074,Diesel,Manual,First,23.4,1248.0,74.0,5.0,777000.0
Tata Indica Vista Quadrajet Ls,Kisumu,2012,80000,Diesel,Manual,Second,22.3,1248.0,74.0,5.0,177600.0
Toyota Innova 2.5 G (Diesel) 8 Seater,Nyeri,2006,147350,Diesel,Manual,Second,12.99,2494.0,100.6,8.0,732600.0
Renault Duster 110Ps Diesel Rxz Plus,Kisumu,2013,60000,Diesel,Manual,First,19.64,1461.0,108.45,5.0,1110000.0
Mercedes-Benz E-Class E400 Cabriolet,Kisumu,2015,7501,Petrol,Automatic,First,10.0,2996.0,333.0,4.0,7104000.0
Honda Amaze S I-Dtech,Nairobi,2015,58000,Diesel,Manual,First,25.8,1498.0,98.6,5.0,658600.0
Mercedes-Benz Gle 350D,Naivasha,2018,29277,Diesel,Automatic,First,11.57,2987.0,254.79,5.0,8828200.0
Maruti Ritz Vdi,Mombasa,2015,57034,Diesel,Manual,First,23.2,1248.0,73.94,5.0,648240.0
Maruti Ciaz Zdi Plus Shvs,Mombasa,2016,40810,Diesel,Manual,First,28.09,1248.0,88.5,5.0,1169200.0
Hyundai Santro Xing Gl,Nakuru,2008,35268,Petrol,Manual,Second,0.0,1086.0,62.0,5.0,278240.0
Bmw 5 Series 520D Sedan,Nairobi,2008,81000,Diesel,Automatic,Second,18.48,1493.0,97.7,5.0,1554000.0
Maruti Baleno Delta Cvt,Naivasha,2018,34630,Petrol,Automatic,First,21.4,1197.0,83.1,5.0,1078920.0
Ford Fiesta Diesel Titanium Plus,Kisumu,2012,45122,Diesel,Manual,First,23.5,1498.0,88.7,5.0,888000.0
Mahindra Xuv500 W8 2Wd,Mombasa,2011,126000,Diesel,Manual,Third,16.0,2179.0,140.0,7.0,991600.0
Maruti Alto Lxi,Nyeri,2009,63000,Petrol,Manual,First,19.7,796.0,46.3,5.0,222000.0
Mini Cooper 3 Door D,Mombasa,2016,32298,Diesel,Automatic,First,20.7,1496.0,113.98,4.0,3522400.0
Mahindra Xuv500 W8 4Wd,Mombasa,2014,63288,Diesel,Manual,First,15.1,2179.0,140.0,7.0,1149960.0
Hyundai Santro Xing Gls,Naivasha,2012,43337,Petrol,Manual,First,17.92,1086.0,62.1,5.0,491360.0
Maruti Swift Vdi,Mombasa,2015,46561,Diesel,Manual,First,22.9,1248.0,74.0,5.0,731120.0000000001
Mercedes-Benz A Class A180 Cdi,Nairobi,2013,34000,Diesel,Automatic,Second,20.0,2143.0,107.3,5.0,1628000.0
Renault Kwid Rxt,Kisumu,2016,48000,Petrol,Manual,First,25.17,799.0,53.3,5.0,503200.0
Maruti Swift Vdi,Mombasa,2013,56263,Diesel,Manual,First,22.9,1248.0,74.0,5.0,617160.0
Maruti Zen Lxi,Kisumu,2005,84060,Petrol,Manual,Second,17.3,993.0,60.0,5.0,185000.0
Hyundai Grand I10 Magna At,Nairobi,2016,9000,Petrol,Automatic,First,18.9,1197.0,82.0,5.0,806600.0
Tata Manza Aura Quadrajet Bs Iv,Nyeri,2012,79000,Diesel,Manual,First,21.12,1248.0,88.8,5.0,383320.0
Mahindra Xuv500 W10 Awd,Eldoret,2015,87900,Diesel,Manual,First,16.0,2179.0,140.0,7.0,1777480.0
Maruti Swift Dzire 1.2 Vxi Bsiv,Nairobi,2010,72425,Petrol,Manual,Second,17.5,1197.0,85.8,5.0,362600.00000000006
Audi Q3 35 Tdi Quattro Premium Plus,Nakuru,2015,38000,Diesel,Automatic,First,15.73,1968.0,174.33,5.0,4292000.0
Ford Fiesta 1.4 Sxi Tdci,Kisumu,2008,83000,Diesel,Manual,Second,17.8,1399.0,97.7,5.0,355200.0
Mercedes-Benz New C-Class C 220 Cdi Elegance At,Kisumu,2010,107000,Diesel,Automatic,First,14.84,2143.0,170.0,5.0,1774520.0
Honda City I Vtec Cvt Vx,Nairobi,2015,51000,Petrol,Automatic,First,18.0,1497.0,117.3,5.0,1169200.0
Toyota Innova 2.5 Gx 7 Str,Eldoret,2010,140000,Diesel,Manual,Third,12.8,2494.0,102.0,7.0,925000.0
Chevrolet Beat Lt,Eldoret,2011,48000,Petrol,Manual,Second,18.6,1199.0,79.4,5.0,266400.0
Maruti Wagon R Lxi Cng,Nairobi,2013,62000,Cng,Manual,First,26.6,998.0,58.16,5.0,414400.0
Honda Jazz 1.2 S I Vtec,Nairobi,2015,31000,Petrol,Manual,First,18.7,1199.0,88.7,5.0,725200.0000000001
Nissan Micra Xl Primo,Nyeri,2010,75055,Petrol,Manual,First,18.06,1198.0,75.0,5.0,333000.0
Maruti Ciaz At Zxi,Naivasha,2017,51210,Petrol,Automatic,First,19.12,1373.0,91.1,5.0,1315720.0
Toyota Fortuner 4X2 At,Nairobi,2012,87000,Diesel,Automatic,First,12.55,2982.0,168.5,7.0,2220000.0
Ford Aspire Ambiente Diesel,Kisumu,2018,17000,Diesel,Manual,First,26.1,1498.0,99.0,5.0,836200.0
Maruti Ertiga Zdi,Nyeri,2014,57000,Diesel,Manual,First,20.77,1248.0,88.8,7.0,1036000.0
Maruti Alto 800 Lxi,Kisumu,2016,9370,Petrol,Manual,First,22.74,796.0,47.3,5.0,436600.0
Honda Brio V Mt,Mombasa,2013,53226,Petrol,Manual,First,19.4,1198.0,86.8,5.0,488400.0
Hyundai Verna Transform Crdi Vgt Sx Abs,Kisumu,2010,120000,Diesel,Manual,Second,16.2,1493.0,110.0,5.0,518000.0
Honda City 1.5 Gxi,Nyeri,2007,75055,Petrol,Manual,First,12.8,1493.0,100.0,5.0,340399.99999999994
Hyundai Creta 1.6 Crdi Sx,Naivasha,2017,37247,Diesel,Manual,First,19.67,1582.0,126.2,5.0,2026120.0
Toyota Etios Liva Gd,Nairobi,2013,64000,Diesel,Manual,First,23.59,1364.0,67.06,5.0,458800.0
Hyundai Sonata Transform 2.4 Gdi Mt,Nairobi,2014,12000,Petrol,Manual,First,13.44,2359.0,198.25,5.0,1887000.0
Hyundai Creta 1.6 Crdi Sx Option,Eldoret,2017,40158,Diesel,Manual,First,19.67,1582.0,126.2,5.0,2035000.0
Honda Jazz 1.2 Sv I Vtec,Mombasa,2017,11000,Petrol,Manual,First,18.7,1199.0,88.7,5.0,999000.0
Volkswagen Vento Diesel Comfortline,Mombasa,2014,70010,Diesel,Manual,First,20.54,1598.0,103.6,5.0,777000.0
Mahindra Xuv500 W6 2Wd,Nairobi,2015,82000,Diesel,Manual,First,16.0,2179.0,140.0,7.0,1295000.0
Mahindra Tuv 300 2015-2019 T8,Mombasa,2017,57259,Diesel,Manual,First,18.49,1493.0,100.0,7.0,1312759.9999999998
Honda Accord 2001-2003 2.3 Vti L At,Nakuru,2010,84000,Petrol,Automatic,Second,11.1,2354.0,142.0,5.0,962000.0
Maruti Ertiga Vdi,Eldoret,2012,168000,Diesel,Manual,First,20.77,1248.0,88.76,7.0,666000.0
Mahindra Ssangyong Rexton Rx5,Kisumu,2012,73670,Diesel,Manual,First,12.83,2696.0,162.0,7.0,1850000.0
Toyota Fortuner 4X2 At,Nairobi,2014,89540,Diesel,Automatic,First,12.55,2982.0,168.5,7.0,2486400.0
Maruti Ertiga Zdi,Kisumu,2016,85423,Diesel,Manual,First,20.77,1248.0,88.8,7.0,1295000.0
Hyundai Elantra Crdi Sx At,Eldoret,2013,48823,Diesel,Automatic,First,19.5,1582.0,126.24,5.0,1258000.0
Hyundai I10 Magna 1.2,Kisumu,2011,35082,Petrol,Manual,First,20.36,1197.0,78.9,5.0,327080.0
Maruti Omni Mpi Std Bsiv,Nyeri,2012,126000,Petrol,Manual,First,16.8,796.0,34.2,5.0,236800.0
Honda Amaze Vx At I-Vtech,Nairobi,2016,19000,Petrol,Automatic,First,15.5,1198.0,86.7,5.0,925000.0
Honda Civic 2006-2010 1.8 V At,Nairobi,2007,69000,Petrol,Automatic,Second,12.9,1799.0,130.0,5.0,333000.0
Mercedes-Benz Cla 200 Cdi Sport,Mombasa,2019,29836,Diesel,Automatic,First,17.9,2143.0,136.0,5.0,3811000.0
Skoda Superb 1.8 Tfsi Mt,Thika,2010,48002,Petrol,Manual,Second,13.14,1798.0,157.8,5.0,999000.0
Maruti Ciaz Zdi Plus Shvs,Thika,2015,52324,Diesel,Manual,First,28.09,1248.0,88.5,5.0,925000.0
Ford Ecosport 1.5 Dv5 Mt Titanium Optional,Nairobi,2013,65000,Diesel,Manual,First,22.7,1498.0,89.84,5.0,754799.9999999999
Mercedes-Benz M-Class Ml 320 Cdi,Nairobi,2009,66000,Diesel,Automatic,Second,8.7,2987.0,224.34,5.0,1591000.0
Hyundai Grand I10 Crdi Sportz,Kisumu,2016,75700,Diesel,Manual,First,24.0,1120.0,70.0,5.0,843600.0
Volkswagen Vento Diesel Breeze,Nakuru,2013,43000,Diesel,Manual,First,20.5,1598.0,105.0,5.0,880600.0
Chevrolet Beat Diesel Lt,Mombasa,2012,42706,Diesel,Manual,First,25.44,936.0,56.3,5.0,355200.0
Mahindra Quanto C6,Nairobi,2013,35000,Diesel,Manual,First,17.21,1493.0,100.0,7.0,516520.0
Hyundai I10 Asta 1.2 At With Sunroof,Kisumu,2011,54348,Petrol,Automatic,First,19.2,1197.0,80.0,5.0,592000.0
Toyota Etios Liva 1.4 Gd,Nairobi,2013,84000,Diesel,Manual,First,23.59,1364.0,67.04,5.0,569800.0
Toyota Corolla Altis 2008-2013 1.8 Vl At,Nairobi,2010,63298,Petrol,Automatic,First,14.53,1794.0,138.1,5.0,584600.0
Hyundai I10 Magna 1.2,Nyeri,2013,75049,Petrol,Manual,Second,20.36,1197.0,78.9,5.0,444000.0
Ford Figo Aspire 1.2 Ti-Vct Titanium,Mombasa,2018,24237,Petrol,Manual,First,18.16,1196.0,86.8,5.0,991600.0
Maruti Ritz Zxi,Naivasha,2016,22767,Petrol,Manual,First,18.5,1197.0,85.8,5.0,908720.0
Hyundai I20 Sportz At 1.4,Nakuru,2012,58000,Petrol,Automatic,Second,15.0,1396.0,98.6,5.0,651200.0000000001
Maruti Swift Dzire Ldi,Eldoret,2017,57000,Diesel,Manual,First,26.59,1248.0,74.0,5.0,629000.0
Bmw 7 Series 2007-2012 750Li,Mombasa,2010,50161,Petrol,Automatic,First,8.77,4395.0,402.0,5.0,3837640.0
Maruti S Cross Ddis 320 Alpha,Kisumu,2016,45000,Diesel,Manual,First,22.7,1598.0,118.0,5.0,1036000.0
Toyota Fortuner 4X4 At,Naivasha,2017,68319,Diesel,Automatic,First,12.55,2982.0,168.5,7.0,3717760.0
Hyundai Eon 1.0 Magna Plus Option O,Mombasa,2017,30711,Petrol,Manual,First,20.3,998.0,68.05,5.0,658600.0
Hyundai I20 1.4 Crdi Magna,Kisumu,2011,38277,Diesel,Manual,First,21.9,1396.0,90.0,5.0,355200.0
Volkswagen Vento Diesel Highline,Eldoret,2012,115000,Diesel,Manual,Second,20.54,1598.0,103.6,5.0,640840.0
Maruti Swift Dzire Vxi At,Naivasha,2017,46849,Petrol,Automatic,First,18.5,1197.0,83.14,5.0,1025640.0
Hyundai I20 Magna 1.4 Crdi,Thika,2014,64000,Diesel,Manual,First,21.9,1396.0,90.0,5.0,629000.0
Mercedes-Benz E-Class 2009-2013 E250 Cdi Blue Efficiency,Eldoret,2010,130923,Diesel,Automatic,First,14.21,2143.0,203.0,5.0,1850000.0
Hyundai Grand I10 Sportz,Mombasa,2015,15000,Petrol,Manual,First,18.9,1197.0,82.0,5.0,725200.0000000001
Hyundai I20 1.4 Crdi Sportz,Nairobi,2014,32720,Diesel,Manual,First,23.0,1396.0,90.0,5.0,666000.0
Renault Kwid Rxt,Nyeri,2016,12500,Petrol,Manual,First,25.17,799.0,53.3,5.0,444000.0
Hyundai Xcent 1.2 Kappa At Sx Option,Mombasa,2015,59800,Petrol,Automatic,First,16.9,1197.0,82.0,5.0,858400.0
Volkswagen Vento Petrol Highline,Eldoret,2011,54211,Petrol,Manual,First,15.04,1598.0,103.6,5.0,492840.0
Chevrolet Cruze Ltz At,Mombasa,2015,62242,Diesel,Automatic,First,14.39,1998.0,163.7,5.0,979760.0
Nissan Terrano Xl 110 Ps,Nairobi,2015,54000,Diesel,Manual,Second,19.01,1461.0,108.5,5.0,851000.0
Hyundai Verna 1.6 Sx,Kisumu,2012,65000,Diesel,Manual,First,22.32,1582.0,126.32,5.0,917600.0
Maruti Celerio Vxi Amt,Mombasa,2015,55000,Petrol,Automatic,First,23.1,998.0,67.04,5.0,518000.0
Maruti Wagon R Lxi,Eldoret,2010,71000,Petrol,Manual,First,18.9,998.0,67.1,5.0,296000.0
Hyundai I20 Magna Optional 1.4 Crdi,Mombasa,2012,70000,Diesel,Manual,First,21.9,1396.0,88.8,5.0,592000.0
Audi A4 1.8 Tfsi,Nairobi,2011,53000,Petrol,Automatic,First,12.3,1781.0,163.2,5.0,1406000.0
Bmw X1 Sdrive20D,Nairobi,2013,43000,Diesel,Automatic,First,17.05,1995.0,184.0,5.0,2590000.0
Skoda Rapid 1.6 Mpi At Elegance Plus,Nairobi,2015,54000,Petrol,Automatic,First,14.3,1598.0,103.52,5.0,904280.0
Hyundai I10 Magna,Thika,2014,51000,Petrol,Manual,First,20.36,1197.0,78.9,5.0,555000.0
Mitsubishi Pajero 2.8 Glx Crz,Kisumu,2007,78000,Diesel,Manual,Second,10.5,2835.0,107.2,6.0,917600.0
Honda City I Dtec Sv,Nairobi,2014,25000,Diesel,Manual,First,26.0,1498.0,98.6,5.0,910200.0
Maruti Alto K10 2010-2014 Vxi,Eldoret,2012,12600,Petrol,Manual,First,20.92,998.0,67.1,5.0,355200.0
Maruti Swift Ldi Bsiii,Eldoret,2009,80000,Diesel,Manual,Fourth & Above,17.8,1248.0,75.0,5.0,318200.0
Hyundai Grand I10 Magna,Kisumu,2016,21000,Petrol,Manual,First,18.9,1197.0,82.0,5.0,555000.0
Ford Figo Petrol Zxi,Nairobi,2011,32000,Petrol,Manual,Second,15.6,1196.0,70.0,5.0,318200.0
Hyundai Grand I10 Sportz Edition,Nakuru,2015,50000,Petrol,Manual,First,18.9,1197.0,81.86,5.0,703000.0
Maruti Sx4 Vxi Bsiv,Nairobi,2010,47500,Petrol,Manual,First,15.5,1586.0,103.3,5.0,362600.00000000006
Honda City I-Vtec Vx,Nairobi,2017,7500,Petrol,Manual,First,17.4,1497.0,117.3,5.0,1650200.0
Renault Duster 110Ps Diesel Rxz Amt,Nyeri,2016,68163,Diesel,Automatic,First,19.6,1461.0,108.45,5.0,1317200.0
Honda Amaze S I-Dtech,Thika,2014,61000,Diesel,Manual,First,25.8,1498.0,98.6,5.0,643799.9999999999
Toyota Innova 2.5 Z Diesel 7 Seater,Nyeri,2015,100000,Diesel,Manual,Second,12.99,2494.0,100.6,7.0,1776000.0
Bmw 3 Series 320D Highline,Nairobi,2009,61500,Diesel,Automatic,Second,16.07,1995.0,181.0,5.0,1258000.0
Hyundai I10 Magna 1.1 Itech Se,Mombasa,2017,42883,Petrol,Manual,First,19.81,1086.0,68.05,5.0,631959.9999999999
Renault Duster 85Ps Diesel Rxl Optional With Nav,Nyeri,2012,97000,Diesel,Manual,Second,20.45,1461.0,83.8,5.0,629000.0
Mitsubishi Outlander 2.4,Nakuru,2010,39525,Petrol,Automatic,First,11.3,2360.0,170.0,5.0,1369000.0
Maruti Vitara Brezza Ldi,Mombasa,2017,35384,Diesel,Manual,First,24.3,1248.0,88.5,5.0,1274280.0
Mercedes-Benz R-Class R350 Cdi 4Matic,Kisumu,2010,46000,Diesel,Automatic,First,11.8,2987.0,261.0,7.0,4144000.0
Ford Ecosport 1.5 Diesel Titanium,Naivasha,2018,32189,Diesel,Manual,First,23.0,1498.0,98.96,5.0,1369000.0
Hyundai Verna 1.6 Crdi At Sx Option,Mombasa,2016,27000,Diesel,Automatic,First,19.08,1582.0,126.2,5.0,1272800.0
Volkswagen Polo 1.2 Mpi Highline,Naivasha,2018,22734,Petrol,Manual,First,16.47,1198.0,74.0,5.0,1114440.0
Renault Duster 110Ps Diesel Rxl,Nairobi,2014,58002,Diesel,Manual,First,19.64,1461.0,108.45,5.0,851000.0
Honda Brio S Option At,Mombasa,2012,31500,Petrol,Automatic,First,16.5,1198.0,86.8,5.0,614200.0000000001
Ford Figo 2015-2019 1.2P Titanium Mt,Naivasha,2017,30933,Petrol,Manual,First,18.16,1196.0,86.8,5.0,864320.0
Audi A6 2.0 Tdi Design Edition,Kisumu,2012,27090,Diesel,Automatic,First,18.53,1968.0,187.74,5.0,2442000.0
Bmw X5 2014-2019 Xdrive 30D Design Pure Experience 7 Seater,Nairobi,2015,29500,Diesel,Automatic,First,15.97,2993.0,258.0,7.0,6364000.0
Hyundai I10 Sportz Option,Eldoret,2013,45000,Petrol,Manual,First,20.36,1197.0,78.9,5.0,525400.0
Hyundai I20 1.2 Asta Option,Kisumu,2018,11691,Petrol,Manual,First,18.6,1197.0,81.83,5.0,1317200.0
Skoda Octavia L And K 1.9 Tdi Mt,Kisumu,2006,121000,Diesel,Manual,Second,16.4,1896.0,90.0,5.0,370000.0
Hyundai Verna Transform Sx Vgt Crdi,Kisumu,2010,118077,Diesel,Manual,First,16.2,1493.0,110.0,5.0,569800.0
Hyundai Verna 1.6 Sx Vtvt (O) At,Mombasa,2012,36300,Petrol,Automatic,Third,17.1,1591.0,121.4,5.0,1110000.0
Hyundai Getz Gvs,Nairobi,2005,90000,Petrol,Manual,Second,15.3,1341.0,61.0,5.0,266400.0
Ford Figo Diesel Exi,Mombasa,2010,78000,Diesel,Manual,First,20.0,1399.0,68.0,5.0,333000.0
Audi A6 2011-2015 35 Tdi Technology,Nairobi,2015,42000,Diesel,Automatic,First,17.68,1968.0,174.33,5.0,3589000.0
Volkswagen Polo 1.2 Mpi Highline,Nairobi,2015,27000,Petrol,Manual,First,16.47,1198.0,74.0,5.0,643799.9999999999
Bmw X1 Sdrive20D,Kisumu,2012,22000,Diesel,Automatic,First,17.05,1995.0,184.0,5.0,1702000.0
Honda City I Vtec Sv,Kisumu,2014,49000,Petrol,Manual,First,17.4,1497.0,117.3,5.0,703000.0
Hyundai I20 Sportz Option Diesel,Kisumu,2012,42600,Diesel,Manual,First,23.0,1396.0,90.0,5.0,738520.0
Honda Jazz 1.2 V Cvt I Vtec,Naivasha,2018,12794,Petrol,Automatic,First,19.0,1199.0,88.7,5.0,1354200.0
Maruti Swift 1.3 Vxi,Nyeri,2006,125000,Petrol,Manual,Fourth & Above,16.1,1493.0,97.7,5.0,347800.0
Honda Cr-V 2.4 At,Kisumu,2014,88046,Petrol,Automatic,First,10.1,2354.0,152.0,5.0,2070520.0
Mercedes-Benz A Class A180 Cdi,Nakuru,2014,8000,Diesel,Automatic,Second,20.0,2143.0,107.3,5.0,2923000.0
Mahindra Xuv500 At W10 Awd,Naivasha,2018,82739,Diesel,Automatic,First,16.0,2179.0,140.0,7.0,2481960.0
Mahindra Bolero Slx 2Wd,Nakuru,2006,193000,Diesel,Manual,Third,13.6,2523.0,63.0,7.0,370000.0
Renault Scala Rxl At,Nairobi,2013,7000,Petrol,Automatic,First,17.97,1498.0,99.6,5.0,540200.0
Land Rover Freelander 2 Hse Sd4,Thika,2012,60000,Diesel,Automatic,Second,12.35,2179.0,187.74,5.0,3478000.0
Maruti Alto 800 Vxi,Eldoret,2017,38000,Petrol,Manual,First,22.74,796.0,47.3,5.0,460280.0
Toyota Etios G,Mombasa,2013,56344,Petrol,Manual,First,17.6,1496.0,88.73,5.0,676360.0
Hyundai I20 Sportz Option,Nairobi,2014,17858,Petrol,Manual,First,17.0,1197.0,80.0,5.0,787360.0
Hyundai I10 Sportz,Kisumu,2012,53000,Petrol,Manual,First,20.36,1197.0,78.9,5.0,473600.0
Maruti Swift Vdi Bsiv,Mombasa,2016,67906,Diesel,Manual,First,25.2,1248.0,74.0,5.0,833240.0
Hyundai Eon Magna Plus,Kisumu,2015,19000,Petrol,Manual,First,21.1,814.0,55.2,5.0,444000.0
Bmw 3 Series 320D,Nairobi,2010,67000,Diesel,Automatic,Second,22.69,1995.0,190.0,5.0,1369000.0
Tata Indigo Xl Classic Dicor,Nairobi,2011,80000,Diesel,Manual,First,23.57,1396.0,70.0,5.0,177600.0
Maruti Alto 800 Lxi,Nairobi,2015,61000,Petrol,Manual,First,22.74,796.0,47.3,5.0,318200.0
Volkswagen Polo Diesel Highline 1.2L,Eldoret,2010,39000,Diesel,Manual,First,22.07,1199.0,73.9,5.0,451400.0
Toyota Corolla Altis Vl At,Thika,2014,59000,Petrol,Automatic,First,14.28,1798.0,138.03,5.0,1702000.0
Hyundai Santro Xing Gls,Kisumu,2008,80931,Petrol,Manual,First,17.92,1086.0,62.1,5.0,340399.99999999994
Maruti Swift Zxi,Kisumu,2016,34000,Petrol,Manual,First,20.4,1197.0,81.8,5.0,732600.0
Renault Scala Diesel Rxl,Kisumu,2013,130000,Diesel,Manual,First,21.64,1461.0,84.8,5.0,703000.0
Maruti Vitara Brezza Zdi Plus,Naivasha,2018,52380,Diesel,Manual,First,24.3,1248.0,88.5,5.0,1502200.0
Nissan Micra Xv,Kisumu,2011,44000,Petrol,Manual,First,18.06,1198.0,75.0,5.0,392200.0
Ford Figo Diesel Exi,Kisumu,2015,84000,Diesel,Manual,First,20.0,1399.0,68.05,5.0,562400.0
Honda Cr-V 2.0 At,Mombasa,2017,41697,Petrol,Automatic,First,13.1,1997.0,141.1,5.0,2468640.0
Nissan Terrano Xv 110 Ps,Eldoret,2014,163000,Diesel,Manual,First,19.01,1461.0,108.5,5.0,740000.0
Toyota Etios Liva 1.2 G,Mombasa,2011,42000,Petrol,Manual,Second,17.71,1197.0,78.9,5.0,555000.0
Hyundai I20 Asta 1.4 Crdi,Nyeri,2013,129000,Diesel,Manual,Third,21.27,1396.0,88.76,5.0,608280.0000000001
Ford Figo Aspire 1.2 Ti-Vct Ambiente,Mombasa,2015,32200,Petrol,Manual,Second,18.16,1196.0,86.8,5.0,629000.0
Mitsubishi Pajero 2.8 Glx Crz,Nairobi,2004,129000,Diesel,Manual,First,10.5,2835.0,107.2,6.0,510600.0
Audi A4 2.0 Tdi 177 Bhp Premium Plus,Nakuru,2014,40000,Diesel,Automatic,First,17.11,1968.0,174.33,5.0,3330000.0
Toyota Innova 2.0 E,Nairobi,2006,150000,Petrol,Manual,First,12.4,1998.0,132.0,8.0,666000.0
Chevrolet Aveo U-Va 1.2 Ls,Nyeri,2007,140000,Petrol,Manual,First,15.26,1150.0,74.9,5.0,133200.0
Hyundai Getz Gls,Kisumu,2006,63181,Petrol,Manual,First,15.3,1341.0,83.0,5.0,273800.0
Honda Amaze S I-Dtech,Kisumu,2013,39575,Diesel,Manual,First,25.8,1498.0,98.6,5.0,481000.0
Maruti Swift Vdi Bsiv W Abs,Eldoret,2010,63600,Diesel,Manual,Second,17.8,1248.0,97.7,5.0,458800.0
Ford Ecosport 1.5 Dv5 Mt Titanium Optional,Naivasha,2014,70374,Diesel,Manual,First,22.7,1498.0,89.84,5.0,1086320.0
Volkswagen Crosspolo 1.5 Tdi,Kisumu,2015,26256,Diesel,Manual,First,20.14,1498.0,88.5,5.0,629000.0
Hyundai Elite I20 Petrol Sportz,Nairobi,2016,13460,Petrol,Manual,First,18.6,1197.0,81.86,5.0,954600.0
Toyota Innova 2.5 V Diesel 8-Seater,Mombasa,2011,122000,Diesel,Manual,Second,12.8,2494.0,102.0,8.0,1591000.0
Mercedes-Benz M-Class Ml 250 Cdi,Kisumu,2015,58589,Diesel,Automatic,First,15.26,2143.0,203.2,5.0,4107000.0
Maruti Wagon R Lx Bsiii,Nyeri,2005,115000,Petrol,Manual,Second,17.3,1061.0,64.0,5.0,146520.0
Ford Endeavour 2.2 Trend At 4X2,Eldoret,2016,75000,Diesel,Automatic,First,12.62,2198.0,158.0,7.0,3552000.0
Hyundai Elite I20 Petrol Sportz,Nyeri,2016,30292,Petrol,Manual,First,18.6,1197.0,81.86,5.0,902800.0
Honda Wrv I-Vtec Vx,Thika,2017,32248,Petrol,Manual,First,17.5,1199.0,88.7,5.0,1221000.0
Volkswagen Polo Petrol Highline 1.2L,Nakuru,2013,74000,Petrol,Manual,First,16.47,1198.0,73.9,5.0,688200.0000000001
Honda Cr-V 2.0L 2Wd Mt,Nairobi,2014,56100,Petrol,Manual,First,13.7,1997.0,153.86,5.0,1443000.0
Hyundai Grand I10 1.2 Kappa Asta,Nakuru,2014,61325,Petrol,Manual,First,18.9,1197.0,81.86,5.0,651200.0000000001
Maruti Swift Dzire Vxi,Kisumu,2014,33000,Petrol,Manual,First,19.1,1197.0,85.8,5.0,590520.0
Bmw 5 Series 2003-2012 530D,Naivasha,2016,18090,Diesel,Automatic,First,16.2,2993.0,258.0,5.0,6768040.0
Ford Ecosport 1.5 Dv5 Mt Ambiente,Mombasa,2014,71390,Diesel,Manual,First,22.7,1498.0,89.84,5.0,779960.0
Maruti Wagon R Lxi Cng,Nairobi,2014,41000,Cng,Manual,First,26.2,998.0,58.2,5.0,518000.0
Honda City I Dtec V,Thika,2016,67000,Diesel,Manual,First,26.0,1498.0,98.6,5.0,1073000.0
Tata Indigo Ls,Mombasa,2008,99000,Diesel,Manual,Second,17.0,1405.0,70.0,5.0,236800.0
Renault Duster 110Ps Diesel Rxl,Eldoret,2014,142000,Diesel,Manual,Second,19.01,1461.0,108.45,5.0,888000.0
Hyundai I10 Sportz,Mombasa,2010,26966,Petrol,Manual,First,20.36,1197.0,78.9,5.0,444000.0
Honda Jazz 1.2 Sv I Vtec,Nairobi,2015,27628,Petrol,Manual,First,18.7,1199.0,88.7,5.0,732600.0
Maruti Sx4 S Cross Ddis 200 Zeta,Kisumu,2016,82497,Diesel,Manual,First,23.65,1248.0,88.5,5.0,1330520.0
Honda Accord Vti-L Mt,Nairobi,2007,86000,Petrol,Manual,Third,11.9,2354.0,144.0,5.0,273800.0
Volkswagen Polo Petrol Comfortline 1.2L,Naivasha,2016,26981,Petrol,Manual,First,16.47,1198.0,73.9,5.0,911680.0
Maruti Ritz Vdi,Kisumu,2010,110471,Diesel,Manual,First,21.1,1248.0,73.9,5.0,518000.0
Honda Amaze S Petrol,Nyeri,2014,69000,Petrol,Manual,First,19.5,1199.0,88.76,5.0,666000.0
Hyundai I20 1.2 Asta Option,Kisumu,2017,12000,Petrol,Manual,First,18.6,1197.0,81.83,5.0,1147000.0
Renault Duster 85Ps Diesel Rxl,Kisumu,2014,77500,Diesel,Manual,First,20.45,1461.0,83.8,5.0,976800.0
Hyundai Grand I10 Magna,Mombasa,2014,48031,Petrol,Manual,First,18.9,1197.0,82.0,5.0,737040.0000000001
Bmw 3 Series 320D Highline,Mombasa,2008,170000,Diesel,Automatic,Third,16.07,1995.0,181.0,5.0,1443000.0
Ford Ecosport 1.5 Dv5 Mt Trend,Nairobi,2014,69565,Diesel,Manual,First,22.7,1498.0,89.84,5.0,821400.0
Volkswagen Vento 1.5 Tdi Highline At,Kisumu,2016,45492,Diesel,Automatic,First,21.5,1498.0,108.5,5.0,1524400.0000000002
Honda Accord 2.4 At,Mombasa,2011,85000,Petrol,Automatic,Second,11.7,2354.0,177.6,5.0,1110000.0
Chevrolet Aveo 1.4,Kisumu,2008,55902,Petrol,Manual,First,14.49,1399.0,92.7,5.0,266400.0
Volkswagen Polo 1.2 Mpi Highline Plus,Kisumu,2017,18500,Petrol,Manual,First,16.2,1199.0,74.0,5.0,925000.0
Mahindra Xylo D4 Bs Iii,Kisumu,2015,129750,Diesel,Manual,Second,14.95,2489.0,93.7,7.0,1006400.0
Hyundai I10 Magna At,Kisumu,2009,50902,Petrol,Automatic,First,19.2,1197.0,80.0,5.0,444000.0
Mahindra Xuv500 W8 4Wd,Naivasha,2015,84725,Diesel,Manual,First,15.1,2179.0,140.0,7.0,1716800.0
Hyundai Elantra Crdi Sx,Nairobi,2013,40000,Diesel,Manual,Second,22.7,1582.0,126.24,5.0,1028600.0
Volkswagen Passat 1.8 Tsi Mt,Nairobi,2010,60000,Petrol,Manual,Third,14.3,1798.0,160.0,5.0,518000.0
Hyundai Grand I10 1.2 Kappa Sportz,Naivasha,2014,33496,Petrol,Manual,First,18.9,1197.0,81.86,5.0,814000.0
Hyundai I20 Asta Option 1.2,Nairobi,2015,25000,Petrol,Manual,First,18.6,1197.0,81.83,5.0,836200.0
Chevrolet Enjoy Tcdi Ls 8 Seater,Thika,2013,71000,Diesel,Manual,First,18.2,1248.0,73.8,8.0,481000.0
Skoda Rapid 1.6 Mpi At Ambition Plus Alloy,Naivasha,2015,20826,Petrol,Automatic,First,14.3,1598.0,103.6,5.0,1142560.0
Hyundai Creta 1.6 Crdi Sx,Eldoret,2016,42244,Diesel,Manual,First,19.67,1582.0,126.2,5.0,1776000.0
Chevrolet Beat Diesel Ps,Nyeri,2013,98598,Diesel,Manual,First,25.44,936.0,57.6,5.0,229400.0
Toyota Fortuner 3.0 Diesel,Nairobi,2011,62100,Diesel,Manual,First,11.5,2982.0,171.0,7.0,1591000.0
Hyundai I20 Sportz Option 1.2,Naivasha,2016,44238,Petrol,Manual,First,18.6,1197.0,81.83,5.0,994560.0
Audi Q7 3.0 Tdi Quattro,Naivasha,2012,91743,Diesel,Automatic,First,12.07,2967.0,241.4,7.0,4225400.0
Porsche Panamera Diesel,Nakuru,2013,19828,Diesel,Automatic,Second,17.85,2967.0,300.0,4.0,11100000.0
Honda City I Vtec Vx,Kisumu,2016,36891,Petrol,Manual,First,17.8,1497.0,117.3,5.0,1552520.0
Mahindra Quanto C4,Kisumu,2012,90049,Diesel,Manual,First,17.21,1493.0,100.0,7.0,562400.0
Audi A4 2.0 Tdi Multitronic,Thika,2012,74002,Diesel,Automatic,First,16.55,1968.0,140.0,5.0,2738000.0
Hyundai Sonata Transform 2.4 Gdi At,Kisumu,2013,41000,Petrol,Automatic,First,12.37,2359.0,198.25,5.0,888000.0
Hyundai Verna 1.6 Sx,Kisumu,2012,83678,Diesel,Manual,First,22.32,1582.0,126.32,5.0,814000.0
Maruti Wagon R Lxi Bs Iv,Eldoret,2010,91000,Petrol,Manual,First,18.9,998.0,67.1,5.0,340399.99999999994
Maruti Ertiga Shvs Zdi Plus,Nyeri,2016,50000,Diesel,Manual,First,24.52,1248.0,88.5,7.0,1287599.9999999998
Hyundai Xcent 1.1 Crdi S Option,Nairobi,2015,58000,Diesel,Manual,First,24.4,1120.0,71.01,5.0,732600.0
Maruti Swift Vdi,Nyeri,2012,80000,Diesel,Manual,First,22.9,1248.0,74.0,5.0,629000.0
Mahindra Xuv500 W6 2Wd,Mombasa,2017,41290,Diesel,Manual,Second,16.0,2179.0,140.0,7.0,1619120.0
Bmw 5 Series 520D Luxury Line,Nairobi,2013,65000,Diesel,Automatic,First,22.48,1995.0,190.0,5.0,3146480.0
Toyota Corolla Altis 1.8 G,Nakuru,2016,16471,Petrol,Manual,Second,14.28,1798.0,138.03,5.0,1702000.0
Hyundai I20 Asta 1.4 Crdi,Eldoret,2015,54339,Diesel,Manual,Second,22.54,1396.0,88.73,5.0,888000.0
Mahindra Kuv 100 Mfalcon G80 K2,Kisumu,2016,24025,Petrol,Manual,First,18.15,1198.0,82.0,6.0,606799.9999999999
Maruti Alto 800 2016-2019 Lxi,Kisumu,2013,24027,Petrol,Manual,First,24.7,796.0,47.3,5.0,297479.99999999994
Fiat Punto Evo 1.2 Emotion,Kisumu,2010,59270,Petrol,Manual,First,15.7,1172.0,67.0,5.0,384800.0
Maruti Wagon R Vxi Bs Iv,Kisumu,2012,40000,Petrol,Manual,First,18.9,998.0,67.1,5.0,347800.0
Mitsubishi Pajero 4X4 Lhd,Nakuru,2012,155566,Diesel,Manual,Second,9.5,2835.0,118.6,6.0,1354200.0
Honda Brio Ex Mt,Mombasa,2013,42320,Petrol,Manual,First,19.4,1198.0,86.8,5.0,429200.0
Hyundai I20 Asta Option 1.4 Crdi,Naivasha,2017,24153,Diesel,Manual,Second,22.54,1396.0,88.73,5.0,1358640.0
Hyundai Creta 1.6 Sx Plus Petrol Automatic,Nairobi,2016,27000,Petrol,Automatic,First,13.0,1591.0,121.3,5.0,1694600.0
Maruti Alto Green Lxi (Cng),Kisumu,2012,92000,Cng,Manual,Second,26.83,796.0,38.4,5.0,310800.0
Honda Amaze S I-Vtec,Mombasa,2017,61795,Petrol,Manual,First,17.8,1198.0,86.7,5.0,818440.0
Mahindra Kuv 100 Mfalcon G80 K6 Plus,Mombasa,2016,13500,Petrol,Manual,First,18.15,1198.0,82.0,6.0,555000.0
Honda City I-Vtec Cvt Vx,Eldoret,2018,4500,Petrol,Automatic,First,18.0,1497.0,117.3,5.0,1850000.0
Mahindra Xuv500 At W10 Fwd,Nairobi,2017,23000,Diesel,Automatic,First,16.0,2179.0,140.0,7.0,2294000.0
Hyundai Santro Gls I - Euro I,Eldoret,2011,65400,Petrol,Manual,First,0.0,1086.0,97.7,5.0,310800.0
Mercedes-Benz New C-Class 220 Cdi At,Nairobi,2013,80578,Diesel,Automatic,Second,14.84,2143.0,170.0,5.0,2146000.0
Renault Duster 110Ps Diesel Rxz Amt,Naivasha,2017,42646,Diesel,Automatic,First,19.6,1461.0,108.45,5.0,1844080.0
Volkswagen Polo 1.2 Mpi Comfortline,Nakuru,2014,30000,Petrol,Manual,Second,16.47,1198.0,74.0,5.0,777000.0
Bmw 5 Series 520D Sedan,Nairobi,2012,90000,Diesel,Automatic,First,18.48,1493.0,97.7,5.0,2146000.0
Mercedes-Benz S Class 2005 2013 S 350 Cdi,Nakuru,2009,98000,Diesel,Automatic,Second,13.5,2987.0,282.0,5.0,3700000.0
Hyundai Santro Gls Ii - Euro Ii,Mombasa,2012,66400,Petrol,Manual,First,0.0,1493.0,97.7,5.0,393680.0
Jaguar Xj 3.0L Premium Luxury,Kisumu,2012,50000,Diesel,Automatic,First,12.9,2993.0,271.23,4.0,6660000.0
Maruti Swift Vdi,Nyeri,2015,63310,Diesel,Manual,First,28.4,1248.0,74.0,5.0,754799.9999999999
Honda Amaze S I-Dtech,Nairobi,2014,66000,Diesel,Manual,First,25.8,1498.0,98.6,5.0,518000.0
Bmw 3 Series 320D Highline,Thika,2011,74000,Diesel,Automatic,Second,16.07,1995.0,181.0,5.0,1850000.0
Hyundai Verna 1.4 Ex,Kisumu,2012,93000,Diesel,Manual,First,23.5,1396.0,88.7,5.0,821400.0
Toyota Fortuner 4X2 4 Speed At,Nairobi,2015,70000,Diesel,Automatic,First,11.5,2982.0,169.0,7.0,2883040.0
Maruti Swift Vxi,Thika,2012,48772,Petrol,Manual,First,18.6,1197.0,85.8,5.0,578680.0
Chevrolet Beat Ls,Mombasa,2010,66000,Petrol,Manual,First,18.6,1199.0,79.4,5.0,324120.0
Hyundai Grand I10 Asta Option At,Naivasha,2017,27417,Petrol,Automatic,First,18.9,1197.0,82.0,5.0,1019720.0
Ford Figo Petrol Zxi,Naivasha,2011,51593,Petrol,Manual,Second,15.6,1196.0,70.0,5.0,513560.0
Nissan Teana 230Jm,Nairobi,2008,86340,Petrol,Automatic,Second,9.1,2349.0,97.7,5.0,481000.0
Maruti Swift Vxi Bsiii,Eldoret,2010,75000,Petrol,Manual,First,16.1,1298.0,88.2,5.0,421800.0
Audi A4 35 Tdi Premium,Naivasha,2016,39237,Diesel,Automatic,First,17.11,1968.0,174.33,5.0,3794720.0
Honda City V Mt,Mombasa,2018,11966,Petrol,Manual,First,16.8,1497.0,116.3,5.0,1521439.9999999998
Honda Jazz V,Kisumu,2015,37000,Petrol,Manual,First,18.2,1199.0,88.7,5.0,932400.0
Volkswagen Polo 1.5 Tdi Highline,Mombasa,2014,70920,Diesel,Manual,First,20.14,1498.0,88.8,5.0,703000.0
Nissan Terrano Xl D Option,Kisumu,2013,65280,Diesel,Manual,First,19.87,1461.0,83.14,5.0,858400.0
Land Rover Discovery Sport Sd4 Hse Luxury 7S,Kisumu,2016,62000,Diesel,Automatic,First,12.51,2179.0,187.7,7.0,6586000.0
Hyundai I20 Magna Optional 1.2,Mombasa,2014,44525,Petrol,Manual,First,18.5,1197.0,82.9,5.0,688200.0000000001
Honda City 1.5 E Mt,Nyeri,2009,86863,Petrol,Manual,First,17.0,1497.0,118.0,5.0,532800.0
Mahindra Xuv500 W10 Awd,Kisumu,2015,102626,Diesel,Manual,First,16.0,2179.0,140.0,7.0,1813000.0
Jeep Compass 2.0 Limited Option 4X4,Nyeri,2017,45000,Diesel,Manual,First,16.3,1956.0,170.0,5.0,2960000.0
Mahindra Xuv500 W10 Awd,Nyeri,2017,22000,Diesel,Manual,First,16.0,2179.0,140.0,7.0,2368000.0
Mahindra Scorpio Vlx 4Wd Airbag At Bsiv,Naivasha,2011,108905,Diesel,Automatic,Second,11.79,2179.0,120.0,8.0,919080.0
Datsun Go Plus T,Kisumu,2016,12800,Petrol,Manual,First,19.44,1198.0,67.0,7.0,481000.0
Mahindra Scorpio S6 Plus 7 Seater,Kisumu,2016,32000,Diesel,Manual,First,15.4,2179.0,120.0,7.0,1443000.0
Honda Amaze S At I-Vtech,Nairobi,2014,39000,Petrol,Automatic,First,15.5,1198.0,86.7,5.0,658600.0
Honda City I-Dtec Zx,Eldoret,2017,42000,Diesel,Manual,First,25.6,1498.0,98.6,5.0,1776000.0
Tata Indigo Gle,Mombasa,2008,73000,Petrol,Manual,First,14.4,1396.0,65.0,5.0,118400.0
Hyundai Grand I10 1.2 Crdi Sportz,Mombasa,2018,48000,Diesel,Manual,First,24.0,1186.0,73.97,5.0,880600.0
Maruti Alto 800 2016-2019 Cng Lxi,Eldoret,2015,18000,Cng,Manual,First,33.44,796.0,40.3,4.0,444000.0
Hyundai Verna 1.4 Cx Vtvt,Kisumu,2014,19000,Petrol,Manual,First,17.43,1396.0,105.5,5.0,777000.0
Toyota Innova Crysta 2.4 Vx Mt,Naivasha,2019,33598,Diesel,Manual,First,13.68,2393.0,147.8,7.0,3285600.0
Bmw X1 Sdrive20D,Nyeri,2012,63000,Diesel,Automatic,First,17.05,1995.0,184.0,5.0,1998000.0
Volkswagen Jetta 2013-2015 2.0L Tdi Highline At,Mombasa,2015,48000,Diesel,Automatic,First,16.96,1968.0,138.03,5.0,1998000.0
Ford Figo Diesel Zxi,Nairobi,2014,66000,Diesel,Manual,First,20.0,1399.0,68.05,5.0,513560.0
Mahindra Ssangyong Rexton Rx7,Thika,2013,80000,Diesel,Automatic,Second,11.18,2696.0,184.0,7.0,1406000.0
Volkswagen Vento Petrol Highline,Mombasa,2011,37000,Petrol,Manual,First,15.04,1598.0,103.6,5.0,710400.0
Skoda Rapid 1.6 Mpi Ambition With Alloy Wheel,Mombasa,2016,35058,Petrol,Manual,First,15.0,1598.0,103.52,5.0,967920.0
Volkswagen Polo Petrol Comfortline 1.2L,Nairobi,2012,52000,Petrol,Manual,First,16.47,1198.0,73.9,5.0,458800.0
Maruti S Cross Ddis 200 Delta,Kisumu,2015,61313,Diesel,Manual,First,23.65,1248.0,88.5,5.0,1182520.0
Toyota Corolla Altis G,Kisumu,2009,45000,Petrol,Manual,Second,14.53,1798.0,138.1,5.0,488400.0
Maruti Ertiga Zdi,Nakuru,2015,74000,Diesel,Manual,First,20.77,1248.0,88.8,7.0,1295000.0
Hyundai I10 Asta Sunroof At,Kisumu,2013,89000,Petrol,Automatic,First,19.2,1197.0,80.0,5.0,620120.0000000001
Mercedes-Benz Cla 200 Cdi Sport,Mombasa,2019,13414,Diesel,Automatic,First,17.9,2143.0,136.0,5.0,4553960.0
Honda City Zx Vtec,Nyeri,2006,95000,Petrol,Manual,Second,16.9,1497.0,100.0,5.0,312280.0
Mahindra Kuv 100 G80 K8,Nyeri,2018,15900,Petrol,Manual,First,18.15,1198.0,82.0,6.0,925000.0
Toyota Fortuner 3.0 Diesel,Nairobi,2011,151000,Diesel,Manual,First,11.5,2982.0,171.0,7.0,1687200.0
Honda City 1.5 V Mt,Nakuru,2011,65000,Petrol,Manual,First,17.0,1497.0,118.0,5.0,769600.0
Audi A6 35 Tdi Matrix,Naivasha,2017,36824,Diesel,Automatic,First,18.53,1968.0,187.74,5.0,5896320.000000001
Ford Figo Diesel Zxi,Naivasha,2013,65287,Diesel,Manual,First,20.0,1399.0,68.05,5.0,658600.0
Mercedes-Benz Gla Class 200 Cdi,Kisumu,2014,52000,Diesel,Automatic,First,17.9,2143.0,136.0,5.0,2886000.0
Chevrolet Aveo U-Va 1.2 Ls,Kisumu,2007,33000,Petrol,Manual,First,15.26,1150.0,74.9,5.0,259000.0
Ford Figo 2015-2019 1.5D Titanium Mt,Kisumu,2016,71000,Diesel,Manual,First,25.83,1498.0,99.0,5.0,754799.9999999999
Hyundai Elantra Crdi Sx At,Nairobi,2013,71000,Diesel,Automatic,First,22.7,1582.0,126.2,5.0,1006400.0
Maruti Baleno Zeta Cvt,Kisumu,2016,20000,Petrol,Automatic,First,21.4,1197.0,83.1,5.0,849520.0
Maruti Swift Lxi Bsiv,Kisumu,2010,71000,Petrol,Manual,First,16.1,1197.0,85.0,5.0,488400.0
Mercedes-Benz Cls-Class 2006-2010 350 Cdi,Kisumu,2010,29000,Diesel,Automatic,First,9.9,3498.0,271.72,4.0,4736000.0
Bmw 3 Series Luxury Line,Thika,2016,27000,Diesel,Automatic,First,21.76,1995.0,190.0,5.0,5180000.0
Maruti Dzire Amt Zdi Plus,Mombasa,2017,19000,Diesel,Automatic,First,28.4,1248.0,73.75,5.0,1317200.0
Hyundai Verna 1.6 Sx Vtvt,Nairobi,2011,58000,Petrol,Manual,Second,17.01,1591.0,121.3,5.0,592000.0
Jeep Compass 2.0 Longitude,Mombasa,2018,42203,Diesel,Manual,First,17.1,1956.0,170.0,5.0,2880080.0
Hyundai Sonata Embera 2.0L Crdi At,Kisumu,2009,94000,Diesel,Automatic,First,11.4,1991.0,142.0,5.0,777000.0
Maruti Eeco 5 Str With Ac Plus Htr Cng,Nairobi,2013,52000,Cng,Manual,Second,15.1,1196.0,73.0,5.0,384800.0
Tata Nexon 1.5 Revotorq Xz Plus Dual Tone,Kisumu,2018,4900,Diesel,Manual,First,21.5,1497.0,108.5,5.0,1364560.0000000002
Hyundai Eon Era Plus,Nyeri,2013,70000,Petrol,Manual,First,21.1,814.0,55.2,5.0,266400.0
Tata Indica Dls,Kisumu,2005,100000,Diesel,Manual,Second,13.5,1405.0,97.7,5.0,192400.0
Bmw 5 Series 2013-2017 530D M Sport,Mombasa,2015,65266,Diesel,Automatic,First,14.69,2993.0,258.0,5.0,4699000.0
Maruti Ertiga Vdi,Nairobi,2014,54569,Diesel,Manual,First,20.77,1248.0,88.76,7.0,886520.0
Honda Amaze E I-Vtech,Mombasa,2015,51361,Petrol,Manual,First,18.0,1198.0,86.7,5.0,731120.0000000001
Ford Fiesta 1.4 Duratec Zxi,Nyeri,2007,125000,Petrol,Manual,Third,16.6,1388.0,68.0,5.0,222000.0
Honda Civic 2006-2010 1.8 V Mt,Nakuru,2008,66000,Petrol,Manual,Third,13.5,1799.0,130.0,5.0,481000.0
Maruti Wagon R Lx Duo Bsiii,Kisumu,2007,65047,Lpg,Manual,First,17.3,1061.0,57.5,5.0,288600.0
Maruti Ertiga Zdi,Nairobi,2014,22281,Diesel,Manual,First,20.77,1248.0,88.8,7.0,962000.0
Hyundai Grand I10 Crdi Sportz,Nairobi,2013,63210,Diesel,Manual,First,24.0,1120.0,70.0,5.0,549080.0
Hyundai Xcent 1.2 Vtvt E Plus,Eldoret,2018,31000,Petrol,Manual,First,20.14,1197.0,81.86,5.0,740000.0
Hyundai I10 Era,Thika,2008,60000,Petrol,Manual,First,19.81,1086.0,68.05,5.0,294520.0
Honda Amaze S I-Vtech,Nairobi,2017,32006,Petrol,Manual,First,18.0,1198.0,86.7,5.0,629000.0
Audi A6 2.7 Tdi,Thika,2009,78000,Diesel,Automatic,First,12.4,2698.0,179.5,5.0,1184000.0
Hyundai I10 Magna 1.2 Itech Se,Nairobi,2011,9489,Petrol,Manual,First,20.36,1197.0,78.9,5.0,436600.0
Renault Kwid Rxt Optional,Eldoret,2018,5000,Petrol,Manual,First,25.17,799.0,53.3,5.0,518000.0
Audi A4 New 2.0 Tdi Multitronic,Nyeri,2012,60000,Diesel,Automatic,Second,15.2,1968.0,140.8,5.0,2368000.0
Maruti Alto 800 Lxi Airbag,Nyeri,2015,50000,Petrol,Manual,First,22.74,796.0,47.3,5.0,407000.0
Honda City I Vtec Vx Option,Nairobi,2015,53000,Petrol,Manual,First,17.8,1497.0,117.3,5.0,1028600.0
Mercedes-Benz New C-Class C250 Avantgarde,Nairobi,2011,64000,Petrol,Automatic,Second,11.74,1796.0,186.0,5.0,1850000.0
Audi Q5 3.0 Tdi Quattro Technology,Naivasha,2017,43827,Diesel,Automatic,First,13.22,2967.0,241.4,5.0,5450840.0
Volkswagen Polo 1.2 Mpi Comfortline,Eldoret,2011,36431,Petrol,Manual,First,16.2,1199.0,74.0,5.0,399600.0
Hyundai Creta 1.4 E Plus Diesel,Nairobi,2017,35000,Diesel,Manual,First,21.38,1396.0,88.7,5.0,1465200.0
Honda City 1.5 V Mt,Mombasa,2011,94832,Petrol,Manual,First,17.0,1497.0,118.0,5.0,566840.0
Honda City 1.5 S Mt,Naivasha,2012,88381,Petrol,Manual,First,17.0,1497.0,118.0,5.0,777000.0
Maruti S Cross Ddis 320 Alpha,Kisumu,2016,45194,Diesel,Manual,First,22.7,1598.0,118.0,5.0,1147000.0
Maruti Sx4 Vxi Bsiv,Nairobi,2010,66000,Petrol,Manual,Second,16.51,1586.0,103.2,5.0,364080.0
Maruti Swift Dzire Vdi,Kisumu,2014,38578,Diesel,Manual,First,23.4,1248.0,74.0,5.0,586080.0
Maruti Ertiga Zdi,Mombasa,2015,40000,Diesel,Manual,First,20.77,1248.0,88.8,7.0,1221000.0
Hyundai I20 1.2 Spotz,Naivasha,2018,20632,Petrol,Manual,First,18.6,1197.0,81.83,5.0,1121840.0
Hyundai Grand I10 Crdi Magna,Kisumu,2014,73042,Diesel,Manual,First,24.0,1120.0,70.0,5.0,590520.0
Honda City I Vtec Sv,Nairobi,2014,54257,Petrol,Manual,First,17.4,1497.0,117.3,5.0,925000.0
Skoda Rapid 1.6 Tdi Elegance,Kisumu,2013,93000,Diesel,Manual,First,20.5,1598.0,103.5,5.0,740000.0
Mercedes-Benz E-Class E270 Cdi,Kisumu,2005,102000,Diesel,Automatic,Second,11.0,2987.0,198.5,5.0,688200.0000000001
Hyundai Santa Fe 4Wd At,Naivasha,2016,28881,Diesel,Automatic,First,13.01,2199.0,194.3,7.0,3162760.0
Maruti Alto Lxi,Kisumu,2007,52195,Petrol,Manual,First,19.7,796.0,46.3,5.0,259000.0
Isuzu D-Max V-Cross 4X4,Naivasha,2018,20422,Diesel,Manual,First,12.4,2499.0,134.0,5.0,2381320.0
Hyundai Verna 1.4 Crdi Gl,Kisumu,2012,38000,Diesel,Manual,First,24.8,1396.0,88.7,5.0,606799.9999999999
Ford Figo Diesel Zxi,Naivasha,2015,92885,Diesel,Manual,First,20.0,1399.0,68.0,5.0,526880.0
Honda City 1.5 S Mt,Eldoret,2010,43000,Petrol,Manual,Second,17.0,1497.0,118.0,5.0,623080.0
Maruti Swift Vdi Bsiv W Abs,Naivasha,2016,70478,Diesel,Manual,First,17.8,1248.0,97.7,5.0,1015280.0
Hyundai Verna 1.6 Crdi S,Nairobi,2015,57000,Diesel,Manual,First,23.9,1582.0,126.2,5.0,976800.0
Hyundai Creta 1.6 Sx Plus Petrol Automatic,Naivasha,2018,32434,Petrol,Automatic,First,13.0,1591.0,121.3,5.0,2123800.0
Ford Ecosport 1.5 Dv5 Mt Titanium,Kisumu,2017,32000,Diesel,Manual,First,22.7,1498.0,89.84,5.0,1406000.0
Bmw X6 Xdrive30D,Nairobi,2011,59000,Diesel,Automatic,First,11.2,2993.0,241.0,4.0,3241200.0
Bmw 5 Series 2013-2017 520D Luxury Line,Naivasha,2016,76467,Diesel,Automatic,First,18.12,1995.0,190.0,5.0,4506600.0
Ford Figo Aspire 1.5 Tdci Ambiente,Kisumu,2016,100000,Diesel,Manual,First,25.83,1498.0,99.0,5.0,754799.9999999999
Hyundai Verna Vtvt 1.6 At Ex,Eldoret,2013,37086,Petrol,Automatic,First,17.0,1591.0,121.3,5.0,805120.0
Ford Ikon 1.4 Tdci Duratorq,Nyeri,2010,135000,Diesel,Manual,First,13.8,1399.0,68.0,5.0,236800.0
Audi A6 2011-2015 2.0 Tdi,Mombasa,2014,54862,Diesel,Automatic,First,17.68,1968.0,174.33,5.0,2467160.0000000005
Honda Cr-V Sport,Kisumu,2010,67758,Petrol,Manual,First,10.8,2354.0,97.7,5.0,1406000.0
Hyundai I20 2015-2017 Sportz At 1.4,Eldoret,2012,56200,Petrol,Automatic,First,15.0,1396.0,98.6,5.0,569800.0
Toyota Fortuner 2.8 4Wd Mt,Mombasa,2011,169006,Diesel,Manual,First,14.24,2755.0,174.5,7.0,1574720.0
Renault Kwid Rxt,Nakuru,2016,20229,Petrol,Manual,First,25.17,799.0,53.3,5.0,518000.0
Chevrolet Spark 1.0 Lt,Mombasa,2008,62000,Petrol,Manual,Third,18.0,995.0,62.0,5.0,162800.00000000003
Hyundai Verna Transform Vtvt,Kisumu,2011,51500,Petrol,Manual,Second,16.2,1599.0,103.2,5.0,384800.0
Bmw 3 Series 320D Sport Line,Kisumu,2012,69000,Diesel,Automatic,First,18.88,1995.0,184.0,5.0,2738000.0
Hyundai Santro Xing Xp,Nakuru,2004,167000,Petrol,Manual,First,0.0,1086.0,97.7,5.0,199800.0
Maruti Swift Dzire Vdi,Kisumu,2015,62476,Diesel,Manual,First,26.59,1248.0,74.0,5.0,1176600.0
Hyundai Xcent 1.2 Crdi E Plus,Nyeri,2017,60500,Diesel,Manual,First,25.4,1186.0,73.97,5.0,812520.0
Honda Jazz V Cvt,Nairobi,2017,17978,Petrol,Automatic,First,19.0,1199.0,88.7,5.0,1028600.0
Tata Indigo Ls,Nyeri,2008,300000,Diesel,Manual,First,17.0,1405.0,70.0,5.0,148000.0
Ford Fiesta Classic 1.4 Duratorq Clxi,Mombasa,2013,123000,Diesel,Manual,Second,17.8,1399.0,67.0,5.0,658600.0
Maruti S-Cross Alpha Ddis 200 Sh,Kisumu,2016,45296,Diesel,Manual,First,25.1,1248.0,88.5,5.0,1034520.0
Maruti Sx4 Zxi With Leather Bsiii,Naivasha,2008,77325,Petrol,Manual,First,15.6,1586.0,104.68,5.0,519480.0
Maruti Baleno Zeta Automatic,Mombasa,2018,25858,Petrol,Automatic,First,21.4,1197.0,83.1,5.0,1115920.0
Maruti Ritz Ldi,Nakuru,2016,120000,Diesel,Manual,First,23.2,1248.0,73.94,5.0,540200.0
Hyundai Elantra Crdi Sx At,Thika,2016,22000,Diesel,Automatic,First,19.5,1582.0,126.24,5.0,2368000.0
Chevrolet Spark 1.0 Lt,Kisumu,2012,11000,Petrol,Manual,First,16.2,995.0,62.1,5.0,207200.0
Hyundai I20 1.2 Spotz,Nairobi,2017,3900,Petrol,Manual,First,18.6,1197.0,81.83,5.0,954600.0
Hyundai Xcent 1.1 Crdi Base,Kisumu,2016,106092,Diesel,Manual,First,24.4,1120.0,71.0,5.0,651200.0000000001
Honda Jazz 1.2 V Cvt I Vtec,Nairobi,2015,27000,Petrol,Automatic,First,19.0,1199.0,88.7,5.0,880600.0
Honda Brio S Mt,Thika,2013,11000,Petrol,Manual,First,19.4,1198.0,86.8,5.0,577200.0
Mercedes-Benz E-Class E250 Cdi Avantgrade,Naivasha,2016,39753,Diesel,Automatic,First,13.0,2143.0,201.1,5.0,5221440.0
Tata Hexa Xt,Eldoret,2017,39800,Diesel,Manual,First,17.6,2179.0,153.86,7.0,2109000.0
Hyundai Xcent 1.1 Crdi Base,Eldoret,2017,73000,Diesel,Manual,First,24.4,1120.0,71.0,5.0,666000.0
Ford Ecosport 1.5 Dv5 Mt Titanium Optional,Eldoret,2015,55000,Diesel,Manual,First,22.7,1498.0,89.84,5.0,1110000.0
Tata Nano Xta,Naivasha,2017,18351,Petrol,Automatic,First,21.9,624.0,37.48,4.0,504680.0
Honda Brio Vx,Eldoret,2013,45000,Petrol,Manual,Second,19.4,1198.0,86.8,5.0,481000.0
Maruti Ertiga Shvs Zdi Plus,Kisumu,2016,112200,Diesel,Manual,First,24.52,1248.0,88.5,7.0,1228400.0000000002
Hyundai I10 Sportz 1.2,Nakuru,2010,29000,Petrol,Manual,First,20.36,1197.0,78.9,5.0,510600.0
Hyundai Santro Xing Xo,Kisumu,2007,57309,Petrol,Manual,First,17.0,1086.0,97.7,5.0,310800.0
Mahindra Xuv500 W10 2Wd,Nairobi,2015,53392,Diesel,Manual,First,16.0,2179.0,140.0,7.0,1768600.0
Volkswagen Vento Diesel Highline,Kisumu,2010,71000,Diesel,Manual,First,20.54,1598.0,103.6,5.0,629000.0
Tata Safari Storme 2012-2015 Vx,Kisumu,2014,93000,Diesel,Manual,First,14.0,2179.0,138.1,7.0,1221000.0
Honda Accord 2.4 Elegance M/T,Kisumu,2010,119000,Petrol,Manual,First,10.2,2354.0,180.0,5.0,880600.0
Maruti Eeco 7 Seater Standard,Naivasha,2016,42225,Petrol,Manual,First,15.1,1196.0,73.0,7.0,636400.0
Maruti Swift Vdi,Thika,2012,65000,Diesel,Manual,First,22.9,1248.0,74.0,5.0,577200.0
Maruti Baleno Zeta Automatic,Eldoret,2016,27809,Petrol,Automatic,First,21.4,1197.0,83.1,5.0,948680.0
Mahindra Xuv500 W8 2Wd,Naivasha,2015,65100,Diesel,Manual,First,15.1,2179.0,140.0,7.0,1237280.0
Hyundai Xcent 1.2 Kappa S,Mombasa,2014,51000,Petrol,Manual,First,19.1,1197.0,82.0,5.0,569800.0
Mercedes-Benz New C-Class C 220 Cdi Style,Kisumu,2017,10000,Diesel,Automatic,First,19.27,2143.0,167.62,5.0,5328000.0
Skoda Superb 1.8 Tsi Mt,Kisumu,2011,54895,Petrol,Manual,First,13.14,1798.0,160.0,5.0,1110000.0
Volkswagen Crosspolo 1.5 Tdi,Kisumu,2015,80768,Diesel,Manual,First,20.14,1498.0,88.73,5.0,843600.0
Maruti Ignis 1.2 Delta,Mombasa,2019,12076,Petrol,Manual,First,20.89,1197.0,81.8,5.0,814000.0
Maruti Swift Vdi Bsiv,Mombasa,2016,49000,Diesel,Manual,First,25.2,1248.0,74.0,5.0,873200.0
Honda City I Vtec Vx Option,Nairobi,2015,42366,Petrol,Manual,First,17.8,1497.0,117.3,5.0,1147000.0
Bmw 5 Series 530D Highline Sedan,Thika,2010,68000,Diesel,Automatic,First,11.5,2993.0,235.0,5.0,2664000.0
Skoda Laura Ambiente,Kisumu,2008,122397,Diesel,Manual,First,17.5,1896.0,106.0,5.0,651200.0000000001
Volkswagen Polo Gt Tsi,Naivasha,2017,50534,Petrol,Automatic,First,17.21,1197.0,103.5,5.0,1223960.0
Renault Duster 85Ps Diesel Rxl,Thika,2014,55300,Diesel,Manual,First,19.87,1461.0,83.8,5.0,703000.0
Honda City 1.5 S At,Kisumu,2008,73095,Petrol,Automatic,First,16.8,1497.0,118.0,5.0,562400.0
Volkswagen Vento Diesel Highline,Thika,2011,51100,Diesel,Manual,First,20.54,1598.0,103.6,5.0,503200.0
Hyundai Grand I10 Sportz,Eldoret,2016,13436,Petrol,Manual,Second,18.9,1197.0,82.0,5.0,695600.0
Ford Fiesta 1.4 Zxi Duratec,Eldoret,2008,76000,Petrol,Manual,Second,16.6,1388.0,68.0,5.0,220520.0
Hyundai Xcent 1.1 Crdi S,Nairobi,2016,63141,Diesel,Manual,Second,24.4,1120.0,71.0,5.0,666000.0
Honda Amaze Vx I-Dtec,Kisumu,2014,74885,Diesel,Manual,First,25.8,1498.0,98.6,5.0,799200.0
Honda City I Vtec Cvt Vx,Kisumu,2016,14000,Petrol,Automatic,First,18.0,1497.0,117.3,5.0,1702000.0
Renault Fluence 1.5,Eldoret,2012,56000,Diesel,Manual,Second,20.4,1461.0,108.5,5.0,518000.0
Bmw 5 Series 520D Luxury Line,Thika,2010,46000,Diesel,Automatic,First,22.48,1995.0,190.0,5.0,2442000.0
Maruti Sx4 Zxi Mt Bsiv,Nairobi,2012,51800,Petrol,Manual,First,15.5,1586.0,103.3,5.0,577200.0
Honda City Zx Cvt,Kisumu,2007,81000,Petrol,Automatic,First,16.4,1497.0,78.0,5.0,481000.0
Volkswagen Ameo 1.2 Mpi Comfortline,Mombasa,2018,17370,Petrol,Manual,First,17.0,1198.0,73.75,5.0,864320.0
Volkswagen Ameo 1.2 Mpi Comfortline,Kisumu,2016,18456,Petrol,Manual,First,17.0,1198.0,73.75,5.0,851000.0
Audi A4 2.0 Tdi Multitronic,Nairobi,2010,59000,Diesel,Automatic,First,16.55,1968.0,140.0,5.0,1480000.0
Maruti Wagon R Vxi,Nairobi,2006,141537,Petrol,Manual,Second,18.9,998.0,67.1,5.0,155400.0
Hyundai Verna Sx Crdi At,Nairobi,2013,51000,Diesel,Automatic,First,19.08,1582.0,126.32,5.0,834720.0
Mercedes-Benz Glc 220D 4Matic Style,Naivasha,2019,29311,Diesel,Automatic,First,17.9,2143.0,170.0,5.0,7543560.0
Bmw 3 Series Luxury Line,Nairobi,2016,31000,Diesel,Automatic,First,21.76,1995.0,190.0,5.0,4432600.0
Honda Mobilio V Option I Dtec,Nairobi,2014,80000,Diesel,Manual,Second,24.2,1498.0,98.6,7.0,717799.9999999999
Hyundai Creta 1.6 Crdi At Sx Plus,Kisumu,2016,33000,Diesel,Automatic,First,17.01,1582.0,126.2,5.0,2146000.0
Honda City 1.5 S Mt,Kisumu,2011,71556,Petrol,Manual,First,17.0,1497.0,118.0,5.0,814000.0
Ford Fiesta 1.4 Tdci Exi,Nakuru,2011,85000,Diesel,Manual,First,17.8,1399.0,68.0,5.0,473600.0
Maruti Swift Dzire Ldi,Mombasa,2016,91000,Diesel,Manual,First,26.59,1248.0,74.0,5.0,666000.0
Mercedes-Benz E-Class E250 Cdi Launch Edition,Naivasha,2015,73187,Diesel,Automatic,First,13.0,2143.0,204.0,5.0,4546560.0
Chevrolet Captiva Lt,Nyeri,2009,232000,Diesel,Manual,First,11.5,1991.0,147.9,7.0,518000.0
Toyota Innova 2.5 V Diesel 7-Seater,Nakuru,2007,127079,Diesel,Manual,First,12.8,2494.0,102.0,7.0,1034520.0
Mahindra Quanto C8,Mombasa,2014,58816,Diesel,Manual,First,17.21,1493.0,100.0,7.0,510600.0
Honda City I Vtec V,Mombasa,2015,63818,Petrol,Manual,First,17.4,1497.0,117.3,5.0,972360.0
Audi A4 2.0 Tdi 177 Bhp Premium Plus,Kisumu,2014,40000,Diesel,Automatic,First,17.11,1968.0,174.33,5.0,2590000.0
Volkswagen Polo Diesel Comfortline 1.2L,Nairobi,2013,77445,Diesel,Manual,First,22.07,1199.0,73.9,5.0,555000.0
Ford Ecosport 1.5 Petrol Titanium Plus At,Eldoret,2017,14000,Petrol,Automatic,First,14.8,1497.0,121.36,5.0,1478520.0
Toyota Innova 2.5 G (Diesel) 7 Seater Bs Iv,Kisumu,2012,85122,Diesel,Manual,First,12.99,2494.0,100.0,7.0,1213599.9999999998
Honda City 1.5 Exi,Nyeri,2005,123000,Petrol,Manual,Third,13.0,1493.0,100.0,5.0,162800.00000000003
Maruti Sx4 Green Vxi (Cng),Mombasa,2015,61000,Cng,Manual,First,22.1,1586.0,85.7,5.0,575720.0
Maruti Alto 800 2016-2019 Lxi Optional,Mombasa,2015,63714,Petrol,Manual,First,24.7,796.0,47.3,5.0,362600.00000000006
Mercedes-Benz M-Class Ml 320 Cdi,Eldoret,2009,53000,Diesel,Automatic,First,8.7,2987.0,224.34,5.0,2035000.0
Maruti Swift Dzire Ldi,Kisumu,2017,60000,Diesel,Manual,First,26.59,1248.0,74.0,5.0,444000.0
Maruti Vitara Brezza Zdi Plus Dual Tone,Thika,2017,33000,Diesel,Manual,First,24.3,1248.0,88.5,5.0,1369000.0
Volvo S60 D5 Summum,Nairobi,2013,31000,Diesel,Automatic,First,13.2,2400.0,215.0,5.0,2612199.9999999995
Toyota Fortuner 4X2 At,Nairobi,2014,79000,Diesel,Automatic,First,12.55,2982.0,168.5,7.0,2701000.0
Hyundai I20 Sportz Option Diesel,Mombasa,2013,67914,Diesel,Manual,First,23.0,1396.0,90.0,5.0,510600.0
Audi A4 35 Tdi Premium,Nakuru,2015,58970,Diesel,Automatic,First,17.11,1968.0,174.33,5.0,3515000.0
Nissan Terrano Xv D Pre,Nairobi,2013,60000,Diesel,Manual,Second,19.64,1461.0,108.5,5.0,806600.0
Maruti Celerio Zxi Amt,Naivasha,2017,35225,Petrol,Automatic,First,23.1,998.0,67.04,5.0,777000.0
Maruti Esteem Vxi,Nairobi,2005,69496,Petrol,Manual,First,15.9,1298.0,97.7,5.0,162800.00000000003
Hyundai I10 Sportz At,Nairobi,2012,62282,Petrol,Automatic,First,16.95,1197.0,78.9,5.0,429200.0
Bmw 3 Series 320D,Kisumu,2010,80000,Diesel,Automatic,First,22.69,1995.0,190.0,5.0,2101600.0
Hyundai Grand I10 Sportz,Mombasa,2018,43698,Petrol,Manual,First,18.9,1197.0,82.0,5.0,858400.0
Hyundai Grand I10 Asta Option At,Naivasha,2017,28052,Petrol,Automatic,First,18.9,1197.0,82.0,5.0,1068560.0
Hyundai Grand I10 1.2 Kappa Sportz,Naivasha,2016,29091,Petrol,Manual,First,18.9,1197.0,81.86,5.0,720760.0
Volkswagen Polo 1.2 Mpi Comfortline,Nairobi,2013,63000,Petrol,Manual,First,16.47,1198.0,74.0,5.0,488400.0
Honda City Zx Exi,Kisumu,2007,91000,Petrol,Manual,Second,17.7,1497.0,78.0,5.0,444000.0
Mercedes-Benz Gla Class 200 Cdi,Kisumu,2014,30000,Diesel,Automatic,First,17.9,2143.0,136.0,5.0,3848000.0
Maruti Omni 8 Seater Bsiv,Kisumu,2017,24571,Petrol,Manual,First,14.0,796.0,35.0,5.0,429200.0
Hyundai Verna 1.6 Sx Vtvt At,Nakuru,2014,45000,Petrol,Automatic,First,15.74,1591.0,121.3,5.0,1110000.0
Maruti Alto 800 Lxi,Kisumu,2015,24617,Petrol,Manual,First,22.74,796.0,47.3,5.0,349280.0
Maruti Vitara Brezza Zdi Plus Dual Tone,Naivasha,2017,26927,Diesel,Manual,First,24.3,1248.0,88.5,5.0,1685720.0
Mahindra Xuv500 W8 2Wd,Mombasa,2013,87736,Diesel,Manual,First,15.1,2179.0,140.0,7.0,1038960.0
Maruti Vitara Brezza Zdi,Nairobi,2016,35299,Diesel,Manual,First,24.3,1248.0,88.5,5.0,1184000.0
Hyundai I20 1.2 Spotz,Mombasa,2017,51612,Petrol,Manual,First,18.6,1197.0,81.83,5.0,1052280.0
Mercedes-Benz E-Class 250 D W 210,Nairobi,1998,55300,Diesel,Automatic,First,10.0,1796.0,157.7,5.0,577200.0
Maruti Alto Lxi,Kisumu,2009,65090,Petrol,Manual,First,19.7,796.0,46.3,5.0,318200.0
Honda Amaze S I-Vtech,Kisumu,2013,40000,Petrol,Manual,First,18.0,1198.0,86.7,5.0,481000.0
Land Rover Range Rover Sport Hse,Mombasa,2015,38467,Diesel,Automatic,First,12.65,2993.0,255.0,5.0,10457680.0
Hyundai Grand I10 Crdi Magna,Nairobi,2013,71904,Diesel,Manual,First,24.0,1120.0,70.0,5.0,682280.0000000001
Honda Civic 2006-2010 1.8 S Mt,Nairobi,2008,87000,Petrol,Manual,First,13.5,1799.0,130.0,5.0,347800.0
Hyundai Grand I10 Crdi Magna,Mombasa,2014,33000,Diesel,Manual,Second,24.0,1120.0,70.0,5.0,599400.0
Maruti 800 Ac Uniq,Nyeri,2009,22100,Petrol,Manual,Second,16.1,796.0,37.0,4.0,118400.0
Toyota Etios Liva Diesel,Kisumu,2014,59589,Diesel,Manual,First,23.59,1364.0,67.1,5.0,828800.0
Hyundai I20 Magna 1.4 Crdi,Nairobi,2015,44000,Diesel,Manual,First,22.54,1396.0,88.73,5.0,791800.0
Maruti Alto K10 Vxi,Nairobi,2017,12000,Petrol,Manual,First,24.07,998.0,67.1,5.0,481000.0
Bmw X1 Sdrive20D,Eldoret,2012,66000,Diesel,Automatic,Second,17.05,1995.0,184.0,5.0,1702000.0
Maruti Celerio Vxi At,Eldoret,2016,38009,Petrol,Automatic,First,23.1,998.0,67.04,5.0,629000.0
Skoda Superb Elegance 1.8 Tsi At,Nairobi,2009,35000,Petrol,Automatic,Second,13.7,1798.0,157.75,5.0,658600.0
Mahindra Xylo E4,Eldoret,2009,70000,Diesel,Manual,First,14.0,2498.0,112.0,7.0,421800.0
Mahindra Xuv500 W8 2Wd,Nairobi,2014,86000,Diesel,Manual,First,15.1,2179.0,140.0,7.0,1161800.0
Maruti Swift Dzire Vxi,Eldoret,2016,32000,Petrol,Manual,First,19.1,1197.0,85.8,5.0,784400.0
Ford Ecosport 1.0 Ecoboost Platinum Edition,Nairobi,2017,15000,Petrol,Manual,First,18.88,999.0,123.24,5.0,1184000.0
Toyota Corolla Altis Diesel D4Dg,Naivasha,2014,69918,Diesel,Manual,First,21.43,1364.0,87.2,5.0,1395640.0
Hyundai I20 2015-2017 1.2 Magna,Eldoret,2012,39000,Petrol,Manual,First,18.5,1197.0,80.0,5.0,407000.0
Renault Captur 1.5 Diesel Platine Mono,Nairobi,2018,1011,Diesel,Manual,First,20.37,1461.0,108.45,5.0,1998000.0
Mercedes-Benz E-Class 280 Cdi,Kisumu,2009,85000,Diesel,Automatic,First,11.0,2987.0,198.5,5.0,1478520.0
Maruti Baleno Rs 1.0 Petrol,Mombasa,2017,46663,Petrol,Manual,First,21.1,998.0,100.0,5.0,1028600.0
Nissan Sunny 2011-2014 Xl At Special Edition,Mombasa,2015,27000,Petrol,Automatic,First,17.97,1498.0,99.6,5.0,999000.0
Hyundai Grand I10 At Asta,Mombasa,2015,15000,Petrol,Automatic,First,18.9,1197.0,82.0,5.0,814000.0
Maruti Ciaz Zeta,Mombasa,2018,10575,Petrol,Manual,First,21.56,1462.0,103.25,5.0,1358640.0
Hyundai Xcent 1.2 Kappa S,Nyeri,2014,12500,Petrol,Manual,First,19.1,1197.0,82.0,5.0,614200.0000000001
Hyundai Verna 1.6 Sx Crdi (O),Thika,2012,52000,Diesel,Manual,First,22.32,1582.0,126.32,5.0,962000.0
Maruti Wagon R Vxi 1.2,Mombasa,2015,49818,Petrol,Manual,First,21.5,1197.0,81.8,5.0,608280.0000000001
Hyundai Verna Crdi,Kisumu,2008,90000,Diesel,Manual,Second,16.8,1493.0,110.0,5.0,333000.0
Toyota Etios Liva G,Mombasa,2015,52207,Petrol,Manual,First,17.71,1197.0,78.9,5.0,674879.9999999999
Mahindra Xylo E4 Abs Bs Iii,Eldoret,2013,167362,Diesel,Manual,First,11.68,2498.0,112.0,7.0,592000.0
Toyota Etios Liva Gd,Naivasha,2015,49894,Diesel,Manual,First,23.59,1364.0,67.06,5.0,779960.0
Mahindra Thar Di 4X4,Mombasa,2019,13024,Diesel,Manual,First,18.06,2523.0,63.0,7.0,1348280.0
Nissan X-Trail Slx Mt,Eldoret,2010,128000,Diesel,Manual,Second,14.42,1995.0,147.6,5.0,917600.0
Toyota Innova Crysta 2.8 Zx At,Mombasa,2017,26023,Diesel,Automatic,First,11.36,2755.0,171.5,7.0,2955560.0
Hyundai Creta 1.4 Crdi S,Nairobi,2016,42784,Diesel,Manual,First,21.38,1396.0,88.7,5.0,1505160.0
Maruti Swift Vdi,Eldoret,2014,115000,Diesel,Manual,First,28.4,1248.0,74.0,5.0,666000.0
Hyundai Verna 1.6 Crdi Sx Option,Mombasa,2019,30529,Diesel,Manual,First,23.9,1582.0,126.2,5.0,2113440.0
Maruti Alto Lxi Bsiii,Mombasa,2012,14814,Petrol,Manual,Second,19.7,796.0,46.3,5.0,365560.00000000006
Maruti S Cross Ddis 200 Alpha,Thika,2016,58000,Diesel,Manual,First,23.65,1248.0,88.5,5.0,1169200.0
Hyundai Eon Era,Kisumu,2011,68128,Petrol,Manual,First,21.1,814.0,55.2,5.0,340399.99999999994
Nissan Terrano Xl,Kisumu,2013,63220,Petrol,Manual,First,13.24,1598.0,102.5,5.0,962000.0
Hyundai Eon Era,Kisumu,2016,30000,Petrol,Manual,First,21.1,814.0,55.2,5.0,481000.0
Tata Zest Quadrajet 1.3 Xt,Nakuru,2017,27768,Diesel,Manual,First,20.65,1248.0,88.7,5.0,865800.0
Mercedes-Benz E-Class 2009-2013 E250 Cdi Elegance,Kisumu,2014,53000,Diesel,Automatic,Second,14.21,2143.0,203.0,5.0,4292000.0
Audi Q5 2.0 Tdi Premium Plus,Naivasha,2014,87652,Diesel,Automatic,Second,14.16,1968.0,174.3,5.0,3805080.0
Ford Fiesta 1.6 Zxi Leather,Mombasa,2008,94873,Petrol,Manual,Second,15.3,1596.0,101.0,5.0,273800.0
Bmw 3 Series 320D Prestige,Nairobi,2015,56000,Diesel,Automatic,First,18.88,1995.0,184.0,5.0,3367000.0
Maruti Baleno Rs 1.0 Petrol,Mombasa,2018,18678,Petrol,Manual,First,21.1,998.0,100.0,5.0,1231360.0
Mercedes-Benz E-Class 2009-2013 E250 Cdi Blue Efficiency,Nairobi,2014,30000,Diesel,Automatic,First,14.21,2143.0,203.0,5.0,3848000.0
Ford Endeavour Hurricane Le,Nairobi,2012,129000,Diesel,Automatic,First,12.8,2953.0,97.7,5.0,1036000.0
Hyundai I10 Sportz 1.2,Kisumu,2013,59000,Petrol,Manual,First,20.36,1197.0,78.9,5.0,510600.0
Hyundai Grand I10 Asta Option,Nairobi,2017,13000,Petrol,Manual,First,18.9,1197.0,82.0,5.0,762200.0000000001
Honda Brio S Mt,Mombasa,2014,74325,Petrol,Manual,First,19.4,1198.0,86.8,5.0,519480.0
Hyundai I20 Magna 1.4 Crdi (Diesel),Kisumu,2015,45000,Diesel,Manual,First,21.9,1396.0,88.76,5.0,510600.0
Volkswagen Polo Petrol Highline 1.2L,Eldoret,2013,57000,Petrol,Manual,First,16.47,1198.0,73.9,5.0,555000.0
Honda City 1.5 Exi,Eldoret,2001,125943,Petrol,Manual,Second,13.0,1493.0,100.0,5.0,214600.0
Skoda Octavia Ambiente 1.9 Tdi,Nairobi,2008,80000,Diesel,Manual,First,18.7,1896.0,66.0,5.0,325600.00000000006
Ford Endeavour 2.5L 4X2,Kisumu,2010,154000,Diesel,Manual,First,13.1,2499.0,141.0,7.0,1182520.0
Chevrolet Cruze Ltz,Nakuru,2013,62000,Diesel,Manual,Second,18.3,1991.0,147.9,5.0,999000.0
Honda Cr-V At With Sun Roof,Kisumu,2013,27000,Petrol,Automatic,First,14.0,1493.0,97.7,5.0,1774520.0
Honda Mobilio V I Dtec,Kisumu,2014,45000,Diesel,Manual,First,24.2,1498.0,98.6,7.0,740000.0
Maruti Ertiga Vdi,Eldoret,2012,105000,Diesel,Manual,Second,20.77,1248.0,88.76,7.0,873200.0
Hyundai Grand I10 Sportz,Nairobi,2013,26000,Petrol,Manual,First,18.9,1197.0,82.0,5.0,555000.0
Jaguar Xf 3.0 Litre S Premium Luxury,Nairobi,2014,30900,Diesel,Automatic,First,14.74,2993.0,270.9,5.0,4366000.0
Honda Amaze Vx I-Vtech,Mombasa,2014,48000,Petrol,Manual,First,18.0,1198.0,86.7,5.0,703000.0
Audi A6 2.7 Tdi,Eldoret,2011,112719,Diesel,Automatic,First,12.4,2698.0,179.5,5.0,1702000.0
Hyundai I20 1.2 Spotz,Mombasa,2017,5000,Petrol,Manual,First,18.6,1197.0,81.83,5.0,1028600.0
Volkswagen Ameo 1.2 Mpi Highline Plus 16,Nairobi,2016,16000,Petrol,Manual,First,17.0,1198.0,73.75,5.0,799200.0
Renault Fluence 2.0,Nyeri,2011,63000,Petrol,Automatic,First,13.4,1997.0,135.1,5.0,703000.0
Maruti Alto K10 Vxi,Mombasa,2011,28300,Petrol,Manual,First,24.07,998.0,67.1,5.0,318200.0
Maruti Alto Std,Nyeri,2005,49000,Petrol,Manual,First,19.7,796.0,46.3,5.0,133200.0
Maruti Wagon R Vxi Bs Iv,Kisumu,2016,12501,Petrol,Manual,First,20.51,998.0,67.04,5.0,518000.0
Fiat Linea 1.3 Emotion,Mombasa,2016,56628,Diesel,Manual,First,20.4,1248.0,92.0,5.0,865800.0
Maruti Swift Dzire Vdi Bsiv,Eldoret,2010,105000,Diesel,Manual,First,19.3,1248.0,73.9,5.0,466200.0
Renault Scala Diesel Rxl,Eldoret,2016,52126,Diesel,Manual,First,21.64,1461.0,84.8,5.0,888000.0
Hyundai I20 Magna,Kisumu,2010,38000,Petrol,Manual,First,18.5,1197.0,80.0,5.0,330040.0
Hyundai Xcent 1.2 Kappa Sx Option,Nakuru,2016,50000,Petrol,Manual,First,19.1,1197.0,82.0,5.0,370000.0
Maruti Wagon R Lxi,Mombasa,2015,50230,Petrol,Manual,First,18.9,998.0,67.1,5.0,572760.0
Mahindra Xuv500 W8 2Wd,Thika,2014,31000,Diesel,Manual,First,15.1,2179.0,140.0,7.0,1406000.0
Toyota Fortuner 4X2 At,Nairobi,2014,79000,Diesel,Automatic,First,12.55,2982.0,168.5,7.0,2627000.0
Renault Duster 110Ps Diesel Rxz Plus,Nairobi,2012,130000,Diesel,Manual,First,19.64,1461.0,108.45,5.0,555000.0
Hyundai Santro Xing Gls,Mombasa,2010,115000,Petrol,Manual,Second,17.92,1086.0,62.1,5.0,222000.0
Hyundai Verna 1.6 Sx Vtvt,Eldoret,2013,41500,Petrol,Manual,Second,17.01,1591.0,121.3,5.0,740000.0
Bmw X1 Sdrive 20D Exclusive,Eldoret,2014,54385,Diesel,Automatic,Second,15.06,1995.0,177.0,5.0,2516000.0
Honda Civic 2006-2010 1.8 V At,Mombasa,2011,56361,Petrol,Automatic,First,12.9,1799.0,130.0,5.0,648240.0
Audi A6 35 Tfsi Matrix,Nairobi,2018,22000,Petrol,Automatic,First,15.26,1798.0,187.74,5.0,6142000.0
Maruti Wagon R Lxi Bs Iv,Kisumu,2017,8000,Petrol,Manual,First,20.51,998.0,67.04,5.0,444000.0
Maruti Vitara Brezza Zdi Plus Dual Tone,Naivasha,2018,28741,Diesel,Manual,First,24.3,1248.0,88.5,5.0,1628000.0
Land Rover Discovery 3 Tdv6 Diesel Automatic,Eldoret,2012,117236,Diesel,Automatic,Second,11.8,2720.0,190.0,7.0,2072000.0
Maruti Dzire New,Eldoret,2016,30500,Diesel,Automatic,First,26.59,1248.0,74.0,5.0,1132200.0
Hyundai Verna Vtvt 1.6 Sx,Kisumu,2018,5000,Petrol,Manual,First,17.0,1591.0,121.3,5.0,1287599.9999999998
Maruti Ertiga Zdi Plus,Kisumu,2016,42000,Diesel,Manual,First,25.47,1248.0,88.5,7.0,1465200.0
Hyundai Accent Gle,Nairobi,2010,32773,Petrol,Manual,First,13.2,1495.0,94.0,5.0,303399.99999999994
Hyundai I20 1.2 Sportz,Kisumu,2016,19008,Petrol,Manual,First,17.0,1197.0,80.0,5.0,777000.0
Hyundai Verna Vtvt 1.6 Sx,Mombasa,2012,32542,Petrol,Manual,First,17.0,1591.0,121.3,5.0,853960.0
Maruti Alto Lx,Kisumu,2010,94753,Petrol,Manual,First,19.7,796.0,46.3,5.0,288600.0
Mahindra Scorpio Vlx,Thika,2011,70000,Diesel,Manual,Second,12.05,2179.0,120.0,8.0,1102600.0
Maruti Wagon R Lxi,Nairobi,2012,68347,Petrol,Manual,First,18.9,998.0,67.1,5.0,384800.0
Hyundai I20 1.2 Sportz,Thika,2011,72000,Petrol,Manual,Second,17.0,1197.0,80.0,5.0,481000.0
Maruti Ritz Vdi,Kisumu,2010,75014,Diesel,Manual,First,21.1,1248.0,73.9,5.0,569800.0
Renault Koleos 2.0 Diesel,Nairobi,2013,65000,Diesel,Automatic,Second,13.73,1995.0,148.0,5.0,1110000.0
Bmw 3 Series 320D,Mombasa,2012,55598,Diesel,Automatic,First,22.69,1995.0,190.0,5.0,1702000.0
Honda Brio V Mt,Eldoret,2013,50000,Petrol,Manual,First,19.4,1198.0,86.8,5.0,481000.0
Hyundai Sonata Gold,Mombasa,2003,44200,Petrol,Manual,Second,11.7,1997.0,134.0,5.0,222000.0
Maruti Swift Dzire Vdi,Nyeri,2014,65000,Diesel,Manual,First,19.3,1248.0,73.9,5.0,785880.0
Mahindra Xuv500 W8 4Wd,Kisumu,2013,49000,Diesel,Manual,First,16.0,2179.0,140.0,7.0,1332000.0
Hyundai I10 Sportz 1.1L,Kisumu,2016,7200,Petrol,Manual,First,19.81,1086.0,68.05,5.0,531320.0
Maruti Ciaz Zxi Plus,Mombasa,2016,43152,Petrol,Manual,First,20.73,1373.0,91.1,5.0,1087800.0
Toyota Innova 2.5 V Diesel 8-Seater,Eldoret,2013,112000,Diesel,Manual,First,12.8,2494.0,102.0,8.0,1776000.0
Hyundai Grand I10 Sportz,Naivasha,2017,23540,Petrol,Manual,First,18.9,1197.0,82.0,5.0,890960.0
Chevrolet Optra Magnum 2.0 Ls Bsiii,Naivasha,2008,82160,Diesel,Manual,First,16.52,1991.0,123.7,5.0,380359.99999999994
Mahindra Ssangyong Rexton Rx5,Eldoret,2013,57000,Diesel,Manual,First,12.83,2696.0,162.0,7.0,1842600.0
Mahindra Xuv500 W8 2Wd,Naivasha,2015,39335,Diesel,Manual,First,15.1,2179.0,140.0,7.0,1869240.0
Honda City I Vtec Sv,Nakuru,2014,62000,Petrol,Manual,Second,17.4,1497.0,117.3,5.0,1147000.0
Ford Ecosport 1.5 Dv5 Mt Titanium,Nairobi,2014,60000,Diesel,Manual,First,22.7,1498.0,89.84,5.0,814000.0
Hyundai I20 Sportz 1.2,Kisumu,2015,35000,Petrol,Manual,First,18.6,1197.0,81.83,5.0,655640.0
Mercedes-Benz Cla 200 Cdi Sport,Mombasa,2016,32345,Diesel,Automatic,First,17.9,2143.0,136.0,5.0,3627480.0
Hyundai Eon Magna,Thika,2014,47000,Petrol,Manual,First,22.0,814.0,55.0,5.0,392200.0
Maruti Alto 800 2016-2019 Cng Lxi,Nairobi,2012,65537,Cng,Manual,Second,33.44,796.0,40.3,4.0,310800.0
Toyota Etios G Safety,Nairobi,2011,36000,Petrol,Manual,First,17.6,1496.0,88.7,5.0,473600.0
Maruti Swift Dzire Tour Ldi,Mombasa,2016,75000,Diesel,Manual,First,23.4,1248.0,74.0,5.0,629000.0
Maruti Alto Lxi,Kisumu,2008,38000,Petrol,Manual,First,19.7,796.0,46.3,5.0,162800.00000000003
Maruti Celerio Zxi,Mombasa,2015,57818,Petrol,Manual,First,23.1,998.0,67.04,5.0,636400.0
Ford Ecosport 1.5 Dv5 Mt Titanium Optional,Kisumu,2015,45000,Diesel,Manual,First,22.7,1498.0,89.84,5.0,1317200.0
Nissan Terrano Xv 110 Ps Limited Edition,Nyeri,2015,75055,Diesel,Manual,First,19.01,1461.0,108.5,5.0,962000.0
Honda Accord Vti-L At,Nairobi,2009,65462,Petrol,Automatic,Third,11.1,2354.0,142.0,5.0,518000.0
Maruti Swift Ldi Bsiii,Kisumu,2008,76206,Diesel,Manual,First,17.8,1248.0,75.0,5.0,629000.0
Mahindra Xuv500 At W10 Fwd,Mombasa,2018,25948,Diesel,Automatic,First,16.0,2179.0,140.0,7.0,2436080.0
Honda Jazz 1.2 Vx I Vtec,Nairobi,2016,28500,Petrol,Manual,First,18.7,1199.0,88.7,5.0,880600.0
Honda City I Vtec V,Nairobi,2015,28004,Petrol,Manual,First,17.8,1497.0,117.3,5.0,1050800.0
Fiat Grande Punto 1.2 Dynamic,Kisumu,2011,25000,Petrol,Manual,Second,15.7,1172.0,67.0,5.0,185000.0
Maruti Estilo Lxi,Kisumu,2010,40000,Petrol,Manual,Second,19.5,1061.0,97.7,5.0,370000.0
Maruti Ertiga Zxi,Eldoret,2013,82543,Petrol,Manual,First,16.02,1373.0,93.7,7.0,814000.0
Nissan Micra Xl,Mombasa,2013,30000,Petrol,Manual,First,18.44,1198.0,75.0,5.0,481000.0
Honda City 1.5 V Mt,Kisumu,2010,27800,Petrol,Manual,First,17.0,1497.0,118.0,5.0,740000.0
Toyota Etios Vx,Naivasha,2016,33415,Petrol,Manual,First,16.78,1496.0,88.73,5.0,973840.0
Bmw 3 Series 320D Luxury Line,Nairobi,2013,38000,Diesel,Automatic,First,18.88,1995.0,184.0,5.0,2886000.0
Honda Jazz 1.2 Sv I Vtec,Mombasa,2017,41981,Petrol,Manual,First,18.7,1199.0,88.7,5.0,908720.0
Maruti Dzire Vdi,Nyeri,2013,77084,Diesel,Manual,First,28.4,1248.0,73.75,5.0,732600.0
Skoda Rapid 1.6 Tdi Elegance,Kisumu,2013,71803,Diesel,Manual,First,20.5,1598.0,103.5,5.0,851000.0
Mahindra Xuv500 W6 2Wd,Kisumu,2013,73314,Diesel,Manual,First,15.1,2179.0,140.0,7.0,976800.0
Hyundai Grand I10 At Asta,Naivasha,2015,69053,Petrol,Automatic,First,18.9,1197.0,82.0,5.0,846560.0
Honda City 1.5 V Mt,Nairobi,2009,79782,Petrol,Manual,Second,17.0,1497.0,118.0,5.0,384800.0
Toyota Innova 2.5 Gx 7 Str,Kisumu,2010,250000,Diesel,Manual,Second,12.8,2494.0,102.0,7.0,962000.0
Mahindra Xuv500 W8 2Wd,Eldoret,2011,90000,Diesel,Manual,Second,15.1,2179.0,140.0,7.0,902800.0
Maruti Swift Dzire Vdi,Kisumu,2010,130000,Diesel,Manual,First,19.3,1248.0,73.9,5.0,569800.0
Volkswagen Vento Petrol Highline,Eldoret,2013,65000,Petrol,Manual,Second,15.04,1598.0,103.6,5.0,666000.0
Toyota Etios Gd,Naivasha,2013,46496,Diesel,Manual,First,23.59,1364.0,97.7,5.0,784400.0
Audi A4 2.0 Tdi,Nakuru,2013,76000,Diesel,Automatic,Second,16.55,1968.0,147.51,5.0,2701000.0
Maruti Ertiga Lxi,Thika,2012,28002,Petrol,Manual,First,16.02,1373.0,93.7,7.0,851000.0
Toyota Corolla Altis 1.8 G Cng,Nairobi,2010,63000,Cng,Manual,Second,14.53,1798.0,138.0,5.0,495800.0
Maruti 800 Ac,Nyeri,2010,70000,Petrol,Manual,Second,16.1,796.0,37.0,4.0,133200.0
Honda City 1.5 V Mt,Kisumu,2011,66276,Petrol,Manual,First,17.0,1497.0,118.0,5.0,814000.0
Maruti Swift Dzire Vxi,Kisumu,2014,45000,Petrol,Manual,First,19.1,1197.0,85.8,5.0,590520.0
Toyota Camry Hybrid,Nairobi,2014,67000,Petrol,Automatic,First,19.16,2494.0,158.2,5.0,2775000.0
Hyundai Grand I10 Crdi Sportz,Kisumu,2014,43068,Diesel,Manual,First,24.0,1120.0,70.0,5.0,518000.0
Toyota Innova Crysta 2.8 Gx At 8S,Mombasa,2016,40000,Diesel,Automatic,First,11.36,2755.0,171.5,8.0,2434600.0
Hyundai I10 Magna,Naivasha,2011,50436,Petrol,Manual,First,20.36,1197.0,78.9,5.0,540200.0
Hyundai Grand I10 At Asta,Nakuru,2014,21000,Petrol,Automatic,First,18.9,1197.0,82.0,5.0,799200.0
Maruti Baleno Alpha Diesel,Nairobi,2018,2000,Diesel,Manual,First,27.39,1248.0,74.0,5.0,1287599.9999999998
Skoda Superb Style 1.8 Tsi At,Nairobi,2016,14500,Petrol,Automatic,First,14.67,1798.0,177.46,5.0,3071000.0
Mercedes-Benz New C-Class 220 Cdi At,Kisumu,2010,68782,Diesel,Automatic,First,14.84,2143.0,170.0,5.0,1850000.0
Maruti Ritz Vdi,Kisumu,2011,35888,Diesel,Manual,First,21.1,1248.0,73.9,5.0,279720.0
Maruti Swift Dzire Tour Ldi,Kisumu,2015,168205,Diesel,Manual,First,23.4,1248.0,74.0,5.0,592000.0
Honda Civic 2010-2013 1.8 V Mt,Nairobi,2012,47000,Petrol,Manual,First,14.8,1799.0,130.2,5.0,584600.0
Maruti Ertiga Shvs Vdi,Kisumu,2015,93700,Diesel,Manual,First,24.52,1248.0,88.5,7.0,1161800.0
Hyundai Elantra Crdi Sx,Kisumu,2014,45000,Diesel,Manual,First,22.7,1582.0,126.24,5.0,1036000.0
Toyota Fortuner 4X2 At,Kisumu,2016,55547,Diesel,Automatic,First,12.55,2982.0,168.5,7.0,3698520.0
Volkswagen Polo Gt Tsi,Nairobi,2013,69000,Petrol,Automatic,First,17.21,1197.0,103.6,5.0,666000.0
Skoda Octavia Classic 1.9 Tdi Mt,Eldoret,2005,88000,Diesel,Manual,Third,18.7,1896.0,66.0,5.0,185000.0
Volkswagen Polo 1.5 Tdi Trendline,Nairobi,2014,32400,Diesel,Manual,First,20.14,1498.0,88.8,5.0,584600.0
Hyundai Santro Xing Gl Plus,Eldoret,2012,79000,Petrol,Manual,Second,17.92,1086.0,62.1,5.0,236800.0
Hyundai Accent Gle,Kisumu,2004,110000,Petrol,Manual,First,13.2,1495.0,94.0,5.0,88800.0
Hyundai Eon D Lite Plus,Naivasha,2014,45407,Petrol,Manual,Second,21.1,814.0,55.2,5.0,501720.0
Toyota Innova 2.5 V Diesel 7-Seater,Kisumu,2011,136490,Diesel,Manual,First,12.8,2494.0,102.0,7.0,1450400.0000000002
Maruti Ignis 1.3 Zeta,Nairobi,2017,19000,Diesel,Manual,First,26.8,1248.0,74.0,5.0,874680.0
Maruti Ciaz Alpha,Nairobi,2017,19416,Petrol,Manual,First,21.56,1462.0,103.25,5.0,1221000.0
Maruti Swift Dzire Vxi,Nairobi,2012,15500,Petrol,Manual,First,17.5,1298.0,85.8,5.0,555000.0
Honda City I Vtec Cvt Vx,Kisumu,2017,12538,Petrol,Automatic,First,18.0,1497.0,117.3,5.0,1850000.0
Maruti Swift Vdi Bsiv W Abs,Nakuru,2015,62588,Diesel,Manual,First,17.8,1248.0,97.7,5.0,880600.0
Honda Brio S Mt,Nairobi,2015,44328,Petrol,Manual,First,19.4,1198.0,86.8,5.0,562400.0
Toyota Etios Liva Gd,Nairobi,2014,63000,Diesel,Manual,First,23.59,1364.0,67.04,5.0,643799.9999999999
Volvo Xc60 D5,Kisumu,2015,100000,Diesel,Automatic,First,13.5,2400.0,215.0,5.0,4810000.0
Tata Indigo Cs Egvx,Kisumu,2015,103000,Petrol,Manual,First,15.64,1193.0,64.08,5.0,444000.0
Toyota Innova Crysta 2.8 Zx At,Eldoret,2016,50296,Diesel,Automatic,Second,11.36,2755.0,171.5,7.0,2812000.0
Volkswagen Vento Diesel Highline,Eldoret,2013,95500,Diesel,Manual,First,20.54,1598.0,103.6,5.0,740000.0
Ford Ecosport 1.5 Dv5 Mt Titanium,Eldoret,2014,72100,Diesel,Manual,First,22.7,1498.0,89.84,5.0,806600.0
Maruti Wagon R Vxi,Nairobi,2010,19119,Petrol,Manual,First,18.9,998.0,67.1,5.0,399600.0
Mercedes-Benz S-Class 320 L,Nairobi,2006,30000,Petrol,Manual,First,13.0,2987.0,210.0,5.0,1591000.0
Volkswagen Polo 1.5 Tdi Highline,Kisumu,2015,75600,Diesel,Manual,First,20.14,1498.0,88.8,5.0,858400.0
Tata Indica Gls Bs Iv,Eldoret,2007,137000,Petrol,Manual,Second,15.3,1193.0,65.3,5.0,140600.0
Maruti 800 Std Bsiii,Nyeri,2002,53500,Petrol,Manual,Second,16.1,796.0,37.0,4.0,93240.0
Jeep Compass 2.0 Longitude,Mombasa,2018,26101,Diesel,Manual,First,17.1,1956.0,170.0,5.0,2597400.0
Maruti Alto K10 Lxi Optional,Eldoret,2016,7000,Petrol,Manual,First,24.07,998.0,67.1,5.0,444000.0
Skoda Octavia Elegance 2.0 Tdi At,Nakuru,2013,50000,Diesel,Automatic,First,19.3,1968.0,141.0,5.0,2220000.0
Maruti Swift Dzire Vdi Optional,Kisumu,2016,30000,Diesel,Manual,First,26.59,1248.0,74.0,5.0,888000.0
Maruti Ciaz Vdi Plus Shvs,Nairobi,2016,38151,Diesel,Manual,First,28.09,1248.0,88.5,5.0,1132200.0
Mercedes-Benz New C-Class C 220 Cdi Classic,Nyeri,2009,116000,Diesel,Manual,Second,15.8,2148.0,170.0,5.0,1258000.0
Ford Figo Diesel Zxi,Kisumu,2013,22000,Diesel,Manual,First,20.0,1399.0,68.0,5.0,333000.0
Toyota Corolla Altis Vl,Nairobi,2010,60000,Petrol,Automatic,Second,14.53,1798.0,138.1,5.0,688200.0000000001
Maruti Sx4 S Cross Ddis 320 Zeta,Nairobi,2016,38000,Diesel,Manual,First,22.7,1598.0,118.0,5.0,1161800.0
Ford Figo Petrol Zxi,Naivasha,2011,51928,Petrol,Manual,First,15.6,1196.0,70.0,5.0,512080.0
Honda Jazz Exclusive Cvt,Nairobi,2018,3000,Petrol,Automatic,First,19.0,1199.0,88.7,5.0,1221000.0
Maruti Zen Lxi - Bs Iii,Eldoret,2006,67196,Petrol,Manual,First,17.3,993.0,60.0,5.0,185000.0
Toyota Fortuner 3.0 Diesel,Nakuru,2012,100000,Diesel,Manual,Third,11.5,2982.0,171.0,7.0,2368000.0
Maruti Ciaz Zdi Plus,Nyeri,2015,65218,Diesel,Manual,First,26.21,1248.0,88.5,5.0,1095200.0
Renault Kwid Rxt,Mombasa,2016,53886,Petrol,Manual,First,25.17,799.0,53.3,5.0,454360.0
Hyundai I10 Magna At,Naivasha,2011,50058,Petrol,Automatic,First,19.2,1197.0,80.0,5.0,568320.0
Maruti Celerio Zxi At Optional,Eldoret,2016,64000,Petrol,Automatic,First,23.1,998.0,67.04,5.0,621600.0
Hyundai Creta 1.4 E Plus Diesel,Mombasa,2018,41641,Diesel,Manual,First,21.38,1396.0,88.7,5.0,1601360.0
Honda Jazz 1.5 Sv I Dtec,Kisumu,2016,44345,Diesel,Manual,First,27.3,1498.0,98.6,5.0,902800.0
Honda City 1.5 S Mt,Kisumu,2011,45501,Petrol,Manual,First,17.0,1497.0,118.0,5.0,458800.0
Mitsubishi Lancer 1.5 Sfxi,Mombasa,2001,104000,Petrol,Manual,Third,13.7,1468.0,85.8,5.0,148000.0
Nissan Sunny Xe P,Naivasha,2012,50297,Petrol,Manual,First,16.95,1498.0,97.6,5.0,694120.0000000001
Honda Accord 2.4 At,Nairobi,2011,87000,Petrol,Automatic,First,11.7,2354.0,177.6,5.0,799200.0
Mahindra Xuv500 W8 2Wd,Nairobi,2016,120000,Diesel,Manual,First,15.1,2179.0,140.0,7.0,1776000.0
Hyundai I20 1.2 Magna Executive,Nairobi,2018,17000,Petrol,Manual,First,18.6,1197.0,81.83,5.0,962000.0
Nissan Micra Diesel Xl,Mombasa,2014,100000,Diesel,Manual,First,23.08,1461.0,63.1,5.0,444000.0
Maruti Ciaz At Zxi,Mombasa,2015,50979,Petrol,Automatic,First,19.12,1373.0,91.1,5.0,1021200.0
Volkswagen Vento Diesel Trendline,Mombasa,2011,41000,Diesel,Manual,First,20.54,1598.0,103.6,5.0,592000.0
Hyundai I20 Asta,Mombasa,2011,24000,Petrol,Manual,First,17.0,1197.0,80.0,5.0,629000.0
Toyota Corolla Altis G,Kisumu,2008,44738,Petrol,Manual,First,14.53,1798.0,138.1,5.0,754799.9999999999
Honda City I Dtec Vx,Kisumu,2014,37298,Diesel,Manual,First,25.1,1498.0,98.6,5.0,725200.0000000001
Maruti Swift Vxi Bsiv,Eldoret,2014,42000,Petrol,Manual,Second,20.4,1197.0,81.8,5.0,532800.0
Mercedes-Benz E-Class 2009-2013 E250 Cdi Elegance,Eldoret,2016,45000,Diesel,Automatic,First,14.21,2143.0,203.0,5.0,5032000.0
Toyota Innova 2.5 G (Diesel) 7 Seater,Nairobi,2015,102000,Diesel,Manual,First,12.99,2494.0,100.6,7.0,1221000.0
Maruti Swift Lxi Bsiii,Eldoret,2011,70000,Petrol,Manual,First,16.1,1298.0,88.2,5.0,192400.0
Mercedes-Benz New C-Class C 220D Avantgarde Edition C,Naivasha,2018,27467,Diesel,Automatic,First,19.27,2143.0,167.62,5.0,5779399.999999999
Hyundai Grand I10 Asta,Kisumu,2015,15305,Petrol,Manual,First,18.9,1197.0,82.0,5.0,555000.0
Maruti Wagon R Lxi Bs Iv,Nairobi,2010,70000,Petrol,Manual,First,18.9,998.0,67.1,5.0,310800.0
Ford Ecosport 1.5 Tdci Titanium,Kisumu,2016,36778,Diesel,Manual,First,22.77,1498.0,98.59,5.0,1302400.0000000002
Volkswagen Polo 1.2 Mpi Comfortline,Naivasha,2015,25845,Petrol,Manual,First,16.47,1198.0,74.0,5.0,864320.0
Hyundai Verna 1.6 Vtvt At Sx,Mombasa,2018,33858,Petrol,Automatic,First,17.01,1591.0,121.3,5.0,1336439.9999999998
Renault Kwid Amt Rxl,Thika,2017,12000,Petrol,Automatic,Second,24.04,999.0,67.0,5.0,481000.0
Honda Brio S Option At,Naivasha,2013,33709,Petrol,Automatic,First,16.5,1198.0,86.8,5.0,725200.0000000001
Ford Figo Aspire 1.2 Ti-Vct Titanium,Mombasa,2018,32709,Petrol,Manual,First,18.16,1196.0,86.8,5.0,956080.0
Toyota Fortuner 3.0 Diesel,Nakuru,2014,72000,Diesel,Manual,Second,11.5,2982.0,171.0,7.0,2738000.0
Tata Indigo Ecs Elx Bs Iv,Thika,2013,31000,Diesel,Manual,First,25.0,1396.0,69.01,5.0,399600.0
Ford Figo 2015-2019 1.5D Ambiente Mt,Mombasa,2016,70000,Diesel,Manual,First,25.83,1498.0,99.0,5.0,680799.9999999999
Maruti Swift Dzire Vdi,Nyeri,2014,61000,Diesel,Manual,First,23.4,1248.0,74.0,5.0,791800.0
Nissan Micra Diesel Xv Primo,Eldoret,2011,72000,Diesel,Manual,First,23.08,1461.0,63.1,5.0,340399.99999999994
Skoda Octavia Style Plus 2.0 Tdi At,Nairobi,2016,49000,Diesel,Automatic,First,19.3,1968.0,141.0,5.0,2286600.0
Volkswagen Jetta 2013-2015 2.0L Tdi Highline At,Kisumu,2014,42939,Diesel,Automatic,First,16.96,1968.0,138.03,5.0,1848520.0
Audi Q7 35 Tdi Quattro Technology,Naivasha,2016,32545,Diesel,Automatic,First,12.07,2967.0,241.4,7.0,7216480.0
Hyundai I20 1.2 Sportz,Eldoret,2011,54000,Petrol,Manual,First,17.0,1197.0,80.0,5.0,473600.0
Bmw 3 Series 320D Corporate Edition,Nairobi,2012,76000,Diesel,Automatic,First,16.07,1995.0,181.0,4.0,1295000.0
Hyundai I20 Active 1.4 Sx Dual Tone,Kisumu,2015,27000,Diesel,Manual,First,21.19,1396.0,88.73,5.0,886520.0
Mahindra Scorpio 2.6 Dx,Mombasa,2005,120000,Diesel,Manual,Second,12.7,2609.0,116.6,8.0,429200.0
Audi A4 3.2 Fsi Tiptronic Quattro,Kisumu,2012,125000,Petrol,Automatic,First,10.5,3197.0,97.7,5.0,2664000.0
Ford Figo Diesel Exi,Kisumu,2011,37000,Diesel,Manual,First,20.0,1399.0,68.05,5.0,266400.0
Honda Accord 2.4 Inspire M/T,Nairobi,2012,42000,Petrol,Manual,First,9.8,2354.0,180.0,5.0,925000.0
Hyundai I20 Sportz 1.4 Crdi,Nakuru,2013,60000,Diesel,Manual,First,21.9,1396.0,88.76,5.0,806600.0
Jaguar Xf 2.2 Litre Luxury,Nairobi,2018,3000,Diesel,Automatic,First,16.36,2179.0,187.7,5.0,7770000.0
Hyundai Verna 1.6 Sx Vtvt (O) At,Nairobi,2013,44000,Petrol,Automatic,First,17.1,1591.0,121.4,5.0,828800.0
Honda City I Vtec Vx Option,Kisumu,2014,37000,Petrol,Manual,First,17.4,1497.0,117.3,5.0,954600.0
Hyundai I20 Asta Optional With Sunroof 1.2,Nairobi,2012,50000,Petrol,Manual,First,18.5,1197.0,82.85,5.0,547600.0
Honda Brio S Mt,Mombasa,2013,58581,Petrol,Manual,First,19.4,1198.0,86.8,5.0,516520.0
Hyundai I20 Sportz 1.4 Crdi,Kisumu,2013,25500,Diesel,Manual,First,21.9,1396.0,88.76,5.0,525400.0
Maruti Grand Vitara 2.4 Mt,Nairobi,2017,25000,Petrol,Manual,First,10.4,2393.0,163.5,5.0,1332000.0
Maruti A-Star Vxi,Kisumu,2011,53766,Petrol,Manual,First,19.0,998.0,66.1,5.0,399600.0
Fiat Punto 1.3 Emotion,Eldoret,2011,45271,Diesel,Manual,First,20.3,1493.0,97.7,5.0,384800.0
Maruti Alto Lxi,Mombasa,2006,68000,Petrol,Manual,First,19.7,796.0,46.3,5.0,222000.0
Mahindra Xuv500 W10 2Wd,Nyeri,2017,40000,Diesel,Manual,First,16.0,2179.0,140.0,7.0,2353200.0
Maruti Swift Rs Vdi,Kisumu,2013,73212,Diesel,Manual,First,22.9,1248.0,74.0,5.0,769600.0
Bmw X1 Sdrive20D,Nairobi,2014,69000,Diesel,Automatic,First,17.05,1995.0,184.0,5.0,2405000.0
Volkswagen Passat 2.0 Pd Dsg,Nairobi,2007,61932,Diesel,Automatic,Second,14.3,1968.0,140.0,5.0,489880.0
Bmw X3 Xdrive20D,Nakuru,2012,52000,Diesel,Automatic,First,16.09,1995.0,184.0,5.0,3552000.0
Maruti Ritz Vxi,Kisumu,2011,150000,Petrol,Manual,First,18.5,1197.0,85.8,5.0,370000.0
Hyundai I20 Sportz 1.4 Crdi,Nyeri,2013,70933,Diesel,Manual,Second,21.9,1396.0,88.76,5.0,577200.0
Maruti Swift Vdi Bsiv,Kisumu,2013,115195,Diesel,Manual,First,25.2,1248.0,74.0,5.0,569800.0
Mercedes-Benz New C-Class 200 Kompressor,Nairobi,2011,62148,Petrol,Manual,First,11.7,1796.0,178.0,5.0,1302400.0000000002
Toyota Corolla Altis 1.8 Gl,Mombasa,2009,32000,Petrol,Manual,Second,14.28,1798.0,138.03,5.0,732600.0
Hyundai Verna 1.6 Sx Crdi (O),Kisumu,2014,58000,Diesel,Manual,First,22.32,1582.0,126.32,5.0,851000.0
Renault Duster 110Ps Diesel Rxz,Mombasa,2014,68598,Diesel,Manual,First,19.01,1461.0,108.45,5.0,913160.0
Maruti Swift Ldi Bsiii,Mombasa,2010,84072,Diesel,Manual,First,17.8,1248.0,75.0,5.0,510600.0
Maruti Alto K10 Vxi,Nyeri,2016,51264,Petrol,Manual,First,24.07,998.0,67.1,5.0,473600.0
Hyundai Creta 1.6 Sx Plus Petrol Automatic,Naivasha,2017,21363,Petrol,Automatic,First,13.0,1591.0,121.3,5.0,1996520.0
Mercedes-Benz Cla 200 Cgi Sport,Nairobi,2016,40000,Petrol,Automatic,First,15.04,1991.0,183.0,5.0,3626000.0
Honda Cr-V 2.4 4Wd At,Kisumu,2015,35000,Petrol,Automatic,First,10.1,2354.0,152.0,5.0,2175600.0
Ford Ecosport 1.5 Dv5 Mt Trend,Kisumu,2014,55000,Diesel,Manual,First,22.7,1498.0,89.84,5.0,888000.0
Mercedes-Benz E-Class 2015-2017 E250 Cdi Avantgarde,Naivasha,2016,43252,Diesel,Automatic,First,13.0,2143.0,204.0,5.0,5058640.0
Hyundai Grand I10 Crdi Magna,Nairobi,2014,42000,Diesel,Manual,First,24.0,1120.0,70.0,5.0,518000.0
Ford Fiesta 1.4 Duratec Zxi,Kisumu,2006,69000,Petrol,Manual,First,16.6,1388.0,68.0,5.0,318200.0
Hyundai Creta 1.6 Sx Automatic Diesel,Kisumu,2018,14000,Diesel,Automatic,First,17.6,1582.0,126.2,5.0,1665000.0
Maruti A-Star Lxi,Nairobi,2010,70000,Petrol,Manual,First,19.0,998.0,66.1,5.0,296000.0
Maruti Ritz Ldi,Mombasa,2015,35314,Diesel,Manual,First,23.2,1248.0,73.94,5.0,631959.9999999999
Honda City I Vtec Sv,Mombasa,2017,38691,Petrol,Manual,First,17.8,1497.0,117.3,5.0,1136640.0
Toyota Innova 2.5 Gx (Diesel) 7 Seater,Naivasha,2017,72717,Diesel,Manual,First,12.99,2494.0,100.6,7.0,2148960.0
Mercedes-Benz R-Class R350 4Matic Long,Nairobi,2011,82000,Petrol,Automatic,Second,11.8,3498.0,272.0,7.0,2493800.0000000005
Skoda Rapid 1.5 Tdi Elegance,Nairobi,2015,44000,Diesel,Manual,First,21.14,1498.0,103.52,5.0,851000.0
Ford Ecosport 1.5 Ti Vct Mt Titanium,Nairobi,2017,27000,Petrol,Manual,First,15.8,1499.0,110.0,5.0,1228400.0000000002
Maruti Celerio Vxi At,Mombasa,2014,18500,Petrol,Automatic,First,23.1,998.0,67.04,5.0,584600.0
Volkswagen Vento Petrol Highline,Nairobi,2014,45000,Petrol,Manual,First,15.04,1598.0,103.6,5.0,710400.0
Volvo Xc60 D5,Thika,2011,173000,Diesel,Automatic,First,13.5,2400.0,215.0,5.0,1776000.0
Toyota Etios Cross 1.4 Gd,Thika,2017,42000,Diesel,Manual,First,23.59,1364.0,67.04,5.0,925000.0
Tata Indica Vista Tdi Lx,Nyeri,2012,90000,Diesel,Manual,First,19.4,1405.0,70.0,5.0,370000.0
Honda City I Vtec Cvt Vx,Eldoret,2014,82329,Petrol,Automatic,First,18.0,1497.0,117.3,5.0,1110000.0
Honda City 1.5 V Mt,Nairobi,2010,80302,Petrol,Manual,First,17.0,1497.0,118.0,5.0,518000.0
Skoda Octavia Rider Classic 1.9 Tdi,Kisumu,2005,105000,Diesel,Manual,First,18.7,1896.0,66.0,5.0,294520.0
Toyota Corolla 1.8 J,Kisumu,2009,60000,Petrol,Manual,First,14.53,1798.0,138.0,5.0,333000.0
Toyota Etios G,Nairobi,2014,70000,Petrol,Manual,First,16.78,1496.0,88.73,5.0,481000.0
Bmw X1 Sdrive20D,Nakuru,2016,45000,Diesel,Automatic,First,17.05,1995.0,184.0,5.0,4218000.0
Honda City Zx Cvt,Kisumu,2006,44000,Petrol,Automatic,First,16.4,1497.0,78.0,5.0,222000.0
Hyundai I20 Sportz 1.4 Crdi,Nairobi,2017,25500,Diesel,Manual,First,22.54,1396.0,88.73,5.0,1036000.0
Mercedes-Benz E-Class E350 Cdi,Nairobi,2014,68000,Diesel,Automatic,First,13.0,2987.0,261.5,5.0,4070000.0
Hyundai Creta 1.6 Crdi Sx Option,Thika,2015,61786,Diesel,Manual,First,19.67,1582.0,126.2,5.0,1554000.0
Audi Q3 2012-2015 2.0 Tdi Quattro Premium Plus,Nyeri,2014,65000,Diesel,Automatic,Second,15.73,1968.0,174.33,5.0,3182000.0
Land Rover Discovery Sport Td4 Hse,Nairobi,2016,77000,Diesel,Automatic,First,12.63,2179.0,147.5,5.0,5180000.0
Skoda Rapid 1.5 Tdi At Elegance Plus,Kisumu,2015,34000,Diesel,Automatic,First,21.66,1498.0,103.52,5.0,1182520.0
Maruti Celerio Vxi At,Naivasha,2015,59751,Petrol,Automatic,First,23.1,998.0,67.04,5.0,722240.0
Audi Rs5 Coupe,Nairobi,2013,23312,Petrol,Automatic,First,11.05,2894.0,444.0,4.0,5994000.0
Maruti Ciaz Zxi Plus,Nairobi,2015,30000,Petrol,Manual,First,20.73,1373.0,91.1,5.0,969400.0
Audi Q5 2.0 Tdi Premium Plus,Naivasha,2015,60146,Diesel,Automatic,First,14.16,1968.0,174.3,5.0,4386720.0
Ford Figo Diesel Titanium,Naivasha,2013,44731,Diesel,Manual,Second,20.0,1399.0,68.0,5.0,642320.0
Ford Ecosport 1.0 Ecoboost Titanium,Mombasa,2014,43316,Petrol,Manual,First,18.88,999.0,123.37,5.0,920560.0
Honda City 1.5 S Mt,Nairobi,2009,92000,Petrol,Manual,Second,17.0,1497.0,118.0,5.0,333000.0
Jaguar Xf 2.2 Litre Luxury,Kisumu,2015,50000,Diesel,Automatic,First,16.36,2179.0,187.7,5.0,5624000.0
Maruti Swift Vxi Bsiv,Nairobi,2008,69000,Petrol,Manual,Second,20.4,1197.0,81.8,5.0,318200.0
Bmw 5 Series 520D Luxury Line,Naivasha,2014,60280,Diesel,Automatic,First,22.48,1995.0,190.0,5.0,3322600.0
Mercedes-Benz B Class B200 Cdi,Naivasha,2017,48161,Diesel,Automatic,First,15.0,2143.0,107.3,5.0,3088760.0
Honda Brio S Mt,Nairobi,2013,41000,Petrol,Manual,First,19.4,1198.0,86.8,5.0,458800.0
Hyundai I20 Sportz 1.2,Nairobi,2016,6000,Petrol,Manual,First,18.6,1197.0,81.83,5.0,880600.0
Tata Indica V2 Dlg Tc,Nairobi,2006,133000,Diesel,Manual,Second,16.8,1405.0,68.0,5.0,127280.0
Toyota Fortuner 3.0 Diesel,Nairobi,2010,76000,Diesel,Manual,First,11.5,2982.0,171.0,7.0,1369000.0
Hyundai I10 Sportz 1.1L,Nairobi,2011,15590,Petrol,Manual,First,19.81,1086.0,68.05,5.0,333000.0
Hyundai I20 1.2 Sportz Option,Mombasa,2016,69681,Petrol,Manual,First,17.0,1197.0,80.0,5.0,907240.0
Maruti Baleno Lxi - Bsiii,Mombasa,2006,70362,Petrol,Manual,Second,15.4,1590.0,97.7,5.0,267880.0
Honda Amaze S At I-Vtech,Eldoret,2014,49112,Petrol,Automatic,Second,15.5,1198.0,86.7,5.0,560920.0
Land Rover Range Rover 3.0 Diesel Lwb Vogue,Kisumu,2017,25000,Diesel,Automatic,First,13.33,2993.0,255.0,5.0,23680000.0
Toyota Etios Liva Gd,Nairobi,2011,74000,Diesel,Manual,First,23.59,1364.0,97.7,5.0,532800.0
Hyundai I10 Sportz 1.2 At,Eldoret,2013,15200,Petrol,Automatic,Second,16.95,1197.0,78.9,5.0,569800.0
Volkswagen Polo Diesel Trendline 1.2L,Kisumu,2013,86300,Diesel,Manual,First,22.07,1199.0,73.9,5.0,666000.0
Maruti Baleno Rs Petrol,Naivasha,2018,26731,Petrol,Manual,First,21.1,998.0,100.0,5.0,1274280.0
Hyundai I20 Sportz 1.4 Crdi,Thika,2016,74000,Diesel,Manual,First,21.9,1396.0,88.76,5.0,962000.0
Toyota Corolla H4,Mombasa,2005,83929,Petrol,Automatic,First,11.3,1794.0,125.0,5.0,384800.0
Toyota Innova 2.5 Vx (Diesel) 7 Seater,Eldoret,2015,65000,Diesel,Manual,First,12.99,2494.0,100.6,7.0,2220000.0
Maruti Celerio Vxi At Optional,Eldoret,2017,20000,Petrol,Automatic,First,23.1,998.0,67.04,5.0,695600.0
Skoda Octavia Elegance 2.0 Tdi At,Kisumu,2015,122086,Diesel,Automatic,First,19.3,1968.0,141.0,5.0,1922520.0
Honda Mobilio S I Vtec,Mombasa,2018,35442,Petrol,Manual,First,17.3,1497.0,117.3,7.0,1083360.0
Hyundai Verna 1.6 Crdi Sx,Nairobi,2015,62542,Diesel,Manual,Second,23.9,1582.0,126.2,5.0,962000.0
Honda City 1.5 S Mt,Naivasha,2012,26671,Petrol,Manual,Second,17.0,1497.0,118.0,5.0,839160.0
Ford Classic 1.4 Duratorq Titanium,Mombasa,2014,83500,Diesel,Manual,Second,19.68,1399.0,67.0,5.0,444000.0
Maruti Ciaz Zdi,Nairobi,2015,46166,Diesel,Manual,Second,26.21,1248.0,88.5,5.0,814000.0
Maruti Wagon R Vxi Bs Iv,Eldoret,2015,25200,Petrol,Manual,First,18.9,998.0,67.1,5.0,495800.0
Audi A4 3.0 Tdi Quattro,Naivasha,2015,35463,Diesel,Automatic,First,14.94,2967.0,241.4,5.0,3702960.0
Toyota Camry Hybrid 2.5,Naivasha,2017,23249,Petrol,Automatic,First,19.16,2487.0,175.67,5.0,3864280.0
Hyundai I20 Asta 1.2,Naivasha,2016,40310,Petrol,Manual,First,18.6,1197.0,81.83,5.0,1049320.0
Maruti Sx4 Green Vxi (Cng),Nairobi,2012,82069,Cng,Manual,First,21.4,1586.0,103.3,5.0,392200.0
Hyundai Grand I10 1.2 Kappa Asta,Nairobi,2018,10000,Petrol,Manual,First,18.9,1197.0,81.86,5.0,962000.0
Volkswagen Polo Diesel Trendline 1.2L,Mombasa,2012,94000,Diesel,Manual,First,22.07,1199.0,73.9,5.0,666000.0
Bmw X5 Xdrive 30D M Sport,Mombasa,2016,45000,Diesel,Automatic,First,15.97,2993.0,258.0,5.0,8436000.0
Volkswagen Polo Petrol Comfortline 1.2L,Mombasa,2012,52818,Petrol,Manual,First,16.47,1198.0,73.9,5.0,565360.0
Renault Duster 85Ps Diesel Rxe,Nyeri,2013,61238,Diesel,Manual,First,20.45,1461.0,83.8,5.0,777000.0
Skoda Superb Style 1.8 Tsi At,Naivasha,2016,54253,Petrol,Automatic,First,14.67,1798.0,177.46,5.0,2487879.9999999995
Audi Q5 2.0 Tdi,Nairobi,2013,71000,Diesel,Automatic,First,14.16,1968.0,174.3,5.0,3182000.0
Maruti Baleno Delta 1.3,Kisumu,2017,20000,Diesel,Manual,First,27.39,1248.0,74.0,5.0,1258000.0
Volkswagen Polo Petrol Comfortline 1.2L,Nairobi,2013,75000,Petrol,Manual,First,16.47,1198.0,73.9,5.0,481000.0
Mitsubishi Pajero Sport 4X4 At,Naivasha,2019,11827,Diesel,Automatic,First,13.5,2477.0,175.56,6.0,4012280.0
Maruti Ciaz Vxi Plus,Nairobi,2015,51579,Petrol,Manual,First,20.73,1373.0,91.1,5.0,880600.0
Renault Duster 85Ps Diesel Rxl Option,Mombasa,2015,65178,Diesel,Manual,First,19.87,1461.0,83.8,5.0,1004920.0
Hyundai Eon D Lite Plus Option,Nairobi,2016,25350,Petrol,Manual,First,21.1,814.0,55.2,5.0,377399.99999999994
Honda Cr-V 2.4 Mt,Eldoret,2008,92000,Petrol,Manual,Second,10.8,2354.0,152.0,5.0,547600.0
Hyundai Verna 1.6 Sx Vtvt,Nakuru,2014,45000,Petrol,Manual,Second,17.01,1591.0,121.3,5.0,999000.0
Toyota Corolla Altis Js Mt,Kisumu,2015,46000,Petrol,Manual,First,14.28,1798.0,138.03,5.0,1028600.0
Maruti Sx4 Zxi Mt Bsiv,Mombasa,2011,79940,Petrol,Manual,First,15.5,1586.0,103.3,5.0,411440.0
Volkswagen Polo Petrol Comfortline 1.2L,Naivasha,2016,28851,Petrol,Manual,First,16.47,1198.0,73.9,5.0,914640.0
Audi Q5 30 Tdi Quattro Premium Plus,Nakuru,2015,63000,Diesel,Automatic,First,14.16,1968.0,174.3,5.0,5328000.0
Honda City 1.5 V Mt,Naivasha,2012,77283,Petrol,Manual,First,17.0,1497.0,118.0,5.0,859880.0
Maruti Wagon R Vxi,Eldoret,2014,38958,Petrol,Manual,First,22.5,998.0,67.04,5.0,504680.0
Mitsubishi Pajero Sport 4X4 At,Nakuru,2018,8900,Diesel,Automatic,First,13.5,2477.0,175.56,6.0,3922000.0
Skoda Octavia Elegance 1.8 Tsi At,Kisumu,2015,38000,Petrol,Automatic,First,14.7,1798.0,177.5,5.0,2368000.0
Hyundai Creta 1.6 Crdi Sx Option,Mombasa,2017,44887,Diesel,Manual,First,19.67,1582.0,126.2,5.0,1795240.0
Maruti Alto Lxi Bsiii,Kisumu,2009,85000,Petrol,Manual,Second,19.7,796.0,46.3,5.0,266400.0
Honda City V Mt,Eldoret,2013,100000,Petrol,Manual,First,16.8,1497.0,116.3,5.0,925000.0
Datsun Redi-Go S,Mombasa,2016,26239,Petrol,Manual,First,22.7,799.0,53.0,5.0,407000.0
Skoda Yeti Ambition 4Wd,Eldoret,2011,97000,Diesel,Manual,First,17.67,1968.0,138.08,5.0,888000.0
Mercedes-Benz B Class B180,Nairobi,2013,28000,Petrol,Automatic,First,14.8,1595.0,120.7,5.0,1710880.0
Volkswagen Polo Gt Tsi,Nairobi,2014,20364,Petrol,Automatic,Second,17.21,1197.0,103.6,5.0,769600.0
Ford Ecosport 1.5 Tdci Titanium,Naivasha,2014,64637,Diesel,Manual,First,22.77,1498.0,98.59,5.0,1112960.0
Hyundai Creta 1.6 Sx Plus Dual Tone Petrol,Naivasha,2017,15731,Petrol,Manual,First,15.29,1591.0,121.3,5.0,1848520.0
Toyota Fortuner 2.8 2Wd Mt,Naivasha,2019,56251,Diesel,Manual,First,14.24,2755.0,174.5,7.0,5301360.0
Maruti Swift Dzire Zxi,Mombasa,2017,28000,Petrol,Manual,First,20.85,1197.0,83.14,5.0,925000.0
Hyundai I20 1.2 Asta With Avn,Naivasha,2015,20045,Petrol,Manual,First,17.0,1197.0,80.0,5.0,920560.0
Honda Br-V I-Vtec S Mt,Nakuru,2016,34004,Petrol,Manual,First,15.4,1497.0,117.3,7.0,1186960.0
Maruti Celerio Zxi,Nairobi,2014,21000,Petrol,Manual,First,23.1,998.0,67.04,5.0,555000.0
Mercedes-Benz E-Class 2009-2013 E350 Petrol,Nairobi,2009,68001,Petrol,Automatic,Second,10.93,3498.0,272.0,5.0,1739000.0
Hyundai I10 Magna 1.2 Itech Se,Kisumu,2012,31000,Petrol,Manual,First,20.36,1197.0,78.9,5.0,333000.0
Toyota Etios Liva V,Nairobi,2013,8950,Petrol,Manual,First,17.71,1197.0,78.9,5.0,525400.0
Mercedes-Benz E-Class 2015-2017 E250 Edition E,Naivasha,2017,43477,Diesel,Automatic,First,15.0,2143.0,204.0,5.0,5646200.0
Hyundai Eon D Lite Plus,Thika,2015,20000,Petrol,Manual,First,21.1,814.0,55.2,5.0,393680.0
Maruti Wagon R Cng Lxi,Nairobi,2014,47200,Cng,Manual,First,33.54,998.0,67.04,5.0,421800.0
Honda City 1.5 S Mt,Nakuru,2011,60000,Petrol,Manual,First,17.0,1497.0,118.0,5.0,732600.0
Mercedes-Benz S-Class 280 At,Mombasa,2003,111000,Petrol,Automatic,First,13.0,2987.0,210.0,5.0,962000.0
Tata Indigo Cs Evx,Eldoret,2016,52000,Diesel,Manual,Second,25.0,1396.0,69.01,5.0,355200.0
Hyundai Creta 1.6 Vtvt S,Eldoret,2016,26000,Petrol,Manual,First,15.29,1591.0,121.3,5.0,1850000.0
Maruti Wagon R Lxi Bs Iv,Eldoret,2013,32425,Petrol,Manual,First,20.51,998.0,67.04,5.0,444000.0
Maruti Dzire Vdi,Mombasa,2017,54758,Diesel,Manual,First,28.4,1248.0,73.75,5.0,987160.0
Ford Ikon 1.3 Flair,Naivasha,2008,59833,Petrol,Manual,Fourth & Above,13.8,1299.0,70.0,5.0,291560.0
Volkswagen Polo Petrol Comfortline 1.2L,Kisumu,2013,30000,Petrol,Manual,First,16.47,1198.0,73.9,5.0,414400.0
Hyundai I10 Magna 1.2,Nyeri,2011,40496,Petrol,Manual,First,20.36,1197.0,78.9,5.0,392200.0
Chevrolet Enjoy 1.3 Tcdi Ltz 8,Mombasa,2014,45000,Diesel,Manual,First,18.2,1248.0,73.74,8.0,703000.0
Land Rover Range Rover 3.0 D,Nairobi,2003,75000,Diesel,Automatic,Second,0.0,1493.0,97.7,5.0,2384280.0
Mercedes-Benz E-Class 200 Kompressor Elegance,Nakuru,2011,34000,Petrol,Automatic,Second,10.5,1796.0,157.7,5.0,2812000.0
Maruti Swift Vdi Bsiii,Nakuru,2012,62000,Diesel,Manual,First,17.8,1248.0,75.0,5.0,666000.0
Mahindra Xuv500 W8 4Wd,Kisumu,2012,123600,Diesel,Manual,First,15.1,2179.0,140.0,7.0,1221000.0
Toyota Etios Liva G,Eldoret,2014,80102,Petrol,Manual,First,17.71,1197.0,78.9,5.0,518000.0
Mahindra Xuv500 W8 4Wd,Eldoret,2013,55000,Diesel,Manual,First,15.1,2179.0,140.0,7.0,1258000.0
Hyundai Creta 1.6 Vtvt S,Kisumu,2015,48200,Petrol,Manual,First,15.29,1591.0,121.3,5.0,1332000.0
Honda City I Dtec Sv,Kisumu,2014,90000,Diesel,Manual,First,26.0,1498.0,98.6,5.0,999000.0
Maruti Swift Dzire Vdi,Kisumu,2014,123900,Diesel,Manual,First,19.3,1248.0,73.9,5.0,799200.0
Maruti Wagon R Lxi Bs Iv,Nairobi,2015,13008,Petrol,Manual,First,20.51,998.0,67.04,5.0,518000.0
Hyundai Eon Era Plus,Kisumu,2012,60500,Petrol,Manual,First,21.1,814.0,55.2,5.0,384800.0
Toyota Innova Crysta 2.8 Zx At,Nakuru,2017,53841,Diesel,Automatic,First,11.36,2755.0,171.5,7.0,3034000.0
Hyundai Creta 1.6 Sx Option,Mombasa,2017,47183,Petrol,Manual,Second,15.8,1591.0,121.3,5.0,1673880.0
Maruti Wagon R Vxi Plus,Kisumu,2018,10000,Petrol,Manual,First,20.51,998.0,67.04,5.0,666000.0
Mercedes-Benz Gl-Class 350 Cdi Blue Efficiency,Mombasa,2015,45000,Diesel,Automatic,First,11.3,2987.0,254.8,7.0,8288000.0
Maruti Celerio Vxi,Mombasa,2017,3923,Petrol,Manual,First,23.1,998.0,67.04,5.0,769600.0
Mahindra Scorpio Sle Bsiv,Nairobi,2011,85000,Diesel,Manual,First,12.05,2179.0,120.0,8.0,777000.0
Datsun Redi-Go T Option,Mombasa,2018,6279,Petrol,Manual,First,22.7,799.0,53.64,5.0,532800.0
Fiat Grande Punto Evo 1.3 Active,Eldoret,2014,74500,Diesel,Manual,First,21.2,1248.0,75.0,5.0,488400.0
Hyundai Elantra Crdi Sx,Kisumu,2013,42000,Diesel,Manual,First,22.7,1582.0,126.24,5.0,865800.0
Maruti Swift Dzire Lxi,Nairobi,2014,56510,Petrol,Manual,First,19.1,1197.0,85.8,5.0,577200.0
Audi A4 2.0 Tdi Multitronic,Nairobi,2009,88000,Diesel,Automatic,First,16.55,1968.0,140.0,5.0,1181040.0
Honda Brio Vx At,Nairobi,2014,36631,Petrol,Automatic,First,16.5,1198.0,86.8,5.0,636400.0
Maruti Wagon R Lxi Bs Iv,Kisumu,2011,34000,Petrol,Manual,First,18.9,998.0,67.1,5.0,333000.0
Hyundai I10 Magna 1.1,Thika,2013,49000,Petrol,Manual,First,19.81,1086.0,68.05,5.0,473600.0
Hyundai Verna 1.6 Sx,Kisumu,2012,65254,Diesel,Manual,First,22.32,1582.0,126.32,5.0,969400.0
Hyundai Verna 1.6 Sx,Nakuru,2014,95000,Diesel,Manual,Second,22.32,1582.0,126.32,5.0,1021200.0
Maruti Ritz Vdi,Mombasa,2009,83000,Diesel,Manual,First,23.2,1248.0,73.94,5.0,436600.0
Hyundai Creta 1.6 Sx Option Diesel,Naivasha,2017,101065,Diesel,Manual,First,20.5,1582.0,126.2,5.0,1694600.0
Maruti Baleno Delta,Mombasa,2017,15134,Petrol,Manual,First,21.4,1197.0,83.1,5.0,942760.0
Hyundai Verna 1.6 Crdi,Nyeri,2011,72000,Diesel,Manual,First,22.32,1582.0,126.3,5.0,740000.0
Tata Indica Vista Quadrajet Vx,Mombasa,2012,120000,Diesel,Manual,Second,22.3,1248.0,74.0,5.0,384800.0
Hyundai I20 1.2 Magna,Kisumu,2010,45000,Petrol,Manual,First,18.5,1197.0,80.0,5.0,281200.0
Porsche Panamera Diesel,Mombasa,2015,54996,Diesel,Automatic,First,17.85,2967.0,300.0,4.0,9020600.0
Maruti Eeco Smiles 5 Seater Ac,Naivasha,2017,22874,Petrol,Manual,First,15.1,1196.0,73.0,5.0,657120.0000000001
Bmw 3 Series 320D Sport,Mombasa,2012,58000,Diesel,Automatic,Second,22.69,1995.0,190.0,5.0,2264400.0
Maruti Ertiga Vdi,Mombasa,2016,86000,Diesel,Manual,Second,25.47,1248.0,88.5,7.0,1213599.9999999998
Hyundai Xcent 1.2 Kappa At S Option,Thika,2014,69000,Petrol,Automatic,First,16.9,1197.0,81.86,5.0,777000.0
Volkswagen Vento 1.2 Tsi Highline At,Eldoret,2016,55001,Petrol,Automatic,Second,16.93,1197.0,103.2,5.0,1258000.0
Audi Q3 35 Tdi Quattro Premium,Mombasa,2015,28000,Diesel,Automatic,First,15.73,1968.0,174.33,5.0,3515000.0
Hyundai I10 Magna 1.1,Nairobi,2013,53213,Petrol,Manual,First,19.81,1086.0,68.05,5.0,405520.0
Volkswagen Jetta 2013-2015 2.0L Tdi Highline At,Naivasha,2016,44340,Diesel,Automatic,First,16.96,1968.0,138.03,5.0,2046840.0
Maruti Baleno Rs 1.0 Petrol,Nairobi,2017,16900,Petrol,Manual,First,21.1,998.0,100.0,5.0,1034520.0
Hyundai I10 Era,Nyeri,2009,57000,Petrol,Manual,First,19.81,1086.0,68.05,5.0,333000.0
Toyota Innova 2.5 G4 Diesel 8-Seater,Kisumu,2013,83165,Diesel,Manual,First,12.8,2494.0,102.0,8.0,1700520.0
Chevrolet Beat Lt,Naivasha,2012,24735,Petrol,Manual,Second,18.6,1199.0,79.4,5.0,424760.0
Toyota Innova 2.5 G3,Kisumu,2005,65175,Diesel,Manual,First,12.8,2494.0,102.0,8.0,481000.0
Honda Accord 2.4 Inspire M/T,Eldoret,2009,60000,Petrol,Manual,Second,9.8,2354.0,180.0,5.0,518000.0
Mahindra Kuv 100 Mfalcon D75 K4 Plus,Mombasa,2017,60357,Diesel,Manual,First,25.32,1198.0,77.0,6.0,664520.0
Volkswagen Polo Diesel Trendline 1.2L,Nyeri,2011,77000,Diesel,Manual,First,22.07,1199.0,73.9,5.0,429200.0
Toyota Innova 2.0 Gx 8 Str,Naivasha,2014,85301,Petrol,Manual,First,12.4,1998.0,132.0,8.0,1829280.0
Mahindra Scorpio Vlx At Airbag Bsiv,Nairobi,2011,50000,Diesel,Automatic,First,11.79,2179.0,120.0,8.0,888000.0
Bmw 7 Series 730Ld Sedan,Mombasa,2010,58000,Diesel,Automatic,First,16.46,2993.0,258.0,5.0,4588000.0
Honda City I-Dtec Sv,Kisumu,2015,39000,Diesel,Manual,First,25.6,1498.0,98.6,5.0,812520.0
Volkswagen Polo Diesel Comfortline 1.2L,Naivasha,2015,46190,Diesel,Manual,First,22.07,1199.0,73.9,5.0,867280.0
Mahindra Xuv500 W8 2Wd,Nairobi,2015,83000,Diesel,Manual,First,16.0,2179.0,140.0,7.0,1332000.0
Volkswagen Vento 1.6 Highline,Nyeri,2016,33000,Petrol,Manual,First,16.09,1598.0,103.5,5.0,1139600.0
Honda City I Vtec V,Naivasha,2017,27279,Petrol,Manual,First,17.4,1497.0,117.3,5.0,1401560.0000000002
Audi Q5 2.0 Tdi Premium Plus,Nakuru,2014,53900,Diesel,Automatic,First,14.16,1968.0,174.3,5.0,4292000.0
Honda City 1.5 V At Exclusive,Mombasa,2012,63998,Petrol,Automatic,First,17.0,1497.0,118.0,5.0,802160.0
Maruti Swift Vxi Bsiv,Naivasha,2016,57932,Petrol,Manual,First,20.4,1197.0,81.8,5.0,945720.0
Maruti Alto 800 Lxi,Nyeri,2015,25000,Petrol,Manual,First,22.74,796.0,47.3,5.0,407000.0
Ford Figo Diesel Titanium,Mombasa,2011,169000,Diesel,Manual,First,20.0,1399.0,68.0,5.0,370000.0
Hyundai Santro Xing Gl Plus,Nairobi,2012,53000,Petrol,Manual,First,17.92,1086.0,62.1,5.0,347800.0
Maruti Wagon R Vxi,Naivasha,2015,43053,Petrol,Manual,First,18.9,998.0,67.1,5.0,688200.0000000001
Honda City I Dtec Sv,Thika,2014,75000,Diesel,Manual,First,26.0,1498.0,98.6,5.0,888000.0
Honda City V Mt Avn,Eldoret,2012,89000,Petrol,Manual,Second,16.8,1497.0,116.3,5.0,518000.0
Honda City I Dtec Vx,Kisumu,2014,75578,Diesel,Manual,First,25.1,1498.0,98.6,5.0,1036000.0
Hyundai Verna Vtvt 1.6 Sx,Nakuru,2014,46676,Petrol,Manual,First,17.0,1591.0,121.3,5.0,1147000.0
Maruti Alto K10 Lxi,Mombasa,2014,51349,Petrol,Manual,First,24.07,998.0,67.1,5.0,433640.0
Mercedes-Benz E-Class 2009-2013 E250 Cdi Avantgarde,Kisumu,2014,34233,Diesel,Automatic,First,14.21,2143.0,203.0,5.0,3330000.0
Bmw X6 Xdrive30D,Naivasha,2014,39626,Diesel,Automatic,First,11.2,2993.0,241.0,4.0,6017679.999999999
Maruti Wagon R Lxi Bsiii,Eldoret,2008,82500,Petrol,Manual,First,14.0,1061.0,64.0,5.0,259000.0
Renault Duster Rxz Awd,Kisumu,2015,63000,Diesel,Manual,Second,19.72,1461.0,108.45,5.0,1213599.9999999998
Mahindra Scorpio Vlx 2.2 Mhawk Airbag Bsiv,Nairobi,2011,77001,Diesel,Manual,First,12.05,2179.0,120.0,8.0,664520.0
Ford Endeavour 3.2 Trend At 4X4,Mombasa,2016,43000,Diesel,Automatic,First,10.91,3198.0,197.2,7.0,3922000.0
Maruti Zen Estilo Lxi Bs Iv,Kisumu,2011,61111,Petrol,Manual,First,19.0,998.0,67.1,5.0,384800.0
Hyundai Santro Xing Xg,Nakuru,2005,79000,Petrol,Manual,Second,17.0,1493.0,97.7,5.0,244200.0
Hyundai I10 Asta,Kisumu,2011,43000,Petrol,Manual,First,20.36,1197.0,78.9,5.0,368520.00000000006
Honda Brio Vx At,Kisumu,2013,47000,Petrol,Automatic,First,16.5,1198.0,86.8,5.0,799200.0
Maruti Wagon R Amt Vxi,Nyeri,2017,34000,Petrol,Automatic,First,20.51,998.0,67.0,5.0,643799.9999999999
Audi Q3 30 Tdi Premium Fwd,Naivasha,2018,22060,Diesel,Automatic,First,18.51,1968.0,147.51,5.0,4844039.999999999
Mercedes-Benz M-Class Ml 350 4Matic,Mombasa,2012,63000,Diesel,Automatic,First,0.0,2987.0,165.0,5.0,3848000.0
Maruti Wagon R Lxi,Nyeri,2011,80000,Petrol,Manual,First,18.9,998.0,67.1,5.0,370000.0
Audi A4 35 Tdi Premium Plus,Mombasa,2015,13506,Diesel,Automatic,First,18.25,1968.0,187.74,5.0,3205680.0
Renault Kwid Rxt Optional,Nairobi,2016,16000,Petrol,Manual,First,25.17,799.0,53.3,5.0,442520.0
Maruti Alto 800 2016-2019 Vxi,Kisumu,2016,31006,Petrol,Manual,First,24.7,796.0,47.3,5.0,386280.0
Toyota Innova 2.5 Gx (Diesel) 8 Seater,Nairobi,2013,91200,Diesel,Manual,First,12.99,2494.0,100.0,8.0,1221000.0
Toyota Corolla Altis 2008-2013 1.8 Vl At,Eldoret,2015,43000,Petrol,Automatic,First,14.53,1794.0,138.1,5.0,1850000.0
Ford Figo 2015-2019 1.5D Titanium Plus Mt,Kisumu,2015,45000,Diesel,Manual,First,25.83,1498.0,99.0,5.0,814000.0
Honda Brio S Mt,Naivasha,2014,28637,Petrol,Manual,First,19.4,1198.0,86.8,5.0,818440.0
Ford Ikon 1.6 Zxi Nxt,Eldoret,2004,69870,Petrol,Manual,Second,14.2,1597.0,92.0,5.0,162800.00000000003
Mahindra Scorpio 2009-2014 Lx 2Wd 7S,Nairobi,2014,84000,Diesel,Manual,First,12.05,2179.0,120.0,7.0,1013800.0
Mercedes-Benz S-Class 320 L,Naivasha,2007,84143,Petrol,Manual,First,13.0,2987.0,210.0,5.0,2529320.0
Mahindra Scorpio Sle Bsiv,Nairobi,2012,77000,Diesel,Manual,Second,12.05,2179.0,120.0,8.0,729640.0
Land Rover Freelander 2 Se,Thika,2012,75000,Diesel,Automatic,Second,12.39,2179.0,147.51,5.0,2590000.0
Chevrolet Beat Ls,Nairobi,2011,76155,Petrol,Manual,First,18.6,1199.0,79.4,5.0,288600.0
Maruti Swift Zdi,Nakuru,2014,98000,Diesel,Manual,First,22.9,1248.0,74.0,5.0,902800.0
Toyota Corolla H2,Nairobi,2008,48233,Petrol,Manual,Second,13.4,1794.0,125.0,5.0,266400.0
Audi Q5 3.0 Tdi Quattro,Nakuru,2015,63000,Diesel,Automatic,First,13.22,2967.0,241.4,5.0,5106000.0
Hyundai Eon Era Plus,Naivasha,2015,34063,Petrol,Manual,First,21.1,814.0,55.2,5.0,593480.0
Honda Amaze S Petrol,Kisumu,2013,32576,Petrol,Manual,First,19.5,1199.0,88.76,5.0,466200.0
Ford Figo Aspire 1.5 Ti-Vct Titanium,Nairobi,2015,28843,Petrol,Automatic,First,17.01,1499.0,110.5,5.0,812520.0
Renault Duster 110Ps Diesel Rxl Amt,Nakuru,2016,26000,Diesel,Automatic,Second,19.6,1461.0,108.45,5.0,1480000.0
Honda City V At,Kisumu,2013,39000,Petrol,Automatic,First,15.6,1497.0,116.3,5.0,673400.0
Maruti Alto Lxi,Nairobi,2010,66000,Petrol,Manual,First,19.7,796.0,46.3,5.0,222000.0
Hyundai I10 Magna 1.2,Kisumu,2011,38002,Petrol,Manual,First,20.36,1197.0,78.9,5.0,318200.0
Chevrolet Spark 1.0 Ls,Mombasa,2010,49000,Petrol,Manual,Second,18.0,995.0,62.0,5.0,207200.0
Skoda Rapid 1.5 Tdi Ambition Plus,Nakuru,2014,52000,Diesel,Manual,First,21.14,1498.0,103.6,5.0,917600.0
Audi A6 2011-2015 2.0 Tdi Premium Plus,Nairobi,2013,56500,Diesel,Automatic,First,17.68,1968.0,174.33,5.0,2930400.0
Honda Jazz 1.2 V I Vtec,Nairobi,2015,20568,Petrol,Manual,First,18.7,1199.0,88.7,5.0,828800.0
Hyundai Creta 1.6 Sx Plus Dual Tone Petrol,Nairobi,2015,26000,Petrol,Manual,First,15.29,1591.0,121.3,5.0,1406000.0
Chevrolet Beat Ls,Nairobi,2012,56000,Petrol,Manual,First,18.6,1199.0,79.4,5.0,327080.0
Datsun Redi-Go T Option,Naivasha,2017,27509,Petrol,Manual,First,22.7,799.0,53.64,5.0,489880.0
Hyundai Xcent 1.2 Kappa S Option,Mombasa,2016,36216,Petrol,Manual,First,19.1,1197.0,81.86,5.0,805120.0
Mercedes-Benz E-Class 230 E At,Kisumu,2009,28888,Petrol,Automatic,First,10.0,2496.0,157.7,5.0,1118880.0
Maruti Swift Zdi,Nyeri,2011,120000,Diesel,Manual,Second,22.9,1248.0,74.0,5.0,473600.0
Maruti Celerio Zxi,Mombasa,2018,31396,Petrol,Manual,First,23.1,998.0,67.04,5.0,818440.0
Skoda Octavia Elegance 2.0 Tdi At,Kisumu,2015,79000,Diesel,Automatic,First,19.3,1968.0,141.0,5.0,2516000.0
Honda City 1.5 V At,Nairobi,2010,62000,Petrol,Automatic,First,16.8,1497.0,118.0,5.0,525400.0
Honda Accord V6 At,Mombasa,2006,120000,Petrol,Automatic,Second,9.0,2997.0,218.0,5.0,392200.0
Skoda Superb Style 1.8 Tsi At,Nairobi,2016,53000,Petrol,Automatic,First,14.67,1798.0,177.46,5.0,2641800.0000000005
Toyota Innova 2.5 G (Diesel) 8 Seater,Naivasha,2010,124313,Diesel,Manual,First,12.99,2494.0,100.6,8.0,1178080.0
Maruti Celerio Vxi At,Eldoret,2015,26725,Petrol,Automatic,First,23.1,998.0,67.04,5.0,629000.0
Maruti Ertiga Vdi,Kisumu,2014,45617,Diesel,Manual,First,20.77,1248.0,88.76,7.0,865800.0
Mercedes-Benz A Class A180 Cdi,Nairobi,2013,37000,Diesel,Automatic,First,20.0,2143.0,107.3,5.0,1924000.0
Mahindra Xylo E2,Mombasa,2010,109147,Diesel,Manual,First,14.0,2498.0,112.0,8.0,392200.0
Honda Amaze E I-Dtech,Thika,2014,59000,Diesel,Manual,First,25.8,1498.0,98.6,5.0,703000.0
Renault Kwid Rxt,Eldoret,2015,28000,Petrol,Manual,First,25.17,799.0,53.3,5.0,392200.0
Renault Kwid Rxt,Eldoret,2017,4700,Petrol,Manual,First,25.17,799.0,53.3,5.0,444000.0
Audi Q7 3.0 Tdi Quattro Premium Plus,Naivasha,2014,72469,Diesel,Automatic,First,12.07,2967.0,241.4,7.0,4812960.000000001
Hyundai Verna 1.6 Sx Crdi (O) At,Eldoret,2014,57539,Diesel,Automatic,First,22.32,1582.0,126.32,5.0,1147000.0
Toyota Innova Crysta 2.8 Zx At,Nairobi,2016,42000,Diesel,Automatic,First,11.36,2755.0,171.5,7.0,2900800.0000000005
Hyundai I20 Sportz Option,Nairobi,2010,62489,Petrol,Manual,First,17.0,1197.0,80.0,5.0,384800.0
Volkswagen Polo Petrol Comfortline 1.2L,Nairobi,2013,51167,Petrol,Manual,First,16.47,1198.0,73.9,5.0,556480.0
Volkswagen Vento Diesel Trendline,Mombasa,2012,130000,Diesel,Manual,First,20.54,1598.0,103.6,5.0,703000.0
Honda City Zx Gxi,Nairobi,2007,63000,Petrol,Manual,Second,17.7,1497.0,78.0,5.0,259000.0
Hyundai Verna Transform Xxi Abs,Nakuru,2011,60000,Petrol,Manual,First,16.2,1599.0,103.2,5.0,584600.0
Hyundai Accent Gle,Eldoret,2005,123200,Petrol,Manual,Second,13.2,1495.0,94.0,5.0,148000.0
Skoda Laura Ambiente 2.0 Tdi Cr At,Nyeri,2011,115692,Diesel,Automatic,First,20.0,1968.0,138.1,5.0,666000.0
Mercedes-Benz E-Class 2009-2013 E 250 Elegance,Naivasha,2011,87073,Petrol,Automatic,First,10.93,2497.0,204.0,5.0,2550040.0
Hyundai I20 Sportz 1.2,Mombasa,2015,40901,Petrol,Manual,First,18.6,1197.0,81.83,5.0,852480.0
Hyundai I10 Magna 1.2,Naivasha,2013,36264,Petrol,Manual,First,20.36,1197.0,78.9,5.0,639360.0
Hyundai I10 Magna 1.1L,Nairobi,2009,60000,Petrol,Manual,Second,19.81,1086.0,68.05,5.0,281200.0
Volkswagen Ameo 1.2 Mpi Anniversary Edition,Eldoret,2018,20000,Petrol,Manual,First,17.0,1198.0,74.0,5.0,814000.0
Toyota Camry 2.5 G,Nairobi,2014,68400,Petrol,Automatic,First,12.98,2494.0,178.4,5.0,1998000.0
Mahindra Xuv500 W8 2Wd,Nakuru,2013,71231,Diesel,Manual,Second,16.0,2179.0,140.0,7.0,1443000.0
Skoda Superb Elegance 2.0 Tdi Cr At,Kisumu,2011,75000,Diesel,Automatic,First,17.2,1968.0,138.1,5.0,1397120.0
Maruti Wagon R Vxi Amt,Nairobi,2018,1997,Petrol,Automatic,First,22.5,998.0,67.0,5.0,658600.0
Maruti Vitara Brezza Zdi Plus Dual Tone,Eldoret,2016,47300,Diesel,Manual,First,24.3,1248.0,88.5,5.0,1309800.0
Hyundai Santro Xing Gl,Nairobi,2012,61449,Petrol,Manual,First,0.0,1086.0,62.0,5.0,318200.0
Volkswagen Vento Diesel Comfortline,Mombasa,2013,47910,Diesel,Manual,First,20.54,1598.0,103.6,5.0,723719.9999999999
Volkswagen Polo 1.5 Tdi Highline,Kisumu,2015,62000,Diesel,Manual,First,20.14,1498.0,88.8,5.0,925000.0
Maruti Swift Zdi,Mombasa,2012,65060,Diesel,Manual,First,22.9,1248.0,74.0,5.0,710400.0
Hyundai I10 Era 1.1,Nyeri,2008,82203,Petrol,Manual,First,19.81,1086.0,68.05,5.0,266400.0
Mahindra Xuv500 W8 2Wd,Kisumu,2013,44000,Diesel,Manual,First,16.0,2179.0,140.0,7.0,1073000.0
Maruti Ertiga Vdi,Naivasha,2014,53817,Diesel,Manual,First,25.47,1248.0,88.5,7.0,1118880.0
Mahindra Xuv500 W8 2Wd,Mombasa,2013,61591,Diesel,Manual,First,16.0,2179.0,140.0,7.0,1009360.0
Tata Manza Aura Quadrajet Bs Iv,Nyeri,2011,86500,Diesel,Manual,Second,21.12,1248.0,88.8,5.0,266400.0
Mercedes-Benz E-Class 280 Cdi,Eldoret,2009,100000,Diesel,Automatic,First,11.0,2987.0,198.5,5.0,1702000.0
Maruti Sx4 Zxi With Leather Bsiii,Mombasa,2010,87000,Petrol,Manual,First,15.6,1586.0,104.68,5.0,414400.0
Maruti Wagon R Amt Vxi,Kisumu,2016,35000,Petrol,Automatic,First,20.51,998.0,67.0,5.0,814000.0
Datsun Go Nxt,Kisumu,2016,6000,Petrol,Manual,First,20.63,1198.0,67.06,5.0,399600.0
Ford Figo Diesel Zxi,Nyeri,2014,59327,Diesel,Manual,First,20.0,1399.0,68.0,5.0,481000.0
Skoda Superb Elegance 2.0 Tdi Cr At,Naivasha,2014,81001,Diesel,Automatic,First,17.2,1968.0,138.1,5.0,1613200.0
Hyundai I20 1.2 Magna,Mombasa,2014,44612,Petrol,Manual,First,18.5,1197.0,80.0,5.0,602360.0
Toyota Innova Crysta 2.8 Zx At,Thika,2016,42388,Diesel,Automatic,First,11.36,2755.0,171.5,7.0,2664000.0
Honda Brio V Mt,Nairobi,2012,54000,Petrol,Manual,First,19.4,1198.0,86.8,5.0,436600.0
Skoda Superb Elegance 2.0 Tdi Cr At,Nairobi,2011,83010,Diesel,Automatic,First,17.2,1968.0,138.1,5.0,1110000.0
Mercedes-Benz E-Class 2015-2017 E250 Cdi Avantgarde,Naivasha,2016,65405,Diesel,Automatic,First,13.0,2143.0,204.0,5.0,4844039.999999999
Toyota Fortuner 4X2 At Trd Sportivo,Nairobi,2015,36000,Diesel,Automatic,Second,12.55,2982.0,168.7,7.0,3182000.0
Maruti Sx4 Zxi Mt Bsiv,Eldoret,2008,85000,Petrol,Manual,First,16.51,1586.0,103.2,5.0,370000.0
Honda Jazz 1.5 V I Dtec,Thika,2016,35000,Diesel,Manual,First,27.3,1498.0,98.6,5.0,814000.0
Toyota Corolla Altis 2008-2013 1.8 Vl At,Nairobi,2012,54000,Petrol,Automatic,First,14.53,1794.0,138.1,5.0,1110000.0
Honda City Zx Vtec,Nairobi,2007,70000,Petrol,Manual,First,16.9,1497.0,100.0,5.0,229400.0
Bmw X1 Xdrive 20D M Sport,Kisumu,2017,27001,Diesel,Automatic,First,20.68,1995.0,190.0,5.0,4292000.0
Maruti Swift Ddis Vdi,Naivasha,2019,41075,Diesel,Manual,First,28.4,1248.0,74.0,5.0,1243200.0
Mahindra Kuv 100 Mfalcon D75 K8,Kisumu,2016,26000,Diesel,Manual,First,25.32,1198.0,77.0,6.0,962000.0
Honda Jazz Mode,Nairobi,2010,55000,Petrol,Manual,First,16.0,1198.0,90.0,5.0,347800.0
Maruti Swift Zxi,Nairobi,2016,19000,Petrol,Manual,First,20.4,1197.0,81.8,5.0,821400.0
Hyundai Grand I10 Asta Option At,Nairobi,2016,15000,Petrol,Automatic,First,18.9,1197.0,82.0,5.0,791800.0
Honda Amaze Sx I-Vtec,Mombasa,2016,37000,Petrol,Manual,First,17.8,1198.0,86.7,5.0,777000.0
Hyundai Grand I10 1.2 Kappa Sportz,Naivasha,2017,38712,Petrol,Manual,First,18.9,1197.0,81.86,5.0,868760.0
Volkswagen Vento Diesel Comfortline,Mombasa,2014,52400,Diesel,Manual,First,20.54,1598.0,103.6,5.0,793280.0
Maruti Ciaz 1.3 S,Nakuru,2016,23988,Diesel,Manual,First,28.09,1248.0,88.5,5.0,1147000.0
Volkswagen Vento Petrol Highline At,Mombasa,2014,32283,Petrol,Automatic,Second,14.4,1598.0,103.6,5.0,800680.0
Hyundai I20 1.2 Magna,Nakuru,2010,52000,Petrol,Manual,First,18.5,1197.0,80.0,5.0,540200.0
Honda Brio Vx At,Eldoret,2016,32000,Petrol,Automatic,First,16.5,1198.0,86.8,5.0,777000.0
Honda City I Vtec Vx,Kisumu,2014,39000,Petrol,Manual,First,17.4,1497.0,117.3,5.0,925000.0
Tata Nano Xt,Naivasha,2017,14149,Petrol,Manual,First,23.9,624.0,37.48,4.0,513560.0
Mercedes-Benz S Class 2005 2013 S 350 L,Nairobi,2006,103000,Petrol,Automatic,First,10.13,3498.0,364.9,5.0,1309800.0
Maruti Wagon R Lxi Bsiii,Eldoret,2004,82000,Petrol,Manual,First,14.0,1061.0,64.0,5.0,125800.0
Skoda Superb Elegance 1.8 Tsi At,Nairobi,2015,34000,Petrol,Automatic,First,13.7,1798.0,157.75,5.0,2020200.0
Audi Q7 35 Tdi Quattro Technology,Naivasha,2016,45180,Diesel,Automatic,First,12.07,2967.0,241.4,7.0,7432560.0
Maruti Swift Zxi Plus,Thika,2018,2000,Petrol,Manual,First,22.0,1197.0,81.8,5.0,1147000.0
Toyota Innova 2.5 G4 Diesel 7-Seater,Naivasha,2011,82321,Diesel,Manual,First,12.8,2494.0,102.0,7.0,1487400.0000000002
Bmw 3 Series 320I Sedan,Kisumu,2011,7000,Petrol,Automatic,First,12.05,1995.0,154.0,5.0,1443000.0
Mercedes-Benz Gla Class 200 Cdi Sport,Nairobi,2015,27000,Diesel,Automatic,First,17.9,2143.0,136.0,5.0,3404000.0
Toyota Innova Crysta 2.4 Vx Mt 8S,Naivasha,2019,31271,Diesel,Manual,First,13.68,2393.0,147.8,8.0,3170160.0
Maruti Esteem Lx Bsii,Nyeri,2003,55000,Petrol,Manual,Third,15.9,1298.0,97.7,5.0,103600.0
Maruti Swift Vdi Bsiv,Nairobi,2014,24000,Diesel,Manual,First,25.2,1248.0,74.0,5.0,771080.0
Toyota Innova 2.5 Gx (Diesel) 7 Seater,Kisumu,2009,147000,Diesel,Manual,First,12.99,2494.0,100.6,7.0,1110000.0
Toyota Etios Liva Gd,Nairobi,2012,72351,Diesel,Manual,First,23.59,1364.0,97.7,5.0,392200.0
Chevrolet Beat Lt,Mombasa,2010,115000,Petrol,Manual,First,18.6,1199.0,79.4,5.0,259000.0
Ford Ikon 1.4 Tdci Duratorq,Nyeri,2010,82000,Diesel,Manual,Second,13.8,1399.0,68.0,5.0,148000.0
Mercedes-Benz New C-Class C 220 Cdi Avantgarde,Nairobi,2016,20000,Diesel,Automatic,First,19.27,2143.0,170.0,5.0,4884000.0
Toyota Etios G,Kisumu,2011,45560,Petrol,Manual,First,17.6,1496.0,88.73,5.0,325600.00000000006
Toyota Innova 2.5 Gx (Diesel) 7 Seater Bs Iv,Mombasa,2017,57539,Diesel,Manual,First,12.8,2494.0,102.0,7.0,1898840.0
Bmw 6 Series Gran Coupe,Mombasa,2018,20004,Diesel,Automatic,First,17.54,2993.0,313.0,4.0,10203120.0
Skoda Rapid 1.5 Tdi Ambition,Nairobi,2012,54500,Diesel,Manual,First,21.13,1498.0,108.4,5.0,606799.9999999999
Hyundai Eon Magna,Nyeri,2016,27886,Petrol,Manual,First,22.0,814.0,55.0,5.0,421800.0
Honda Cr-V 2.4L 4Wd At,Nairobi,2007,66000,Petrol,Automatic,First,11.1,2354.0,158.8,5.0,547600.0
Skoda Laura Elegance 2.0 Tdi Cr At,Naivasha,2013,72202,Diesel,Automatic,First,20.0,1968.0,138.1,5.0,1340880.0
Skoda Laura Rs,Nairobi,2011,70000,Petrol,Manual,Second,13.4,1798.0,157.8,5.0,703000.0
Honda City I Dtec S,Nyeri,2015,78233,Diesel,Manual,First,26.0,1498.0,98.6,5.0,976800.0
Tata New Safari 4X4 Ex,Mombasa,2007,120203,Diesel,Manual,Second,13.93,2179.0,138.0,7.0,518000.0
Maruti Zen Estilo Lxi Bs Iv,Eldoret,2011,20575,Petrol,Manual,First,19.0,998.0,67.1,5.0,296000.0
Honda Amaze S I-Vtec,Nairobi,2013,39879,Petrol,Manual,First,17.8,1198.0,86.7,5.0,575720.0
Renault Kwid 1.0 Rxl,Nyeri,2017,31056,Petrol,Manual,First,23.01,999.0,67.0,5.0,532800.0
Maruti Ciaz At Zxi,Nairobi,2015,50940,Petrol,Automatic,First,19.12,1373.0,91.1,5.0,1028600.0
Hyundai I20 Asta Option 1.4 Crdi,Naivasha,2016,99362,Diesel,Manual,First,22.54,1396.0,88.73,5.0,1040440.0
Toyota Innova Crysta 2.4 Zx Mt,Thika,2016,54000,Diesel,Manual,First,13.68,2393.0,147.8,7.0,2442000.0
Maruti Ciaz Zdi Plus Shvs,Naivasha,2016,54268,Diesel,Manual,First,28.09,1248.0,88.5,5.0,1135160.0
Jaguar Xf Diesel,Naivasha,2012,94521,Diesel,Automatic,First,14.74,2993.0,270.9,5.0,3432120.0
Hyundai Xcent 1.2 Kappa S,Mombasa,2017,38932,Petrol,Manual,First,19.1,1197.0,82.0,5.0,919080.0
Porsche Cayenne Diesel,Naivasha,2015,60395,Diesel,Automatic,First,16.12,2967.0,245.0,5.0,6781360.0
Hyundai Xcent 1.1 Crdi S,Nairobi,2016,29000,Diesel,Manual,First,24.4,1120.0,71.0,5.0,880600.0
Audi A4 2.0 Tdi Multitronic,Nairobi,2011,58000,Diesel,Automatic,First,16.55,1968.0,140.0,5.0,1628000.0
Maruti Ciaz Rs Zxi Plus,Naivasha,2016,60913,Petrol,Manual,First,20.73,1373.0,91.1,5.0,1064120.0
Toyota Innova 2.5 G4 Diesel 8-Seater,Nairobi,2011,65000,Diesel,Manual,First,12.8,2494.0,102.0,8.0,947200.0
Mercedes-Benz New C-Class 220 Cdi Mt,Mombasa,2015,26000,Diesel,Manual,First,15.8,2148.0,170.0,5.0,3848000.0
Hyundai I10 Sportz,Kisumu,2016,19947,Petrol,Manual,First,20.36,1197.0,78.9,5.0,666000.0
Hyundai I10 Sportz 1.2 At,Mombasa,2011,70816,Petrol,Automatic,First,16.95,1197.0,78.9,5.0,458800.0
Maruti Baleno Zeta 1.3,Nairobi,2015,54000,Diesel,Manual,First,27.39,1248.0,74.0,5.0,880600.0
Maruti Zen Estilo 1.1 Vxi Bsiii,Nairobi,2008,138000,Petrol,Manual,First,18.2,1061.0,64.0,5.0,177600.0
Bmw 7 Series 730Ld,Mombasa,2014,35000,Diesel,Automatic,First,16.46,2993.0,258.0,5.0,7696000.0
Audi Q7 4.2 Tdi Quattro Technology,Nakuru,2015,50000,Diesel,Automatic,First,11.33,4134.0,335.2,7.0,7104000.0
Bmw X5 Xdrive 30D,Kisumu,2011,124652,Diesel,Automatic,First,11.7,2993.0,245.0,5.0,3254520.0
Maruti Ritz Lxi,Kisumu,2013,80264,Petrol,Manual,First,21.1,1197.0,85.8,5.0,636400.0
Nissan Sunny 2011-2014 Diesel Xl,Eldoret,2013,125600,Diesel,Manual,First,21.64,1461.0,84.8,5.0,555000.0
Toyota Corolla Altis 1.8 Limited Edition,Nairobi,2015,49000,Petrol,Manual,First,14.28,1798.0,138.03,5.0,1324599.9999999998
Toyota Etios Vxd,Eldoret,2012,111000,Diesel,Manual,First,23.59,1364.0,67.1,5.0,703000.0
Toyota Corolla Altis Gl Mt,Naivasha,2016,33690,Petrol,Manual,First,14.28,1798.0,138.03,5.0,2160800.0
Audi A6 2011-2015 2.0 Tdi Premium Plus,Nairobi,2012,50000,Diesel,Automatic,First,17.68,1968.0,174.33,5.0,2590000.0
Maruti Ertiga Zdi,Kisumu,2012,38092,Diesel,Manual,First,20.77,1248.0,88.8,7.0,769600.0
Hyundai Grand I10 Sportz,Naivasha,2017,47774,Petrol,Manual,First,18.9,1197.0,82.0,5.0,893920.0
Tata Indigo Cs Lx (Tdi) Bs Iii,Mombasa,2009,167000,Diesel,Manual,Second,19.09,1396.0,69.0,5.0,399600.0
Maruti Swift Dzire Amt Zdi,Mombasa,2019,65000,Diesel,Automatic,First,26.59,1248.0,74.0,5.0,999000.0
Volkswagen Polo Petrol Highline 1.6L,Kisumu,2011,46000,Petrol,Manual,First,15.26,1598.0,103.5,5.0,347800.0
Tata Tiago 1.2 Revotron Xz Wo Alloy,Kisumu,2017,16500,Petrol,Manual,First,23.84,1199.0,84.0,5.0,740000.0
Honda City I Vtec Vx,Kisumu,2016,39000,Petrol,Manual,First,17.8,1497.0,117.3,5.0,1028600.0
Honda Amaze V Petrol,Nyeri,2018,6000,Petrol,Manual,First,19.5,1199.0,86.76,5.0,991600.0
Audi A4 35 Tdi Premium,Kisumu,2015,60000,Diesel,Automatic,First,17.11,1968.0,174.33,5.0,3700000.0
Volkswagen Vento Petrol Highline At,Mombasa,2011,97320,Petrol,Automatic,First,14.4,1598.0,103.6,5.0,555000.0
Volkswagen Vento Diesel Trendline,Mombasa,2011,99807,Diesel,Manual,First,20.54,1598.0,103.6,5.0,555000.0
Honda City 1.5 S Mt,Eldoret,2013,46000,Petrol,Manual,First,17.0,1497.0,118.0,5.0,754799.9999999999
Maruti Wagon R Lxi,Nairobi,2010,12000,Petrol,Manual,First,22.5,998.0,67.04,5.0,362600.00000000006
Skoda Superb 2.8 V6 At,Kisumu,2005,13002,Petrol,Automatic,First,9.3,2771.0,193.1,5.0,481000.0
Honda City I Dtec Sv,Kisumu,2014,26000,Diesel,Manual,First,26.0,1498.0,98.6,5.0,814000.0
Maruti Wagon R Lxi Cng,Mombasa,2014,68365,Cng,Manual,First,26.6,998.0,58.16,5.0,557960.0
Mercedes-Benz M-Class Ml 350 4Matic,Naivasha,2016,27833,Diesel,Automatic,First,0.0,2987.0,165.0,5.0,7287520.0
Maruti Alto 800 Lxi,Mombasa,2016,51639,Petrol,Manual,First,22.74,796.0,47.3,5.0,449920.0
Hyundai I20 Magna 1.2,Nairobi,2015,21000,Petrol,Manual,First,18.6,1197.0,81.83,5.0,725200.0000000001
Ford Ecosport 1.5 Dv5 Mt Trend,Nakuru,2013,90000,Diesel,Manual,First,22.7,1498.0,89.84,5.0,925000.0
Bmw 3 Series Gt 320D Luxury Line,Kisumu,2015,36255,Diesel,Automatic,First,19.59,1995.0,184.0,5.0,4884000.0
Bmw X5 Xdrive 30D,Mombasa,2011,58000,Diesel,Automatic,Second,11.7,2993.0,245.0,5.0,3996000.0
Honda Amaze S I-Vtech,Naivasha,2014,48997,Petrol,Manual,Second,18.0,1198.0,86.7,5.0,771080.0
Ford Ecosport 1.5 Ti Vct Mt Titanium,Nairobi,2014,31130,Petrol,Manual,First,15.85,1499.0,110.4,5.0,851000.0
Jaguar Xf 3.0 Litre S Premium Luxury,Naivasha,2012,75668,Diesel,Automatic,First,14.74,2993.0,270.9,5.0,2453839.9999999995
Toyota Corolla 1.8 J,Nairobi,2015,12000,Petrol,Manual,First,14.53,1798.0,138.0,5.0,1628000.0
Hyundai I10 Sportz,Eldoret,2014,90000,Petrol,Manual,Second,20.36,1197.0,78.9,5.0,414400.0
Mercedes-Benz New C-Class C220 Cdi Executive Edition,Mombasa,2019,17320,Diesel,Automatic,First,15.8,2148.0,170.0,5.0,5622520.0
Skoda Laura Ambiente 2.0 Tdi Cr Mt,Nairobi,2011,85000,Diesel,Manual,Second,20.0,1968.0,108.5,5.0,540200.0
Ford Endeavour 4X2 Xlt,Kisumu,2007,130000,Diesel,Manual,First,13.1,2499.0,141.0,7.0,888000.0
Ford Figo Petrol Exi,Naivasha,2013,60328,Petrol,Manual,First,15.6,1196.0,70.0,5.0,671920.0
Honda Amaze S I-Vtech,Mombasa,2015,34327,Petrol,Manual,First,18.0,1198.0,86.7,5.0,799200.0
Tata Indica Vista Tdi Ls,Nairobi,2014,75000,Diesel,Manual,First,19.1,1405.0,70.0,5.0,488400.0
Volvo Xc60 D4 Summum,Kisumu,2012,86000,Diesel,Automatic,Second,14.7,1985.0,163.0,5.0,2701000.0
Datsun Redi Go Sport,Nakuru,2017,12000,Petrol,Manual,First,22.7,799.0,53.0,5.0,458800.0
Hyundai Eon Era Plus,Mombasa,2013,57759,Petrol,Manual,First,21.1,814.0,55.2,5.0,568320.0
Maruti Alto 800 Vxi,Kisumu,2016,24300,Petrol,Manual,First,22.74,796.0,47.3,5.0,361120.0
Volkswagen Polo Petrol Trendline 1.2L,Nakuru,2011,66000,Petrol,Manual,Second,16.47,1198.0,73.9,5.0,532800.0
Hyundai I10 Asta,Nairobi,2015,75915,Petrol,Manual,First,20.36,1197.0,78.9,5.0,577200.0
Nissan Sunny 2011-2014 Xl,Mombasa,2013,107000,Petrol,Manual,Second,16.95,1498.0,97.7,5.0,429200.0
Toyota Corolla Altis G,Mombasa,2008,86000,Petrol,Manual,Second,14.53,1798.0,138.1,5.0,518000.0
Hyundai Verna Crdi Abs,Mombasa,2009,160000,Diesel,Manual,Second,18.1,1493.0,110.0,5.0,518000.0
Maruti Alto 800 2016-2019 Lxi Optional,Nyeri,2019,3000,Petrol,Manual,First,24.7,796.0,47.3,5.0,518000.0
Hyundai I20 Sportz 1.4 Crdi,Kisumu,2015,72495,Diesel,Manual,First,21.9,1396.0,88.76,5.0,1036000.0
Hyundai Verna 1.6 Crdi At S,Mombasa,2016,33000,Diesel,Automatic,First,19.08,1582.0,126.2,5.0,1287599.9999999998
Audi Q7 3.0 Tdi Quattro Technology,Kisumu,2014,60000,Diesel,Automatic,First,12.07,2967.0,241.4,7.0,6660000.0
Tata Indica V2 Els,Kisumu,2016,80103,Diesel,Manual,First,25.0,1396.0,69.0,5.0,266400.0
Chevrolet Spark 1.0 Ls,Kisumu,2007,42100,Petrol,Manual,First,18.0,995.0,62.0,5.0,146520.0
Hyundai Grand I10 1.2 Kappa Magna,Kisumu,2018,4500,Petrol,Manual,First,18.9,1197.0,81.86,5.0,710400.0
Toyota Fortuner 4X4 Mt Trd Sportivo,Nairobi,2014,97000,Diesel,Manual,First,12.55,2982.0,169.0,7.0,2656600.0
Mahindra E Verito D4,Mombasa,2016,50000,Electric,Automatic,First,18.15,72.0,41.0,5.0,1924000.0
Hyundai Grand I10 1.2 Kappa Asta,Mombasa,2017,51223,Petrol,Manual,First,18.9,1197.0,81.86,5.0,837680.0
Honda City 1.5 S Mt,Nairobi,2009,64000,Petrol,Manual,First,17.0,1497.0,118.0,5.0,458800.0
Hyundai Elite I20 Petrol Asta,Mombasa,2016,56911,Petrol,Manual,First,18.6,1197.0,81.86,5.0,967920.0
Toyota Innova 2.5 G4 Diesel 8-Seater,Kisumu,2015,147848,Diesel,Manual,First,12.8,2494.0,102.0,8.0,1953600.0
Ford Mustang V8,Mombasa,2018,21290,Petrol,Automatic,First,13.0,4951.0,395.0,4.0,8406400.0
Toyota Innova Crysta 2.8 Gx At,Mombasa,2019,14076,Diesel,Automatic,First,11.36,2755.0,171.5,7.0,2871199.9999999995
Maruti Zen Estilo 1.1 Vxi Bsiii,Thika,2007,75180,Petrol,Manual,First,18.2,1061.0,64.0,5.0,244200.0
Maruti Swift Zdi,Nyeri,2013,92000,Diesel,Manual,Second,22.9,1248.0,74.0,5.0,643799.9999999999
Fiat Avventura Multijet Emotion,Kisumu,2015,57266,Diesel,Manual,First,20.5,1248.0,91.72,5.0,962000.0
Maruti Zen Estilo Vxi Bsiii,Nairobi,2007,64000,Petrol,Manual,First,18.2,998.0,67.1,5.0,164280.00000000003
Renault Duster 85Ps Diesel Rxl,Nairobi,2013,41000,Diesel,Manual,First,19.87,1461.0,83.8,5.0,814000.0
Mitsubishi Pajero 2.8 Sfx,Nairobi,2012,45999,Diesel,Manual,First,10.5,2835.0,107.2,6.0,1628000.0
Maruti Celerio Vxi At,Eldoret,2015,50000,Petrol,Automatic,First,23.1,998.0,67.04,5.0,577200.0
Tata Indica V2 Dls Bsiii,Eldoret,2013,70000,Diesel,Manual,First,17.88,1405.0,48.21,5.0,266400.0
Hyundai Elite I20 Petrol Asta,Mombasa,2016,37540,Petrol,Manual,First,18.6,1197.0,81.86,5.0,920560.0
Maruti Celerio Vxi At,Kisumu,2014,44000,Petrol,Automatic,First,23.1,998.0,67.04,5.0,636400.0
Hyundai Grand I10 1.2 Kappa Asta,Kisumu,2017,22500,Petrol,Manual,First,18.9,1197.0,81.86,5.0,886520.0
Hyundai I20 1.2 Magna Executive,Nairobi,2017,17431,Petrol,Manual,First,18.6,1197.0,81.83,5.0,888000.0
Hyundai Verna 1.6 Sx Vtvt (O),Nairobi,2014,61566,Petrol,Manual,First,17.1,1591.0,121.3,5.0,865800.0
Land Rover Freelander 2 Se,Mombasa,2014,61730,Diesel,Automatic,First,12.39,2179.0,147.51,5.0,2951120.0000000005
Maruti Swift Vxi Bsiii,Mombasa,2009,68000,Petrol,Manual,First,16.1,1298.0,88.2,5.0,429200.0
Honda Amaze Sx I-Vtec,Nairobi,2014,29000,Petrol,Manual,First,18.0,1198.0,86.7,5.0,629000.0
Toyota Corolla Altis Diesel D4Dg,Kisumu,2010,156210,Diesel,Manual,First,21.43,1364.0,87.2,5.0,886520.0
Honda Amaze S Diesel,Kisumu,2013,46500,Diesel,Manual,First,27.4,1498.0,98.6,5.0,488400.0
Audi A6 3.0 Tdi Quattro,Naivasha,2009,52830,Diesel,Automatic,Second,16.77,2967.0,241.38,5.0,1195840.0
Maruti Wagon R Vxi,Nyeri,2017,39867,Petrol,Manual,First,22.5,998.0,67.04,5.0,666000.0
Honda Mobilio E I Dtec,Kisumu,2014,58972,Diesel,Manual,First,24.2,1498.0,98.6,7.0,962000.0
Honda Cr-V 2.4 4Wd At,Nakuru,2006,66000,Petrol,Automatic,Second,10.1,2354.0,152.0,5.0,577200.0
Hyundai Verna 1.6 Sx Vtvt (O),Nairobi,2013,52000,Petrol,Manual,First,17.1,1591.0,121.3,5.0,777000.0
Hyundai Santa Fe 4X4 At,Nakuru,2014,58000,Diesel,Automatic,First,11.72,2199.0,194.3,7.0,2516000.0
Hyundai I10 Sportz At,Thika,2012,58000,Petrol,Automatic,First,16.95,1197.0,78.9,5.0,518000.0
Ford Fusion Plus 1.4 Tdci Diesel,Kisumu,2008,75000,Diesel,Manual,Second,17.7,1399.0,68.0,5.0,444000.0
Hyundai I10 Sportz,Naivasha,2015,41008,Petrol,Manual,Second,20.36,1197.0,78.9,5.0,720760.0
Hyundai Xcent 1.1 Crdi Sx Option,Nyeri,2014,65000,Diesel,Manual,First,24.4,1120.0,71.0,5.0,888000.0
Skoda Superb Style 2.0 Tdi At,Nairobi,2015,19000,Diesel,Automatic,First,18.19,1968.0,174.5,5.0,2294000.0
Ford Fiesta 1.4 Duratec Exi,Eldoret,2008,74000,Petrol,Manual,Second,16.6,1388.0,68.0,5.0,236800.0
Maruti Baleno Zeta Automatic,Eldoret,2017,33000,Petrol,Automatic,First,21.4,1197.0,83.1,5.0,1073000.0
Skoda Laura 1.9 Tdi Mt Ambiente,Nairobi,2010,95000,Diesel,Manual,Second,17.0,1896.0,105.0,5.0,481000.0
Volkswagen Vento 1.5 Tdi Comfortline,Kisumu,2012,34000,Diesel,Manual,First,20.64,1498.0,108.5,5.0,503200.0
Audi Q7 3.0 Tdi Quattro Technology,Naivasha,2014,102865,Diesel,Automatic,First,12.07,2967.0,241.4,7.0,4514000.0
Hyundai Verna Vtvt 1.6 Sx Option,Mombasa,2016,52378,Petrol,Manual,First,17.0,1591.0,121.3,5.0,1179560.0
Mercedes-Benz New C-Class 220 Cdi At,Nairobi,2012,38000,Diesel,Automatic,First,14.84,2143.0,170.0,5.0,1999480.0
Honda Amaze S I-Dtech,Mombasa,2015,60334,Diesel,Manual,First,25.8,1498.0,98.6,5.0,803640.0
Ford Fiesta 1.4 Duratec Exi Limited Edition,Mombasa,2010,107000,Petrol,Manual,First,16.6,1388.0,68.0,5.0,384800.0
Hyundai I20 Magna Optional 1.2,Nakuru,2013,445000,Petrol,Manual,First,18.5,1197.0,82.9,5.0,658600.0
Maruti Alto 800 Lxi,Kisumu,2017,2196,Petrol,Manual,First,22.74,796.0,47.3,5.0,407000.0
Bmw 5 Series 530I Sedan,Kisumu,2010,24000,Petrol,Automatic,First,10.6,2996.0,258.0,5.0,1295000.0
Fiat Grande Punto 1.4 Emotion,Naivasha,2015,44846,Petrol,Manual,Second,14.6,1368.0,88.7,5.0,800680.0
Maruti Dzire Amt Zdi Plus,Mombasa,2018,64035,Diesel,Automatic,First,28.4,1248.0,73.75,5.0,1265400.0000000002
Mahindra Xuv500 W6 2Wd,Nairobi,2014,45600,Diesel,Manual,First,15.1,2179.0,140.0,7.0,1221000.0
Volvo Xc90 2007-2015 D5 At Awd,Mombasa,2014,102001,Diesel,Automatic,First,11.1,2400.0,200.0,7.0,3489840.0
Hyundai I10 Sportz 1.2,Naivasha,2014,47439,Petrol,Manual,First,20.36,1197.0,78.9,5.0,664520.0
Toyota Fortuner 3.0 Diesel,Kisumu,2010,193254,Diesel,Manual,First,11.5,2982.0,171.0,7.0,1922520.0
Tata Nano Xta,Nakuru,2016,29000,Petrol,Automatic,First,21.9,624.0,37.48,4.0,414400.0
Renault Lodgy 110Ps Rxz 8 Seater,Naivasha,2016,51681,Diesel,Manual,First,19.98,1461.0,108.5,8.0,1247640.0
Audi Q7 3.0 Tdi Quattro Premium Plus,Kisumu,2015,50000,Diesel,Automatic,First,12.07,2967.0,241.4,7.0,7030000.0
Honda City I Vtec Cvt Vx,Nairobi,2016,42666,Petrol,Automatic,First,18.0,1497.0,117.3,5.0,1324599.9999999998
Renault Duster 110Ps Diesel Rxl,Nyeri,2013,65000,Diesel,Manual,Second,19.01,1461.0,108.45,5.0,814000.0
Honda Amaze S I-Vtec,Nyeri,2014,18776,Petrol,Manual,First,17.8,1198.0,86.7,5.0,703000.0
Honda Amaze S I-Vtech,Nyeri,2016,6714,Petrol,Manual,First,18.0,1198.0,86.7,5.0,703000.0
Bmw 3 Series 320I,Eldoret,2009,40000,Petrol,Automatic,Second,12.05,1995.0,154.0,5.0,1406000.0
Maruti Ritz Ldi,Naivasha,2011,88539,Diesel,Manual,First,23.2,1248.0,73.94,5.0,557960.0
Honda City 1.5 S Mt,Nairobi,2012,65055,Petrol,Manual,Second,17.0,1497.0,118.0,5.0,629000.0
Bmw 3 Series 320D Sport Line,Nairobi,2014,23000,Diesel,Automatic,First,18.88,1995.0,184.0,5.0,2945199.9999999995
Volkswagen Jetta 2007-2011 1.9 Tdi Trendline,Mombasa,2009,60000,Diesel,Manual,First,15.0,1896.0,105.0,5.0,592000.0
Maruti Swift Dzire Lxi,Mombasa,2013,59350,Petrol,Manual,First,19.1,1197.0,85.8,5.0,615680.0
Jaguar Xf 2.2 Litre Executive,Nakuru,2015,19000,Diesel,Automatic,Second,16.36,2179.0,187.7,5.0,5624000.0
Hyundai Xcent 1.2 Kappa At Sx Option,Mombasa,2016,45560,Petrol,Automatic,First,16.9,1197.0,82.0,5.0,938320.0
Toyota Innova 2.5 G (Diesel) 7 Seater Bs Iv,Eldoret,2009,118000,Diesel,Manual,First,12.8,2494.0,102.0,8.0,666000.0
Maruti Eeco 7 Seater Standard,Mombasa,2016,55000,Petrol,Manual,First,15.1,1196.0,73.0,7.0,555000.0
Audi A4 New 2.0 Tdi Multitronic,Nairobi,2012,60000,Diesel,Automatic,Second,15.2,1968.0,140.8,5.0,1509599.9999999998
Toyota Innova 2.5 G (Diesel) 7 Seater Bs Iv,Mombasa,2007,145000,Diesel,Manual,First,12.8,2494.0,102.0,8.0,740000.0
Maruti Grand Vitara Mt,Nairobi,2008,46810,Petrol,Manual,First,9.8,1995.0,163.5,5.0,584600.0
Volkswagen Vento 1.5 Tdi Highline,Naivasha,2016,62767,Diesel,Manual,First,20.34,1498.0,103.2,5.0,1443000.0
Hyundai Elite I20 Petrol Asta,Mombasa,2018,18553,Petrol,Manual,First,18.6,1197.0,81.86,5.0,1173640.0
Ford Fiesta Classic 1.4 Duratorq Clxi,Kisumu,2011,143143,Diesel,Manual,First,17.8,1399.0,67.0,5.0,310800.0
Mitsubishi Pajero Sport 4X4,Naivasha,2015,53497,Diesel,Manual,First,13.5,2477.0,175.56,7.0,2430160.0000000005
Hyundai Santa Fe 4X4,Nakuru,2011,148000,Diesel,Manual,Second,14.66,2199.0,194.3,7.0,1317200.0
Mahindra Xuv500 W8 2Wd,Eldoret,2012,95000,Diesel,Manual,First,15.1,2179.0,140.0,7.0,1067080.0
Toyota Innova 2.5 V Diesel 8-Seater,Mombasa,2015,100000,Diesel,Manual,First,12.8,2494.0,102.0,8.0,1998000.0
Mercedes-Benz Gle 350D,Mombasa,2016,29000,Diesel,Automatic,First,11.57,2987.0,254.79,5.0,9620000.0
Mahindra Scorpio 2009-2014 Sle 7S Bsiv,Nakuru,2014,87000,Diesel,Manual,First,12.05,2179.0,120.0,7.0,1095200.0
Honda City 1.5 S At,Mombasa,2014,56838,Petrol,Automatic,First,16.8,1497.0,118.0,5.0,762200.0000000001
Mercedes-Benz Gl-Class 2007 2012 350 Cdi Luxury,Eldoret,2013,100000,Diesel,Automatic,First,12.0,2987.0,224.0,7.0,4736000.0
Honda City 1.5 S Mt,Kisumu,2011,125000,Petrol,Manual,First,17.0,1497.0,118.0,5.0,481000.0
Maruti Wagon R Vxi Amt,Kisumu,2017,17000,Petrol,Automatic,First,22.5,998.0,67.0,5.0,584600.0
Tata Indigo Ecs Gle Bsiii,Eldoret,2013,70000,Petrol,Manual,Second,15.4,1193.0,65.0,5.0,222000.0
Hyundai I20 2015-2017 1.2 Asta With Avn,Eldoret,2010,50000,Petrol,Manual,Second,17.0,1197.0,80.0,5.0,444000.0
Honda Jazz Active,Kisumu,2010,39800,Petrol,Manual,First,16.0,1198.0,90.0,5.0,294520.0
Maruti A-Star Lxi,Kisumu,2010,60000,Petrol,Manual,First,19.0,998.0,66.1,5.0,199800.0
Bmw 3 Series 320D Highline,Kisumu,2009,58000,Diesel,Automatic,First,16.07,1995.0,181.0,5.0,1998000.0
Skoda Yeti Elegance,Kisumu,2010,110009,Diesel,Manual,First,17.67,1968.0,138.08,5.0,1034520.0
Nissan Terrano Xv Premium 110 Ps,Kisumu,2013,85000,Diesel,Manual,First,19.01,1461.0,108.5,5.0,1258000.0
Volkswagen Polo Diesel Comfortline 1.2L,Eldoret,2010,84000,Diesel,Manual,Second,22.07,1199.0,73.9,5.0,427720.0
Bmw 3 Series 320D,Nairobi,2011,51000,Diesel,Automatic,First,22.69,1995.0,190.0,5.0,1554000.0
Nissan Sunny 2011-2014 Xl,Mombasa,2013,68880,Petrol,Manual,First,16.95,1498.0,97.7,5.0,587560.0
Maruti Alto K10 Vxi Ags,Mombasa,2017,5500,Petrol,Automatic,First,24.07,998.0,67.1,5.0,629000.0
Maruti Ritz Zxi,Naivasha,2016,40052,Petrol,Manual,First,21.1,1197.0,85.8,5.0,913160.0
Audi Q5 30 Tdi Quattro Premium Plus,Naivasha,2016,47293,Diesel,Automatic,First,14.16,1968.0,174.3,5.0,5730560.0
Hyundai Verna Crdi Sx,Kisumu,2013,79663,Diesel,Manual,First,16.8,1493.0,110.0,5.0,962000.0
Honda Amaze S I-Dtech,Nyeri,2013,63000,Diesel,Manual,Second,25.8,1498.0,98.6,5.0,629000.0
Honda City I Dtec Sv,Kisumu,2014,45000,Diesel,Manual,First,26.0,1498.0,98.6,5.0,703000.0
Toyota Fortuner Trd Sportivo 2.8 2Wd At,Mombasa,2014,56501,Diesel,Automatic,First,12.9,2755.0,174.5,7.0,2621080.0
Volkswagen Vento 1.5 Tdi Highline,Nyeri,2015,58000,Diesel,Manual,First,20.34,1498.0,103.2,5.0,865800.0
Bmw 5 Series 520D Luxury Line,Naivasha,2011,51602,Diesel,Automatic,First,22.48,1995.0,190.0,5.0,2555960.0
Bmw 3 Series 320D Sedan,Kisumu,2007,74199,Diesel,Automatic,First,16.07,1995.0,181.0,5.0,1369000.0
Hyundai Creta 1.6 Sx Plus Petrol Automatic,Thika,2017,25000,Petrol,Automatic,First,13.0,1591.0,121.3,5.0,1887000.0
Bmw 3 Series Luxury Line,Eldoret,2016,70000,Diesel,Automatic,Second,21.76,1995.0,190.0,5.0,3996000.0
Mercedes-Benz New C-Class C 220 Cdi Be Avantgare,Nakuru,2013,25000,Diesel,Automatic,Second,14.84,2143.0,167.62,5.0,3108000.0
Maruti Swift Dzire Vdi,Kisumu,2017,22000,Diesel,Manual,First,26.59,1248.0,74.0,5.0,1176600.0
Maruti Celerio Zxi,Kisumu,2015,47020,Petrol,Manual,Second,23.1,998.0,67.04,5.0,666000.0
Bmw 3 Series 320D Gt Luxury Line,Nairobi,2017,8000,Diesel,Automatic,First,19.59,1995.0,187.74,5.0,4995000.0
Audi Q7 4.2 Tdi Quattro Technology,Nairobi,2010,73000,Diesel,Automatic,First,11.33,4134.0,335.2,7.0,2591480.0000000005
Honda Jazz V,Mombasa,2017,36973,Petrol,Manual,First,18.2,1199.0,88.7,5.0,1006400.0
Tata Nano Cx Bsiv,Naivasha,2014,42083,Petrol,Manual,First,25.4,624.0,37.48,4.0,248640.0
Maruti Alto 800 2016-2019 Lxi,Mombasa,2016,61000,Petrol,Manual,First,24.7,796.0,47.3,5.0,429200.0
Maruti Wagon R Vxi,Nairobi,2014,43628,Petrol,Manual,First,22.5,998.0,67.04,5.0,467680.0
Hyundai Xcent 1.1 Crdi Base,Nyeri,2014,60000,Diesel,Manual,First,24.4,1120.0,71.0,5.0,577200.0
Chevrolet Beat Lt,Nairobi,2010,54000,Petrol,Manual,Second,17.8,1199.0,76.8,5.0,288600.0
Jaguar Xf 2.2 Litre Luxury,Mombasa,2015,27001,Diesel,Automatic,First,16.36,2179.0,187.7,5.0,3924960.0
Volkswagen Passat Diesel Highline 2.0 Tdi,Mombasa,2010,52000,Diesel,Automatic,First,18.33,1968.0,167.7,5.0,1332000.0
Hyundai I20 Asta 1.4 Crdi,Kisumu,2012,80000,Diesel,Manual,First,21.27,1396.0,88.76,5.0,666000.0
Mitsubishi Pajero 2.8 Sfx,Mombasa,2008,160000,Diesel,Manual,First,10.5,2835.0,107.2,6.0,1295000.0
Maruti Vitara Brezza Zdi Plus Amt Dual Tone,Mombasa,2018,3300,Diesel,Automatic,First,24.3,1248.0,88.5,5.0,1702000.0
Maruti Alto K10 Lxi,Nairobi,2016,35027,Petrol,Manual,First,24.07,998.0,67.1,5.0,444000.0
Hyundai Eon Magna Plus,Naivasha,2015,26568,Petrol,Manual,First,21.1,814.0,55.2,5.0,560920.0
Maruti Ciaz Vdi Plus Shvs,Thika,2015,59000,Diesel,Manual,First,28.09,1248.0,88.5,5.0,888000.0
Hyundai Creta 1.6 Crdi Sx Option,Nakuru,2016,51000,Diesel,Manual,First,19.67,1582.0,126.2,5.0,1961000.0
Skoda Superb Ambition 2.0 Tdi Cr At,Nairobi,2012,56400,Diesel,Automatic,First,17.2,1968.0,138.1,5.0,1184000.0
Volkswagen Polo 1.5 Tdi Highline,Kisumu,2015,80000,Diesel,Manual,First,20.14,1498.0,88.8,5.0,858400.0
Bmw 5 Series 520D Sedan,Nairobi,2012,72000,Diesel,Automatic,Third,18.48,1493.0,97.7,5.0,2049800.0
Toyota Innova 2.5 Vx (Diesel) 7 Seater,Kisumu,2013,107000,Diesel,Manual,Second,12.99,2494.0,100.6,7.0,1998000.0
Mercedes-Benz E-Class 2009-2013 E250 Cdi Elegance,Eldoret,2014,100000,Diesel,Automatic,First,14.21,2143.0,203.0,5.0,3700000.0
Volkswagen Polo 1.5 Tdi Highline,Mombasa,2016,59998,Diesel,Manual,First,20.14,1498.0,88.8,5.0,812520.0
Audi Q3 2.0 Tdi,Kisumu,2013,105000,Diesel,Automatic,First,17.32,1968.0,150.0,5.0,2812000.0
Hyundai I20 1.2 Magna,Kisumu,2011,36000,Petrol,Manual,First,18.5,1197.0,80.0,5.0,370000.0
Hyundai I10 Sportz 1.1L,Kisumu,2015,24350,Petrol,Manual,Second,19.81,1086.0,68.05,5.0,444000.0
Tata Tigor 1.05 Revotorq Xt,Mombasa,2018,28973,Diesel,Manual,First,24.7,1047.0,69.0,5.0,982720.0
Hyundai Eon Era,Mombasa,2017,8243,Petrol,Manual,First,21.1,814.0,55.2,5.0,475080.0
Hyundai Santro Xing Gls,Mombasa,2009,136642,Petrol,Manual,Second,17.92,1086.0,62.1,5.0,229400.0
Hyundai Santro Xing Gls,Kisumu,2011,60000,Petrol,Manual,First,17.92,1086.0,62.1,5.0,383320.0
Mahindra Scorpio Slx,Mombasa,2008,100000,Diesel,Manual,Second,12.7,2609.0,120.0,8.0,592000.0
Honda City I-Vtec S,Nyeri,2010,48689,Petrol,Manual,First,17.4,1497.0,117.3,5.0,572760.0
Maruti Vitara Brezza Zdi,Nakuru,2017,45000,Diesel,Manual,First,24.3,1248.0,88.5,5.0,1443000.0
Audi A4 35 Tdi Technology Edition,Mombasa,2019,38163,Diesel,Automatic,First,17.11,1968.0,174.33,5.0,4870679.999999999
Mercedes-Benz E-Class 2009-2013 E250 Cdi Elegance,Mombasa,2011,43800,Diesel,Automatic,Second,14.21,2143.0,203.0,5.0,2479000.0
Honda Civic 2006-2010 1.8 Mt Sport,Nyeri,2007,92000,Petrol,Manual,First,13.5,1799.0,130.0,5.0,281200.0
Hyundai I20 Magna 1.2,Mombasa,2017,14064,Petrol,Manual,First,18.6,1197.0,81.83,5.0,975320.0
Audi Q3 35 Tdi Quattro Premium Plus,Naivasha,2017,42366,Diesel,Automatic,First,15.73,1968.0,174.33,5.0,4725640.0
Honda City I Dtec Vx,Nyeri,2014,76551,Diesel,Manual,First,25.1,1498.0,98.6,5.0,1073000.0
Hyundai I10 Era 1.1 Itech Se,Eldoret,2008,72672,Petrol,Manual,First,19.81,1086.0,68.05,5.0,281200.0
Maruti Swift Vdi Bsiv,Kisumu,2015,45000,Diesel,Manual,First,25.2,1248.0,74.0,5.0,525400.0
Ford Endeavour 3.0L 4X4 At,Kisumu,2012,91696,Diesel,Automatic,First,11.4,2953.0,153.86,7.0,1369000.0
Ford Ikon 1.3 Flair,Mombasa,2009,66484,Petrol,Manual,First,13.8,1299.0,70.0,5.0,244200.0
Bmw X1 Sdrive 20D Xline,Naivasha,2019,15456,Diesel,Automatic,First,20.68,1995.0,190.0,5.0,5422720.0
Mercedes-Benz E-Class 2009-2013 E250 Cdi Classic,Nairobi,2011,55000,Diesel,Automatic,Second,14.21,2143.0,203.0,5.0,2368000.0
Maruti Eeco 5 Str With Ac Plus Htr Cng,Mombasa,2019,21112,Cng,Manual,First,15.1,1196.0,73.0,5.0,796240.0
Honda Jazz Select Edition,Eldoret,2011,98000,Petrol,Manual,First,16.7,1493.0,97.7,5.0,466200.0
Honda Amaze S I-Dtech,Thika,2014,61297,Diesel,Manual,First,25.8,1498.0,98.6,5.0,643799.9999999999
Maruti Zen Lxi - Bs Iii,Kisumu,2006,80000,Petrol,Manual,Second,17.3,993.0,60.0,5.0,177600.0
Hyundai I20 Magna,Nyeri,2013,59000,Petrol,Manual,Second,18.5,1197.0,80.0,5.0,606799.9999999999
Bmw X5 3.0D,Mombasa,2009,150000,Diesel,Automatic,First,11.0,2993.0,235.0,5.0,2775000.0
Hyundai Creta 1.6 Crdi Sx Option,Naivasha,2017,60083,Diesel,Manual,First,19.67,1582.0,126.2,5.0,2039440.0
Maruti Swift Dzire Ldi,Kisumu,2016,85450,Diesel,Manual,First,26.59,1248.0,74.0,5.0,592000.0
Maruti Swift Vdi,Nyeri,2013,88000,Diesel,Manual,First,22.9,1248.0,74.0,5.0,640840.0
Hyundai Grand I10 1.2 Crdi Asta,Mombasa,2015,81828,Diesel,Manual,First,24.0,1186.0,73.97,5.0,803640.0
Ford Figo Aspire 1.2 Ti-Vct Trend,Nairobi,2016,18000,Petrol,Manual,First,18.16,1196.0,86.8,5.0,725200.0000000001
Bmw X5 X5 M,Mombasa,2017,15000,Diesel,Automatic,First,15.97,2993.0,258.0,5.0,10360000.0
Mercedes-Benz New C-Class C 220 Cdi Celebration Edition,Kisumu,2016,34000,Diesel,Automatic,First,11.78,2143.0,167.62,5.0,3774000.0
Hyundai Grand I10 At Asta,Thika,2015,46000,Petrol,Automatic,First,18.9,1197.0,82.0,5.0,754799.9999999999
Hyundai Verna 1.6 Sx Crdi (O),Kisumu,2013,48158,Diesel,Manual,First,22.32,1582.0,126.32,5.0,991600.0
Bmw 5 Series 525D Sedan,Kisumu,2013,93000,Diesel,Automatic,First,16.73,2993.0,218.0,5.0,3922000.0
Nissan Micra Diesel Xv Premium,Thika,2013,71007,Diesel,Manual,First,23.08,1461.0,63.1,5.0,577200.0
Maruti Sx4 Zxi Mt Bsiv,Eldoret,2010,63067,Petrol,Manual,Second,15.5,1586.0,103.3,5.0,399600.0
Tata Manza Aura Quadrajet Bs Iv,Kisumu,2011,70259,Diesel,Manual,First,21.12,1248.0,88.8,5.0,436600.0
Audi A4 2.0 Tdi Multitronic,Thika,2015,13000,Diesel,Automatic,First,16.55,1968.0,140.0,5.0,3404000.0
Maruti Swift Ldi Bsiv,Eldoret,2009,140000,Diesel,Manual,Second,17.8,1248.0,75.0,5.0,368520.00000000006
Maruti Swift Ldi Optional,Nyeri,2015,130000,Diesel,Manual,First,25.2,1248.0,74.0,5.0,666000.0
Toyota Corolla Altis Diesel D4Dj,Nairobi,2011,89401,Diesel,Manual,First,21.43,1364.0,87.2,5.0,666000.0
Honda Jazz 1.5 Vx I Dtec,Kisumu,2015,67000,Diesel,Manual,First,27.3,1498.0,98.6,5.0,1021200.0
Bmw 6 Series 650I Coupe,Mombasa,2010,65329,Petrol,Automatic,First,7.94,4395.0,450.0,4.0,3066560.0
Skoda Fabia 1.2 Petrol Active,Nyeri,2010,72000,Petrol,Manual,First,16.25,1198.0,73.9,5.0,327080.0
Fiat Siena 1.2 Elx,Nyeri,2001,70000,Petrol,Manual,Third,0.0,1242.0,97.7,5.0,81400.00000000001
Land Rover Freelander 2 Hse,Nairobi,2011,82000,Diesel,Automatic,Second,12.35,2179.0,187.74,5.0,2057200.0
Ford Fiesta 1.6 Zxi Duratec,Eldoret,2010,85000,Petrol,Manual,First,15.3,1596.0,101.0,5.0,216080.0
Hyundai Verna Sx Crdi At,Eldoret,2012,83000,Diesel,Automatic,First,19.08,1582.0,126.32,5.0,888000.0
Renault Kwid 1.0 Rxt Optional,Nyeri,2016,26000,Petrol,Manual,First,21.7,999.0,67.0,5.0,444000.0
Tata Indica Vista Quadrajet 90 Zx Plus,Nairobi,2012,27000,Diesel,Manual,First,22.3,1248.0,88.8,5.0,518000.0
Hyundai I20 Active 1.4 Sx,Mombasa,2018,37746,Diesel,Manual,First,21.19,1396.0,88.73,5.0,1123320.0
Maruti Sx4 Zxi Bsiii,Nairobi,2009,63274,Petrol,Manual,Second,15.0,1586.0,104.68,5.0,294520.0
Renault Kwid Rxt,Kisumu,2016,25000,Petrol,Manual,First,25.17,799.0,53.3,5.0,562400.0
Mahindra Xylo E4 Abs Bs Iii,Nakuru,2013,197000,Diesel,Manual,First,11.68,2498.0,112.0,7.0,592000.0
Hyundai Eon D Lite Plus,Nakuru,2013,45010,Petrol,Manual,Second,21.1,814.0,55.2,5.0,436600.0
Honda Amaze Vx I-Dtec,Nairobi,2013,75348,Diesel,Manual,First,25.8,1498.0,98.6,5.0,555000.0
Volkswagen Polo Diesel Highline 1.2L,Kisumu,2010,90110,Diesel,Manual,First,22.07,1199.0,73.9,5.0,370000.0
Honda City 1.5 V Mt,Eldoret,2011,102013,Petrol,Manual,First,17.0,1497.0,118.0,5.0,555000.0
Toyota Fortuner 4X2 At,Eldoret,2015,36000,Diesel,Automatic,First,12.55,2982.0,168.5,7.0,3256000.0
Honda Amaze E I-Vtech,Mombasa,2017,37578,Petrol,Manual,First,18.0,1198.0,86.7,5.0,908720.0
Bmw 1 Series 118D Base,Eldoret,2015,46001,Diesel,Automatic,First,20.58,1995.0,143.0,5.0,2368000.0
Maruti Celerio Vxi At,Kisumu,2014,46559,Petrol,Automatic,First,23.1,998.0,67.04,5.0,555000.0
Toyota Innova 2.5 Gx (Diesel) 8 Seater,Nairobi,2015,48000,Diesel,Manual,First,12.99,2494.0,100.6,8.0,1739000.0
Jaguar Xf 2.2 Litre Luxury,Eldoret,2013,46000,Diesel,Automatic,Second,16.36,2179.0,187.7,5.0,3552000.0
Honda Wrv I-Vtec Vx,Kisumu,2017,15000,Petrol,Manual,First,17.5,1199.0,88.7,5.0,1317200.0
Bmw X1 Sdrive20D,Mombasa,2012,85000,Diesel,Automatic,Third,17.05,1995.0,184.0,5.0,1480000.0
Skoda Rapid 1.6 Mpi At Elegance,Nairobi,2014,32000,Petrol,Automatic,First,14.3,1598.0,103.5,5.0,821400.0
Volkswagen Vento 1.6 Comfortline,Mombasa,2012,60818,Petrol,Manual,First,16.09,1598.0,103.5,5.0,531320.0
Ford Ecosport 1.5 Tdci Trend Plus Be,Naivasha,2019,35188,Diesel,Manual,First,22.77,1498.0,98.59,5.0,1647240.0
Mahindra Xuv500 W6 2Wd,Nyeri,2012,110000,Diesel,Manual,First,15.1,2179.0,140.0,7.0,1065600.0
Ford Fiesta Classic 1.4 Duratorq Lxi,Nairobi,2014,61000,Diesel,Manual,First,18.6,1388.0,67.0,5.0,441040.0
Hyundai Santro Xing Gls,Eldoret,2010,75000,Petrol,Manual,Second,17.92,1086.0,62.1,5.0,251600.0
Mercedes-Benz Gl-Class 2007 2012 350 Cdi Luxury,Nairobi,2015,55000,Diesel,Automatic,First,12.0,2987.0,224.0,7.0,7696000.0
Maruti Alto Lxi Bsii,Eldoret,2003,69966,Petrol,Manual,First,19.7,796.0,46.3,5.0,140600.0
Honda City I Vtec Vx Option,Nairobi,2016,42000,Petrol,Manual,First,17.8,1497.0,117.3,5.0,1369000.0
Hyundai Santa Fe 2Wd At,Nakuru,2014,48000,Diesel,Automatic,First,13.01,2199.0,194.3,7.0,2405000.0
Mercedes-Benz Gla Class 200 Cdi Sport,Kisumu,2015,35000,Diesel,Automatic,First,17.9,2143.0,136.0,5.0,3106520.0
Toyota Innova 2.5 G4 Diesel 8-Seater,Mombasa,2005,128000,Diesel,Manual,Second,12.8,2494.0,102.0,8.0,629000.0
Bmw 3 Series 320D Sedan,Nakuru,2008,78000,Diesel,Automatic,Second,16.07,1995.0,181.0,5.0,1065600.0
Maruti Swift Zxi,Kisumu,2011,53080,Petrol,Manual,First,18.6,1197.0,85.8,5.0,651200.0000000001
Volkswagen Vento Petrol Highline,Eldoret,2011,66000,Petrol,Manual,Second,15.04,1598.0,103.6,5.0,629000.0
Maruti Ertiga Vxi,Thika,2012,25000,Petrol,Manual,First,16.02,1373.0,93.7,7.0,791800.0
Hyundai Grand I10 At Asta,Naivasha,2016,36139,Petrol,Automatic,Second,18.9,1197.0,82.0,5.0,932400.0
Hyundai Creta 1.6 Crdi Sx,Nairobi,2017,44000,Diesel,Manual,First,19.67,1582.0,126.2,5.0,1850000.0
Audi A6 3.0 Tdi Quattro,Thika,2008,50000,Diesel,Automatic,Second,16.77,2967.0,241.38,5.0,1110000.0
Mahindra Xuv500 W8 1.99 Mhawk,Nairobi,2016,81177,Diesel,Manual,First,16.0,1997.0,140.0,7.0,1665000.0
Ford Ecosport 1.5 Ti Vct At Titanium Be,Nairobi,2016,26000,Petrol,Automatic,First,16.05,1499.0,110.4,5.0,1132200.0
Hyundai Xcent 1.1 Crdi Base,Nairobi,2016,100000,Diesel,Manual,First,24.4,1120.0,71.0,5.0,666000.0
Volkswagen Vento 1.5 Tdi Comfortline At,Kisumu,2014,75000,Diesel,Automatic,First,21.21,1498.0,103.2,5.0,1110000.0
Mercedes-Benz S-Class 280 At,Mombasa,2004,119859,Petrol,Automatic,First,13.0,2987.0,210.0,5.0,1050800.0
Hyundai I10 Magna,Nairobi,2010,55980,Petrol,Manual,First,20.36,1197.0,78.9,5.0,333000.0
Audi A4 35 Tdi Technology Edition,Kisumu,2015,30000,Diesel,Automatic,First,17.11,1968.0,174.33,5.0,3996000.0
Hyundai I20 Sportz 1.4 Crdi,Eldoret,2012,49700,Diesel,Manual,Second,21.9,1396.0,88.76,5.0,618640.0
Hyundai Verna 1.4 Ex,Mombasa,2013,79000,Diesel,Manual,First,23.5,1396.0,88.7,5.0,962000.0
Honda City 1.5 V Mt,Nairobi,2010,65100,Petrol,Manual,First,17.0,1497.0,118.0,5.0,466200.0
Maruti Ertiga Vdi,Eldoret,2016,54161,Diesel,Manual,First,25.47,1248.0,88.5,7.0,1130720.0
Maruti Alto Lxi Bsii,Kisumu,2011,28619,Petrol,Manual,First,19.7,796.0,46.3,5.0,355200.0
Maruti Wagon R Amt Vxi,Nairobi,2016,9000,Petrol,Automatic,First,20.51,998.0,67.0,5.0,629000.0
Hyundai Verna 1.6 Crdi At Sx,Mombasa,2016,42876,Diesel,Automatic,First,19.08,1582.0,126.2,5.0,1377880.0
Maruti Alto Lxi Bsiii,Nakuru,2011,64000,Petrol,Manual,First,19.7,796.0,46.3,5.0,353720.0
Volkswagen Vento 1.6 Comfortline,Mombasa,2018,20488,Petrol,Manual,Second,16.09,1598.0,103.5,5.0,1130720.0
Maruti Baleno Zeta 1.2,Nairobi,2016,21000,Petrol,Manual,First,21.4,1197.0,83.1,5.0,919080.0
Land Rover Freelander 2 Td4 Se,Nyeri,2012,119203,Diesel,Automatic,First,0.0,2179.0,115.0,5.0,2442000.0
Honda Cr-V 2.0L 2Wd At,Mombasa,2011,55987,Petrol,Automatic,First,13.7,1997.0,153.86,5.0,1216560.0000000002
Toyota Fortuner 2.8 2Wd Mt,Naivasha,2017,72668,Diesel,Manual,First,14.24,2755.0,174.5,7.0,4269800.0
Honda City V At,Nairobi,2015,32000,Petrol,Automatic,First,15.6,1497.0,116.3,5.0,1258000.0
Mercedes-Benz Slk-Class 55 Amg,Nakuru,2014,3000,Petrol,Automatic,Second,12.0,5461.0,421.0,2.0,13320000.0
Honda City I-Vtec S,Nairobi,2015,10400,Petrol,Manual,First,17.4,1497.0,117.3,5.0,963480.0
Maruti Swift Vdi,Nairobi,2013,35000,Diesel,Manual,First,22.9,1248.0,74.0,5.0,688200.0000000001
Toyota Corolla Altis 2008-2013 1.8 Vl At,Mombasa,2013,55101,Petrol,Automatic,First,14.53,1794.0,138.1,5.0,1243200.0
Toyota Etios Cross 1.4L Vd,Nakuru,2014,57464,Diesel,Manual,First,23.59,1364.0,67.06,5.0,851000.0
Maruti Wagon R Lx,Nyeri,2006,110000,Petrol,Manual,First,18.9,998.0,67.1,5.0,164280.00000000003
Fiat Punto 1.2 Dynamic,Mombasa,2017,17941,Petrol,Manual,First,15.7,1493.0,97.7,5.0,581640.0
Mercedes-Benz E-Class 2015-2017 E 200 Cgi,Nairobi,2014,72000,Petrol,Automatic,First,12.0,1991.0,184.0,5.0,2553000.0
Jaguar Xf Aero Sport Edition,Nairobi,2012,16000,Diesel,Automatic,First,16.36,2179.0,187.7,5.0,4736000.0
Hyundai I20 Sportz Petrol,Mombasa,2011,62020,Petrol,Manual,First,17.0,1197.0,80.0,5.0,510600.0
Land Rover Freelander 2 Se,Eldoret,2014,85000,Diesel,Automatic,Second,12.39,2179.0,147.51,5.0,3404000.0
Hyundai Elite I20 Petrol Sportz,Mombasa,2018,14223,Petrol,Manual,First,18.6,1197.0,81.86,5.0,1083360.0
Honda Amaze S I-Vtech,Nyeri,2014,41210,Petrol,Manual,First,18.0,1198.0,86.7,5.0,651200.0000000001
Mercedes-Benz M-Class Ml 350 4Matic,Nakuru,2015,20000,Diesel,Automatic,First,0.0,2987.0,165.0,5.0,7007800.0
Maruti Alto 800 Vxi,Naivasha,2016,18043,Petrol,Manual,First,22.74,796.0,47.3,5.0,609760.0
Toyota Innova Crysta 2.8 Zx At,Mombasa,2016,80000,Diesel,Automatic,First,11.36,2755.0,171.5,7.0,2886000.0
Hyundai Grand I10 At Asta,Kisumu,2016,21000,Petrol,Automatic,First,18.9,1197.0,82.0,5.0,917600.0
Bmw X3 Xdrive30D M Sport,Nakuru,2016,49000,Diesel,Automatic,First,16.55,2993.0,258.0,5.0,6660000.0
Maruti 1000 Ac,Kisumu,1998,104000,Petrol,Manual,Second,15.0,970.0,97.7,5.0,125800.0
Hyundai I20 Magna,Mombasa,2010,95000,Petrol,Manual,Second,18.5,1197.0,80.0,5.0,414400.0
Hyundai Grand I10 At Asta,Eldoret,2015,32000,Petrol,Automatic,First,18.9,1197.0,82.0,5.0,710400.0
Hyundai Santro Xing Xg,Eldoret,2003,80000,Petrol,Manual,Second,17.0,1493.0,97.7,5.0,133200.0
Ford Fiesta 1.5 Tdci Titanium,Kisumu,2014,122800,Diesel,Manual,First,25.01,1498.0,89.75,5.0,836200.0
Mercedes-Benz E-Class 220 Cdi,Thika,2011,78000,Diesel,Manual,Second,15.0,2148.0,97.7,5.0,2146000.0
Maruti Swift Dzire Vdi,Thika,2015,69000,Diesel,Manual,First,26.59,1248.0,74.0,5.0,873200.0
Toyota Etios Vxd,Eldoret,2015,65000,Diesel,Manual,Second,23.59,1364.0,67.04,5.0,740000.0
Hyundai Xcent 1.2 Kappa Base,Thika,2015,23000,Petrol,Manual,First,19.1,1197.0,82.0,5.0,725200.0000000001
Honda Civic 2006-2010 1.8 S Mt,Thika,2009,70000,Petrol,Manual,First,13.5,1799.0,130.0,5.0,629000.0
Toyota Innova 2.5 Gx (Diesel) 8 Seater,Mombasa,2014,250000,Diesel,Manual,First,12.99,2494.0,100.6,8.0,1613200.0
Hyundai Accent Gle,Nairobi,2012,56000,Petrol,Manual,First,13.2,1495.0,94.0,5.0,362600.00000000006
Maruti Alto 800 Lxi,Eldoret,2013,30000,Petrol,Manual,First,22.74,796.0,47.3,5.0,370000.0
Mercedes-Benz Sl-Class Sl 500,Kisumu,2010,35000,Petrol,Automatic,First,8.1,5461.0,387.3,2.0,4366000.0
Ford Ecosport 1.5 Dv5 Mt Titanium Optional,Nyeri,2013,92250,Diesel,Manual,Second,22.7,1498.0,89.84,5.0,851000.0
Hyundai Xcent 1.2 Vtvt E,Eldoret,2018,40000,Petrol,Manual,First,20.14,1197.0,81.86,5.0,740000.0
Skoda Rapid 1.6 Mpi At Ambition Plus,Mombasa,2014,96848,Petrol,Automatic,First,14.3,1598.0,103.6,5.0,683760.0
Audi Q3 2012-2015 35 Tdi Quattro Premium Plus,Nairobi,2016,42000,Diesel,Automatic,First,15.73,1968.0,174.33,5.0,3478000.0
Mahindra Xuv500 W8 2Wd,Kisumu,2013,55886,Diesel,Manual,First,16.0,2179.0,140.0,7.0,1073000.0
Hyundai Verna Vtvt 1.6 Sx Option,Mombasa,2019,12336,Petrol,Manual,First,17.0,1591.0,121.3,5.0,1758240.0
Hyundai Verna Xi (Petrol),Mombasa,2009,60000,Petrol,Manual,Third,13.9,1599.0,103.2,5.0,333000.0
Ford Ikon 1.6 Clxi,Eldoret,2003,83000,Petrol,Manual,Second,14.2,1597.0,92.0,5.0,125800.0
Nissan Micra Active Xv,Eldoret,2018,24000,Petrol,Manual,First,19.69,1198.0,67.04,5.0,592000.0
Honda Brio Vx At,Eldoret,2016,32198,Petrol,Automatic,First,16.5,1198.0,86.8,5.0,754799.9999999999
Toyota Innova 2.5 Gx (Diesel) 7 Seater,Kisumu,2014,92247,Diesel,Manual,First,12.99,2494.0,100.6,7.0,1850000.0
Volkswagen Vento 1.5 Tdi Highline,Mombasa,2011,121311,Diesel,Manual,First,20.64,1498.0,108.5,5.0,429200.0
Mahindra Xuv500 W10 Awd,Naivasha,2016,66296,Diesel,Manual,First,16.0,2179.0,140.0,7.0,2362080.0
Hyundai Xcent 1.2 Kappa At Sx Option,Nairobi,2015,41000,Petrol,Automatic,First,16.9,1197.0,82.0,5.0,806600.0
Ford Endeavour 2.2 Trend Mt 4X4,Mombasa,2017,38681,Diesel,Manual,First,13.5,2198.0,157.7,7.0,3531280.0
Chevrolet Spark 1.0 Lt,Mombasa,2008,43761,Petrol,Manual,First,18.0,995.0,62.0,5.0,259000.0
Maruti Ertiga Shvs Vdi,Kisumu,2017,17400,Diesel,Manual,First,24.52,1248.0,88.5,7.0,1443000.0
Honda Amaze S I-Dtech,Nakuru,2013,61510,Diesel,Manual,First,25.8,1498.0,98.6,5.0,703000.0
Honda City I Vtec S,Nairobi,2014,60000,Petrol,Manual,First,17.4,1497.0,117.3,5.0,925000.0
Mini Cooper Countryman D,Nakuru,2014,35165,Diesel,Automatic,Second,23.8,1998.0,112.0,5.0,3256000.0
Toyota Corolla Altis 2008-2013 1.8 Vl At,Mombasa,2016,41617,Petrol,Automatic,First,14.53,1794.0,138.1,5.0,2092720.0
Hyundai Santro Xing Xl Erlx Euro Iii,Kisumu,2005,45000,Petrol,Manual,First,17.0,1086.0,97.7,5.0,140600.0
Skoda Superb Elegance 1.8 Tsi At,Nairobi,2014,65000,Petrol,Automatic,First,13.7,1798.0,157.75,5.0,1768600.0
Maruti Wagon R Lxi Bs Iv,Nairobi,2011,68000,Petrol,Manual,First,18.9,998.0,67.1,5.0,370000.0
Hyundai I10 Era 1.1,Nairobi,2013,49000,Petrol,Manual,First,19.81,1086.0,68.05,5.0,407000.0
Tata Tiago 1.2 Revotron Xt Option,Naivasha,2019,16698,Petrol,Manual,First,23.84,1199.0,84.0,5.0,865800.0
Maruti Baleno Zeta 1.2,Thika,2016,30965,Petrol,Manual,First,21.4,1197.0,83.1,5.0,925000.0
Volkswagen Vento 1.6 Highline,Nairobi,2014,56058,Petrol,Manual,First,15.04,1598.0,103.2,5.0,732600.0
Hyundai Grand I10 1.2 Kappa Sportz Option,Eldoret,2017,15356,Petrol,Manual,First,18.9,1197.0,81.86,5.0,703000.0
Ford Figo Diesel Exi,Nairobi,2013,54000,Diesel,Manual,First,20.0,1399.0,68.05,5.0,377399.99999999994
Honda Civic 2010-2013 1.8 V At Sunroof,Eldoret,2011,47000,Petrol,Automatic,Second,13.9,1799.0,130.3,5.0,666000.0
Maruti Alto 800 Lxi,Mombasa,2015,21652,Petrol,Manual,First,22.74,796.0,47.3,5.0,445480.0
Land Rover Range Rover Evoque 2.0 Td4 Hse Dynamic,Kisumu,2016,52000,Diesel,Automatic,First,15.68,1999.0,177.0,5.0,6216000.0
Audi A6 2.7 Tdi,Kisumu,2010,35010,Diesel,Automatic,First,12.4,2698.0,179.5,5.0,1702000.0
Mercedes-Benz E-Class 280 Cdi,Kisumu,2006,76662,Diesel,Automatic,First,11.0,2987.0,198.5,5.0,1626520.0
Honda City 1.5 V At Exclusive,Nyeri,2009,89000,Petrol,Automatic,First,17.0,1497.0,118.0,5.0,549080.0
Honda Cr-V 2.4 4Wd At,Nyeri,2006,80000,Petrol,Automatic,Third,10.1,2354.0,152.0,5.0,296000.0
Maruti Ciaz 1.3 Alpha,Mombasa,2018,39023,Diesel,Manual,First,28.09,1248.0,88.5,5.0,1403040.0
Maruti Wagon R Lxi,Nyeri,2004,62000,Petrol,Manual,Second,18.9,998.0,67.1,5.0,185000.0
Hyundai Creta 1.6 Crdi Sx Option,Nyeri,2015,78046,Diesel,Manual,First,19.67,1582.0,126.2,5.0,1613200.0
Maruti Ciaz Vdi Plus Shvs,Kisumu,2015,34400,Diesel,Manual,First,28.09,1248.0,88.5,5.0,814000.0
Hyundai Eon D Lite Plus,Naivasha,2016,64624,Petrol,Manual,First,21.1,814.0,55.2,5.0,549080.0
Maruti Ertiga Vxi,Nairobi,2014,69192,Petrol,Manual,First,16.02,1373.0,93.7,7.0,925000.0
Volkswagen Vento Diesel Highline,Mombasa,2012,55000,Diesel,Manual,First,20.54,1598.0,103.6,5.0,725200.0000000001
Honda City 1.5 Gxi,Nairobi,2005,81000,Petrol,Manual,Second,12.8,1493.0,100.0,5.0,162800.00000000003
Volkswagen Polo Petrol Trendline 1.2L,Mombasa,2016,36733,Petrol,Manual,First,16.47,1198.0,73.9,5.0,698560.0
Maruti Alto 800 2016-2019 Cng Lxi,Mombasa,2017,24310,Cng,Manual,First,33.44,796.0,40.3,4.0,547600.0
Mercedes-Benz Gla Class 200 Cdi,Nairobi,2016,43022,Diesel,Automatic,First,17.9,2143.0,136.0,5.0,3677800.0
Hyundai Santa Fe 4X2,Nyeri,2013,74000,Diesel,Manual,First,14.66,2199.0,194.3,7.0,1813000.0
Maruti Swift Vdi,Kisumu,2014,47000,Diesel,Manual,First,22.9,1248.0,74.0,5.0,577200.0
Hyundai Elite I20 Sportz Plus,Mombasa,2017,37460,Petrol,Manual,First,18.6,1197.0,81.86,5.0,929440.0
Mahindra Xylo E8 Bs Iv,Nairobi,2011,130000,Diesel,Manual,First,14.0,2498.0,112.0,8.0,407000.0
Hyundai Grand I10 Asta Option,Naivasha,2017,31576,Petrol,Manual,First,18.9,1197.0,82.0,5.0,1161800.0
Volkswagen Vento Petrol Highline,Nairobi,2011,66000,Petrol,Manual,First,15.04,1598.0,103.6,5.0,436600.0
Honda Accord 2.4 A/T,Nairobi,2008,79000,Petrol,Automatic,Second,11.7,2354.0,177.6,5.0,717799.9999999999
Mercedes-Benz S-Class S 350 D,Nakuru,2011,47140,Diesel,Automatic,Second,13.5,2925.0,281.61,5.0,4440000.0
Mercedes-Benz B Class B200 Cdi,Nakuru,2016,36610,Diesel,Automatic,First,15.0,2143.0,107.3,5.0,2945199.9999999995
Hyundai Creta 1.6 Sx Option Diesel,Nakuru,2016,93000,Diesel,Manual,First,20.5,1582.0,126.2,5.0,1598400.0
Maruti Alto Lxi,Kisumu,2007,52195,Petrol,Manual,First,19.7,796.0,46.3,5.0,259000.0
Audi A3 35 Tdi Premium,Nairobi,2016,20003,Diesel,Automatic,First,20.38,1968.0,143.0,5.0,2849000.0
Renault Duster 85Ps Diesel Rxl,Nairobi,2013,66314,Diesel,Manual,First,19.87,1461.0,83.8,5.0,814000.0
Ford Fiesta 1.4 Zxi Tdci Abs,Mombasa,2009,76000,Diesel,Manual,First,17.8,1399.0,68.0,5.0,407000.0
Hyundai Creta 1.6 Sx Plus Diesel,Nakuru,2015,29000,Diesel,Manual,First,19.67,1582.0,126.2,5.0,1924000.0
Ford Figo Diesel Zxi,Nairobi,2011,30000,Diesel,Manual,First,20.0,1399.0,68.0,5.0,473600.0
Volkswagen Polo Petrol Highline 1.6L,Naivasha,2013,56526,Petrol,Manual,First,15.26,1598.0,103.5,5.0,864320.0
Volvo V40 D3 R Design,Kisumu,2015,38000,Diesel,Automatic,Second,16.8,1969.0,150.0,5.0,3552000.0
Hyundai Verna Sx Crdi At,Mombasa,2012,41000,Diesel,Automatic,First,19.08,1582.0,126.32,5.0,925000.0
Bmw 7 Series 2007-2012 730Ld,Kisumu,2009,53000,Diesel,Automatic,First,14.49,2993.0,258.0,5.0,5328000.0
Mitsubishi Lancer Glxd,Mombasa,2003,125000,Diesel,Manual,Third,14.8,1998.0,68.0,5.0,444000.0
Toyota Fortuner 3.0 Diesel,Mombasa,2010,242000,Diesel,Manual,First,11.5,2982.0,171.0,7.0,1628000.0
Maruti Ciaz Vdi Plus,Mombasa,2015,90000,Diesel,Manual,First,26.21,1248.0,88.5,5.0,962000.0
Maruti Vitara Brezza Vdi Option,Kisumu,2018,11000,Diesel,Manual,First,24.3,1248.0,88.5,5.0,1391200.0
Bmw 3 Series Luxury Line,Mombasa,2018,21936,Diesel,Automatic,First,21.76,1995.0,190.0,5.0,5612160.0
Volkswagen Vento Petrol Highline At,Eldoret,2013,41000,Petrol,Automatic,First,14.4,1598.0,103.6,5.0,777000.0
Hyundai I20 1.2 Asta,Mombasa,2011,47000,Petrol,Manual,First,17.0,1197.0,80.0,5.0,666000.0
Bmw X5 3.0D,Mombasa,2009,110000,Diesel,Automatic,First,11.0,2993.0,235.0,5.0,2664000.0
Hyundai Xcent 1.2 Kappa S,Naivasha,2015,45960,Petrol,Manual,First,19.1,1197.0,82.0,5.0,822880.0
Mercedes-Benz E-Class 2009-2013 E250 Cdi Blue Efficiency,Nakuru,2013,48000,Diesel,Automatic,First,14.21,2143.0,203.0,5.0,3256000.0
Land Rover Freelander 2 Se,Kisumu,2011,68000,Diesel,Automatic,First,12.39,2179.0,147.51,5.0,3256000.0
Hyundai I10 Magna,Nairobi,2011,41000,Petrol,Manual,First,20.36,1197.0,78.9,5.0,392200.0
Hyundai Verna 1.6 Sx Crdi (O),Nyeri,2013,69573,Diesel,Manual,Second,22.32,1582.0,126.32,5.0,865800.0
Volkswagen Jetta 2012-2014 2.0L Tdi Highline,Mombasa,2012,115000,Diesel,Manual,First,19.33,1968.0,138.1,5.0,1028600.0
Mahindra Xuv500 W8 2Wd,Kisumu,2012,47629,Diesel,Manual,First,15.1,2179.0,140.0,7.0,962000.0
Maruti Omni 8 Seater Bsii,Nyeri,2004,66624,Petrol,Manual,Third,19.7,796.0,35.0,8.0,125800.0
Skoda Superb Style 1.8 Tsi At,Nairobi,2013,80000,Petrol,Automatic,Second,14.67,1798.0,177.46,5.0,1073000.0
Maruti Swift Vdi,Eldoret,2012,94868,Diesel,Manual,First,22.9,1248.0,74.0,5.0,666000.0
Mahindra Scorpio 2.6 Lx,Nairobi,2010,76477,Diesel,Manual,First,10.5,2179.0,120.0,8.0,629000.0
Mercedes-Benz Gla Class 200 Sport Edition,Mombasa,2016,28000,Petrol,Automatic,First,13.7,1991.0,183.0,5.0,3848000.0
Mahindra Thar Crde,Naivasha,2017,28599,Diesel,Manual,First,16.55,2498.0,105.0,6.0,1429680.0
Renault Duster 110Ps Diesel Rxz,Nakuru,2013,45348,Diesel,Manual,Second,19.01,1461.0,108.45,5.0,1013800.0
Audi Q5 2008-2012 2.0 Tdi,Naivasha,2013,80127,Diesel,Automatic,First,12.8,1968.0,167.6,5.0,3504640.0
Land Rover Freelander 2 Se,Nairobi,2013,68000,Diesel,Automatic,Second,12.39,2179.0,147.51,5.0,2331000.0
Volkswagen Vento Diesel Comfortline,Eldoret,2012,75000,Diesel,Manual,Third,20.54,1598.0,103.6,5.0,518000.0
Bmw 5 Series 2003-2012 540I Sedan,Nairobi,2006,48000,Petrol,Automatic,Second,11.62,2979.0,306.0,5.0,1034520.0
Hyundai Elantra Crdi Sx,Naivasha,2019,41871,Diesel,Manual,First,22.7,1582.0,126.2,5.0,2304360.0
Tata Sumo Ex,Naivasha,2015,84931,Diesel,Manual,First,15.3,2956.0,83.8,7.0,782920.0
Datsun Redi-Go T,Kisumu,2016,15000,Petrol,Manual,First,22.7,799.0,53.64,5.0,333000.0
Bmw X5 Xdrive 30D,Mombasa,2009,110000,Diesel,Automatic,First,11.7,2993.0,245.0,5.0,2960000.0
Bmw 6 Series 630I Coupe,Nairobi,2011,5900,Petrol,Automatic,First,7.94,4395.0,450.0,4.0,7030000.0
Maruti Alto Vxi 1.1,Mombasa,2002,103653,Petrol,Manual,Second,18.9,1061.0,47.0,5.0,180560.0
Volkswagen Polo Petrol Comfortline 1.2L,Mombasa,2012,64806,Petrol,Manual,First,16.47,1198.0,73.9,5.0,540200.0
Datsun Go Plus A,Eldoret,2016,35000,Petrol,Manual,First,20.62,1198.0,67.0,7.0,458800.0
Hyundai Creta 1.6 Vtvt S,Nakuru,2016,40000,Petrol,Manual,First,15.29,1591.0,121.3,5.0,1702000.0
Maruti Alto K10 Vxi,Mombasa,2015,23876,Petrol,Manual,First,24.07,998.0,67.1,5.0,512080.0
Hyundai Santa Fe 4X4,Naivasha,2013,67901,Diesel,Manual,First,14.66,2199.0,194.3,7.0,1240240.0000000002
Volkswagen Polo Gt Tdi,Eldoret,2014,68865,Diesel,Manual,First,15.11,1598.0,103.6,5.0,710400.0
Honda Amaze S I-Dtech,Eldoret,2014,71000,Diesel,Manual,Second,25.8,1498.0,98.6,5.0,666000.0
Maruti Esteem Vxi,Mombasa,2004,95000,Petrol,Manual,First,15.9,1298.0,97.7,5.0,118400.0
Maruti Swift Vdi,Kisumu,2014,25000,Diesel,Manual,First,22.9,1248.0,74.0,5.0,584600.0
Skoda Rapid 1.6 Tdi Ambition,Kisumu,2012,180000,Diesel,Manual,First,20.5,1598.0,103.5,5.0,540200.0
Mercedes-Benz E-Class 280 Cdi,Nairobi,2005,131000,Diesel,Automatic,First,11.0,2987.0,198.5,5.0,1480000.0
Mahindra Scorpio Sle Bsiv,Nairobi,2011,65000,Diesel,Manual,Second,12.05,2179.0,120.0,8.0,592000.0
Nissan Sunny 2011-2014 Diesel Xl,Kisumu,2012,117777,Diesel,Manual,First,21.64,1461.0,84.8,5.0,703000.0
Maruti Swift Dzire Vxi,Nakuru,2009,65000,Petrol,Manual,Second,17.5,1298.0,85.8,5.0,458800.0
Hyundai Eon Sportz,Mombasa,2017,46897,Petrol,Manual,First,21.1,814.0,55.2,5.0,534280.0
Honda Brio S Mt,Naivasha,2015,36695,Petrol,Manual,First,19.4,1198.0,86.8,5.0,634920.0
Nissan Micra Xv Primo,Kisumu,2011,43000,Petrol,Manual,First,18.06,1198.0,75.0,5.0,315240.0
Maruti Alto Lxi Bsii,Nairobi,2008,54000,Petrol,Manual,First,19.7,796.0,46.3,5.0,162800.00000000003
Bmw 3 Series 320D,Kisumu,2011,89000,Diesel,Automatic,First,22.69,1995.0,190.0,5.0,2064600.0
Volkswagen Polo 1.2 Mpi Highline,Nairobi,2014,7000,Petrol,Manual,First,16.47,1198.0,74.0,5.0,791800.0
Maruti Celerio Lxi,Kisumu,2014,58470,Petrol,Manual,First,23.1,998.0,67.04,5.0,577200.0
Maruti Wagon R Vxi 1.2,Kisumu,2014,37000,Petrol,Manual,First,21.5,1197.0,81.8,5.0,414400.0
Maruti Ciaz Zdi Plus,Nairobi,2016,29000,Diesel,Manual,First,26.21,1248.0,88.5,5.0,1295000.0
Audi A4 2.0 Tdi,Kisumu,2013,52000,Diesel,Automatic,First,16.55,1968.0,147.51,5.0,2886000.0
Honda Brio S Mt,Kisumu,2013,32807,Petrol,Manual,First,19.4,1198.0,86.8,5.0,407000.0
Mahindra Scorpio Vlx 2Wd At Bsiv,Kisumu,2013,86000,Diesel,Automatic,First,11.79,2179.0,120.0,8.0,1184000.0
Honda City I Dtec V,Nairobi,2014,66500,Diesel,Manual,First,26.0,1498.0,98.6,5.0,843600.0
Bmw X1 Sdrive20D,Thika,2012,94000,Diesel,Automatic,First,17.05,1995.0,184.0,5.0,1850000.0
Chevrolet Spark 1.0 Lt,Mombasa,2011,29000,Petrol,Manual,Second,18.0,995.0,62.0,5.0,259000.0
Ford Figo Diesel Exi,Mombasa,2010,107389,Diesel,Manual,Second,20.0,1399.0,68.0,5.0,281200.0
Maruti Swift Vxi Bsiv,Thika,2015,36100,Petrol,Manual,First,20.4,1197.0,81.8,5.0,666000.0
Mercedes-Benz New C-Class C 220 Cdi Avantgarde,Nairobi,2015,16329,Diesel,Automatic,First,19.27,2143.0,170.0,5.0,4484400.0
Skoda Octavia Elegance 2.0 Tdi At,Kisumu,2014,36000,Diesel,Automatic,First,19.3,1968.0,141.0,5.0,2368000.0
Bmw X3 Xdrive20D Xline,Mombasa,2017,41816,Diesel,Automatic,First,18.56,1995.0,190.0,5.0,4851440.0
Hyundai Eon Era Plus,Nyeri,2015,54680,Petrol,Manual,First,21.1,814.0,55.2,5.0,370000.0
Audi A4 35 Tdi Technology,Kisumu,2017,14000,Diesel,Automatic,First,18.25,1968.0,187.74,5.0,6364000.0
Ford Figo 2015-2019 1.2P Titanium Mt,Mombasa,2017,23977,Petrol,Manual,First,18.16,1196.0,86.8,5.0,796240.0
Maruti Alto K10 2010-2014 Vxi,Kisumu,2013,30131,Petrol,Manual,First,20.92,998.0,67.1,5.0,392200.0
Maruti Alto 800 2016-2019 Vxi,Kisumu,2017,2530,Petrol,Manual,First,24.7,796.0,47.3,5.0,488400.0
Mercedes-Benz New C-Class C 220 Cdi Style,Kisumu,2015,39000,Diesel,Automatic,First,19.27,2143.0,167.62,5.0,5032000.0
Hyundai Santro D Lite,Mombasa,2001,140000,Petrol,Manual,Third,20.3,1086.0,68.0,5.0,103600.0
Hyundai Xcent 1.1 Crdi S,Mombasa,2017,32257,Diesel,Manual,First,24.4,1120.0,71.0,5.0,1010840.0
Honda Amaze S I-Dtech,Mombasa,2016,46983,Diesel,Manual,First,25.8,1498.0,98.6,5.0,853960.0
Maruti Swift Vdi Bsiii,Mombasa,2008,107000,Diesel,Manual,Second,17.8,1248.0,75.0,5.0,458800.0
Volkswagen Polo 1.2 Mpi Comfortline,Nairobi,2017,19000,Petrol,Manual,First,16.2,1199.0,74.0,5.0,732600.0
Audi A4 2.0 Tdi 177 Bhp Premium Plus,Nakuru,2013,88000,Diesel,Automatic,First,17.11,1968.0,174.33,5.0,2405000.0
Land Rover Range Rover 3.6 Tdv8 Vogue Se,Naivasha,2012,84384,Diesel,Automatic,First,10.2,4367.0,308.0,7.0,7775920.0
Mahindra Xuv500 W8 2Wd,Mombasa,2011,128000,Diesel,Manual,Third,16.0,2179.0,140.0,7.0,947200.0
Ford Endeavour 2.5L 4X2,Nakuru,2011,71000,Diesel,Manual,Third,13.1,2499.0,141.0,7.0,1028600.0
Tata Indica V2 Dlx,Kisumu,2008,50000,Diesel,Manual,First,17.2,1396.0,53.5,5.0,125800.0
Maruti Baleno Alpha,Mombasa,2016,16000,Petrol,Manual,First,21.4,1197.0,83.1,5.0,1028600.0
Hyundai Xcent 1.1 Crdi Base,Kisumu,2017,82000,Diesel,Manual,First,24.4,1120.0,71.0,5.0,510600.0
Honda Civic 2006-2010 1.8 S Mt,Nairobi,2008,80000,Petrol,Manual,First,13.5,1799.0,130.0,5.0,407000.0
Hyundai I20 Sportz Option 1.2,Nairobi,2015,36000,Petrol,Manual,Second,18.6,1197.0,81.83,5.0,732600.0
Tata Nexon 1.2 Revotron Xz Plus,Naivasha,2018,17477,Petrol,Manual,First,17.0,1198.0,108.5,5.0,1423759.9999999998
Hyundai I20 Sportz 1.2,Naivasha,2016,16725,Petrol,Manual,First,18.6,1197.0,81.83,5.0,1004920.0
Maruti Swift Dzire Zxi,Nairobi,2014,48241,Petrol,Manual,First,19.1,1197.0,85.8,5.0,666000.0
Maruti Wagon R Lxi,Mombasa,2014,52431,Petrol,Manual,First,22.5,998.0,67.04,5.0,445480.0
Hyundai I20 Sportz 1.4 Crdi,Nakuru,2012,68000,Diesel,Manual,First,21.9,1396.0,88.76,5.0,651200.0000000001
Toyota Fortuner 4X2 At,Kisumu,2012,158000,Diesel,Automatic,First,12.55,2982.0,168.5,7.0,2588519.9999999995
Hyundai I10 Sportz,Naivasha,2014,31446,Petrol,Manual,First,20.36,1197.0,78.9,5.0,689680.0
Hyundai Grand I10 Asta,Mombasa,2015,25000,Petrol,Manual,First,18.9,1197.0,82.0,5.0,814000.0
Hyundai I20 Asta 1.2,Thika,2016,57000,Petrol,Manual,First,18.6,1197.0,81.83,5.0,888000.0
Hyundai Santro Xing Xl At Erlx Euro Ii,Kisumu,2007,76000,Petrol,Automatic,First,17.0,1086.0,97.7,5.0,355200.0
Maruti Vitara Brezza Zdi Plus,Mombasa,2018,57078,Diesel,Manual,First,24.3,1248.0,88.5,5.0,1508120.0
Honda Amaze S I-Dtech,Mombasa,2016,47471,Diesel,Manual,First,25.8,1498.0,98.6,5.0,777000.0
Mercedes-Benz M-Class Ml 250 Cdi,Kisumu,2014,50000,Diesel,Automatic,First,15.26,2143.0,203.2,5.0,6660000.0
Hyundai I20 Sportz Diesel,Thika,2010,62000,Diesel,Manual,First,23.0,1396.0,90.0,5.0,399600.0
Hyundai I10 Era,Naivasha,2013,65807,Petrol,Manual,First,19.81,1086.0,68.05,5.0,501720.0
Maruti Swift Dzire Vdi,Kisumu,2014,81768,Diesel,Manual,First,26.59,1248.0,74.0,5.0,842120.0
Bmw Z4 2009-2013 Roadster 2.5I,Mombasa,2018,9952,Petrol,Automatic,First,10.37,2979.0,306.0,2.0,8663920.0
Maruti Baleno Alpha Diesel,Kisumu,2017,24000,Diesel,Manual,First,27.39,1248.0,74.0,5.0,1243200.0
Chevrolet Beat Diesel,Kisumu,2012,72921,Diesel,Manual,First,25.44,936.0,57.6,5.0,370000.0
Honda Brio V Mt,Eldoret,2012,59000,Petrol,Manual,First,19.4,1198.0,86.8,5.0,481000.0
Ford Figo Diesel Titanium,Nairobi,2014,33000,Diesel,Manual,Second,20.0,1399.0,68.05,5.0,481000.0
Maruti Celerio Vxi At,Eldoret,2016,36789,Petrol,Automatic,First,23.1,998.0,67.04,5.0,629000.0
Mercedes-Benz New C-Class C 220 Cdi Elegance At,Nyeri,2014,41000,Diesel,Automatic,First,14.84,2143.0,170.0,5.0,2738000.0
Hyundai Santro Xing Xl At Erlx Euro Iii,Kisumu,2007,71000,Petrol,Automatic,First,17.0,1086.0,97.7,5.0,355200.0
Honda Brio S Mt,Nyeri,2015,46650,Petrol,Manual,First,19.4,1198.0,86.8,5.0,629000.0
Maruti Baleno Alpha Cvt,Nairobi,2018,3000,Petrol,Automatic,First,21.4,1197.0,83.1,5.0,1309800.0
Hyundai Eon Sportz,Naivasha,2014,14799,Petrol,Manual,First,21.1,814.0,55.2,5.0,612719.9999999999
Toyota Prius 2009-2016 Z4,Nairobi,2011,44000,Electric,Automatic,First,18.15,1798.0,73.0,5.0,1887000.0
Hyundai I20 1.4 Crdi Sportz,Kisumu,2015,68525,Diesel,Manual,First,23.0,1396.0,90.0,5.0,1036000.0
Ford Endeavour 3.2 Titanium At 4X4,Kisumu,2018,15000,Diesel,Automatic,First,10.91,3198.0,197.0,7.0,4884000.0
Honda City I-Vtec Vx,Thika,2017,29000,Petrol,Manual,First,17.4,1497.0,117.3,5.0,1480000.0
Maruti Sx4 Zdi,Mombasa,2012,77407,Diesel,Manual,Second,21.5,1248.0,88.8,5.0,522440.0
Chevrolet Optra Magnum 1.6 Ls Petrol,Nyeri,2007,118000,Petrol,Manual,First,12.9,1598.0,102.5,5.0,199800.0
Volkswagen Vento Diesel Highline,Nairobi,2013,75000,Diesel,Manual,First,20.54,1598.0,103.6,5.0,666000.0
Honda City V Mt,Eldoret,2012,69000,Petrol,Manual,First,16.8,1497.0,116.3,5.0,725200.0000000001
Hyundai Creta 1.6 Crdi Sx Option,Mombasa,2016,52553,Diesel,Manual,First,19.67,1582.0,126.2,5.0,1814480.0
Hyundai Xcent 1.1 Crdi Sx,Nairobi,2014,58000,Diesel,Manual,Second,24.4,1120.0,71.0,5.0,590520.0
Mercedes-Benz Glc 220D 4Matic Style,Nairobi,2017,24000,Diesel,Automatic,First,17.9,2143.0,170.0,5.0,6948600.0
Ford Figo Diesel Exi,Kisumu,2015,65542,Diesel,Manual,First,20.0,1399.0,68.0,5.0,562400.0
Volkswagen Jetta 2007-2011 2.0 Tdi Trendline,Thika,2013,68008,Diesel,Manual,Second,15.0,1896.0,105.0,5.0,999000.0
Mahindra Tuv 300 2015-2019 T8,Naivasha,2017,22251,Diesel,Manual,First,18.49,1493.0,100.0,7.0,1295000.0
Ford Ecosport 1.5 Ti Vct Mt Titanium,Mombasa,2013,55000,Petrol,Manual,Second,15.8,1499.0,110.0,5.0,769600.0
Hyundai Verna 1.6 Sx Vtvt (O),Mombasa,2017,19387,Petrol,Manual,First,17.1,1591.0,121.3,5.0,1246160.0
Maruti Wagon R Lxi Cng,Eldoret,2014,58000,Cng,Manual,First,26.6,998.0,58.16,5.0,444000.0
Hyundai I20 Sportz 1.2,Nairobi,2016,24001,Petrol,Manual,First,18.6,1197.0,81.83,5.0,851000.0
Audi A4 New 2.0 Tdi Multitronic,Kisumu,2008,17000,Diesel,Automatic,First,15.2,1968.0,140.8,5.0,1443000.0
Nissan Micra Active Xv S,Nairobi,2015,28500,Petrol,Manual,First,19.49,1198.0,67.04,5.0,518000.0
Mercedes-Benz M-Class Ml 250 Cdi,Nyeri,2014,66000,Diesel,Automatic,First,15.26,2143.0,203.2,5.0,4440000.0
Land Rover Discovery Sport Td4 S,Nairobi,2017,22000,Diesel,Automatic,First,12.83,2179.0,147.5,5.0,5180000.0
Hyundai Creta 1.6 Sx Option Executive,Naivasha,2018,44383,Petrol,Manual,First,15.8,1591.0,121.3,5.0,1961000.0
Skoda Rapid 1.6 Tdi Active,Nairobi,2013,45000,Diesel,Manual,First,20.5,1598.0,103.5,5.0,540200.0
Maruti Swift Dzire Vdi,Nyeri,2015,58000,Diesel,Manual,First,23.4,1248.0,74.0,5.0,777000.0
Hyundai Creta 1.6 Sx,Nairobi,2016,69000,Petrol,Manual,First,15.8,1591.0,121.3,5.0,1435599.9999999998
Hyundai Grand I10 Crdi Sportz,Naivasha,2017,60993,Diesel,Manual,First,24.0,1120.0,70.0,5.0,771080.0
Mahindra Tuv 300 T8,Eldoret,2016,67000,Diesel,Manual,First,18.49,1493.0,100.0,7.0,932400.0
Hyundai Grand I10 Crdi Sportz,Mombasa,2014,51134,Diesel,Manual,First,24.0,1120.0,70.0,5.0,698560.0
Bmw X5 Xdrive 30D,Mombasa,2011,55000,Diesel,Automatic,Second,11.7,2993.0,245.0,5.0,4144000.0
Maruti Dzire Amt Vdi,Naivasha,2018,25082,Diesel,Automatic,First,28.4,1248.0,73.75,5.0,1238759.9999999998
Toyota Fortuner 4X4 Mt,Nairobi,2012,68350,Diesel,Manual,First,12.55,2982.0,168.5,7.0,2072000.0
Audi A6 2011-2015 35 Tdi Technology,Kisumu,2015,50000,Diesel,Automatic,First,17.68,1968.0,174.33,5.0,5328000.0
Honda Jazz 1.5 V I Dtec,Eldoret,2015,97000,Diesel,Manual,First,27.3,1498.0,98.6,5.0,947200.0
Audi Q7 4.2 Tdi Quattro Technology,Naivasha,2015,56238,Diesel,Automatic,First,11.33,4134.0,335.2,7.0,7650120.0
Mahindra Scorpio 2009-2014 Vlx 2Wd 7S Bsiv,Nyeri,2014,72618,Diesel,Manual,First,12.05,2179.0,120.0,7.0,1184000.0
Chevrolet Cruze Ltz,Kisumu,2012,62005,Diesel,Manual,First,18.3,1991.0,147.9,5.0,1450400.0000000002
Chevrolet Beat Diesel Lt,Kisumu,2012,61250,Diesel,Manual,First,25.44,936.0,57.6,5.0,399600.0
Audi A4 35 Tdi Premium Plus,Naivasha,2014,28469,Diesel,Automatic,First,18.25,1968.0,187.74,5.0,3606760.0
Skoda Rapid 1.6 Mpi At Style,Mombasa,2018,21488,Petrol,Automatic,First,14.3,1598.0,103.52,5.0,1438560.0000000002
Maruti Swift Dzire Vdi,Eldoret,2014,197000,Diesel,Manual,First,23.4,1248.0,74.0,5.0,740000.0
Toyota Fortuner 3.0 Diesel,Eldoret,2009,138205,Diesel,Manual,Second,11.5,2982.0,171.0,7.0,1554000.0
Maruti Swift Vdi,Nyeri,2012,160000,Diesel,Manual,Second,22.9,1248.0,74.0,5.0,577200.0
Honda City 1.5 V Mt Exclusive,Naivasha,2012,67590,Petrol,Manual,First,17.0,1497.0,118.0,5.0,836200.0
Mercedes-Benz M-Class Ml 250 Cdi,Nairobi,2012,52000,Diesel,Automatic,First,15.26,2143.0,203.2,5.0,4432600.0
Maruti Swift Ldi Bsiii,Nakuru,2008,100000,Diesel,Manual,Second,17.8,1248.0,75.0,5.0,444000.0
Ford Aspire Titanium Diesel,Kisumu,2017,60048,Diesel,Manual,First,26.1,1498.0,99.0,5.0,888000.0
Hyundai I10 Sportz,Nairobi,2009,48000,Petrol,Manual,First,20.36,1197.0,78.9,5.0,312280.0
Fiat Punto 1.4 Emotion,Kisumu,2010,47000,Petrol,Manual,First,14.6,1493.0,97.7,5.0,220520.0
Maruti Alto Lxi,Nyeri,2011,100000,Petrol,Manual,First,19.7,796.0,46.3,5.0,222000.0
Toyota Etios Liva Gd,Naivasha,2013,62601,Diesel,Manual,First,23.59,1364.0,97.7,5.0,691160.0
Maruti Swift Vxi Bsiv,Nakuru,2006,80010,Petrol,Manual,Second,20.4,1197.0,81.8,5.0,421800.0
Mercedes-Benz New C-Class C 220 Cdi Avantgarde,Naivasha,2017,26493,Diesel,Automatic,First,19.27,2143.0,170.0,5.0,4978720.0
Tata Indica V2 Dle Bsiii,Kisumu,2011,96000,Diesel,Manual,Second,17.88,1396.0,52.8,5.0,134680.0
Maruti Alto 800 Vxi,Nyeri,2014,45700,Petrol,Manual,Second,22.74,796.0,47.3,5.0,358160.0
Skoda Superb 2.8 V6 At,Kisumu,2005,13000,Petrol,Automatic,First,9.3,2771.0,193.1,5.0,481000.0
Volkswagen Polo Petrol Comfortline 1.2L,Kisumu,2013,38000,Petrol,Manual,First,16.47,1198.0,73.9,5.0,414400.0
Maruti Dzire Amt Zxi Plus,Naivasha,2019,8018,Petrol,Automatic,First,22.0,1197.0,81.8,5.0,1228400.0000000002
Mahindra Scorpio Vlx,Nakuru,2010,144400,Diesel,Manual,Third,12.05,2179.0,120.0,8.0,777000.0
Maruti Swift Vdi Bsiii,Nyeri,2010,152000,Diesel,Manual,First,17.8,1248.0,75.0,5.0,429200.0
Bmw 3 Series 320D Prestige,Eldoret,2013,71000,Diesel,Automatic,First,18.88,1995.0,184.0,5.0,2220000.0
Tata Nano Std Se,Nyeri,2012,80000,Petrol,Manual,Second,25.4,624.0,37.5,4.0,78440.0
Toyota Innova 2.5 Vx (Diesel) 8 Seater,Nairobi,2014,87143,Diesel,Manual,First,12.99,2494.0,100.0,8.0,1850000.0
Honda Brio S Option Mt,Nairobi,2012,25000,Petrol,Manual,First,18.4,1198.0,86.8,5.0,407000.0
Tata Tiago Amt 1.2 Revotron Xza,Eldoret,2018,2000,Petrol,Automatic,First,23.84,1199.0,83.83,5.0,740000.0
Mahindra Scorpio Sle Bsiv,Mombasa,2014,45239,Diesel,Manual,First,12.05,2179.0,120.0,8.0,1049320.0
Bmw 5 Series 2003-2012 525D,Kisumu,2011,101999,Diesel,Automatic,First,16.73,1995.0,218.0,5.0,2958519.9999999995
Toyota Corolla Altis D-4D Gl,Nairobi,2014,74219,Diesel,Manual,First,21.43,1364.0,87.2,5.0,1591000.0
Honda City I Vtec Cvt Vx,Nairobi,2016,25000,Petrol,Automatic,First,18.0,1497.0,117.3,5.0,1398599.9999999998
Hyundai Verna Crdi 1.6 Sx Option,Kisumu,2008,109606,Diesel,Manual,First,22.0,1582.0,126.2,5.0,429200.0
Maruti Swift Dzire Vdi Optional,Kisumu,2015,36000,Diesel,Manual,First,26.59,1248.0,74.0,5.0,695600.0
Maruti Ciaz Zxi,Naivasha,2016,41810,Petrol,Manual,First,20.73,1373.0,91.1,5.0,1052280.0
Ford Ecosport 1.5 Dv5 Mt Titanium,Nyeri,2014,93321,Diesel,Manual,First,22.7,1498.0,89.84,5.0,925000.0
Maruti Alto K10 2010-2014 Vxi,Kisumu,2011,81000,Petrol,Manual,First,20.92,998.0,67.1,5.0,325600.00000000006
Honda Amaze V Cvt Petrol,Mombasa,2019,25717,Petrol,Automatic,First,19.0,1199.0,88.76,5.0,1311280.0
Mahindra Xuv500 W6 2Wd,Nairobi,2015,37000,Diesel,Manual,First,15.1,2179.0,140.0,7.0,1376400.0000000002
Mahindra Tuv 300 2015-2019 T8,Naivasha,2017,56380,Diesel,Manual,First,18.49,1493.0,100.0,7.0,1120360.0
Honda Jazz Vx,Mombasa,2017,8000,Petrol,Manual,First,18.2,1199.0,88.7,5.0,1169200.0
Maruti Swift Vxi Bsiii W/ Abs,Mombasa,2018,14589,Petrol,Manual,First,16.1,1298.0,88.2,5.0,836200.0
Volkswagen Polo Petrol Highline 1.2L,Nairobi,2013,65088,Petrol,Manual,First,16.47,1198.0,73.9,5.0,481000.0
Hyundai Creta 1.6 Sx Option Diesel,Naivasha,2019,24864,Diesel,Manual,First,20.5,1582.0,126.2,5.0,2407960.0
Chevrolet Beat Ls,Naivasha,2011,64831,Petrol,Manual,First,18.6,1199.0,79.4,5.0,475080.0
Honda Amaze Vx I-Dtec,Kisumu,2013,38001,Diesel,Manual,First,25.8,1498.0,98.6,5.0,577200.0
Mercedes-Benz E-Class 230 E At,Nairobi,2008,77000,Petrol,Automatic,Second,10.0,2496.0,157.7,5.0,962000.0
Bmw 5 Series 530D M Sport,Kisumu,2016,27000,Diesel,Automatic,First,18.59,2993.0,265.0,5.0,7104000.0
Audi A3 35 Tdi Premium Plus,Nairobi,2016,39000,Diesel,Automatic,First,20.38,1968.0,143.0,5.0,2797199.9999999995
Maruti Swift Dzire Vdi,Eldoret,2015,131000,Diesel,Manual,First,26.59,1248.0,74.0,5.0,532800.0
Maruti Swift Dzire Vdi,Kisumu,2015,43000,Diesel,Manual,First,26.59,1248.0,74.0,5.0,814000.0
Toyota Innova 2.5 V Diesel 7-Seater,Eldoret,2011,68000,Diesel,Manual,Second,12.8,2494.0,102.0,7.0,1036000.0
Bmw X3 Xdrive20D,Nakuru,2016,45165,Diesel,Automatic,First,16.09,1995.0,184.0,5.0,6179000.0
Bmw 5 Series 2003-2012 525D,Kisumu,2007,120000,Diesel,Automatic,First,16.73,1995.0,218.0,5.0,1554000.0
Mahindra Xuv500 W8 2Wd,Naivasha,2014,86091,Diesel,Manual,First,15.1,2179.0,140.0,7.0,1493320.0
Honda City 1.5 S Mt,Nairobi,2009,71499,Petrol,Manual,First,17.0,1497.0,118.0,5.0,444000.0
Force One Lx 4X4,Mombasa,2014,50000,Diesel,Manual,First,17.0,2200.0,139.01,7.0,1776000.0
Volkswagen Polo 1.5 Tdi Comfortline,Nyeri,2015,66000,Diesel,Manual,First,20.14,1498.0,88.0,5.0,726680.0
Honda Jazz S,Kisumu,2010,45000,Petrol,Manual,First,16.0,1198.0,90.0,5.0,296000.0
Toyota Etios Liva Gd Sp,Kisumu,2015,69189,Diesel,Manual,First,23.59,1364.0,67.06,5.0,784400.0
Nissan Terrano Xv Premium 110 Ps,Nairobi,2014,40206,Diesel,Manual,First,19.01,1461.0,108.5,5.0,1068560.0
Bmw X3 Xdrive 20D Xline,Mombasa,2017,36723,Diesel,Automatic,First,18.56,1995.0,190.0,5.0,4820360.0
Hyundai I20 1.2 Magna,Nairobi,2010,57500,Petrol,Manual,First,18.5,1197.0,80.0,5.0,407000.0
Maruti Eeco 5 Str With Ac Plus Htr Cng,Mombasa,2018,43912,Cng,Manual,First,15.1,1196.0,73.0,5.0,640840.0
Ford Fiesta Exi 1.4 Tdci Ltd,Kisumu,2011,52000,Diesel,Manual,First,17.8,1399.0,68.0,5.0,555000.0
Honda City 1.5 V At,Mombasa,2014,60952,Petrol,Automatic,First,16.8,1497.0,118.0,5.0,874680.0
Maruti Swift Vdi Bsiv,Mombasa,2013,87192,Diesel,Manual,First,25.2,1248.0,74.0,5.0,643799.9999999999
Hyundai Grand I10 Crdi Sportz Edition,Nairobi,2014,58000,Diesel,Manual,First,24.0,1120.0,70.0,5.0,481000.0
Audi Q7 45 Tdi Quattro Technology,Eldoret,2017,59500,Diesel,Automatic,First,14.75,2967.0,245.0,7.0,10064000.0
Volkswagen Ameo 1.2 Mpi Highline 16 Alloy,Nairobi,2016,16650,Petrol,Manual,First,17.0,1198.0,74.0,5.0,814000.0
Honda City I Vtec Cvt Vx,Mombasa,2018,34696,Petrol,Automatic,First,18.0,1497.0,117.3,5.0,1787840.0
Maruti Baleno Alpha 1.3,Mombasa,2018,42243,Diesel,Manual,First,27.39,1248.0,74.0,5.0,1107040.0
Hyundai Grand I10 Crdi Sportz,Nyeri,2016,57824,Diesel,Manual,First,24.0,1120.0,70.0,5.0,814000.0
Maruti Swift Dzire Vdi,Nyeri,2011,110000,Diesel,Manual,First,19.3,1248.0,73.9,5.0,518000.0
Maruti Swift 1.3 Vxi,Nairobi,2006,63000,Petrol,Manual,First,16.1,1493.0,97.7,5.0,236800.0
Land Rover Freelander 2 Td4 Hse,Nairobi,2013,72000,Diesel,Automatic,First,0.0,2179.0,115.0,5.0,2294000.0
Toyota Fortuner 3.0 Diesel,Kisumu,2013,63455,Diesel,Manual,First,11.5,2982.0,171.0,7.0,2812000.0
Honda Jazz Vx Diesel,Kisumu,2017,17151,Diesel,Manual,First,27.3,1498.0,98.6,5.0,1243200.0
Maruti Vitara Brezza Ldi Option,Eldoret,2016,31001,Diesel,Manual,First,24.3,1248.0,88.5,5.0,1073000.0
Maruti Swift Dzire Vdi,Kisumu,2014,42109,Diesel,Manual,First,23.4,1248.0,74.0,5.0,629000.0
Skoda Rapid 1.5 Tdi At Elegance,Nairobi,2015,55000,Diesel,Automatic,Second,21.66,1498.0,103.52,5.0,843600.0
Land Rover Freelander 2 Td4 Se,Kisumu,2013,46000,Diesel,Automatic,Second,0.0,2179.0,115.0,5.0,3848000.0
Maruti Alto 800 Lxi,Kisumu,2013,30852,Petrol,Manual,First,22.74,796.0,47.3,5.0,368520.00000000006
Volkswagen Polo Petrol Highline 1.2L,Eldoret,2011,65000,Petrol,Manual,Second,16.47,1198.0,73.9,5.0,444000.0
Honda City I Dtec Sv,Nairobi,2015,65000,Diesel,Manual,First,26.0,1498.0,98.6,5.0,880600.0
Maruti Swift Dzire Ldi,Nairobi,2013,72000,Diesel,Manual,First,23.4,1248.0,74.0,5.0,398120.0
Audi A4 2.0 Tdi 177 Bhp Technology Edition,Nakuru,2014,29000,Diesel,Automatic,First,17.11,1968.0,174.33,5.0,3848000.0
Honda City I Vtec Vx,Kisumu,2015,32000,Petrol,Manual,First,17.8,1497.0,117.3,5.0,814000.0
Ford Figo Aspire 1.2 Ti-Vct Ambiente,Mombasa,2016,29875,Petrol,Manual,First,18.16,1196.0,86.8,5.0,717799.9999999999
Maruti Vitara Brezza Ldi,Mombasa,2018,32539,Diesel,Manual,First,24.3,1248.0,88.5,5.0,1241720.0
Renault Duster 110Ps Diesel Rxl,Kisumu,2015,83090,Diesel,Manual,First,19.01,1461.0,108.45,5.0,1182520.0
Hyundai I20 Active 1.4 Sx,Kisumu,2016,62679,Diesel,Manual,First,21.19,1396.0,88.73,5.0,1028600.0
Mahindra Logan Petrol 1.4 Gle,Nairobi,2010,93000,Petrol,Manual,First,15.7,1390.0,75.0,5.0,222000.0
Honda City Zx Gxi,Nairobi,2006,44000,Petrol,Manual,First,17.7,1497.0,78.0,5.0,229400.0
Ford Figo Petrol Exi,Nakuru,2010,78400,Petrol,Manual,Second,15.6,1196.0,70.0,5.0,407000.0
Renault Duster Petrol Rxl,Nairobi,2014,71300,Petrol,Manual,First,13.06,1598.0,102.53,5.0,629000.0
Hyundai I10 Sportz 1.2,Kisumu,2015,18000,Petrol,Manual,First,20.36,1197.0,78.9,5.0,421800.0
Land Rover Discovery Sport Td4 Hse 7S,Naivasha,2019,24013,Diesel,Automatic,First,12.81,1999.0,148.31,7.0,8308720.0
Audi Q5 2008-2012 2.0 Tfsi Quattro,Thika,2009,99100,Petrol,Automatic,Second,9.74,1984.0,208.0,5.0,1480000.0
Maruti Versa Dx2 Bs Ii,Nairobi,2003,62000,Petrol,Manual,Second,11.3,1298.0,83.1,8.0,185000.0
Maruti Swift Dzire Zdi,Kisumu,2017,14000,Diesel,Manual,First,26.59,1248.0,74.0,5.0,1110000.0
Audi A4 2.0 Tdi Premium Sport Limited Edition,Naivasha,2015,44811,Diesel,Automatic,First,17.11,1968.0,174.33,5.0,3819880.0
Volkswagen Polo 1.2 Mpi Comfortline,Thika,2014,44000,Petrol,Manual,First,16.47,1198.0,74.0,5.0,636400.0
Toyota Fortuner 3.0 Diesel,Mombasa,2010,136000,Diesel,Manual,Second,11.5,2982.0,171.0,7.0,1628000.0
Toyota Fortuner 3.0 Diesel,Nyeri,2010,144113,Diesel,Manual,Second,11.5,2982.0,171.0,7.0,1739000.0
Honda Accord 2.4 Mt,Naivasha,2012,94989,Petrol,Manual,First,12.8,2354.0,177.6,5.0,973840.0
Maruti Swift Zdi,Mombasa,2012,58133,Diesel,Manual,First,22.9,1248.0,74.0,5.0,710400.0
Skoda Fabia 1.2 Mpi Classic,Eldoret,2008,61000,Petrol,Manual,Second,17.5,1198.0,70.0,5.0,244200.0
Jeep Compass 2.0 Sport,Kisumu,2017,27000,Diesel,Manual,First,17.1,1956.0,170.0,5.0,2220000.0
Tata Nano Twist Xt,Thika,2014,18050,Petrol,Manual,Second,25.4,624.0,37.5,4.0,148000.0
Ford Fiesta 1.6 Zxi Abs,Kisumu,2007,145277,Petrol,Manual,First,15.3,1596.0,101.0,5.0,244200.0
Maruti Celerio Zdi,Thika,2015,42000,Diesel,Manual,First,27.62,793.0,47.0,5.0,532800.0
Toyota Fortuner 3.0 Diesel,Nairobi,2011,86000,Diesel,Manual,First,11.5,2982.0,171.0,7.0,1702000.0
Maruti Celerio Zdi,Thika,2015,42150,Diesel,Manual,First,27.62,793.0,47.0,5.0,532800.0
Hyundai Eon Era Plus,Eldoret,2015,30158,Petrol,Manual,First,21.1,814.0,55.2,5.0,451400.0
Ford Fiesta Diesel Trend,Nakuru,2011,47000,Diesel,Manual,Second,23.5,1498.0,90.0,5.0,888000.0
Volkswagen Polo 1.2 Mpi Comfortline,Thika,2013,39000,Petrol,Manual,First,16.47,1198.0,74.0,5.0,555000.0
Volkswagen Polo 1.2 Mpi Comfortline,Naivasha,2016,32125,Petrol,Manual,First,16.2,1199.0,74.0,5.0,913160.0
Maruti Vitara Brezza Zdi,Naivasha,2017,58829,Diesel,Manual,First,24.3,1248.0,88.5,5.0,1339400.0000000002
Honda Brio S Mt,Naivasha,2013,67559,Petrol,Manual,First,19.4,1198.0,86.8,5.0,599400.0
Maruti Swift Dzire Vxi,Eldoret,2013,55000,Petrol,Manual,First,17.5,1298.0,85.8,5.0,629000.0
Maruti Celerio Lxi Mt,Kisumu,2018,30000,Petrol,Manual,First,23.1,998.0,67.04,5.0,555000.0
Hyundai Creta 1.6 Sx Plus Petrol Automatic,Nairobi,2016,28000,Petrol,Automatic,First,13.0,1591.0,121.3,5.0,1753800.0
Ford Ecosport 1.5 Dv5 Mt Titanium,Mombasa,2016,31826,Diesel,Manual,First,22.7,1498.0,89.84,5.0,1219520.0
Maruti Swift Vdi Bsiv W Abs,Kisumu,2016,64000,Diesel,Manual,First,17.8,1248.0,97.7,5.0,886520.0
Honda Cr-V Rvi Mt,Nyeri,2008,100009,Petrol,Manual,Second,13.1,1997.0,141.1,5.0,962000.0
Land Rover Discovery Sport Sd4 Hse Luxury 7S,Naivasha,2019,17201,Diesel,Automatic,First,12.51,2179.0,187.7,7.0,8718680.0
Mahindra Xuv500 W8 2Wd,Nairobi,2014,74345,Diesel,Manual,First,15.1,2179.0,140.0,7.0,1184000.0
Volkswagen Polo 1.2 Mpi Highline,Mombasa,2015,58134,Petrol,Manual,First,16.47,1198.0,74.0,5.0,686719.9999999999
Hyundai I10 Magna At,Mombasa,2010,30566,Petrol,Automatic,First,19.2,1197.0,80.0,5.0,491360.0
Hyundai I10 Magna 1.2,Mombasa,2012,55231,Petrol,Manual,Second,20.36,1197.0,78.9,5.0,411440.0
Chevrolet Cruze Ltz At,Mombasa,2016,67774,Diesel,Automatic,First,14.81,1998.0,163.7,5.0,1324599.9999999998
Mercedes-Benz E-Class E 200 Cgi,Nairobi,2013,50319,Petrol,Automatic,First,12.0,1991.0,181.03,5.0,3248600.0
Hyundai Sonata 2.4 Gdi,Thika,2013,45000,Petrol,Manual,First,11.7,2359.0,134.0,5.0,1169200.0
Mercedes-Benz New C-Class C 200 Kompressor Elegance At,Kisumu,2007,43627,Petrol,Automatic,First,11.74,1796.0,186.0,5.0,4292000.0
Volkswagen Polo Diesel Trendline 1.2L,Kisumu,2013,45000,Diesel,Manual,First,22.07,1199.0,73.9,5.0,481000.0
Honda City I Vtec Sv,Nairobi,2014,10500,Petrol,Manual,First,17.4,1497.0,117.3,5.0,873200.0
Maruti Vitara Brezza Zdi,Naivasha,2017,21789,Diesel,Manual,First,24.3,1248.0,88.5,5.0,1462240.0000000002
Hyundai Elite I20 Asta Option,Naivasha,2019,21134,Petrol,Manual,First,18.6,1197.0,81.86,5.0,1299439.9999999998
Tata New Safari Dicor Ex 4X2,Kisumu,2011,90000,Diesel,Manual,Second,13.93,2179.0,138.1,7.0,407000.0
Nissan Sunny 2011-2014 Diesel Xl,Mombasa,2014,51553,Diesel,Manual,First,21.64,1461.0,84.8,5.0,885040.0
Bmw 3 Series 330 Ci Convertible,Nairobi,2011,31000,Petrol,Automatic,First,10.9,2497.0,215.0,5.0,4588000.0
Toyota Corolla 1.8 J,Nairobi,2011,67422,Petrol,Manual,Second,14.53,1798.0,138.0,5.0,525400.0
Hyundai Verna 1.6 Sx,Mombasa,2015,60519,Diesel,Manual,First,22.32,1582.0,126.32,5.0,923520.0
Maruti Swift Dzire Vdi,Kisumu,2009,34000,Diesel,Manual,First,19.3,1248.0,73.9,5.0,324120.0
Maruti Dzire Vdi,Kisumu,2013,68434,Diesel,Manual,First,28.4,1248.0,73.75,5.0,814000.0
Maruti Alto K10 Vxi,Eldoret,2014,17000,Petrol,Manual,First,24.07,998.0,67.1,5.0,310800.0
Jaguar Xj 5.0 L V8 Supercharged,Naivasha,2011,43686,Petrol,Automatic,First,10.5,5000.0,503.0,4.0,7497680.0
Mercedes-Benz New C-Class 220 Cdi At,Kisumu,2012,22000,Diesel,Automatic,First,14.84,2143.0,170.0,5.0,2072000.0
Hyundai Verna Crdi 1.6 Sx Option,Nairobi,2013,79225,Diesel,Manual,First,22.0,1582.0,126.2,5.0,814000.0
Chevrolet Aveo 1.6 Lt,Eldoret,2007,63000,Petrol,Manual,Third,14.2,1598.0,102.0,5.0,177600.0
Maruti Swift Vxi Bsiv,Kisumu,2014,61922,Petrol,Manual,First,20.4,1197.0,81.8,5.0,784400.0
Hyundai Verna 1.6 Crdi S,Mombasa,2015,85000,Diesel,Manual,First,23.9,1582.0,126.2,5.0,932400.0
Mercedes-Benz Glc 220D Celebration Edition,Mombasa,2017,26192,Diesel,Automatic,First,17.9,2143.0,168.0,5.0,5989560.0
Toyota Fortuner 4X2 Manual,Nairobi,2013,65000,Diesel,Manual,First,13.0,2982.0,168.5,7.0,2382800.0000000005
Audi Q5 2008-2012 2.0 Tdi,Nairobi,2014,44999,Diesel,Automatic,First,12.8,1968.0,167.6,5.0,3700000.0
Bmw 3 Series 320D Dynamic,Nairobi,2008,81308,Diesel,Automatic,Second,13.2,1995.0,170.0,5.0,1176600.0
Maruti Alto 800 2016-2019 Lxi,Nairobi,2016,35000,Petrol,Manual,First,24.7,796.0,47.3,5.0,392200.0
Maruti Alto K10 2010-2014 Vxi,Naivasha,2012,65349,Petrol,Manual,First,20.92,998.0,67.1,5.0,415880.0
Audi A4 1.8 Tfsi Technology Edition,Kisumu,2012,80000,Petrol,Automatic,First,15.64,1798.0,167.62,5.0,2590000.0
Maruti Swift Vxi Bsiv,Nairobi,2012,61000,Petrol,Manual,First,16.1,1197.0,85.0,5.0,488400.0
Maruti Wagon R Vxi,Mombasa,2019,31817,Petrol,Manual,First,22.5,998.0,67.04,5.0,790320.0
Skoda Rapid 1.5 Tdi Ambition,Kisumu,2016,41000,Diesel,Manual,First,21.14,1498.0,103.52,5.0,1258000.0
Honda Jazz S,Mombasa,2010,82606,Petrol,Manual,Second,16.0,1198.0,90.0,5.0,398120.0
Mahindra Xuv500 W10 2Wd,Thika,2015,52000,Diesel,Manual,First,16.0,2179.0,140.0,7.0,1702000.0
Maruti Ritz Vxi,Naivasha,2011,50318,Petrol,Manual,First,18.5,1197.0,85.8,5.0,600879.9999999999
Mercedes-Benz Gle 250D,Kisumu,2016,50000,Diesel,Automatic,First,17.9,2143.0,201.15,5.0,7252000.0
Skoda Rapid 1.6 Tdi Ambition,Nakuru,2012,72000,Diesel,Manual,First,20.5,1598.0,103.5,5.0,680799.9999999999
Hyundai Grand I10 Crdi Magna,Nairobi,2015,63776,Diesel,Manual,First,24.0,1120.0,70.0,5.0,586080.0
Hyundai Elite I20 Petrol Asta,Nairobi,2015,28133,Petrol,Manual,First,18.6,1197.0,81.86,5.0,828800.0
Tata Zest Quadrajet 1.3 75Ps Xe,Kisumu,2017,45000,Diesel,Manual,First,22.95,1248.0,74.0,5.0,555000.0
Hyundai I20 Magna 1.4 Crdi,Nyeri,2015,55697,Diesel,Manual,First,22.54,1396.0,88.73,5.0,814000.0
Skoda Rapid 1.6 Tdi Elegance,Nairobi,2012,62000,Diesel,Manual,Second,20.5,1598.0,103.5,5.0,444000.0
Fiat Linea Emotion,Nairobi,2011,48000,Petrol,Manual,First,16.0,1368.0,90.0,5.0,444000.0
Maruti Swift Vxi Bsiii W/ Abs,Eldoret,2010,90246,Petrol,Manual,First,16.1,1298.0,88.2,5.0,436600.0
Tata Indica V2 2001-2011 Els,Kisumu,2015,80500,Diesel,Manual,First,25.0,1396.0,69.0,5.0,362600.00000000006
Mercedes-Benz New C-Class C 220 Cdi Elegance At,Eldoret,2012,119000,Diesel,Automatic,First,14.84,2143.0,170.0,5.0,2070520.0
Mercedes-Benz Gle 350D,Nakuru,2016,28541,Diesel,Automatic,First,11.57,2987.0,254.79,5.0,8991000.0
Hyundai Santro Xing Xp,Kisumu,2008,45500,Petrol,Manual,Second,0.0,1086.0,97.7,5.0,173160.0
Honda City V Mt Avn,Mombasa,2012,41000,Petrol,Manual,Second,16.8,1497.0,116.3,5.0,666000.0
Hyundai I20 Magna,Nairobi,2010,58000,Petrol,Manual,Second,18.5,1197.0,80.0,5.0,370000.0
Toyota Fortuner 4X2 Manual,Mombasa,2015,99000,Diesel,Manual,First,13.0,2982.0,168.5,7.0,3034000.0
Hyundai Grand I10 Magna,Nairobi,2014,31200,Petrol,Manual,First,18.9,1197.0,82.0,5.0,577200.0
Volkswagen Jetta 2007-2011 2.0 Tdi Comfortline,Mombasa,2009,85000,Diesel,Manual,Second,15.0,1896.0,105.0,5.0,518000.0
Ford Ecosport 1.5 Ti Vct At Titanium,Kisumu,2016,60924,Petrol,Automatic,First,15.63,1499.0,110.4,5.0,1228400.0000000002
Hyundai Eon Magna Plus,Mombasa,2012,45000,Petrol,Manual,First,21.1,814.0,55.2,5.0,370000.0
Nissan Micra Xv Cvt,Kisumu,2011,44000,Petrol,Automatic,First,19.15,1198.0,75.94,5.0,392200.0
Honda Jazz 1.2 V Cvt I Vtec,Mombasa,2016,30534,Petrol,Automatic,First,19.0,1199.0,88.7,5.0,1098160.0
Volkswagen Polo 1.2 Mpi Trendline,Mombasa,2016,46399,Petrol,Manual,First,16.47,1198.0,74.0,5.0,685240.0
Maruti Alto Lxi,Kisumu,2008,42000,Petrol,Manual,First,19.7,796.0,46.3,5.0,161320.00000000003
Hyundai Verna 1.6 Sx,Nairobi,2011,67000,Diesel,Manual,First,22.32,1582.0,126.32,5.0,562400.0
Mercedes-Benz E-Class 2009-2013 E 220 Cdi Avantgarde,Nairobi,2013,58000,Diesel,Automatic,First,10.0,2148.0,170.0,5.0,2331000.0
Tata Zest Revotron 1.2 Xt,Naivasha,2015,27000,Petrol,Manual,First,17.57,1193.0,88.7,5.0,779960.0
Honda Brio S Option Mt,Nairobi,2012,39566,Petrol,Manual,Second,18.4,1198.0,86.8,5.0,407000.0
Honda Jazz Vx Diesel,Mombasa,2016,14980,Diesel,Manual,First,27.3,1498.0,98.6,5.0,1095200.0
Maruti Alto K10 Vxi Ags,Nyeri,2017,18491,Petrol,Automatic,First,24.07,998.0,67.1,5.0,577200.0
Maruti Zen Vxi - Bs Iii,Nyeri,2000,90000,Petrol,Manual,Second,17.3,993.0,60.0,5.0,103600.0
Hyundai I20 Sportz 1.4 Crdi,Eldoret,2015,118211,Diesel,Manual,First,22.54,1396.0,88.73,5.0,873200.0
Maruti Sx4 S Cross Ddis 320 Zeta,Naivasha,2016,63316,Diesel,Manual,First,22.7,1598.0,118.0,5.0,1417840.0
Mercedes-Benz E-Class 2009-2013 E250 Cdi Elegance,Nairobi,2014,42000,Diesel,Automatic,First,14.21,2143.0,203.0,5.0,3692600.0
Chevrolet Enjoy Petrol Ls 7 Seater,Mombasa,2015,25648,Petrol,Manual,First,13.7,1399.0,98.82,7.0,634920.0
Mercedes-Benz E-Class 2009-2013 E250 Cdi Blue Efficiency,Nairobi,2011,67612,Diesel,Automatic,Second,14.21,2143.0,203.0,5.0,1702000.0
Mahindra Xuv500 W4,Nairobi,2016,33000,Diesel,Manual,First,16.0,2179.0,140.0,7.0,1428200.0
Hyundai I10 Sportz,Nairobi,2015,20000,Petrol,Manual,First,20.36,1197.0,78.9,5.0,555000.0
Hyundai Getz 1.3 Gls,Eldoret,2007,143000,Petrol,Manual,Second,14.2,1341.0,82.9,5.0,162800.00000000003
Audi Q7 3.0 Tdi Quattro,Naivasha,2014,118218,Diesel,Automatic,First,12.07,2967.0,241.4,7.0,4648680.0
Mahindra Scorpio Sle Bsiv,Eldoret,2012,99000,Diesel,Manual,Third,12.05,2179.0,120.0,8.0,888000.0
Honda Jazz 1.2 Sv I Vtec,Eldoret,2016,22700,Petrol,Manual,First,18.7,1199.0,88.7,5.0,821400.0
Tata Safari Storme 2012-2015 Ex,Nyeri,2017,28000,Diesel,Manual,First,14.0,2179.0,138.1,7.0,1614680.0
Mahindra Xuv500 W6 2Wd,Kisumu,2014,62000,Diesel,Manual,First,15.1,2179.0,140.0,7.0,1073000.0
Volkswagen Polo Diesel Comfortline 1.2L,Kisumu,2012,107023,Diesel,Manual,First,22.07,1199.0,73.9,5.0,577200.0
Maruti Swift Dzire Zdi,Nairobi,2012,71082,Diesel,Manual,First,19.3,1248.0,73.9,5.0,584600.0
Audi Q3 2.0 Tdi,Nairobi,2013,60000,Diesel,Automatic,First,15.73,1968.0,174.33,5.0,3256000.0
Maruti Celerio Zxi,Nairobi,2014,21701,Petrol,Manual,First,23.1,998.0,67.04,5.0,500240.0
Honda City V Mt Exclusive,Nairobi,2011,56000,Petrol,Manual,First,16.8,1497.0,116.3,5.0,510600.0
Hyundai I20 1.2 Spotz,Nairobi,2016,32450,Petrol,Manual,First,18.6,1197.0,81.83,5.0,851000.0
Renault Kwid Rxt,Nyeri,2016,12500,Petrol,Manual,First,25.17,799.0,53.3,5.0,407000.0
Mercedes-Benz Cla 200 Cdi Sport,Mombasa,2019,20483,Diesel,Automatic,First,17.9,2143.0,136.0,5.0,4484400.0
Ford Ecosport 1.5 Dv5 Mt Titanium,Kisumu,2014,45800,Diesel,Manual,First,22.7,1498.0,89.84,5.0,1110000.0
Hyundai I20 Asta 1.2,Naivasha,2015,35441,Petrol,Manual,First,18.6,1197.0,81.83,5.0,1016760.0
Toyota Innova 2.5 Zx Diesel 7 Seater,Nakuru,2015,86398,Diesel,Manual,First,12.99,2494.0,100.6,7.0,2249600.0
Nissan Sunny 2011-2014 Diesel Xl,Mombasa,2012,150000,Diesel,Manual,First,21.64,1461.0,84.8,5.0,518000.0
Maruti Swift Vdi Bsiv,Kisumu,2014,89000,Diesel,Manual,First,25.2,1248.0,74.0,5.0,865800.0
Maruti A-Star Vxi,Kisumu,2010,68375,Petrol,Manual,First,19.0,998.0,66.1,5.0,370000.0
Maruti Swift Zxi,Eldoret,2013,52000,Petrol,Manual,First,18.6,1197.0,85.8,5.0,584600.0
Mercedes-Benz Cla 200 Cdi Sport,Nyeri,2017,39000,Diesel,Automatic,First,17.9,2143.0,136.0,5.0,3996000.0
Maruti Ertiga Zxi,Nakuru,2014,68000,Petrol,Manual,Second,16.02,1373.0,93.7,7.0,999000.0
Maruti Wagon R Lxi,Nyeri,2007,71000,Petrol,Manual,Second,18.9,998.0,67.1,5.0,222000.0
Volkswagen Polo Diesel Trendline 1.2L,Kisumu,2012,72003,Diesel,Manual,First,22.07,1199.0,73.9,5.0,577200.0
Ford Ecosport 1.5 Dv5 Mt Titanium Optional,Kisumu,2014,135670,Diesel,Manual,First,22.7,1498.0,89.84,5.0,969400.0
Honda City I Dtec Vx,Mombasa,2017,65850,Diesel,Manual,First,25.1,1498.0,98.6,5.0,1397120.0
Toyota Corolla Altis 1.8 Gl,Naivasha,2015,53920,Petrol,Manual,First,14.28,1798.0,138.03,5.0,1593960.0
Mahindra Xuv500 W8 2Wd,Thika,2014,58000,Diesel,Manual,First,15.1,2179.0,140.0,7.0,1110000.0
Maruti Alto 800 2016-2019 Vxi,Kisumu,2016,4000,Petrol,Manual,First,24.7,796.0,47.3,5.0,444000.0
Bmw 5 Series 530D M Sport,Mombasa,2010,58000,Diesel,Automatic,First,18.59,2993.0,265.0,5.0,1739000.0
Hyundai Eon D Lite Plus,Mombasa,2016,29832,Petrol,Manual,First,21.1,814.0,55.2,5.0,486920.0
Maruti Swift Dzire Vdi,Mombasa,2016,71156,Diesel,Manual,First,26.59,1248.0,74.0,5.0,962000.0
Maruti Celerio Cng Vxi Mt,Nairobi,2015,64687,Cng,Manual,First,31.79,998.0,58.33,5.0,562400.0
Audi A4 2.0 Tdi,Kisumu,2011,54000,Diesel,Automatic,First,16.55,1968.0,147.51,5.0,2664000.0
Skoda Superb Elegance 1.8 Tsi At,Nakuru,2009,75000,Petrol,Automatic,Second,13.7,1798.0,157.75,5.0,732600.0
Tata Zest Revotron 1.2T Xm,Mombasa,2015,39208,Petrol,Manual,First,17.57,1193.0,88.7,5.0,668959.9999999999
Force One Lx Abs 7 Seating,Kisumu,2014,41000,Diesel,Manual,First,17.0,2149.0,139.07,7.0,1184000.0
Honda City I-Vtec Vx,Naivasha,2013,38622,Petrol,Manual,First,17.4,1497.0,117.3,5.0,926480.0
Nissan Sunny 2011-2014 Xv,Mombasa,2016,18000,Petrol,Manual,First,16.95,1498.0,97.7,5.0,1110000.0
Maruti Swift 1.3 Lxi,Nairobi,2012,52000,Petrol,Manual,First,16.1,1493.0,97.7,5.0,540200.0
Volkswagen Vento Petrol Highline At,Nairobi,2011,45000,Petrol,Automatic,First,14.4,1598.0,103.6,5.0,495800.0
Hyundai Verna 1.6 Sx Vtvt At,Nairobi,2014,48656,Petrol,Automatic,First,15.74,1591.0,121.3,5.0,814000.0
Hyundai Verna Crdi 1.6 At Sx Plus,Nakuru,2012,79000,Diesel,Automatic,First,22.0,1582.0,126.2,5.0,777000.0
Audi A4 2.0 Tdi Multitronic,Nakuru,2012,88000,Diesel,Automatic,First,16.55,1968.0,140.0,5.0,2405000.0
Maruti Sx4 Vxi Bsiv,Nairobi,2009,92000,Petrol,Manual,First,15.5,1586.0,103.3,5.0,399600.0
Ford Endeavour 2.2 Titanium At 4X2,Mombasa,2019,9000,Diesel,Automatic,First,12.62,2198.0,158.0,7.0,4869200.0
Maruti Swift Lxi Bsiv,Naivasha,2008,50121,Petrol,Manual,First,20.4,1197.0,83.11,5.0,504680.0
Hyundai Grand I10 Crdi Magna,Kisumu,2014,79000,Diesel,Manual,First,24.0,1120.0,70.0,5.0,614200.0000000001
Volkswagen Polo 1.5 Tdi Highline,Kisumu,2014,46000,Diesel,Manual,Second,20.14,1498.0,88.8,5.0,873200.0
Mercedes-Benz E-Class 230,Eldoret,2012,100000,Petrol,Automatic,First,10.0,2496.0,157.7,5.0,1702000.0
Hyundai I20 Asta 1.2,Kisumu,2015,41000,Petrol,Manual,First,18.6,1197.0,81.83,5.0,703000.0
Maruti Alto K10 Vxi Ags,Mombasa,2015,25000,Petrol,Automatic,First,24.07,998.0,67.1,5.0,518000.0
Maruti Ertiga Vdi,Eldoret,2014,71899,Diesel,Manual,First,20.77,1248.0,88.76,7.0,1073000.0
Maruti Celerio Vxi At,Nairobi,2016,7100,Petrol,Automatic,First,23.1,998.0,67.04,5.0,643799.9999999999
Renault Kwid Climber 1.0 Amt,Naivasha,2018,38171,Petrol,Automatic,Second,22.5,999.0,67.0,5.0,738520.0
Mahindra Scorpio Sle Bsiv,Nakuru,2013,70359,Diesel,Manual,First,12.05,2179.0,120.0,8.0,1132200.0
Toyota Innova 2.5 Gx (Diesel) 7 Seater Bs Iv,Mombasa,2011,200000,Diesel,Manual,First,12.8,2494.0,102.0,7.0,1332000.0
Volkswagen Polo Diesel Highline 1.2L,Mombasa,2017,26969,Diesel,Manual,First,22.07,1199.0,73.9,5.0,1021200.0
Ford Figo Diesel Zxi,Mombasa,2011,56500,Diesel,Manual,First,20.0,1399.0,68.0,5.0,429200.0
Nissan Terrano Xl Plus 85 Ps,Kisumu,2014,40000,Diesel,Manual,First,20.45,1461.0,83.8,5.0,851000.0
Force One Lx 4X4,Kisumu,2014,41000,Diesel,Manual,First,17.0,2200.0,139.01,7.0,1184000.0
Renault Kwid 1.0 Rxt Optional Amt,Mombasa,2017,53105,Petrol,Automatic,First,22.5,999.0,67.0,5.0,652680.0
Skoda Rapid 1.5 Tdi Elegance,Nairobi,2013,23000,Diesel,Manual,First,21.14,1498.0,103.52,5.0,732600.0
Mahindra Xuv500 At W10 Fwd,Kisumu,2016,80999,Diesel,Automatic,First,16.0,2179.0,140.0,7.0,2131200.0
Ford Figo Diesel Titanium,Mombasa,2012,82000,Diesel,Manual,First,20.0,1399.0,68.05,5.0,436600.0
Mahindra Bolero Zlx,Naivasha,2017,68557,Diesel,Manual,First,15.96,2523.0,62.1,7.0,1204720.0
Volkswagen Vento 1.5 Tdi Highline,Kisumu,2016,34000,Diesel,Manual,First,20.64,1498.0,108.5,5.0,1250599.9999999998
Toyota Innova 2.5 Vx (Diesel) 8 Seater Bs Iv,Eldoret,2015,77000,Diesel,Manual,First,12.99,2494.0,100.0,8.0,1850000.0
Mahindra Xuv500 W8 2Wd,Nairobi,2012,48000,Diesel,Manual,First,15.1,2179.0,140.0,7.0,962000.0
Ford Ecosport 1.5 Ti Vct Mt Titanium,Naivasha,2015,28232,Petrol,Manual,Second,15.8,1499.0,110.0,5.0,1142560.0
Volkswagen Jetta 2012-2014 2.0L Tdi Highline At,Mombasa,2011,110000,Diesel,Automatic,First,16.96,1968.0,138.1,5.0,1184000.0
Tata New Safari Dicor 2.2 Vx 4X4,Mombasa,2009,120000,Diesel,Manual,Second,13.93,2179.0,138.0,7.0,444000.0
Bmw 3 Series 330D Convertible,Nairobi,2013,49000,Diesel,Automatic,First,8.2,2993.0,245.0,4.0,4292000.0
Volkswagen Polo 1.2 Mpi Highline,Kisumu,2014,22000,Petrol,Manual,First,16.47,1198.0,74.0,5.0,608280.0000000001
Hyundai I20 Magna Optional 1.2,Naivasha,2015,14925,Petrol,Manual,First,18.5,1197.0,82.9,5.0,794760.0
Maruti Ertiga Zdi,Nairobi,2013,75000,Diesel,Manual,First,20.77,1248.0,88.8,7.0,969400.0
Honda City I Vtec V,Mombasa,2015,23000,Petrol,Manual,First,17.4,1497.0,117.3,5.0,1036000.0
Honda City 1.5 S Mt,Nairobi,2014,57000,Petrol,Manual,First,17.0,1497.0,118.0,5.0,811040.0
Volkswagen Jetta 2013-2015 2.0L Tdi Highline At,Mombasa,2013,76718,Diesel,Automatic,First,16.96,1968.0,138.03,5.0,963480.0
Honda Amaze Vx I-Dtec,Eldoret,2016,138000,Diesel,Manual,First,25.8,1498.0,98.6,5.0,762200.0000000001
Mahindra Xuv500 W8 2Wd,Kisumu,2013,140000,Diesel,Manual,Second,15.1,2179.0,140.0,7.0,1332000.0
Toyota Corolla Altis Vl,Nairobi,2008,110000,Petrol,Automatic,Second,14.53,1798.0,138.1,5.0,407000.0
Hyundai Santro Xing Xl Erlx Euro Iii,Eldoret,2005,126000,Petrol,Manual,Second,17.0,1086.0,97.7,5.0,177600.0
Bmw 3 Series 320D,Nakuru,2012,73000,Diesel,Automatic,First,22.69,1995.0,190.0,5.0,1850000.0
Ford Ecosport 1.5 Diesel Trend,Mombasa,2017,63423,Diesel,Manual,First,23.0,1498.0,98.96,5.0,1138120.0
Hyundai I20 Asta Optional With Sunroof 1.2,Mombasa,2013,62132,Petrol,Manual,First,18.5,1197.0,82.85,5.0,676360.0
Honda City 1.5 S At,Nairobi,2013,51000,Petrol,Automatic,First,16.8,1497.0,118.0,5.0,666000.0
Maruti Ritz Vdi (Abs) Bs Iv,Kisumu,2015,75000,Diesel,Manual,First,23.2,1248.0,73.94,5.0,725200.0000000001
Hyundai I10 Era 1.1,Kisumu,2008,55410,Petrol,Manual,First,19.81,1086.0,68.05,5.0,244200.0
Chevrolet Sail 1.2 Ls,Nairobi,2015,41000,Petrol,Manual,First,18.2,1199.0,82.4,5.0,481000.0
Hyundai Verna 1.6 Sx Crdi (O),Mombasa,2012,45000,Diesel,Manual,First,22.32,1582.0,126.32,5.0,925000.0
Hyundai Creta 1.6 Sx Option,Mombasa,2018,53322,Petrol,Manual,First,15.8,1591.0,121.3,5.0,1795240.0
Chevrolet Sail 1.2 Ls,Nyeri,2013,48000,Petrol,Manual,First,18.2,1199.0,82.4,5.0,481000.0
Audi Q5 2.0 Tdi,Kisumu,2013,72000,Diesel,Automatic,First,14.16,1968.0,174.3,5.0,4292000.0
Honda City 1.5 V Mt Exclusive,Mombasa,2013,50266,Petrol,Manual,First,17.0,1497.0,118.0,5.0,818440.0
Ford Ecosport 1.5 Petrol Titanium,Kisumu,2017,21800,Petrol,Manual,First,17.0,1497.0,121.36,5.0,1295000.0
Audi Q7 3.0 Tdi Quattro Premium Plus,Nakuru,2014,45000,Diesel,Automatic,Second,12.07,2967.0,241.4,7.0,5609200.0
Hyundai I10 Magna 1.2,Nairobi,2010,62000,Petrol,Manual,First,20.36,1197.0,78.9,5.0,355200.0
Hyundai I20 1.2 Asta,Mombasa,2014,41681,Petrol,Manual,First,17.0,1197.0,80.0,5.0,673400.0
Maruti Swift Dzire 1.2 Vxi Bsiv,Nairobi,2011,69313,Petrol,Manual,Second,17.5,1197.0,85.8,5.0,392200.0
Tata Indica V2 Elx,Eldoret,2017,49000,Diesel,Manual,Second,25.0,1396.0,69.0,5.0,236800.0
Bmw 5 Series 2010-2013 530D,Naivasha,2012,40471,Diesel,Automatic,Second,16.2,2993.0,235.0,5.0,3806560.0
Maruti Swift Vdi,Thika,2013,60000,Diesel,Manual,First,22.9,1248.0,74.0,5.0,614200.0000000001
Ford Freestyle Titanium Plus Petrol,Nyeri,2018,1001,Petrol,Manual,First,19.0,1194.0,94.68,5.0,1070040.0
Hyundai Verna Xxi Abs (Petrol),Nakuru,2008,38000,Petrol,Manual,Second,13.9,1599.0,103.2,5.0,384800.0
Bmw 3 Series 320D Highline,Nairobi,2008,66000,Diesel,Automatic,Second,16.07,1995.0,181.0,5.0,1073000.0
Toyota Innova 2.5 G4 Diesel 8-Seater,Mombasa,2017,33901,Diesel,Manual,First,12.8,2494.0,102.0,8.0,2114920.0
Mercedes-Benz New C-Class C 250 Cdi Elegance,Kisumu,2011,57000,Diesel,Automatic,Second,14.94,2143.0,204.0,5.0,2553000.0
Hyundai Elantra 1.6 Sx,Eldoret,2013,170000,Diesel,Manual,First,22.54,1582.0,126.2,5.0,1110000.0
Maruti Ritz Zdi,Kisumu,2014,60000,Diesel,Manual,First,23.2,1248.0,73.94,5.0,643799.9999999999
Maruti Vitara Brezza Zdi Plus Dual Tone,Eldoret,2016,85000,Diesel,Manual,First,24.3,1248.0,88.5,5.0,1317200.0
Hyundai Xcent 1.2 Kappa S,Kisumu,2016,146000,Petrol,Manual,Second,19.1,1197.0,82.0,5.0,518000.0
Honda City I Dtec V,Kisumu,2014,56002,Diesel,Manual,First,26.0,1498.0,98.6,5.0,902800.0
Renault Kwid Rxt,Nairobi,2016,8554,Petrol,Manual,First,25.17,799.0,53.3,5.0,473600.0
Toyota Etios Cross 1.4L Vd,Nyeri,2014,62322,Diesel,Manual,First,23.59,1364.0,67.06,5.0,725200.0000000001
Maruti Alto K10 Vxi,Mombasa,2015,37929,Petrol,Manual,First,24.07,998.0,67.1,5.0,546120.0
Tata Tiago 1.2 Revotron Xm Option,Mombasa,2016,5400,Petrol,Manual,First,23.84,1199.0,84.0,5.0,589040.0
Hyundai I20 1.4 Crdi Magna,Kisumu,2013,60000,Diesel,Manual,First,21.9,1396.0,90.0,5.0,436600.0
Audi A4 2.0 Tdi,Mombasa,2014,55730,Diesel,Automatic,First,16.55,1968.0,147.51,5.0,2251080.0
Maruti Swift Vdi,Kisumu,2015,62000,Diesel,Manual,First,28.4,1248.0,74.0,5.0,932400.0
Volkswagen Ameo 1.2 Mpi Highline,Mombasa,2017,14576,Petrol,Manual,First,17.0,1198.0,73.75,5.0,990120.0
Honda Brv I-Vtec V Cvt,Nairobi,2017,17000,Petrol,Automatic,First,16.0,1497.0,117.3,7.0,1406000.0
Hyundai I20 Asta,Nairobi,2009,28000,Petrol,Manual,First,17.0,1197.0,80.0,5.0,392200.0
Hyundai Santa Fe 4X4,Thika,2012,58200,Diesel,Manual,First,14.66,2199.0,194.3,7.0,1110000.0
Honda City 1.5 Gxi,Nakuru,2002,53000,Petrol,Manual,Second,0.0,1493.0,97.7,5.0,273800.0
Maruti Celerio Zxi Optional Amt,Mombasa,2018,12278,Petrol,Automatic,First,23.1,998.0,67.04,5.0,833240.0
Hyundai Creta 1.6 Sx,Naivasha,2018,17665,Petrol,Manual,First,15.8,1591.0,121.3,5.0,1743440.0
Tata Indica V2 Dl Bsiii,Kisumu,2004,200000,Diesel,Manual,Second,17.88,1396.0,52.8,5.0,125800.0
Volkswagen Vento Petrol Highline,Nairobi,2011,55893,Petrol,Manual,First,15.04,1598.0,103.6,5.0,495800.0
Maruti Celerio Vxi,Mombasa,2015,60586,Petrol,Manual,First,23.1,998.0,67.04,5.0,608280.0000000001
Mercedes-Benz Cla 200 D Sport Edition,Thika,2015,13500,Diesel,Automatic,First,17.9,2143.0,136.0,5.0,3775480.0
Maruti Alto 800 Lxi,Nyeri,2017,30000,Petrol,Manual,First,22.74,796.0,47.3,5.0,458800.0
Ford Endeavour 3.2 Titanium At 4X4,Nairobi,2018,12000,Diesel,Automatic,First,10.91,3198.0,197.0,7.0,4958000.0
Tata Zest Revotron 1.2T Xe,Kisumu,2017,65000,Petrol,Manual,First,17.57,1193.0,88.7,5.0,710400.0
Volkswagen Vento 1.6 Comfortline,Kisumu,2014,38000,Petrol,Manual,First,16.09,1598.0,103.5,5.0,516520.0
Maruti Ertiga Zxi,Nairobi,2012,25000,Petrol,Manual,Second,17.5,1373.0,91.1,7.0,762200.0000000001
Mercedes-Benz M-Class Ml 350 Cdi Corporate,Nairobi,2011,100000,Diesel,Automatic,First,14.0,2987.0,224.0,5.0,2132680.0
Volkswagen Polo 1.2 Mpi Highline,Nairobi,2014,13710,Petrol,Manual,First,16.2,1199.0,74.0,5.0,703000.0
Toyota Fortuner 4X2 At,Nyeri,2015,100000,Diesel,Automatic,First,12.55,2982.0,168.5,7.0,2812000.0
Maruti Celerio Vxi,Kisumu,2017,17000,Petrol,Manual,First,23.1,998.0,67.04,5.0,725200.0000000001
Bmw 3 Series 320D Corporate Edition,Mombasa,2008,89000,Diesel,Automatic,Second,16.07,1995.0,181.0,4.0,932400.0
Honda City Zx Vtec,Nyeri,2006,100173,Petrol,Manual,Second,16.9,1497.0,100.0,5.0,355200.0
Mitsubishi Cedia Sports,Eldoret,2009,97000,Petrol,Manual,First,13.17,1999.0,114.0,5.0,444000.0
Renault Pulse Petrol Rxl,Nairobi,2016,40190,Petrol,Manual,First,18.06,1198.0,74.93,5.0,629000.0
Volkswagen Polo 1.5 Tdi Highline,Kisumu,2016,29647,Diesel,Manual,First,20.14,1498.0,88.0,5.0,932400.0
Maruti Baleno Rs Petrol,Mombasa,2018,43639,Petrol,Manual,First,21.1,998.0,100.0,5.0,1206200.0
Hyundai I10 Magna,Mombasa,2012,37333,Petrol,Manual,First,20.36,1197.0,78.9,5.0,476560.0
Hyundai I20 1.2 Spotz,Mombasa,2018,48407,Petrol,Manual,First,18.6,1197.0,81.83,5.0,1132200.0
Bmw Z4 2009-2013 35I,Nairobi,2011,25000,Petrol,Automatic,First,10.37,2979.0,306.0,2.0,4440000.0
Hyundai I10 Sportz 1.2,Eldoret,2010,72400,Petrol,Manual,Second,20.36,1197.0,78.9,5.0,340399.99999999994
Mini Cooper S Carbon Edition,Nairobi,2012,18000,Petrol,Automatic,First,13.6,1598.0,181.0,4.0,3256000.0
Honda Brio V Mt,Eldoret,2012,65167,Petrol,Manual,First,19.4,1198.0,86.8,5.0,485440.0
Maruti Ciaz Zxi Option,Mombasa,2016,25418,Petrol,Manual,First,20.73,1373.0,91.2,5.0,1049320.0
Maruti Swift Dzire Zdi,Naivasha,2013,38995,Diesel,Manual,First,19.3,1248.0,73.9,5.0,956080.0
Volkswagen Polo Diesel Comfortline 1.2L,Mombasa,2012,60000,Diesel,Manual,First,22.07,1199.0,73.9,5.0,592000.0
Bmw X1 Sdrive20D,Nairobi,2011,72000,Diesel,Automatic,First,17.05,1995.0,184.0,5.0,1628000.0
Audi Q7 3.0 Tdi Quattro Premium Plus,Naivasha,2016,31075,Diesel,Automatic,Second,12.07,2967.0,241.4,7.0,7368920.0
Ford Figo 1.5D Trend Mt,Kisumu,2015,4311,Diesel,Manual,First,25.83,1498.0,99.0,5.0,710400.0
Bmw 3 Series Luxury Line,Nakuru,2017,21000,Diesel,Automatic,First,21.76,1995.0,190.0,5.0,5180000.0
Mercedes-Benz M-Class Ml 350 Cdi Corporate,Nakuru,2011,54000,Diesel,Automatic,First,14.0,2987.0,224.0,5.0,3254520.0
Maruti Wagon R Lx Bsiii,Nairobi,2007,50000,Petrol,Manual,Second,17.3,1061.0,64.0,5.0,162800.00000000003
Maruti Baleno Zeta 1.2,Nairobi,2018,13000,Petrol,Manual,First,21.4,1197.0,83.1,5.0,976800.0
Maruti Dzire Vxi,Eldoret,2013,74000,Petrol,Manual,First,22.0,1197.0,81.8,5.0,666000.0
Chevrolet Aveo U-Va 1.2 Lt,Eldoret,2009,75000,Petrol,Manual,Second,14.7,1150.0,76.0,5.0,148000.0
Volkswagen Polo 1.5 Tdi Highline,Mombasa,2017,25000,Diesel,Manual,First,20.14,1498.0,88.0,5.0,1021200.0
Land Rover Freelander 2 Td4 Se,Kisumu,2012,139000,Diesel,Automatic,First,0.0,2179.0,115.0,5.0,2479000.0
Audi Q5 30 Tdi Quattro Premium,Nairobi,2015,52000,Diesel,Automatic,First,14.16,1968.0,174.3,5.0,3772520.0
Audi A6 35 Tdi Matrix,Mombasa,2015,20000,Diesel,Automatic,First,18.53,1968.0,187.74,5.0,5254000.0
Hyundai Grand I10 1.2 Crdi Sportz,Mombasa,2018,32663,Diesel,Manual,First,24.0,1186.0,73.97,5.0,929440.0
Mahindra Scorpio Sle Bsiv,Nairobi,2012,76777,Diesel,Manual,Second,12.05,2179.0,120.0,8.0,722240.0
Tata Bolt Quadrajet Xe,Kisumu,2016,100303,Diesel,Manual,First,22.95,1248.0,74.0,5.0,547600.0
Hyundai Eon Era Plus,Mombasa,2015,43993,Petrol,Manual,First,21.1,814.0,55.2,5.0,510600.0
Mahindra Scorpio S8 8 Seater,Mombasa,2016,72118,Diesel,Manual,First,15.4,2179.0,120.0,8.0,1514040.0
Honda Accord 2001-2003 2.0 At,Nakuru,2010,83000,Petrol,Automatic,Second,11.1,2354.0,142.0,5.0,962000.0
Volkswagen Polo 1.2 Mpi Highline,Nairobi,2016,7523,Petrol,Manual,First,16.2,1199.0,74.0,5.0,910200.0
Maruti Eeco 7 Seater Standard,Nairobi,2014,34670,Petrol,Manual,First,15.1,1196.0,73.0,7.0,429200.0
Hyundai Grand I10 Crdi Sportz,Thika,2016,30000,Diesel,Manual,First,24.0,1120.0,70.0,5.0,814000.0
Ford Endeavour 3.2 Titanium At 4X4,Mombasa,2017,17000,Diesel,Automatic,First,10.91,3198.0,197.0,7.0,4588000.0
Hyundai Grand I10 1.2 Crdi Sportz,Nairobi,2015,59261,Diesel,Manual,First,24.0,1186.0,73.97,5.0,629000.0
Maruti Swift Vdi,Mombasa,2016,65210,Diesel,Manual,First,22.9,1248.0,74.0,5.0,811040.0
Hyundai I20 1.2 Asta Option,Nakuru,2016,19000,Petrol,Manual,First,18.6,1197.0,81.83,5.0,1073000.0
Maruti Swift Dzire Vxi,Kisumu,2012,50000,Petrol,Manual,First,17.5,1298.0,85.8,5.0,444000.0
Bmw 3 Series 320D Luxury Line,Kisumu,2015,47000,Diesel,Automatic,First,22.69,1995.0,190.0,5.0,4366000.0
Honda City Zx Gxi,Nairobi,2007,75000,Petrol,Manual,Second,17.7,1497.0,78.0,5.0,220520.0
Hyundai I10 Sportz 1.2 At,Eldoret,2013,54534,Petrol,Automatic,First,16.95,1197.0,78.9,5.0,540200.0
Ford Ecosport Signature Edition Diesel,Thika,2018,13000,Diesel,Manual,First,23.0,1498.0,98.96,5.0,1613200.0
Maruti Celerio Zxi Mt,Nakuru,2015,48808,Petrol,Manual,First,23.1,998.0,67.04,5.0,636400.0
Maruti Ertiga Vdi,Eldoret,2012,63001,Diesel,Manual,Second,20.77,1248.0,88.76,7.0,904280.0
Toyota Innova 2.5 V Diesel 8-Seater,Kisumu,2015,64771,Diesel,Manual,First,12.8,2494.0,102.0,8.0,2294000.0
Honda City I Vtec Sv,Nairobi,2016,34634,Petrol,Manual,First,17.8,1497.0,117.3,5.0,1021200.0
Maruti Swift Dzire Vxi,Nakuru,2012,69242,Petrol,Manual,First,19.1,1197.0,85.8,5.0,694120.0000000001
Maruti Ritz Lxi,Mombasa,2011,33292,Petrol,Manual,First,18.5,1197.0,85.8,5.0,472120.0
Hyundai I20 Sportz At 1.4,Eldoret,2012,55000,Petrol,Automatic,Second,15.0,1396.0,98.6,5.0,555000.0
Hyundai I20 Active Sx Dual Tone Petrol,Eldoret,2019,1000,Petrol,Manual,First,17.19,1197.0,81.86,5.0,1272800.0
Honda City 1.5 E Mt,Mombasa,2011,80000,Petrol,Manual,Second,17.0,1497.0,118.0,5.0,569800.0
Porsche Cayenne S Diesel,Naivasha,2016,65003,Diesel,Automatic,First,13.6,4134.0,382.0,5.0,10038840.0
Honda Amaze Vx I-Vtec,Naivasha,2019,16573,Petrol,Manual,First,17.8,1198.0,86.7,5.0,1377880.0
Honda Civic 2006-2010 1.8 S At,Eldoret,2008,152633,Petrol,Automatic,First,12.9,1799.0,130.0,5.0,444000.0
Hyundai I20 Magna 1.2,Nakuru,2015,53000,Petrol,Manual,First,18.6,1197.0,81.83,5.0,814000.0
Hyundai Creta 1.6 Crdi Sx,Kisumu,2017,50129,Diesel,Manual,First,19.67,1582.0,126.2,5.0,1968400.0
Audi Q3 2012-2015 2.0 Tdi Quattro Premium Plus,Kisumu,2013,63716,Diesel,Automatic,First,15.73,1968.0,174.33,5.0,3404000.0
Maruti Alto 800 2016-2019 Lxi,Nairobi,2018,11000,Petrol,Manual,First,24.7,796.0,47.3,5.0,495800.0
Bmw X1 Sdrive 20D Exclusive,Mombasa,2012,115000,Diesel,Automatic,Third,15.06,1995.0,177.0,5.0,1480000.0
Hyundai I10 Magna,Nairobi,2013,63265,Petrol,Manual,First,20.36,1197.0,78.9,5.0,436600.0
Volkswagen Ameo 1.5 Tdi Highline,Eldoret,2016,20000,Diesel,Manual,First,21.66,1498.0,108.62,5.0,999000.0
Volkswagen Polo Petrol Highline 1.2L,Eldoret,2010,79000,Petrol,Manual,Third,16.47,1198.0,73.9,5.0,361120.0
Maruti Ciaz Vxi Plus,Nairobi,2015,41000,Petrol,Manual,First,20.73,1373.0,91.1,5.0,865800.0
Volkswagen Polo Gt Tsi,Mombasa,2015,26323,Petrol,Automatic,First,17.21,1197.0,103.5,5.0,1095200.0
Hyundai Xcent 1.1 Crdi Base,Eldoret,2016,76000,Diesel,Manual,First,24.4,1120.0,71.0,5.0,562400.0
Honda Civic 2006-2010 1.8 S Mt,Kisumu,2008,69972,Petrol,Manual,First,13.5,1799.0,130.0,5.0,562400.0
Honda City Zx Gxi,Kisumu,2008,69000,Petrol,Manual,First,17.7,1497.0,78.0,5.0,399600.0
Mahindra Bolero Zlx,Nyeri,2016,65000,Diesel,Manual,First,15.96,2523.0,62.1,7.0,1067080.0
Honda City I Vtec V,Kisumu,2016,29512,Petrol,Manual,First,17.4,1497.0,117.3,5.0,1169200.0
Hyundai Xcent 1.2 Crdi S,Kisumu,2017,51000,Diesel,Manual,First,25.4,1186.0,73.97,5.0,621600.0
Renault Duster 110Ps Diesel Rxl,Nairobi,2014,58003,Diesel,Manual,First,19.01,1461.0,108.45,5.0,851000.0
Maruti A-Star At Vxi,Kisumu,2013,56500,Petrol,Automatic,First,16.98,998.0,66.1,5.0,510600.0
Audi A4 2.0 Tdi 177 Bhp Premium Plus,Nakuru,2014,29063,Diesel,Automatic,First,17.11,1968.0,174.33,5.0,3811000.0
Mahindra Xuv500 W8 2Wd,Naivasha,2018,46811,Diesel,Manual,First,16.0,2179.0,140.0,7.0,2455320.0
Renault Pulse Petrol Rxz,Naivasha,2014,31897,Petrol,Manual,First,18.06,1198.0,74.96,5.0,694120.0000000001
Bmw 3 Series 320D,Nairobi,2009,52100,Diesel,Automatic,Second,13.2,1995.0,170.0,5.0,1110000.0
Toyota Innova Crysta 2.4 Gx Mt,Kisumu,2016,73000,Diesel,Manual,First,13.68,2393.0,147.8,7.0,2442000.0
Honda City 1.5 S Mt,Kisumu,2009,31423,Petrol,Manual,First,17.0,1497.0,118.0,5.0,294520.0
Maruti Swift Vdi,Mombasa,2014,75180,Diesel,Manual,First,22.9,1248.0,74.0,5.0,777000.0
Renault Duster 110Ps Diesel Rxz Plus,Nairobi,2013,75000,Diesel,Manual,Second,19.64,1461.0,108.45,5.0,799200.0
Volkswagen Polo 1.2 Mpi Comfortline,Nairobi,2014,15000,Petrol,Manual,First,16.47,1198.0,74.0,5.0,577200.0
Hyundai I20 Active 1.2 S,Nairobi,2015,12000,Petrol,Manual,First,17.19,1197.0,81.86,5.0,858400.0
Bmw 5 Series 2013-2017 520D Luxury Line,Eldoret,2014,32000,Diesel,Automatic,First,18.12,1995.0,190.0,5.0,4514000.0
Maruti Swift Dzire Ldi,Kisumu,2017,44504,Diesel,Manual,First,23.4,1248.0,74.0,5.0,828800.0
Mercedes-Benz M-Class Ml 350 4Matic,Thika,2012,66000,Diesel,Automatic,First,0.0,2987.0,165.0,5.0,3404000.0
Maruti Swift Ldi,Nyeri,2015,39437,Diesel,Manual,First,28.4,1248.0,74.0,5.0,762200.0000000001
Hyundai Verna 1.6 Crdi At Sx Option,Naivasha,2017,36931,Diesel,Automatic,First,19.08,1582.0,126.2,5.0,1403040.0
Tata Nano Xta,Nakuru,2016,17800,Petrol,Automatic,Second,21.9,624.0,37.48,4.0,352240.0
Maruti Swift Dzire Lxi,Kisumu,2009,71346,Petrol,Manual,First,17.5,1298.0,85.8,5.0,562400.0
Hyundai I20 Asta Option 1.2,Nairobi,2015,45000,Petrol,Manual,Second,18.6,1197.0,81.83,5.0,814000.0
Hyundai I20 1.2 Sportz,Kisumu,2010,85155,Petrol,Manual,First,17.0,1197.0,80.0,5.0,525400.0
Maruti Ciaz Zxi,Nairobi,2015,48823,Petrol,Manual,First,20.73,1373.0,91.1,5.0,939800.0
Land Rover Range Rover 2.2L Prestige,Nairobi,2015,37000,Diesel,Automatic,First,12.7,2179.0,187.7,5.0,5328000.0
Tata Indigo Lx Bsii,Kisumu,2005,92000,Diesel,Manual,Second,16.1,1405.0,70.0,5.0,162800.00000000003
Tata Zest Revotron 1.2T Xm,Nairobi,2014,36000,Petrol,Manual,First,17.57,1193.0,88.7,5.0,547600.0
Mahindra Xuv500 W10 1.99 Mhawk,Nairobi,2016,24569,Diesel,Manual,First,16.0,1997.0,140.0,7.0,1998000.0
Honda Accord 2.4 At,Nairobi,2008,95000,Petrol,Automatic,Third,11.7,2354.0,177.6,5.0,421800.0
Tata Nano Twist Xt,Naivasha,2015,25811,Petrol,Manual,Second,25.4,624.0,37.5,4.0,315240.0
Hyundai Elantra Crdi S,Thika,2015,65000,Diesel,Manual,First,22.7,1582.0,126.2,5.0,1147000.0
Tata Indica V2 Els,Mombasa,2017,100400,Diesel,Manual,First,25.0,1396.0,69.0,5.0,421800.0
Honda Amaze S I-Dtech,Nyeri,2014,76414,Diesel,Manual,First,25.8,1498.0,98.6,5.0,732600.0
Mahindra Xuv500 W8 2Wd,Mombasa,2012,82103,Diesel,Manual,First,15.1,2179.0,140.0,7.0,917600.0
Bmw X3 Xdrive 20D Expedition,Eldoret,2013,98000,Diesel,Automatic,First,18.56,1995.0,190.0,5.0,2590000.0
Hyundai Grand I10 1.2 Kappa Magna,Eldoret,2010,45252,Petrol,Manual,First,18.9,1197.0,81.86,5.0,333000.0
Maruti Baleno Zeta 1.2,Nairobi,2017,10300,Petrol,Manual,First,21.4,1197.0,83.1,5.0,999000.0
Hyundai Verna 1.6 Crdi At Sx,Mombasa,2016,42024,Diesel,Automatic,First,19.08,1582.0,126.2,5.0,1440040.0
Maruti Ertiga Vdi,Mombasa,2018,51236,Diesel,Manual,First,25.47,1248.0,88.5,7.0,1256520.0
Mini Cooper S Carbon Edition,Nairobi,2013,52000,Petrol,Automatic,First,13.6,1598.0,181.0,4.0,3700000.0
Maruti Ritz Zdi,Naivasha,2015,42894,Diesel,Manual,First,23.2,1248.0,73.94,5.0,827320.0
Skoda Laura L N K 1.9 Pd At,Nairobi,2011,68000,Diesel,Automatic,First,15.6,1896.0,106.0,5.0,710400.0
Ford Ecosport 1.5 Dv5 Mt Titanium Optional,Nairobi,2014,69000,Diesel,Manual,First,22.7,1498.0,89.84,5.0,806600.0
Hyundai I20 2015-2017 Sportz 1.2,Eldoret,2017,10000,Petrol,Manual,First,18.6,1197.0,81.83,5.0,962000.0
Honda Brio E Mt,Mombasa,2015,16000,Petrol,Manual,First,19.4,1198.0,86.8,5.0,643799.9999999999
Honda Amaze S I-Dtech,Kisumu,2013,46992,Diesel,Manual,First,25.8,1498.0,98.6,5.0,555000.0
Bmw 5 Series 2003-2012 520D,Eldoret,2010,170000,Diesel,Automatic,Third,18.48,1995.0,177.0,5.0,1776000.0
Audi Q7 3.0 Tdi Quattro Premium Plus,Nairobi,2014,58000,Diesel,Automatic,First,12.07,2967.0,241.4,7.0,4736000.0
Hyundai Grand I10 Crdi Magna,Nyeri,2015,50000,Diesel,Manual,Second,24.0,1120.0,70.0,5.0,592000.0
Nissan Micra Diesel Xv,Kisumu,2011,39010,Diesel,Manual,First,23.08,1461.0,63.1,5.0,384800.0
Hyundai Grand I10 Sportz,Nyeri,2016,26946,Petrol,Manual,First,18.9,1197.0,82.0,5.0,658600.0
Hyundai Eon Era,Eldoret,2015,28700,Petrol,Manual,First,21.1,814.0,55.2,5.0,384800.0
Mercedes-Benz New C-Class C250 Avantgarde,Mombasa,2011,60000,Petrol,Automatic,First,11.74,1796.0,186.0,5.0,2368000.0
Land Rover Range Rover 2.2L Pure,Nairobi,2014,38999,Diesel,Automatic,First,12.7,2179.0,187.7,5.0,4810000.0
Mahindra Ssangyong Rexton Rx7,Nairobi,2016,39000,Diesel,Automatic,First,11.18,2696.0,184.0,7.0,2049800.0
Maruti Ciaz 1.4 Delta,Naivasha,2018,7784,Petrol,Manual,First,20.73,1373.0,91.1,5.0,1296480.0
Mercedes-Benz R-Class R350 4Matic Long,Mombasa,2014,45710,Petrol,Automatic,First,11.8,3498.0,272.0,7.0,3504640.0
Maruti Dzire Amt Vxi,Mombasa,2017,42000,Petrol,Automatic,First,22.0,1197.0,81.8,5.0,814000.0
Land Rover Range Rover Vogue Se 4.4 Sdv8,Naivasha,2013,75995,Diesel,Automatic,Second,11.49,4367.0,335.3,5.0,9739880.0
Renault Duster 110Ps Diesel Rxz,Kisumu,2013,57000,Diesel,Manual,First,19.01,1461.0,108.45,5.0,738520.0
Hyundai Verna 1.6 Sx,Mombasa,2013,85350,Diesel,Manual,Second,22.32,1582.0,126.32,5.0,843600.0
Toyota Corolla Altis 1.8 Vl Cvt,Naivasha,2016,82725,Petrol,Automatic,First,14.28,1798.0,138.03,5.0,1774520.0
Bmw 3 Series Sport,Nairobi,2016,19000,Diesel,Automatic,Second,21.76,1995.0,190.0,5.0,4438520.0
Ford Ecosport 1.5 Ti Vct Mt Signature,Mombasa,2018,13900,Petrol,Manual,First,18.88,1499.0,110.4,5.0,1406000.0
Maruti Swift Vdi Bsiv,Kisumu,2014,108000,Diesel,Manual,First,25.2,1248.0,74.0,5.0,814000.0
Hyundai Santa Fe 4X4 At,Nakuru,2016,36000,Diesel,Automatic,First,11.72,2199.0,194.3,7.0,3404000.0
Tata Indica V2 Dls,Kisumu,2013,62188,Diesel,Manual,First,17.2,1396.0,53.5,5.0,436600.0
Hyundai Grand I10 Crdi Sportz,Mombasa,2015,58397,Diesel,Manual,First,24.0,1120.0,70.0,5.0,725200.0000000001
Hyundai Santro Xing Xl,Mombasa,2006,85000,Petrol,Manual,Third,0.0,1086.0,97.7,5.0,192400.0
Maruti Wagon R Vxi Amt,Nairobi,2016,30000,Petrol,Automatic,First,22.5,998.0,67.0,5.0,629000.0
Mahindra Xuv500 W10 2Wd,Mombasa,2018,29907,Diesel,Manual,First,16.0,2179.0,140.0,7.0,2421280.0
Audi A4 2.0 Tdi,Kisumu,2009,46000,Diesel,Automatic,First,16.55,1968.0,147.51,5.0,1472599.9999999998
Volkswagen Vento Diesel Highline,Nakuru,2012,65000,Diesel,Manual,First,20.54,1598.0,103.6,5.0,814000.0
Maruti Vitara Brezza Zdi Plus Dual Tone,Nairobi,2016,22000,Diesel,Manual,First,24.3,1248.0,88.5,5.0,1221000.0
Maruti Zen Lx,Mombasa,2002,99024,Petrol,Manual,First,17.3,993.0,60.0,5.0,140600.0
Hyundai I10 Era,Mombasa,2016,34952,Petrol,Manual,First,19.81,1086.0,68.05,5.0,593480.0
Honda Wr-V Edge Edition I-Vtec S,Mombasa,2019,13913,Petrol,Manual,First,17.5,1199.0,88.7,5.0,1213599.9999999998
Honda City I Dtec Vx,Mombasa,2014,71000,Diesel,Manual,Second,25.1,1498.0,98.6,5.0,917600.0
Toyota Fortuner 4X2 4 Speed At,Mombasa,2012,97000,Diesel,Automatic,First,11.5,2982.0,169.0,7.0,2479000.0
Mahindra Xuv500 At W10 Fwd,Nairobi,2017,21000,Diesel,Automatic,First,16.0,2179.0,140.0,7.0,2442000.0
Ford Endeavour Xlt Tdci 4X4,Nairobi,2007,116000,Diesel,Manual,Third,10.9,2499.0,97.7,7.0,555000.0
Ford Figo Diesel Zxi,Kisumu,2012,110438,Diesel,Manual,First,20.0,1399.0,68.05,5.0,518000.0
Honda Jazz 1.2 V Cvt I Vtec,Naivasha,2017,66507,Petrol,Automatic,Second,19.0,1199.0,88.7,5.0,803640.0
Ford Endeavour 3.2 Titanium At 4X4,Naivasha,2017,54650,Diesel,Automatic,First,10.91,3198.0,197.0,7.0,4491800.0
Nissan Sunny Xl Cvt,Kisumu,2014,32000,Petrol,Automatic,First,17.97,1498.0,99.6,5.0,1182520.0
Skoda Octavia Ambiente 1.9 Tdi Mt,Naivasha,2011,75378,Diesel,Manual,First,18.7,1896.0,66.0,5.0,531320.0
Chevrolet Beat Diesel Lt,Mombasa,2012,82697,Diesel,Manual,First,25.44,936.0,57.6,5.0,281200.0
Toyota Camry W2 (At),Mombasa,2009,135000,Petrol,Automatic,First,12.1,2362.0,164.7,5.0,695600.0
Renault Duster 110Ps Diesel Rxz,Mombasa,2012,149000,Diesel,Manual,First,19.01,1461.0,108.45,5.0,1073000.0
Mercedes-Benz Gla Class 200 D Style,Mombasa,2016,26212,Diesel,Automatic,First,17.9,2143.0,136.0,5.0,3620080.0
Tata Zest Revotron 1.2T Xms,Eldoret,2014,23500,Petrol,Manual,Second,17.57,1193.0,88.7,5.0,577200.0
Hyundai I20 1.2 Magna,Naivasha,2013,56127,Petrol,Manual,First,18.5,1197.0,80.0,5.0,762200.0000000001
Maruti Wagon R Vxi Amt1.2,Nairobi,2015,26000,Petrol,Automatic,First,21.5,1197.0,81.8,5.0,540200.0
Hyundai Xcent 1.2 Crdi S,Kisumu,2016,26000,Diesel,Manual,First,25.4,1186.0,73.97,5.0,740000.0
Honda City 1.5 S Mt,Kisumu,2009,42000,Petrol,Manual,First,17.0,1497.0,118.0,5.0,340399.99999999994
Hyundai Accent Gle,Eldoret,2001,130000,Petrol,Manual,Second,13.2,1495.0,94.0,5.0,111000.0
Hyundai Verna Xi (Petrol),Mombasa,2009,137148,Petrol,Manual,Second,13.9,1599.0,103.2,5.0,273800.0
Ford Figo Petrol Zxi,Kisumu,2010,114703,Petrol,Manual,First,15.6,1196.0,70.0,5.0,266400.0
Honda Amaze S I-Dtech,Mombasa,2014,97439,Diesel,Manual,First,25.8,1498.0,98.6,5.0,652680.0
Maruti Wagon R Lx Bsii,Mombasa,2006,40000,Petrol,Manual,First,18.9,998.0,67.1,5.0,296000.0
Maruti Swift Vdi Bsiv,Kisumu,2014,81609,Diesel,Manual,First,17.8,1248.0,97.7,5.0,821400.0
Mercedes-Benz E-Class Facelift,Nakuru,2014,28000,Diesel,Automatic,First,13.0,2987.0,258.0,5.0,4699000.0
Audi A6 2011-2015 35 Tdi Technology,Nakuru,2015,37500,Diesel,Automatic,First,17.68,1968.0,174.33,5.0,4736000.0
Mercedes-Benz S Class 2005 2013 S 350 Cdi,Kisumu,2010,37000,Diesel,Automatic,First,13.5,2987.0,282.0,5.0,3108000.0
Maruti Swift Dzire Ldi,Thika,2010,83000,Diesel,Manual,First,19.3,1248.0,73.9,5.0,407000.0
Toyota Corolla H2,Naivasha,2005,79012,Petrol,Manual,First,13.4,1794.0,125.0,5.0,390720.0
Mahindra Scorpio S10 7 Seater,Mombasa,2018,27395,Diesel,Manual,First,15.4,2179.0,120.0,7.0,2100120.0
Maruti Wagon R Vxi,Nyeri,2017,35362,Petrol,Manual,First,22.5,998.0,67.04,5.0,569800.0
Toyota Fortuner 4X2 Manual,Nairobi,2014,117000,Diesel,Manual,First,13.0,2982.0,168.5,7.0,2294000.0
Maruti Zen Estilo 1.1 Lx Bsiii,Nairobi,2010,23000,Petrol,Manual,First,18.2,1061.0,64.0,5.0,281200.0
Tata Nano Cx,Mombasa,2014,59508,Petrol,Manual,First,25.4,624.0,37.48,4.0,186480.0
Hyundai I20 Magna,Mombasa,2009,69000,Petrol,Manual,Second,18.5,1197.0,80.0,5.0,355200.0
Bmw 3 Series 320D,Nakuru,2010,58000,Diesel,Automatic,First,22.69,1995.0,190.0,5.0,1702000.0
Mahindra Xuv500 W6 2Wd,Nyeri,2014,88511,Diesel,Manual,First,16.0,2179.0,140.0,7.0,1221000.0
Volkswagen Vento Ipl Ii Petrol Trendline,Eldoret,2011,66000,Petrol,Manual,First,15.8,1598.0,105.0,5.0,407000.0
Skoda Fabia 1.2 Mpi Classic,Nairobi,2009,65000,Petrol,Manual,Second,17.5,1198.0,70.0,5.0,207200.0
Tata Nano Twist Xt,Naivasha,2015,30676,Petrol,Manual,First,25.4,624.0,37.5,4.0,429200.0
Ford Figo Diesel Exi,Mombasa,2011,76000,Diesel,Manual,First,20.0,1399.0,68.0,5.0,355200.0
Volkswagen Vento Ipl Ii Petrol Highline At,Eldoret,2013,23627,Petrol,Automatic,First,14.8,1598.0,105.0,5.0,703000.0
Land Rover Range Rover Hse Dynamic,Mombasa,2018,52827,Diesel,Automatic,First,12.7,2179.0,187.7,5.0,6624480.0
Honda City I Dtec Sv,Mombasa,2015,64465,Diesel,Manual,First,26.0,1498.0,98.6,5.0,920560.0
Renault Kwid Climber 1.0 Amt,Mombasa,2018,14000,Petrol,Automatic,First,22.5,999.0,67.0,5.0,666000.0
Hyundai Grand I10 Asta Option,Nairobi,2015,26000,Petrol,Manual,First,18.9,1197.0,82.0,5.0,629000.0
Chevrolet Cruze Ltz At,Kisumu,2011,78203,Diesel,Automatic,First,18.1,1991.0,147.9,4.0,814000.0
Hyundai I20 1.4 Asta,Nairobi,2017,27000,Diesel,Manual,First,22.54,1396.0,88.73,5.0,1028600.0
Maruti Alto K10 Vxi Ags,Naivasha,2018,31919,Petrol,Automatic,First,24.07,998.0,67.1,5.0,674879.9999999999
Hyundai Creta 1.6 Sx Option Diesel,Naivasha,2016,47392,Diesel,Manual,First,20.5,1582.0,126.2,5.0,2045360.0
Honda Amaze Vx I-Vtech,Nairobi,2016,17362,Petrol,Manual,First,18.0,1198.0,86.7,5.0,836200.0
Hyundai I20 Active 1.4 Sx Dual Tone,Mombasa,2016,49716,Diesel,Manual,First,21.19,1396.0,88.73,5.0,917600.0
Maruti Celerio Vxi,Nairobi,2014,48000,Petrol,Manual,First,23.1,998.0,67.04,5.0,481000.0
Audi A4 2.0 Tdi,Kisumu,2009,46000,Diesel,Automatic,First,16.55,1968.0,147.51,5.0,1258000.0
Hyundai Verna 1.4 Crdi,Nakuru,2016,79000,Diesel,Manual,First,24.8,1396.0,88.7,5.0,1073000.0
Renault Fluence Diesel E4,Eldoret,2013,57000,Diesel,Manual,First,21.8,1461.0,78.0,5.0,682280.0000000001
Volkswagen Polo 1.2 Mpi Highline,Nairobi,2016,29754,Petrol,Manual,First,16.2,1199.0,74.0,5.0,784400.0
Tata Indigo Lx,Thika,2012,50123,Diesel,Manual,First,17.0,1405.0,70.0,5.0,281200.0
Hyundai I10 Sportz,Mombasa,2012,57184,Petrol,Manual,First,20.36,1197.0,78.9,5.0,457320.0
Bmw 7 Series 730Ld Sedan,Nairobi,2007,75000,Diesel,Automatic,Second,16.46,2993.0,258.0,5.0,1406000.0
Hyundai Creta 1.6 Crdi At Sx Plus,Nairobi,2015,26000,Diesel,Automatic,First,17.01,1582.0,126.2,5.0,1872200.0
Hyundai Grand I10 Magna,Nairobi,2016,22129,Petrol,Manual,First,18.9,1197.0,82.0,5.0,629000.0
Maruti Ritz Vdi,Kisumu,2011,127887,Diesel,Manual,First,21.1,1248.0,73.9,5.0,436600.0
Mahindra Scorpio 2.6 Slx Crde,Kisumu,2006,92000,Diesel,Manual,First,10.5,2179.0,120.0,8.0,510600.0
Hyundai I10 Era,Kisumu,2011,60634,Petrol,Manual,First,19.81,1086.0,68.05,5.0,488400.0
Tata Safari Storme 2012-2015 Vx,Kisumu,2014,90000,Diesel,Manual,First,14.0,2179.0,138.1,7.0,1184000.0
Honda Civic 2006-2010 1.8 V Mt,Kisumu,2009,59000,Petrol,Manual,First,13.5,1799.0,130.0,5.0,401080.0
Maruti Zen Estilo Lxi Bsiii,Kisumu,2012,59293,Petrol,Manual,First,18.2,998.0,67.1,5.0,399600.0
Maruti Swift Dzire Vdi,Nairobi,2012,80753,Diesel,Manual,Second,23.4,1248.0,74.0,5.0,666000.0
Toyota Fortuner 4X2 Manual,Nairobi,2015,40000,Diesel,Manual,Second,13.0,2982.0,168.5,7.0,2775000.0
Maruti Swift Vdi,Eldoret,2014,103000,Diesel,Manual,Second,28.4,1248.0,74.0,5.0,777000.0
Maruti Wagon R Duo Lx Bsiii,Kisumu,2012,72389,Lpg,Manual,First,26.2,998.0,58.2,5.0,473600.0
Maruti Dzire Ldi,Eldoret,2017,48000,Diesel,Manual,First,28.4,1248.0,73.75,5.0,888000.0
Hyundai Grand I10 Asta,Kisumu,2014,41000,Petrol,Manual,First,18.9,1197.0,82.0,5.0,464720.0
Renault Kwid Rxl,Nyeri,2016,26000,Petrol,Manual,First,25.17,799.0,53.3,5.0,377399.99999999994
Tata Indigo Cs Eglx Bs Iv,Nyeri,2012,30000,Petrol,Manual,Second,15.64,1193.0,64.08,5.0,340399.99999999994
Ford Figo Diesel Titanium,Kisumu,2014,74624,Diesel,Manual,First,20.0,1399.0,68.05,5.0,836200.0
Porsche Cayenne 2009-2014 Diesel,Mombasa,2015,47877,Diesel,Automatic,First,15.15,2967.0,240.0,5.0,7136560.0
Maruti Alto K10 Vxi,Nyeri,2016,35000,Petrol,Manual,First,24.07,998.0,67.1,5.0,444000.0
Volkswagen Vento 1.5 Tdi Highline,Thika,2015,52123,Diesel,Manual,First,20.34,1498.0,103.2,5.0,1110000.0
Mahindra Scorpio 2.6 Slx Crde,Nakuru,2005,90000,Diesel,Manual,First,10.5,2179.0,120.0,8.0,384800.0
Bmw X3 Xdrive 20D Luxury Line,Nairobi,2018,1400,Diesel,Automatic,First,18.56,1995.0,190.0,5.0,9065000.0
Honda City 1.5 V Mt,Mombasa,2009,122000,Petrol,Manual,Second,17.0,1497.0,118.0,5.0,518000.0
Mini Cooper 3 Door S,Mombasa,2016,21110,Petrol,Automatic,First,17.44,1998.0,189.08,4.0,4284600.0
Mitsubishi Pajero Sport 4X4 At,Eldoret,2015,78000,Diesel,Automatic,First,13.5,2477.0,175.56,6.0,2220000.0
Maruti Swift Dzire Vdi,Nyeri,2012,72000,Diesel,Manual,First,19.3,1248.0,73.9,5.0,629000.0
Bentley Continental Flying Spur,Kisumu,2006,48000,Petrol,Automatic,First,8.6,5998.0,552.0,4.0,8732000.0
Maruti Ertiga Vdi,Eldoret,2013,43486,Diesel,Manual,First,20.77,1248.0,88.76,7.0,976800.0
Toyota Innova 2.5 G4 Diesel 7-Seater,Kisumu,2007,199000,Diesel,Manual,Second,12.8,2494.0,102.0,7.0,769600.0
Mercedes-Benz New C-Class C 200 Kompressor Elegance Mt,Mombasa,2010,34000,Petrol,Manual,First,11.7,1796.0,178.0,5.0,1480000.0
Mercedes-Benz New C-Class C 220 Cdi Be Avantgare,Nakuru,2016,37944,Diesel,Automatic,First,14.84,2143.0,167.62,5.0,5180000.0
Ford Ecosport 1.5 Dv5 Mt Titanium Optional,Nairobi,2017,30000,Diesel,Manual,First,22.7,1498.0,89.84,5.0,1295000.0
Toyota Etios Liva 1.2 G,Naivasha,2015,64005,Petrol,Manual,First,17.71,1197.0,78.9,5.0,676360.0
Hyundai I10 Magna 1.2,Nairobi,2012,62000,Petrol,Manual,First,20.36,1197.0,78.9,5.0,370000.0
Hyundai Santro Lp - Euro Ii,Mombasa,2005,105000,Petrol,Manual,First,0.0,999.0,97.7,5.0,259000.0
Land Rover Freelander 2 Se,Mombasa,2014,59885,Diesel,Automatic,First,12.39,2179.0,147.51,5.0,2976280.0
Toyota Innova 2.5 V Diesel 8-Seater,Kisumu,2011,144471,Diesel,Manual,First,12.8,2494.0,102.0,8.0,1154400.0
Hyundai I20 1.2 Magna,Naivasha,2011,63991,Petrol,Manual,First,18.5,1197.0,80.0,5.0,534280.0
Hyundai Santro Xing Xo Erlx Euro Ii,Eldoret,2007,72000,Petrol,Manual,Second,17.0,1086.0,97.7,5.0,164280.00000000003
Nissan Micra Xv Cvt,Nairobi,2015,34895,Petrol,Automatic,First,19.15,1198.0,75.94,5.0,680799.9999999999
Bmw X6 Xdrive 40D M Sport,Thika,2015,97003,Diesel,Automatic,First,15.87,2993.0,308.43,5.0,12580000.0
Honda City 1.5 V At,Kisumu,2015,45000,Petrol,Automatic,First,16.8,1497.0,118.0,5.0,777000.0
Honda Amaze E I-Dtech,Nairobi,2013,45000,Diesel,Manual,Second,25.8,1498.0,98.6,5.0,488400.0
Toyota Fortuner 3.0 Diesel,Nakuru,2013,100000,Diesel,Manual,Second,11.5,2982.0,171.0,7.0,2627000.0
Land Rover Discovery Sport Sd4 Hse Luxury,Nairobi,2016,70000,Diesel,Automatic,First,12.97,2179.0,187.7,5.0,5180000.0
Hyundai Creta 1.6 Crdi Sx,Naivasha,2016,37023,Diesel,Manual,First,19.67,1582.0,126.2,5.0,1981720.0
Chevrolet Beat Diesel Lt,Mombasa,2012,81000,Diesel,Manual,First,25.44,936.0,56.3,5.0,370000.0
Toyota Innova Crysta 2.8 Gx At,Mombasa,2017,20789,Diesel,Automatic,First,11.36,2755.0,171.5,7.0,2717280.0
Maruti Swift Dzire Vdi,Nyeri,2015,68310,Diesel,Manual,First,23.4,1248.0,74.0,5.0,880600.0
Hyundai Creta 1.6 Crdi Sx Option,Nairobi,2015,47250,Diesel,Manual,Second,19.67,1582.0,126.2,5.0,1628000.0
Land Rover Range Rover Sport Se,Nairobi,2014,47000,Diesel,Automatic,Second,12.65,2993.0,255.0,5.0,9583000.0
Honda Amaze Vx I-Dtec,Kisumu,2017,128000,Diesel,Manual,First,25.8,1498.0,98.6,5.0,932400.0
Hyundai Creta 1.6 Sx Plus Dual Tone Petrol,Mombasa,2017,17702,Petrol,Manual,First,15.29,1591.0,121.3,5.0,1767120.0
Volkswagen Vento Sport 1.2 Tsi At,Nairobi,2014,34987,Petrol,Automatic,First,18.19,1197.0,103.5,5.0,880600.0
Honda City I Dtec Vx,Thika,2017,37000,Diesel,Manual,First,26.0,1498.0,98.6,5.0,1628000.0
Hyundai Creta 1.6 Sx Plus Dual Tone Petrol,Naivasha,2017,38271,Petrol,Manual,First,15.29,1591.0,121.3,5.0,1854440.0
Ford Figo Diesel Titanium,Nakuru,2012,32510,Diesel,Manual,Second,20.0,1399.0,68.0,5.0,555000.0
Bmw 5 Series 2013-2017 530D M Sport,Eldoret,2014,88000,Diesel,Automatic,First,14.69,2993.0,258.0,5.0,3996000.0
Mitsubishi Pajero 2.8 Sfx 7Str,Eldoret,2012,116000,Diesel,Manual,First,10.5,2835.0,107.2,6.0,1472599.9999999998
Renault Duster 85Ps Diesel Rxl Option,Nyeri,2013,156000,Diesel,Manual,First,19.87,1461.0,83.8,5.0,621600.0
Maruti Ritz Vxi,Nairobi,2010,75319,Petrol,Manual,Second,21.1,1197.0,85.8,5.0,296000.0
Hyundai Grand I10 Sportz,Kisumu,2013,28000,Petrol,Manual,First,18.9,1197.0,82.0,5.0,481000.0
Mercedes-Benz Gla Class 200 Cdi Sport,Nakuru,2017,16500,Diesel,Automatic,First,17.9,2143.0,136.0,5.0,5032000.0
Bmw 5 Series 520D Luxury Line,Naivasha,2016,75637,Diesel,Automatic,First,22.48,1995.0,190.0,5.0,4494760.0
Hyundai Creta 1.6 Sx Plus Petrol Automatic,Mombasa,2018,32854,Petrol,Automatic,First,13.0,1591.0,121.3,5.0,1864800.0
Renault Kwid Rxt Optional,Mombasa,2019,6568,Petrol,Manual,First,25.17,799.0,53.3,5.0,753320.0
Audi A4 3.0 Tdi Quattro,Nakuru,2014,30000,Diesel,Automatic,First,14.94,2967.0,241.4,5.0,3626000.0
Maruti Ciaz Vdi Shvs,Mombasa,2018,17804,Diesel,Manual,Second,28.09,1248.0,88.5,5.0,1179560.0
Honda Jazz S,Nairobi,2011,69768,Petrol,Manual,First,16.0,1198.0,90.0,5.0,429200.0
Bmw 3 Series 320D Luxury Line,Mombasa,2016,62404,Diesel,Automatic,First,22.69,1995.0,190.0,5.0,3156840.0
Hyundai Verna Sx Crdi At,Nakuru,2012,97000,Diesel,Automatic,Second,19.08,1582.0,126.32,5.0,962000.0
Hyundai Creta 1.4 Crdi S Plus,Naivasha,2016,55687,Diesel,Manual,First,21.38,1396.0,88.7,5.0,1798200.0
Volkswagen Vento 2013-2015 1.6 Comfortline,Kisumu,2014,17000,Petrol,Manual,First,15.04,1598.0,103.2,5.0,629000.0
Bmw 3 Series Luxury Line,Naivasha,2017,34232,Diesel,Automatic,First,21.76,1995.0,190.0,5.0,5304320.000000001
Honda Cr-V Petrol 2Wd,Mombasa,2004,135000,Petrol,Automatic,Third,14.4,1997.0,152.0,5.0,444000.0
Renault Duster 110Ps Diesel Rxz Awd,Mombasa,2012,80000,Diesel,Manual,First,19.72,1461.0,108.45,5.0,999000.0
Hyundai I20 Asta 1.2,Nakuru,2014,31045,Petrol,Manual,Second,18.6,1197.0,81.83,5.0,836200.0
Volkswagen Jetta 2013-2015 2.0L Tdi Highline At,Eldoret,2013,58000,Diesel,Automatic,Second,16.96,1968.0,138.03,5.0,1110000.0
Hyundai Creta 1.6 Sx Plus Diesel,Mombasa,2018,35480,Diesel,Manual,First,19.67,1582.0,126.2,5.0,1974320.0
Maruti Ciaz Vdi Shvs,Kisumu,2016,62287,Diesel,Manual,First,28.09,1248.0,88.5,5.0,1169200.0
Hyundai I20 Asta 1.4 Crdi,Naivasha,2015,46162,Diesel,Manual,First,22.54,1396.0,88.73,5.0,1033040.0
Hyundai Verna 1.6 Sx Vtvt,Nairobi,2014,9200,Petrol,Manual,First,17.01,1591.0,121.3,5.0,851000.0
Volkswagen Polo Diesel Trendline 1.2L,Kisumu,2012,55339,Diesel,Manual,First,22.07,1199.0,73.9,5.0,392200.0
Volkswagen Polo Diesel Trendline 1.2L,Kisumu,2011,55476,Diesel,Manual,First,22.07,1199.0,73.9,5.0,368520.00000000006
Maruti Sx4 Vxi Bsiii,Eldoret,2007,68553,Petrol,Manual,Second,15.0,1586.0,104.68,5.0,222000.0
Honda Mobilio Rs Option I Dtec,Mombasa,2016,67376,Diesel,Manual,First,24.5,1498.0,98.6,7.0,962000.0
Renault Duster 110Ps Diesel Rxz Plus,Kisumu,2013,42000,Diesel,Manual,First,19.64,1461.0,108.45,5.0,1184000.0
Toyota Fortuner 2.8 2Wd At,Naivasha,2019,28069,Diesel,Automatic,First,12.9,2755.0,174.5,7.0,4565800.0
Volvo Xc60 D4 Summum,Mombasa,2014,93144,Diesel,Automatic,First,14.7,1984.0,181.0,5.0,2538199.9999999995
Maruti Celerio Vxi At,Kisumu,2014,24300,Petrol,Automatic,First,23.1,998.0,67.04,5.0,673400.0
Maruti Ciaz Zdi Plus,Kisumu,2015,47883,Diesel,Manual,Second,26.21,1248.0,88.5,5.0,1095200.0
Audi Q5 2008-2012 2.0 Tdi,Mombasa,2013,12467,Diesel,Automatic,First,12.8,1968.0,167.6,5.0,3794720.0
Bmw X1 Sdrive 20D Sportline,Kisumu,2013,56683,Diesel,Automatic,Second,17.05,1995.0,184.0,5.0,1998000.0
Ford Figo Petrol Zxi,Nakuru,2013,38000,Petrol,Manual,First,15.6,1196.0,70.0,5.0,525400.0
Hyundai Elantra Crdi Sx,Thika,2018,35000,Diesel,Manual,First,22.7,1582.0,126.2,5.0,2220000.0
Hyundai Verna 1.6 I Abs,Eldoret,2007,80000,Petrol,Manual,Second,13.9,1599.0,103.2,5.0,288600.0
Honda Civic 2006-2010 1.8 S Mt,Eldoret,2006,125000,Petrol,Manual,Second,13.5,1799.0,130.0,5.0,340399.99999999994
Toyota Fortuner 4X4 Mt,Mombasa,2013,123000,Diesel,Manual,Second,12.55,2982.0,168.5,7.0,2220000.0
Hyundai I10 Sportz,Mombasa,2012,70000,Petrol,Manual,First,20.36,1197.0,78.9,5.0,466200.0
Nissan Sunny 2011-2014 Diesel Xl,Kisumu,2012,87982,Diesel,Manual,First,21.64,1461.0,84.8,5.0,740000.0
Bmw 5 Series 2013-2017 520D Luxury Line,Nyeri,2013,40714,Diesel,Automatic,Second,18.12,1995.0,190.0,5.0,3663000.0
Chevrolet Optra Magnum 2.0 Lt,Eldoret,2008,83000,Diesel,Manual,Second,16.52,1991.0,123.7,5.0,384800.0
Hyundai I10 Asta,Thika,2011,86000,Petrol,Manual,First,20.36,1197.0,78.9,5.0,555000.0
Skoda Laura Ambiente,Thika,2009,60002,Diesel,Manual,Second,17.5,1896.0,106.0,5.0,717799.9999999999
Mercedes-Benz E-Class 2009-2013 E 220 Cdi Avantgarde,Nyeri,2013,60000,Diesel,Automatic,First,10.0,2148.0,170.0,5.0,3996000.0
Honda Amaze Sx I-Dtec,Kisumu,2014,84677,Diesel,Manual,First,25.8,1498.0,98.6,5.0,444000.0
Bmw X1 Xdrive 20D Xline,Nairobi,2017,23000,Diesel,Automatic,First,20.68,1995.0,190.0,5.0,4255000.0
Toyota Innova 2.5 G (Diesel) 8 Seater,Kisumu,2016,81424,Diesel,Manual,First,12.99,2494.0,100.6,8.0,2144520.0
Porsche Panamera 2010 2013 Diesel,Nairobi,2013,36400,Diesel,Automatic,First,7.5,4806.0,394.3,4.0,10656000.0
Nissan Sunny Xv D,Mombasa,2012,70000,Diesel,Manual,Second,22.71,1461.0,84.8,5.0,592000.0
Maruti Swift Dzire Ldi,Nairobi,2015,40000,Diesel,Manual,Second,26.59,1248.0,74.0,5.0,666000.0
Maruti Wagon R Zxi Amt 1.2,Nairobi,2019,600,Petrol,Automatic,First,21.5,1197.0,81.8,5.0,925000.0
Volkswagen Jetta 2013-2015 2.0L Tdi Highline At,Eldoret,2015,65320,Diesel,Automatic,Second,16.96,1968.0,138.03,5.0,1702000.0
Honda Accord 2.4 Inspire M/T,Eldoret,2009,79000,Petrol,Manual,Third,9.8,2354.0,180.0,5.0,458800.0
Honda City I Vtec V,Nairobi,2018,5000,Petrol,Manual,First,17.8,1497.0,117.3,5.0,1496280.0
Hyundai Verna 1.6 Sx Vtvt,Naivasha,2019,6028,Petrol,Manual,First,17.01,1591.0,121.3,5.0,1707920.0
Maruti Wagon R Lx Bsii,Nairobi,2006,86000,Petrol,Manual,Second,18.9,998.0,67.1,5.0,148000.0
Maruti Swift Dzire Tour Ldi,Kisumu,2013,160000,Diesel,Manual,Second,23.4,1248.0,74.0,5.0,370000.0
Audi Q5 2008-2012 2.0 Tfsi Quattro,Mombasa,2011,59967,Petrol,Automatic,First,9.74,1984.0,208.0,5.0,2664000.0
Toyota Etios Cross 1.4 Gd,Naivasha,2018,43127,Diesel,Manual,First,23.59,1364.0,67.04,5.0,1013800.0
Hyundai I10 Era 1.1 Itech Se,Mombasa,2012,65727,Petrol,Manual,First,19.81,1086.0,68.05,5.0,439560.0
Hyundai Verna 1.6 Vtvt,Eldoret,2013,70000,Petrol,Manual,First,17.01,1591.0,121.3,5.0,703000.0
Volkswagen Polo 1.5 Tdi Highline,Naivasha,2018,39861,Diesel,Manual,First,20.14,1498.0,88.8,5.0,1092240.0
Bmw 5 Series 520D Sport Line,Nairobi,2017,16485,Diesel,Automatic,First,22.48,1995.0,187.74,5.0,6327000.0
Hyundai I20 1.4 Asta Optional With Sunroof,Nakuru,2010,77332,Diesel,Manual,Second,23.0,1396.0,90.0,5.0,540200.0
Hyundai Grand I10 Asta Option At,Mombasa,2017,17489,Petrol,Automatic,First,18.9,1197.0,82.0,5.0,886520.0
Toyota Fortuner 4X2 4 Speed At,Eldoret,2012,125000,Diesel,Automatic,First,11.5,2982.0,169.0,7.0,1998000.0
Maruti Baleno Zeta Automatic,Mombasa,2016,35129,Petrol,Automatic,First,21.4,1197.0,83.1,5.0,1036000.0
Hyundai Creta 1.6 Sx Plus Petrol Automatic,Kisumu,2016,22982,Petrol,Automatic,First,13.0,1591.0,121.3,5.0,1620600.0
Hyundai I10 Sportz,Eldoret,2013,54500,Petrol,Manual,Third,20.36,1197.0,78.9,5.0,436600.0
Tata Tigor Xe Diesel,Thika,2017,16235,Diesel,Manual,First,24.7,1047.0,69.0,5.0,814000.0
Skoda Superb Style 1.8 Tsi At,Mombasa,2017,73641,Petrol,Automatic,First,14.67,1798.0,177.46,5.0,2527839.9999999995
Maruti Swift Dzire Vdi,Kisumu,2015,59572,Diesel,Manual,First,26.59,1248.0,74.0,5.0,1013800.0
Honda Cr-V 2.0 At,Nyeri,2014,112827,Petrol,Automatic,First,13.1,1997.0,141.1,5.0,1554000.0
Toyota Innova 2.5 G (Diesel) 8 Seater Bs Iv,Kisumu,2010,118000,Diesel,Manual,First,12.8,2494.0,102.0,8.0,1295000.0
Honda City 1.5 V Mt,Kisumu,2010,60000,Petrol,Manual,First,17.0,1497.0,118.0,5.0,399600.0
Hyundai Verna Vtvt 1.6 At Sx Plus,Nairobi,2012,75059,Petrol,Automatic,First,17.0,1591.0,121.3,5.0,629000.0
Toyota Etios 1.4 Vxd,Eldoret,2018,3000,Diesel,Manual,First,23.59,1364.0,67.04,5.0,1169200.0
Skoda Superb Elegance 1.8 Tsi At,Nairobi,2011,78000,Petrol,Automatic,Second,13.7,1798.0,157.75,5.0,666000.0
Nissan Sunny 2011-2014 Diesel Xv,Kisumu,2012,47000,Diesel,Manual,First,21.64,1461.0,84.8,5.0,592000.0
Honda City 1.5 V Mt Exclusive,Nairobi,2012,42000,Petrol,Manual,First,17.0,1497.0,118.0,5.0,703000.0
Hyundai Elite I20 Diesel Asta Option,Kisumu,2018,6820,Diesel,Manual,First,22.54,1396.0,88.76,5.0,1132200.0
Chevrolet Optra 1.6 Lt Royale,Mombasa,2013,55176,Petrol,Manual,Second,17.4,1599.0,104.0,5.0,513560.0
Honda Amaze S I-Vtech,Mombasa,2016,39854,Petrol,Manual,First,18.0,1198.0,86.7,5.0,834720.0
Volkswagen Polo Petrol Comfortline 1.2L,Kisumu,2013,24000,Petrol,Manual,First,16.47,1198.0,73.9,5.0,436600.0
Maruti Swift Vdi,Nyeri,2016,55000,Diesel,Manual,First,22.9,1248.0,74.0,5.0,836200.0
Ford Endeavour 3.0L 4X4 At,Mombasa,2012,45840,Diesel,Automatic,First,11.4,2953.0,153.86,7.0,1244680.0
Maruti Baleno Lxi,Eldoret,2006,155000,Petrol,Manual,Third,15.4,1590.0,94.0,5.0,125800.0
Maruti Wagon R Lx,Eldoret,2003,125000,Petrol,Manual,Second,18.9,998.0,67.1,5.0,118400.0
Volkswagen Polo 1.5 Tdi Highline,Naivasha,2014,52951,Diesel,Manual,First,20.14,1498.0,88.0,5.0,836200.0
Hyundai Verna 1.6 Sx Vtvt (O),Kisumu,2013,49000,Petrol,Manual,First,17.1,1591.0,121.3,5.0,666000.0
Maruti Ciaz Zdi Plus Shvs,Thika,2015,52000,Diesel,Manual,First,28.09,1248.0,88.5,5.0,1021200.0
Toyota Qualis Fleet A3,Nairobi,2001,227000,Diesel,Manual,Fourth & Above,0.0,2446.0,97.7,8.0,325600.00000000006
Nissan Sunny 2011-2014 Diesel Xl,Nyeri,2013,120005,Diesel,Manual,First,21.64,1461.0,84.8,5.0,592000.0
Skoda Rapid 1.6 Mpi Ambition With Alloy Wheel,Nairobi,2015,33000,Petrol,Manual,First,15.0,1598.0,103.52,5.0,828800.0
Maruti Eeco 7 Seater Standard,Nairobi,2016,126000,Petrol,Manual,First,15.1,1196.0,73.0,7.0,325600.00000000006
Skoda Rapid Ultima 1.6 Mpi Ambition Plus,Nakuru,2013,66700,Petrol,Manual,First,15.0,1598.0,103.5,5.0,592000.0
Toyota Fortuner 4X4 Mt,Nyeri,2014,122000,Diesel,Manual,Second,12.55,2982.0,168.5,7.0,2368000.0
Hyundai Creta 1.6 Crdi Sx,Nairobi,2016,29000,Diesel,Manual,First,19.67,1582.0,126.2,5.0,1864800.0
Hyundai I20 Magna Optional 1.2,Mombasa,2014,42315,Petrol,Manual,First,18.5,1197.0,82.9,5.0,708920.0
Maruti Wagon R Lxi Cng,Nairobi,2015,22001,Cng,Manual,First,26.6,998.0,58.16,5.0,540200.0
Honda City I Dtec V,Mombasa,2016,84580,Diesel,Manual,First,26.0,1498.0,98.6,5.0,1010840.0
Maruti 800 Std,Nyeri,2002,75000,Petrol,Manual,First,16.1,796.0,37.0,4.0,75480.0
Ford Ikon 1.3 Flair,Eldoret,2006,85000,Petrol,Manual,Second,13.8,1299.0,70.0,5.0,102120.0
Maruti Swift Dzire Lxi,Nairobi,2015,24296,Petrol,Manual,First,20.85,1197.0,83.14,5.0,688200.0000000001
Honda City 1.5 V Mt Sunroof,Kisumu,2014,40000,Petrol,Manual,First,16.8,1497.0,116.3,5.0,960520.0
Hyundai Verna Crdi,Mombasa,2009,64514,Diesel,Manual,First,16.8,1493.0,110.0,5.0,429200.0
Hyundai Verna 1.6 Sx Vtvt,Nairobi,2016,35000,Petrol,Manual,First,17.01,1591.0,121.3,5.0,1095200.0
Renault Kwid Rxt,Nakuru,2016,41000,Petrol,Manual,Second,25.17,799.0,53.3,5.0,481000.0
Maruti Wagon R Lxi,Thika,2008,60123,Petrol,Manual,Second,18.9,998.0,67.1,5.0,288600.0
Hyundai Grand I10 Sportz,Nyeri,2015,53000,Petrol,Manual,Second,18.9,1197.0,82.0,5.0,592000.0
Hyundai I20 1.2 Asta,Nairobi,2017,9000,Petrol,Manual,First,18.6,1197.0,81.83,5.0,1013800.0
Honda Amaze S I-Vtech,Naivasha,2015,53497,Petrol,Manual,First,18.0,1198.0,86.7,5.0,806600.0
Ford Fiesta 1.4 Duratorq Zxi,Kisumu,2007,68000,Diesel,Manual,First,17.8,1399.0,68.0,5.0,294520.0
Hyundai Verna Sx Crdi At,Kisumu,2014,65000,Diesel,Automatic,First,19.08,1582.0,126.32,5.0,1330520.0
Toyota Etios Vd Sp,Kisumu,2014,45155,Diesel,Manual,First,23.59,1364.0,67.04,5.0,962000.0
Honda Jazz 1.2 V Cvt I Vtec,Naivasha,2018,20026,Petrol,Automatic,First,19.0,1199.0,88.7,5.0,1371960.0
Hyundai Verna 1.6 Crdi Sx,Thika,2015,60000,Diesel,Manual,First,23.9,1582.0,126.2,5.0,1034520.0
Mercedes-Benz Cla 200 D Sport Edition,Naivasha,2019,15976,Diesel,Automatic,First,17.9,2143.0,136.0,5.0,5440480.0
Skoda Octavia Elegance 1.8 Tsi At,Mombasa,2017,30523,Petrol,Automatic,First,14.7,1798.0,177.5,5.0,2527839.9999999995
Chevrolet Beat Diesel Ls,Kisumu,2013,26300,Diesel,Manual,First,25.44,936.0,57.6,5.0,414400.0
Volkswagen Polo Diesel Trendline 1.2L,Kisumu,2011,66000,Diesel,Manual,First,22.07,1199.0,73.9,5.0,368520.00000000006
Maruti Sx4 S Cross Ddis 200 Zeta,Nyeri,2016,70000,Diesel,Manual,First,23.65,1248.0,88.5,5.0,1309800.0
Honda City V Mt,Thika,2011,46000,Petrol,Manual,First,16.8,1497.0,116.3,5.0,614200.0000000001
Volkswagen Vento 1.5 Tdi Highline,Kisumu,2017,28000,Diesel,Manual,First,20.64,1498.0,108.5,5.0,1480000.0
Hyundai Grand I10 1.2 Kappa Magna,Nairobi,2017,46000,Petrol,Manual,First,18.9,1197.0,81.86,5.0,703000.0
Renault Kwid Amt Rxl,Nyeri,2017,33000,Petrol,Automatic,First,24.04,999.0,67.0,5.0,473600.0
Maruti Alto 800 Lxi,Mombasa,2017,27718,Petrol,Manual,First,22.74,796.0,47.3,5.0,485440.0
Ford Ecosport 1.5 Ti Vct Mt Titanium,Nakuru,2013,58000,Petrol,Manual,First,15.8,1499.0,110.0,5.0,1110000.0
Maruti Baleno Zeta,Naivasha,2018,33150,Petrol,Manual,First,21.4,1197.0,83.1,5.0,1093720.0
Maruti Ritz Vdi,Eldoret,2013,77000,Diesel,Manual,First,23.2,1248.0,73.94,5.0,540200.0
Mercedes-Benz E-Class 280 Cdi,Mombasa,2007,70000,Diesel,Automatic,First,11.0,2987.0,198.5,5.0,1628000.0
Maruti Ritz Vdi,Kisumu,2012,97000,Diesel,Manual,First,23.2,1248.0,73.94,5.0,444000.0
Chevrolet Beat Diesel Lt,Mombasa,2012,75300,Diesel,Manual,Second,25.44,936.0,57.6,5.0,333000.0
Maruti Sx4 Vxi Bsiv,Mombasa,2010,69918,Petrol,Manual,First,15.5,1586.0,103.3,5.0,418840.0
Maruti Omni 5 Seater Bsiv,Naivasha,2019,4721,Petrol,Manual,First,14.0,796.0,35.0,5.0,608280.0000000001
Mitsubishi Pajero Sport Anniversary Edition,Kisumu,2014,39163,Diesel,Manual,First,13.5,2477.0,178.0,7.0,2175600.0
Mercedes-Benz S Class 2005 2013 S 300 L,Eldoret,2013,80000,Petrol,Automatic,First,13.0,2987.0,210.0,5.0,3700000.0
Chevrolet Beat Diesel Ls,Nakuru,2015,66000,Diesel,Manual,First,25.44,936.0,56.3,5.0,347800.0
Ford Figo 2015-2019 1.5D Titanium Mt,Naivasha,2017,36154,Diesel,Manual,Second,25.83,1498.0,99.0,5.0,948680.0
Honda City I-Vtec Vx,Thika,2012,34000,Petrol,Manual,First,17.4,1497.0,117.3,5.0,851000.0
Mercedes-Benz Gla Class 200 Cdi Sport,Mombasa,2016,60000,Diesel,Automatic,Second,17.9,2143.0,136.0,5.0,2597400.0
Hyundai Creta 1.4 Crdi S Plus,Nyeri,2015,32000,Diesel,Manual,First,21.38,1396.0,88.7,5.0,1517000.0
Ford Fiesta Classic 1.4 Duratorq Clxi,Mombasa,2012,79985,Diesel,Manual,First,17.8,1399.0,67.0,5.0,467680.0
Audi A4 2.0 Tdi,Nakuru,2014,37600,Diesel,Automatic,Second,16.55,1968.0,147.51,5.0,3330000.0
Hyundai I10 Magna 1.1,Mombasa,2015,31965,Petrol,Manual,First,19.81,1086.0,68.05,5.0,525400.0
Bmw 3 Series 320I Sedan,Mombasa,2010,70749,Petrol,Automatic,First,12.05,1995.0,154.0,5.0,1459280.0
Bmw 7 Series 730Ld,Mombasa,2013,38000,Diesel,Automatic,First,16.46,2993.0,258.0,5.0,6660000.0
Hyundai Verna 1.6 Sx Vtvt,Mombasa,2017,41534,Petrol,Manual,First,17.01,1591.0,121.3,5.0,1182520.0
Volkswagen Ameo 1.5 Tdi Comfortline At,Nyeri,2017,54455,Diesel,Automatic,First,22.0,1498.0,108.495,5.0,962000.0
Chevrolet Aveo 1.4 Ls,Kisumu,2007,42000,Petrol,Manual,First,14.49,1399.0,92.7,5.0,111000.0
Chevrolet Cruze Ltz,Naivasha,2018,52073,Diesel,Manual,Second,18.3,1991.0,147.9,5.0,1460759.9999999998
Hyundai I20 1.4 Sportz,Mombasa,2018,40175,Diesel,Manual,Second,22.54,1396.0,88.73,5.0,941280.0
Honda Brv I-Vtec V Cvt,Nairobi,2017,16503,Petrol,Automatic,First,16.0,1497.0,117.3,7.0,1406000.0
Hyundai Xcent 1.2 Kappa Sx,Mombasa,2017,15029,Petrol,Manual,First,19.1,1197.0,82.0,5.0,895400.0
Maruti Alto 800 Cng Lxi,Nairobi,2013,26200,Cng,Manual,First,30.46,796.0,47.3,5.0,318200.0
Hyundai Grand I10 Crdi Sportz,Kisumu,2015,76362,Diesel,Manual,First,24.0,1120.0,70.0,5.0,814000.0
Maruti Alto Lxi,Kisumu,2007,18700,Petrol,Manual,Second,19.7,796.0,46.3,5.0,185000.0
Toyota Innova 2.5 Vx (Diesel) 7 Seater,Naivasha,2015,67585,Diesel,Manual,First,12.99,2494.0,100.6,7.0,1774520.0
Hyundai I10 Sportz 1.2 At,Nairobi,2010,57000,Petrol,Automatic,Second,16.95,1197.0,78.9,5.0,370000.0
Honda City I-Vtec Cvt V,Mombasa,2019,22321,Petrol,Automatic,First,18.0,1497.0,117.3,5.0,1725680.0
Maruti Zen Lx,Nyeri,1998,95150,Petrol,Manual,Third,17.3,993.0,60.0,5.0,78440.0
Maruti Wagon R Lxi Bs Iv,Kisumu,2015,36428,Petrol,Manual,First,20.51,998.0,67.04,5.0,458800.0
Ford Figo Diesel Titanium,Kisumu,2012,73500,Diesel,Manual,Second,20.0,1399.0,68.0,5.0,384800.0
Honda Amaze S I-Vtech,Mombasa,2015,47234,Petrol,Manual,First,18.0,1198.0,86.7,5.0,753320.0
Hyundai Accent Gle,Kisumu,2008,62364,Petrol,Manual,First,13.2,1495.0,94.0,5.0,340399.99999999994
Hyundai Verna 1.6 Sx Crdi (O),Eldoret,2012,89000,Diesel,Manual,First,22.32,1582.0,126.32,5.0,888000.0
Maruti Swift Zdi,Thika,2013,58653,Diesel,Manual,First,25.2,1248.0,74.0,5.0,651200.0000000001
Mercedes-Benz B Class B180,Nairobi,2013,30000,Petrol,Automatic,Second,14.8,1595.0,120.7,5.0,1628000.0
Chevrolet Cruze Ltz,Naivasha,2014,64042,Diesel,Manual,First,17.3,1998.0,163.7,5.0,843600.0
Skoda Laura Ambiente 2.0 Tdi Cr At,Mombasa,2013,120000,Diesel,Automatic,First,20.0,1968.0,138.1,5.0,1028600.0
Mahindra Scorpio Vlx 2Wd Bsiv,Kisumu,2014,90000,Diesel,Manual,First,12.05,2179.0,120.0,8.0,1169200.0
Bmw X1 Xdrive 20D Xline,Mombasa,2018,30733,Diesel,Automatic,First,20.68,1995.0,190.0,5.0,4336400.0
Mercedes-Benz E-Class 2009-2013 E350 Petrol,Kisumu,2009,43600,Petrol,Automatic,First,10.93,3498.0,272.0,5.0,1515520.0
Skoda Superb Elegance 1.8 Tsi At,Eldoret,2010,71473,Petrol,Automatic,Second,13.7,1798.0,157.75,5.0,791800.0
Honda Brio Vx At,Nairobi,2014,39000,Petrol,Automatic,Second,16.5,1198.0,86.8,5.0,516520.0
Hyundai I10 Magna 1.2,Kisumu,2009,84045,Petrol,Manual,First,20.36,1197.0,78.9,5.0,421800.0
Honda City I Vtec Sv,Nairobi,2014,57004,Petrol,Manual,First,17.4,1497.0,117.3,5.0,791800.0
Ford Figo Petrol Zxi,Naivasha,2012,75464,Petrol,Manual,First,15.6,1196.0,70.0,5.0,535760.0
Toyota Innova 2.5 G4 Diesel 7-Seater,Kisumu,2006,142000,Diesel,Manual,First,12.8,2494.0,102.0,7.0,925000.0
Mahindra Verito 1.5 D6 Bsiv,Mombasa,2012,118683,Diesel,Manual,Second,21.0,1461.0,64.1,5.0,472120.0
Mahindra Kuv 100 G80 K8 Dual Tone,Nairobi,2018,42000,Petrol,Manual,First,18.15,1198.0,82.0,6.0,814000.0
Hyundai I20 Sportz Option 1.2,Mombasa,2019,12800,Petrol,Manual,First,18.6,1197.0,81.83,5.0,1135160.0
Tata New Safari Ex 4X2,Nyeri,2011,80000,Petrol,Manual,First,12.0,2092.0,127.0,7.0,814000.0
Maruti Swift Dzire Vdi,Kisumu,2014,76126,Diesel,Manual,First,19.3,1248.0,73.9,5.0,976800.0
Bmw X5 Xdrive 30D M Sport,Mombasa,2017,21000,Diesel,Automatic,Second,15.97,2993.0,258.0,5.0,8140000.0
Audi A6 2011-2015 2.0 Tdi Premium Plus,Eldoret,2013,85000,Diesel,Automatic,First,17.68,1968.0,174.33,5.0,3108000.0
Maruti Baleno Delta 1.2,Nyeri,2017,27000,Petrol,Manual,First,21.4,1197.0,83.1,5.0,666000.0
Hyundai Santa Fe 4Wd At,Naivasha,2016,45794,Diesel,Automatic,First,13.01,2199.0,194.3,7.0,3059160.0000000005
Chevrolet Cruze Ltz At,Kisumu,2013,57352,Diesel,Automatic,First,14.39,1998.0,163.7,5.0,962000.0
Mercedes-Benz E-Class 2015-2017 E250 Edition E,Naivasha,2018,41467,Diesel,Automatic,First,15.0,2143.0,204.0,5.0,5621039.999999999
Hyundai Santro Xing Gls,Nairobi,2009,42000,Petrol,Manual,First,17.92,1086.0,62.1,5.0,214600.0
Maruti Wagon R Lxi Cng,Nairobi,2014,62549,Cng,Manual,First,26.6,998.0,58.16,5.0,436600.0
Maruti Ciaz Vdi Plus Shvs,Kisumu,2015,67048,Diesel,Manual,First,28.09,1248.0,88.5,5.0,1169200.0
Honda City I-Vtec V,Mombasa,2018,11732,Petrol,Manual,First,17.4,1497.0,117.3,5.0,1490360.0
Nissan Terrano Xl Plus Icc Wt20 Se,Nairobi,2016,37000,Diesel,Manual,First,20.45,1461.0,83.8,5.0,962000.0
Bmw 3 Series 320D Prestige,Kisumu,2015,30000,Diesel,Automatic,First,18.88,1995.0,184.0,5.0,3256000.0
Honda City I Dtec V,Kisumu,2016,53000,Diesel,Manual,First,26.0,1498.0,98.6,5.0,1443000.0
Nissan Terrano Xl Plus 85 Ps,Nyeri,2014,60000,Diesel,Manual,First,20.45,1461.0,83.8,5.0,888000.0
Hyundai Grand I10 Crdi Sportz,Nairobi,2014,65000,Diesel,Manual,First,24.0,1120.0,70.0,5.0,590520.0
Hyundai Santro Xing Xl Erlx Euro Iii,Thika,2008,51000,Petrol,Manual,First,17.0,1086.0,97.7,5.0,259000.0
Toyota Fortuner 4X2 At,Nairobi,2015,92000,Diesel,Automatic,First,12.55,2982.0,168.5,7.0,2923000.0
Toyota Innova Crysta 2.4 Vx Mt,Kisumu,2017,31000,Diesel,Manual,First,13.68,2393.0,147.8,7.0,2508600.0
Maruti Baleno Zeta 1.2,Mombasa,2017,43917,Petrol,Manual,First,21.4,1197.0,83.1,5.0,1006400.0
Hyundai Santro Xing Xl Erlx Euro Iii,Kisumu,2007,46707,Petrol,Manual,First,17.0,1086.0,97.7,5.0,146520.0
Hyundai I10 Sportz 1.1L,Eldoret,2013,84000,Petrol,Manual,First,19.81,1086.0,68.05,5.0,436600.0
Audi Q7 3.0 Tdi Quattro Premium Plus,Naivasha,2015,55662,Diesel,Automatic,First,12.07,2967.0,241.4,7.0,6338840.0
Volvo S60 D4 Momentum,Kisumu,2014,51000,Diesel,Automatic,First,27.03,1969.0,190.0,5.0,3182000.0
Honda City I Vtec V,Nyeri,2015,24398,Petrol,Manual,First,17.8,1497.0,117.3,5.0,1169200.0
Maruti Alto K10 2010-2014 Vxi,Kisumu,2011,78000,Petrol,Manual,Second,20.92,998.0,67.1,5.0,340399.99999999994
Honda Brio 1.2 S Option Mt,Nairobi,2012,40315,Petrol,Manual,First,18.5,1198.0,86.8,5.0,407000.0
Mahindra Scorpio Vlx 2Wd Airbag Bsiv,Nyeri,2011,83000,Diesel,Manual,First,12.05,2179.0,120.0,8.0,993080.0
Renault Duster 110Ps Diesel Rxl Amt,Mombasa,2017,58151,Diesel,Automatic,First,19.6,1461.0,108.45,5.0,1420800.0
Hyundai Creta 1.6 Crdi Sx,Mombasa,2017,30519,Diesel,Manual,First,19.67,1582.0,126.2,5.0,1895880.0
Tata Tiago 1.2 Revotron Xz,Naivasha,2019,20712,Petrol,Manual,First,23.84,1199.0,84.0,5.0,1027120.0
Mahindra Xuv500 W6 2Wd,Nairobi,2015,48000,Diesel,Manual,First,16.0,2179.0,140.0,7.0,1398599.9999999998
Volkswagen Vento 1.5 Tdi Highline,Kisumu,2015,85000,Diesel,Manual,First,20.34,1498.0,103.2,5.0,888000.0
Mercedes-Benz B Class B180,Nairobi,2013,32000,Petrol,Automatic,First,14.8,1595.0,120.7,5.0,1628000.0
Maruti Sx4 Vxi Bsiv,Nairobi,2011,52000,Petrol,Manual,First,15.5,1586.0,103.3,5.0,384800.0
Hyundai Getz Gle,Kisumu,2007,58307,Petrol,Manual,First,15.3,1341.0,83.0,5.0,288600.0
Bmw 6 Series Gran Coupe,Nairobi,2013,30000,Diesel,Automatic,First,17.54,2993.0,313.0,4.0,6660000.0
Audi A4 2.0 Tdi 177 Bhp Premium Plus,Mombasa,2014,40000,Diesel,Automatic,First,17.11,1968.0,174.33,5.0,3256000.0
Hyundai I20 Asta Option 1.2,Kisumu,2015,36000,Petrol,Manual,First,18.6,1197.0,81.83,5.0,725200.0000000001
Nissan Terrano Xl D Option,Mombasa,2015,58817,Diesel,Manual,First,19.87,1461.0,83.14,5.0,925000.0
Volkswagen Vento Konekt Diesel Highline,Mombasa,2013,55000,Diesel,Manual,Second,20.54,1598.0,103.6,5.0,902800.0
Hyundai I10 Sportz,Nairobi,2011,39000,Petrol,Manual,First,20.36,1197.0,78.9,5.0,384800.0
Lamborghini Gallardo Coupe,Nairobi,2011,6500,Petrol,Automatic,Third,6.4,5204.0,560.0,2.0,17760000.0
Jaguar Xf 3.0 Litre S Premium Luxury,Kisumu,2012,35000,Diesel,Automatic,First,14.74,2993.0,270.9,5.0,4292000.0
Maruti Swift Dzire Vxi,Eldoret,2010,49900,Petrol,Manual,Second,17.5,1298.0,85.8,5.0,488400.0
Tata Indica Vista Quadrajet Vx,Kisumu,2013,99500,Diesel,Manual,Second,22.3,1248.0,74.0,5.0,451400.0
Hyundai I20 Asta 1.4 Crdi,Kisumu,2012,33249,Diesel,Manual,First,21.27,1396.0,88.76,5.0,481000.0
Hyundai Xcent 1.2 Kappa S Option,Nairobi,2014,52000,Petrol,Manual,First,19.1,1197.0,81.86,5.0,555000.0
Toyota Innova 2.5 Vx (Diesel) 7 Seater,Nairobi,2015,45000,Diesel,Manual,First,12.99,2494.0,100.6,7.0,1961000.0
Tata Tiago 1.2 Revotron Xz,Kisumu,2017,22000,Petrol,Manual,First,23.84,1199.0,84.0,5.0,710400.0
Renault Kwid Rxl,Mombasa,2019,7858,Petrol,Manual,First,25.17,799.0,53.3,5.0,562400.0
Toyota Innova 2.5 V Diesel 7-Seater,Eldoret,2011,112000,Diesel,Manual,First,12.8,2494.0,102.0,7.0,1258000.0
Mercedes-Benz E-Class 2015-2017 E250 Cdi Avantgarde,Naivasha,2016,41082,Diesel,Automatic,First,13.0,2143.0,204.0,5.0,5736480.0
Honda City 1.5 S At,Thika,2009,72000,Petrol,Automatic,First,16.8,1497.0,116.4,5.0,473600.0
Hyundai I10 Sportz 1.2,Kisumu,2011,84912,Petrol,Manual,First,20.36,1197.0,78.9,5.0,518000.0
Hyundai Creta 1.6 Crdi Sx Option,Eldoret,2015,70000,Diesel,Manual,First,19.67,1582.0,126.2,5.0,1813000.0
Honda Amaze Vx Petrol,Nairobi,2014,21000,Petrol,Manual,First,19.5,1199.0,86.76,5.0,703000.0
Volkswagen Polo 1.2 Mpi Trendline,Nairobi,2016,27000,Petrol,Manual,First,18.78,999.0,74.0,5.0,666000.0
Hyundai I10 Magna 1.2,Kisumu,2012,29000,Petrol,Manual,First,20.36,1197.0,78.9,5.0,347800.0
Renault Pulse Rxl,Kisumu,2014,48425,Diesel,Manual,First,23.08,1461.0,63.12,5.0,503200.0
Volkswagen Vento 1.5 Tdi Highline At,Eldoret,2016,19000,Diesel,Automatic,First,21.5,1498.0,108.5,5.0,1480000.0
Toyota Innova 2.5 Vx (Diesel) 7 Seater Bs Iv,Kisumu,2012,210000,Diesel,Manual,First,12.99,2494.0,100.0,7.0,1332000.0
Toyota Corolla Altis G,Nairobi,2013,64000,Petrol,Manual,Second,14.53,1798.0,138.1,5.0,769600.0
Hyundai Verna Crdi,Mombasa,2006,200000,Diesel,Manual,Second,16.8,1493.0,110.0,5.0,273800.0
Mercedes-Benz Gl-Class 350 Cdi Blue Efficiency,Mombasa,2013,100000,Diesel,Automatic,Second,11.3,2987.0,254.8,7.0,5624000.0
Renault Duster 85Ps Diesel Rxl Optional,Mombasa,2013,69140,Diesel,Manual,First,20.46,1461.0,83.8,5.0,756280.0000000001
Skoda Rapid 1.6 Mpi Ambition,Naivasha,2019,21214,Petrol,Manual,First,15.41,1598.0,103.52,5.0,1429680.0
Hyundai I10 Sportz 1.2,Kisumu,2015,28000,Petrol,Manual,First,20.36,1197.0,78.9,5.0,503200.0
Mahindra Kuv 100 Mfalcon G80 K8,Mombasa,2017,29085,Petrol,Manual,First,18.15,1198.0,82.0,6.0,864320.0
Maruti Celerio Vxi Amt,Kisumu,2016,30000,Petrol,Automatic,First,23.1,998.0,67.04,5.0,562400.0
Maruti A-Star At Vxi,Nairobi,2012,32910,Petrol,Automatic,First,16.98,998.0,66.1,5.0,370000.0
Honda City I Dtec Vx,Kisumu,2015,30000,Diesel,Manual,First,25.1,1498.0,98.6,5.0,1028600.0
Skoda Superb 1.8 Tsi,Eldoret,2010,35102,Petrol,Automatic,First,12.6,1798.0,161.6,5.0,814000.0
Hyundai Grand I10 Sportz,Naivasha,2017,22831,Petrol,Manual,First,18.9,1197.0,82.0,5.0,916120.0
Renault Duster 85Ps Diesel Rxl,Kisumu,2013,74911,Diesel,Manual,First,20.45,1461.0,83.8,5.0,888000.0
Hyundai Grand I10 Magna,Eldoret,2015,21000,Petrol,Manual,First,18.9,1197.0,82.0,5.0,555000.0
Ford Ecosport 1.5 Tdci Titanium,Mombasa,2018,37160,Diesel,Manual,First,22.77,1498.0,98.59,5.0,1400080.0000000002
Nissan Sunny 2011-2014 Xl,Nyeri,2011,41000,Petrol,Manual,Second,16.95,1498.0,97.7,5.0,444000.0
Ford Figo Aspire 1.5 Tdci Titanium,Mombasa,2016,37294,Diesel,Manual,First,25.83,1498.0,99.0,5.0,851000.0
Honda Civic 2006-2010 1.8 V Mt,Naivasha,2009,56927,Petrol,Manual,First,13.5,1799.0,130.0,5.0,652680.0
Renault Kwid Rxt Optional,Mombasa,2017,21954,Petrol,Manual,First,25.17,799.0,53.3,5.0,547600.0
Honda Brio Ex Mt,Kisumu,2014,50000,Petrol,Manual,Second,19.4,1198.0,86.8,5.0,370000.0
Maruti Swift Zxi Abs,Naivasha,2012,78212,Petrol,Manual,First,16.1,1298.0,88.2,5.0,791800.0
Hyundai I20 Magna Optional 1.4 Crdi,Nairobi,2013,64500,Diesel,Manual,First,21.9,1396.0,88.8,5.0,540200.0
Skoda Superb Elegance 2.0 Tdi Cr At,Nairobi,2014,51000,Diesel,Automatic,First,17.2,1968.0,138.03,5.0,1924000.0
Maruti Wagon R Lxi Bsii,Nairobi,2012,52000,Petrol,Manual,First,18.9,998.0,67.1,5.0,362600.00000000006
Volkswagen Vento 1.5 Tdi Highline At,Nairobi,2015,120000,Diesel,Automatic,First,21.21,1498.0,103.2,5.0,851000.0
Honda City I Dtec S,Naivasha,2017,65792,Diesel,Manual,First,26.0,1498.0,98.6,5.0,1200280.0
Hyundai I20 1.4 Sportz,Thika,2018,30000,Diesel,Manual,First,22.54,1396.0,88.73,5.0,1147000.0
Nissan Micra Xv Cvt,Naivasha,2017,54387,Petrol,Automatic,First,19.15,1198.0,75.94,5.0,865800.0
Renault Kwid Rxt Optional,Nairobi,2018,1617,Petrol,Manual,First,25.17,799.0,53.3,5.0,634920.0
Honda City I-Dtec Sv,Kisumu,2015,82000,Diesel,Manual,First,25.6,1498.0,98.6,5.0,1184000.0
Toyota Innova Crysta 2.4 G Mt 8S,Nairobi,2017,20000,Diesel,Manual,First,13.68,2393.0,147.8,8.0,2442000.0
Maruti Baleno Alpha 1.3,Nyeri,2015,98000,Diesel,Manual,First,27.39,1248.0,74.0,5.0,814000.0
Ford Ecosport 1.5 Tdci Trend,Nairobi,2015,57000,Diesel,Manual,First,22.77,1498.0,98.59,5.0,939800.0
Toyota Innova 2.5 G (Diesel) 8 Seater,Nyeri,2013,250000,Diesel,Manual,Second,12.99,2494.0,100.6,8.0,1169200.0
Ford Ecosport 1.5 Dv5 Mt Ambiente,Kisumu,2014,56549,Diesel,Manual,First,22.7,1498.0,89.84,5.0,1065600.0
Volkswagen Polo Diesel Comfortline 1.2L,Nakuru,2012,78500,Diesel,Manual,First,22.07,1199.0,73.9,5.0,540200.0
Hyundai I20 Sportz 1.4 Crdi,Mombasa,2016,55036,Diesel,Manual,First,22.54,1396.0,88.73,5.0,939800.0
Renault Duster 85Ps Diesel Rxl Explore,Eldoret,2016,55000,Diesel,Manual,First,19.87,1461.0,83.8,5.0,1154400.0
Ford Ikon 1.3 Flair,Mombasa,2007,90000,Petrol,Manual,Second,13.8,1299.0,70.0,5.0,207200.0
Ford Endeavour Xlt Tdci 4X2,Mombasa,2007,155000,Diesel,Manual,First,13.1,2499.0,141.0,7.0,814000.0
Maruti Baleno Delta 1.3,Kisumu,2018,17810,Diesel,Manual,First,27.39,1248.0,74.0,5.0,1258000.0
Mercedes-Benz New C-Class C 220 Cdi Elegance At,Mombasa,2011,42408,Diesel,Automatic,First,14.84,2143.0,170.0,5.0,1551040.0
Maruti Esteem Vxi - Bsiii,Thika,2005,81000,Petrol,Manual,Second,15.9,1298.0,85.0,5.0,111000.0
Tata Indigo Xl Grand Petrol,Eldoret,2008,52000,Petrol,Manual,Second,12.85,1396.0,99.6,5.0,192400.0
Bmw 5 Series 525D Sedan,Nairobi,2013,35000,Diesel,Automatic,First,16.73,2993.0,218.0,5.0,3108000.0
Hyundai Santro Xing Gl Plus,Nairobi,2013,60000,Petrol,Manual,First,17.92,1086.0,62.1,5.0,340399.99999999994
Skoda Octavia 2.0 Tdi At Style Plus,Nairobi,2015,27000,Diesel,Automatic,First,19.5,1968.0,141.0,5.0,2212600.0
Audi A6 2011-2015 35 Tdi Technology,Naivasha,2017,55975,Diesel,Automatic,Second,17.68,1968.0,174.33,5.0,5316160.0
Ford Figo 1.5D Trend Mt,Eldoret,2016,115000,Diesel,Manual,First,25.83,1498.0,99.0,5.0,666000.0
Mahindra Xylo D4 Bs Iii,Kisumu,2016,132000,Diesel,Manual,First,14.95,2489.0,93.7,7.0,814000.0
Maruti Celerio Zxi At,Nairobi,2015,40337,Petrol,Automatic,First,23.1,998.0,67.04,5.0,658600.0
Toyota Innova 2.5 G4 Diesel 8-Seater,Mombasa,2008,192000,Diesel,Manual,First,12.8,2494.0,102.0,8.0,1013800.0
Hyundai Grand I10 Crdi Asta,Nakuru,2016,50000,Diesel,Manual,First,24.0,1120.0,70.0,5.0,814000.0
Hyundai Grand I10 1.2 Kappa Sportz,Mombasa,2016,28147,Petrol,Manual,First,18.9,1197.0,81.86,5.0,750360.0
Hyundai Grand I10 Sportz,Nairobi,2015,20000,Petrol,Manual,First,18.9,1197.0,82.0,5.0,569800.0
Hyundai Elite I20 Petrol Asta,Mombasa,2016,11000,Petrol,Manual,First,18.6,1197.0,81.86,5.0,1176600.0
Maruti Zen Estilo Lxi Bsiii,Nyeri,2009,63000,Petrol,Manual,Second,18.2,998.0,67.1,5.0,185000.0
Maruti Alto K10 2010-2014 Vxi,Mombasa,2014,36967,Petrol,Manual,First,20.92,998.0,67.1,5.0,538720.0
Toyota Fortuner 4X2 Manual,Nyeri,2016,73053,Diesel,Manual,First,13.0,2982.0,168.5,7.0,2960000.0
Mahindra Thar Crde Ac,Naivasha,2019,16392,Diesel,Manual,First,16.55,2498.0,105.0,6.0,1533280.0
Hyundai Santro Xing Xo,Mombasa,2007,79000,Petrol,Manual,First,17.0,1086.0,97.7,5.0,273800.0
Toyota Etios G,Nyeri,2013,67000,Petrol,Manual,Second,16.78,1496.0,88.73,5.0,599400.0
Mercedes-Benz Gl-Class 2007 2012 350 Cdi Luxury,Nairobi,2015,48600,Diesel,Automatic,First,12.0,2987.0,224.0,7.0,7178000.0
Renault Duster 110Ps Diesel Rxz,Nakuru,2014,70000,Diesel,Manual,First,19.6,1461.0,108.45,5.0,1221000.0
Maruti Swift Vdi,Eldoret,2014,84000,Diesel,Manual,First,22.9,1248.0,74.0,5.0,777000.0
Volkswagen Vento Magnific 1.6 Comfortline,Nairobi,2013,49106,Petrol,Manual,First,15.04,1598.0,103.2,5.0,651200.0000000001
Skoda Superb L&K 2.0 Tdi At,Nairobi,2017,35000,Diesel,Automatic,First,18.19,1968.0,174.5,5.0,3811000.0
Bmw 3 Series 330D Convertible,Mombasa,2014,51240,Diesel,Automatic,First,8.2,2993.0,245.0,4.0,4368960.0
Maruti Wagon R Vxi Bs Iv,Kisumu,2011,37000,Petrol,Manual,Second,18.9,998.0,67.1,5.0,310800.0
Renault Kwid Rxt,Mombasa,2017,32587,Petrol,Manual,First,25.17,799.0,53.3,5.0,549080.0
Ford Endeavour 4X2 Xlt Limited Edition,Eldoret,2009,180000,Diesel,Manual,First,10.9,2499.0,143.0,7.0,1110000.0
Maruti Vitara Brezza Zdi Plus Dual Tone,Mombasa,2017,21248,Diesel,Manual,First,24.3,1248.0,88.5,5.0,1397120.0
Hyundai Santro Xing Xo Erlx Euro Ii,Eldoret,2006,47200,Petrol,Manual,Second,17.0,1086.0,97.7,5.0,177600.0
Mercedes-Benz E-Class 200 Kompressor Elegance,Nairobi,2014,40000,Petrol,Automatic,First,10.5,1796.0,157.7,5.0,3552000.0
Mercedes-Benz C-Class Progressive C 220D,Thika,2019,4000,Diesel,Automatic,First,0.0,1950.0,194.0,5.0,5180000.0
Maruti Ertiga Vxi Cng,Nairobi,2017,23700,Cng,Manual,First,17.5,1373.0,80.46,7.0,1221000.0
Audi A4 2.0 Tdi Celebration Edition,Nairobi,2011,57000,Diesel,Automatic,Second,16.55,1968.0,147.51,5.0,1443000.0
Hyundai Grand I10 Asta,Kisumu,2014,37000,Petrol,Manual,First,18.9,1197.0,82.0,5.0,510600.0
Mitsubishi Pajero Sport 4X4,Nyeri,2014,70000,Diesel,Manual,Second,13.5,2477.0,175.56,7.0,1753800.0
Mercedes-Benz New C-Class C 250 Cdi Avantgarde,Naivasha,2012,92469,Diesel,Automatic,Second,19.71,2143.0,201.15,5.0,2388720.0
Maruti Wagon R Lxi Cng,Eldoret,2015,55000,Cng,Manual,First,26.6,998.0,58.16,5.0,547600.0
Maruti Alto K10 Vxi Ags,Thika,2017,20000,Petrol,Automatic,First,24.07,998.0,67.1,5.0,592000.0
Hyundai I20 Sportz 1.2,Nairobi,2015,42000,Petrol,Manual,Second,18.6,1197.0,81.83,5.0,858400.0
Maruti Swift Dzire Vdi,Kisumu,2014,28000,Diesel,Manual,First,23.4,1248.0,74.0,5.0,688200.0000000001
Mercedes-Benz R-Class R350 4Matic Long,Eldoret,2010,93000,Petrol,Automatic,Second,11.8,3498.0,272.0,7.0,2220000.0
Ford Ecosport 1.5 Ti Vct At Titanium,Nairobi,2015,23000,Petrol,Automatic,First,15.63,1499.0,110.4,5.0,1006400.0
Honda City I Dtec Vx Option,Nakuru,2016,36000,Diesel,Manual,First,25.1,1498.0,98.6,5.0,1517000.0
Maruti Alto K10 2010-2014 Vxi,Mombasa,2014,52000,Petrol,Manual,First,20.92,998.0,67.1,5.0,399600.0
Maruti Ertiga Zdi,Kisumu,2015,59245,Diesel,Manual,First,20.77,1248.0,88.8,7.0,1258000.0
Hyundai I20 Diesel Asta Option,Eldoret,2018,31000,Diesel,Manual,First,22.54,1396.0,88.73,5.0,1147000.0
Tata Indigo Cs Eglx Bs Iv,Eldoret,2015,83000,Petrol,Manual,First,15.64,1193.0,64.08,5.0,399600.0
Maruti Alto Std,Kisumu,2004,81500,Petrol,Manual,Second,19.7,796.0,46.3,5.0,192400.0
Maruti Estilo Lxi,Mombasa,2008,51000,Petrol,Manual,Second,19.5,1061.0,97.7,5.0,259000.0
Hyundai Creta 1.6 Sx,Kisumu,2018,9900,Petrol,Manual,First,15.8,1591.0,121.3,5.0,1953600.0
Maruti Wagon R Lx,Eldoret,2004,94000,Petrol,Manual,Second,18.9,998.0,67.1,5.0,148000.0
Toyota Etios V,Mombasa,2017,27100,Petrol,Manual,First,16.78,1496.0,88.73,5.0,942760.0
Toyota Etios V,Kisumu,2015,12000,Petrol,Manual,First,16.78,1496.0,88.73,5.0,666000.0
Renault Duster 110Ps Diesel Rxz Optional With Nav,Nairobi,2013,29000,Diesel,Manual,First,19.01,1461.0,108.45,5.0,962000.0
Maruti Swift Dzire Vdi Bsiv,Nairobi,2013,65000,Diesel,Manual,Second,19.3,1248.0,73.9,5.0,738520.0
Mercedes-Benz Glc 220,Naivasha,2017,50794,Diesel,Automatic,First,17.9,2143.0,170.0,5.0,6408400.0
Ford Ecosport 1.5 Dv5 Mt Titanium Optional,Nairobi,2014,59000,Diesel,Manual,First,22.7,1498.0,89.84,5.0,962000.0
Maruti Wagon R Lxi Cng,Nairobi,2012,72000,Cng,Manual,First,26.2,998.0,58.2,5.0,333000.0
Maruti Ciaz 1.4 At Alpha,Kisumu,2017,15234,Petrol,Automatic,First,19.12,1373.0,91.1,5.0,1472599.9999999998
Ford Ecosport 1.5 Dv5 Mt Titanium,Nairobi,2015,44000,Diesel,Manual,First,22.7,1498.0,89.84,5.0,1087800.0
Tata Zest Quadrajet 1.3 75Ps Xe,Kisumu,2016,125000,Diesel,Manual,First,22.95,1248.0,74.0,5.0,680799.9999999999
Ford Endeavour 3.0L 4X4 At,Mombasa,2011,100000,Diesel,Automatic,First,11.4,2953.0,153.86,7.0,1258000.0
Renault Duster 110Ps Diesel Rxz Amt,Naivasha,2017,34686,Diesel,Automatic,First,19.6,1461.0,108.45,5.0,1755280.0
Nissan X-Trail Slx Mt,Eldoret,2011,98000,Diesel,Manual,First,14.42,1995.0,147.6,5.0,1184000.0
Toyota Fortuner 4X4 At,Nairobi,2015,90000,Diesel,Automatic,First,12.55,2982.0,168.5,7.0,3182000.0
Chevrolet Aveo U-Va 1.2 Ls,Eldoret,2007,81000,Petrol,Manual,First,15.26,1150.0,74.9,5.0,192400.0
Skoda Rapid 1.6 Tdi Ambition,Mombasa,2012,55000,Diesel,Manual,First,20.5,1598.0,103.5,5.0,873200.0
Mahindra Xuv500 W8 4Wd,Nakuru,2013,52910,Diesel,Manual,Second,15.1,2179.0,140.0,7.0,1406000.0
Maruti Swift Dzire Zdi,Mombasa,2010,100000,Diesel,Manual,First,19.3,1248.0,73.9,5.0,666000.0
Skoda Octavia Elegance 1.9 Tdi,Kisumu,2003,132000,Diesel,Manual,First,18.7,1896.0,66.0,5.0,333000.0
Chevrolet Enjoy Petrol Ls 7 Seater,Nairobi,2014,18000,Petrol,Manual,First,13.7,1399.0,98.82,7.0,495800.0
Hyundai Accent Gle,Kisumu,2005,50000,Petrol,Manual,First,13.2,1495.0,94.0,5.0,103600.0
Mercedes-Benz New C-Class C 200 Cgi,Nakuru,2012,33000,Petrol,Automatic,First,14.74,1991.0,184.0,5.0,2368000.0
Renault Duster 85Ps Diesel Rxe,Eldoret,2014,30000,Diesel,Manual,First,20.45,1461.0,83.8,5.0,1184000.0
Jaguar F Type 5.0 V8 S,Kisumu,2015,8000,Petrol,Automatic,First,12.5,5000.0,488.1,2.0,14800000.0
Hyundai Verna 1.6 Sx,Mombasa,2012,58646,Diesel,Manual,First,22.32,1582.0,126.32,5.0,701520.0
Mercedes-Benz E-Class 2015-2017 E250 Cdi Avantgarde,Nairobi,2016,21000,Diesel,Automatic,First,13.0,2143.0,204.0,5.0,5328000.0
Volkswagen Vento Petrol Highline,Mombasa,2015,57026,Petrol,Manual,First,15.04,1598.0,103.6,5.0,819920.0
Skoda Superb Style 2.0 Tdi At,Nairobi,2017,42000,Diesel,Automatic,First,18.19,1968.0,174.5,5.0,3402520.0
Mahindra Scorpio 1.99 S4 Plus,Mombasa,2017,26741,Diesel,Manual,First,15.4,1997.0,120.0,7.0,1491840.0
Skoda Laura Classic 1.8 Tsi,Eldoret,2010,85000,Petrol,Manual,First,17.5,1798.0,97.7,5.0,421800.0
Maruti 800 Dx Bsii,Eldoret,2000,78000,Petrol,Manual,First,16.1,796.0,37.0,4.0,81400.00000000001
Audi Q5 3.0 Tdi Quattro Technology,Naivasha,2018,29091,Diesel,Automatic,First,13.22,2967.0,241.4,5.0,6736960.0
Mahindra Nuvosport N6,Naivasha,2018,37323,Diesel,Manual,Second,17.45,1493.0,100.0,7.0,1078920.0
Volkswagen Vento Diesel Highline,Mombasa,2011,55595,Diesel,Manual,Second,20.54,1598.0,103.6,5.0,636400.0
Maruti Swift Dzire Vxi Optional,Mombasa,2015,49900,Petrol,Manual,First,20.85,1197.0,83.14,5.0,710400.0
Maruti Ertiga Vxi,Nairobi,2012,52500,Petrol,Manual,Second,16.02,1373.0,93.7,7.0,777000.0
Maruti Alto 800 2016-2019 Lxi,Mombasa,2016,5700,Petrol,Manual,First,24.7,796.0,47.3,5.0,414400.0
Hyundai I20 Magna 1.4 Crdi (Diesel),Mombasa,2014,53340,Diesel,Manual,First,21.9,1396.0,88.76,5.0,643799.9999999999
Ford Ecosport 1.5 Dv5 Mt Titanium,Kisumu,2014,57000,Diesel,Manual,First,22.7,1498.0,89.84,5.0,812520.0
Maruti Alto K10 Lxi Cng,Eldoret,2015,59525,Cng,Manual,Second,32.26,998.0,58.2,4.0,458800.0
Volkswagen Vento 1.5 Tdi Highline,Nakuru,2014,58000,Diesel,Manual,First,20.34,1498.0,103.2,5.0,962000.0
Mahindra Scorpio Vlx 2Wd Airbag Bsiii,Nakuru,2011,73000,Diesel,Manual,First,12.05,2179.0,120.0,8.0,947200.0
Ford Figo Aspire 1.5 Tdci Titanium Plus,Mombasa,2016,33554,Diesel,Manual,First,25.83,1498.0,99.0,5.0,920560.0
Toyota Innova 2.5 G (Diesel) 8 Seater,Nairobi,2012,106000,Diesel,Manual,First,12.99,2494.0,100.0,8.0,1243200.0
Maruti Dzire Ldi,Eldoret,2018,27000,Diesel,Manual,First,28.4,1248.0,73.75,5.0,873200.0
Renault Kwid Rxl,Eldoret,2018,1000,Petrol,Manual,First,25.17,799.0,53.3,5.0,503200.0
Ford Endeavour 2.5L 4X2 Mt,Nyeri,2011,119000,Diesel,Manual,Third,13.1,2499.0,141.0,7.0,962000.0
Mahindra Jeep Mm 540 Dp,Mombasa,2002,75000,Diesel,Manual,First,0.0,2112.0,97.7,6.0,251600.0
Ford Ecosport 1.0 Ecoboost Titanium Plus,Nairobi,2015,64000,Petrol,Manual,First,18.88,999.0,123.24,5.0,888000.0
Hyundai Creta 1.6 Crdi Sx,Kisumu,2016,63738,Diesel,Manual,First,19.67,1582.0,126.2,5.0,1761200.0
Bmw 5 Series 2013-2017 530D M Sport,Nakuru,2016,16000,Diesel,Automatic,First,14.69,2993.0,258.0,5.0,7104000.0
Maruti Ertiga Vxi At Petrol,Nairobi,2017,28000,Petrol,Automatic,First,18.69,1462.0,103.0,7.0,1184000.0
Skoda Laura L And K At,Kisumu,2007,91000,Diesel,Automatic,Second,15.6,1896.0,106.0,5.0,362600.00000000006
Chevrolet Beat Ls,Kisumu,2013,25000,Petrol,Manual,First,18.6,1199.0,79.4,5.0,259000.0
Audi Q3 2.0 Tdi,Nakuru,2014,65630,Diesel,Automatic,First,15.73,1968.0,174.33,5.0,3219000.0
Honda City 1.5 V Mt,Eldoret,2014,48094,Petrol,Manual,First,17.0,1497.0,118.0,5.0,1073000.0
Maruti Swift Lxi Bsiii,Eldoret,2009,90456,Petrol,Manual,Second,16.1,1298.0,88.2,5.0,444000.0
Ford Figo Diesel Exi,Nyeri,2012,140000,Diesel,Manual,First,20.0,1399.0,68.0,5.0,371479.99999999994
Toyota Fortuner 4X4 At,Mombasa,2015,95000,Diesel,Automatic,First,12.55,2982.0,168.5,7.0,2900800.0000000005
Mercedes-Benz New C-Class 200 Cdi Classic,Eldoret,2013,79000,Diesel,Manual,Second,15.8,2148.0,170.0,5.0,2294000.0
Toyota Innova 2.5 Gx (Diesel) 7 Seater,Mombasa,2012,96000,Diesel,Manual,First,12.99,2494.0,100.0,7.0,1702000.0
Honda City 1.5 Exi,Naivasha,2004,186679,Petrol,Manual,Second,13.0,1493.0,100.0,5.0,260480.0
Honda Amaze S I-Dtech,Nyeri,2015,91000,Diesel,Manual,First,25.8,1498.0,98.6,5.0,692640.0
Toyota Corolla Altis 1.8 G Cvt,Nairobi,2010,109703,Petrol,Automatic,Second,14.28,1798.0,138.03,5.0,592000.0
Tata Indica Vista Quadrajet Vx,Kisumu,2012,110000,Diesel,Manual,First,22.3,1248.0,74.0,5.0,414400.0
Mahindra Xuv500 W8 2Wd,Nairobi,2012,35000,Diesel,Manual,First,16.0,2179.0,140.0,7.0,1221000.0
Maruti Ritz Vdi,Kisumu,2010,47722,Diesel,Manual,First,21.1,1248.0,73.9,5.0,251600.0
Mercedes-Benz New C-Class C 200 Avantgarde,Nairobi,2013,25000,Petrol,Automatic,First,14.74,1991.0,181.04,5.0,2197800.0
Hyundai Verna Vtvt 1.6 At Sx Option,Nairobi,2018,8000,Petrol,Automatic,First,17.0,1591.0,121.3,5.0,1901800.0
Mercedes-Benz New C-Class C 250 Cdi Elegance,Kisumu,2012,65000,Diesel,Automatic,First,14.94,2143.0,204.0,5.0,2368000.0
Maruti Wagon R Vxi Bs Iv,Kisumu,2018,1048,Petrol,Manual,First,18.9,998.0,67.1,5.0,695600.0
Maruti Ertiga Vxi,Nakuru,2014,42000,Petrol,Manual,Second,16.02,1373.0,93.7,7.0,879120.0
Skoda Rapid Ultima 1.6 Tdi Elegance,Kisumu,2013,55000,Diesel,Manual,First,20.5,1598.0,103.5,5.0,1184000.0
Toyota Innova 2.5 V Diesel 8-Seater,Nairobi,2010,72000,Diesel,Manual,First,12.8,2494.0,102.0,8.0,806600.0
Mercedes-Benz Gla Class 200 Sport,Mombasa,2018,17773,Petrol,Automatic,First,13.7,1991.0,183.0,5.0,3960480.0
Volkswagen Polo 1.5 Tdi Highline,Kisumu,2013,65000,Diesel,Manual,Second,20.14,1498.0,88.0,5.0,518000.0
Hyundai Santro Xing Gl,Nairobi,2008,65000,Petrol,Manual,Second,0.0,1086.0,62.0,5.0,205720.0
Hyundai Verna 1.6 Crdi Ex Mt,Kisumu,2013,53280,Diesel,Manual,First,22.32,1582.0,126.3,5.0,695600.0
Volkswagen Ameo 1.2 Mpi Highline,Thika,2016,34005,Petrol,Manual,First,17.0,1198.0,73.75,5.0,851000.0
Hyundai I20 Asta Option 1.2,Naivasha,2017,14618,Petrol,Manual,First,18.6,1197.0,81.83,5.0,1200280.0
Maruti Wagon R Lx Bsiii,Nairobi,2006,65771,Petrol,Manual,Second,17.3,1061.0,64.0,5.0,111000.0
Tata Indica Lei,Eldoret,2006,78000,Petrol,Manual,Second,13.5,1405.0,60.0,5.0,148000.0
Mahindra Xylo D4,Kisumu,2016,105545,Diesel,Manual,First,14.0,2498.0,112.0,7.0,784400.0
Isuzu D-Max V-Cross 4X4,Nyeri,2017,25000,Diesel,Manual,First,12.4,2499.0,134.0,5.0,1184000.0
Hyundai I20 2015-2017 Magna,Eldoret,2010,80561,Petrol,Manual,First,18.5,1197.0,80.0,5.0,405520.0
Maruti Baleno Alpha,Nairobi,2017,6000,Petrol,Manual,First,21.4,1197.0,83.1,5.0,1110000.0
Tata Hexa Xta,Nyeri,2016,39000,Diesel,Automatic,First,17.6,2179.0,153.86,7.0,1998000.0
Volkswagen Polo Petrol Comfortline 1.2L,Kisumu,2011,55001,Petrol,Manual,First,16.47,1198.0,73.9,5.0,325600.00000000006
Mercedes-Benz New C-Class C 200 Cgi Elegance,Nairobi,2012,63720,Petrol,Automatic,First,11.74,1796.0,186.0,5.0,1961000.0
Toyota Etios Gd,Nairobi,2013,70000,Diesel,Manual,First,23.59,1364.0,97.7,5.0,574240.0
Hyundai Getz Gls,Nyeri,2005,100000,Petrol,Manual,Second,15.3,1341.0,83.0,5.0,125800.0
Tata Tiago 1.2 Revotron Xt,Mombasa,2017,15386,Petrol,Manual,First,23.84,1199.0,84.0,5.0,756280.0000000001
Renault Duster 85Ps Diesel Rxl Option,Nairobi,2013,102486,Diesel,Manual,First,19.87,1461.0,83.8,5.0,629000.0
Audi A4 35 Tdi Premium Plus,Naivasha,2013,58629,Diesel,Automatic,Second,18.25,1968.0,187.74,5.0,2444960.0
Tata New Safari Dicor 2.2 Vx 4X2,Eldoret,2008,86000,Diesel,Manual,Third,13.93,2179.0,138.0,7.0,88800.0
Maruti Swift Vdi,Kisumu,2012,68238,Diesel,Manual,First,22.9,1248.0,74.0,5.0,710400.0
Skoda Superb Elegance 1.8 Tsi At,Nairobi,2011,42036,Petrol,Automatic,First,13.7,1798.0,157.75,5.0,925000.0
Hyundai Elantra Sx,Nairobi,2014,55619,Petrol,Manual,First,16.3,1797.0,147.5,5.0,1228400.0000000002
Honda City 1.5 E Mt,Eldoret,2009,60000,Petrol,Manual,Third,17.0,1497.0,118.0,5.0,481000.0
Renault Duster 85Ps Diesel Rxl Explore,Eldoret,2015,30000,Diesel,Manual,First,19.87,1461.0,83.8,5.0,1147000.0
Jaguar Xf 2.2 Litre Luxury,Mombasa,2016,31150,Diesel,Automatic,First,16.36,2179.0,187.7,5.0,4519920.0
Maruti Wagon R Duo Lxi,Nyeri,2010,70000,Lpg,Manual,First,26.2,998.0,58.2,5.0,335960.0
Volkswagen Polo Ipl Ii 1.2 Petrol Highline,Eldoret,2010,70290,Petrol,Manual,Second,17.24,1198.0,73.9,5.0,438080.0
Tata Bolt Revotron Xt,Mombasa,2016,10000,Petrol,Manual,First,17.57,1193.0,88.7,5.0,592000.0
Hyundai I20 Sportz 1.2,Nakuru,2014,68010,Petrol,Manual,Second,18.5,1197.0,82.85,5.0,777000.0
Audi A6 2011-2015 2.0 Tdi,Mombasa,2013,91903,Diesel,Automatic,First,17.68,1968.0,174.33,5.0,2598879.9999999995
Volkswagen Vento 1.6 Highline,Nairobi,2011,38000,Petrol,Manual,First,16.09,1598.0,103.5,5.0,481000.0
Maruti Celerio Vxi,Nakuru,2015,67600,Petrol,Manual,First,23.1,998.0,67.04,5.0,592000.0
Hyundai Getz Gle,Naivasha,2007,66800,Petrol,Manual,First,15.3,1341.0,83.0,5.0,325600.00000000006
Maruti Vitara Brezza Vdi,Eldoret,2016,37208,Diesel,Manual,First,24.3,1248.0,88.5,5.0,1099640.0
Mercedes-Benz M-Class Ml 320 Cdi,Nairobi,2009,102002,Diesel,Automatic,First,8.7,2987.0,224.34,5.0,1591000.0
Maruti Swift Dzire Vdi Bsiv,Nairobi,2011,68000,Diesel,Manual,First,19.3,1248.0,73.9,5.0,407000.0
Porsche Panamera Diesel,Kisumu,2013,40000,Diesel,Automatic,Second,17.85,2967.0,300.0,4.0,6660000.0
Toyota Camry Hybrid,Nairobi,2015,33500,Petrol,Automatic,First,19.16,2494.0,158.2,5.0,2923000.0
Honda Brio 1.2 Vx Mt,Nairobi,2013,33746,Petrol,Manual,First,18.5,1198.0,86.8,5.0,473600.0
Skoda Superb 3.6 V6 Fsi,Kisumu,2009,53000,Petrol,Automatic,First,0.0,3597.0,262.6,5.0,703000.0
Toyota Innova 2.5 V Diesel 7-Seater,Naivasha,2011,45004,Diesel,Manual,First,12.8,2494.0,102.0,7.0,1403040.0
Honda Amaze Vx I-Dtec,Naivasha,2015,70602,Diesel,Manual,First,25.8,1498.0,98.6,5.0,714840.0
Maruti Swift Vdi,Nairobi,2014,27365,Diesel,Manual,First,28.4,1248.0,74.0,5.0,703000.0
Hyundai Xcent 1.1 Crdi S,Nyeri,2015,100000,Diesel,Manual,First,24.4,1120.0,71.0,5.0,592000.0
Mahindra Xylo D4 Bsiv,Nyeri,2012,55000,Diesel,Manual,Second,14.0,2498.0,112.0,8.0,429200.0
Maruti Wagon R Vxi,Kisumu,2013,46000,Petrol,Manual,First,18.9,998.0,67.1,5.0,392200.0
Chevrolet Beat Diesel,Kisumu,2011,47000,Diesel,Manual,First,25.44,936.0,57.6,5.0,370000.0
