Location,Year,Kilometers_Driven,Fuel_Type,Transmission,Owner_Type,Mileage,Engine,Power,Seats,Price,Brand,Model,Car_Age,Luxury_Brand,Kilometers_Per_Year,Power_Per_CC
Nairobi,2010,72000,Cng,Manual,First,26.6,998.0,58.16,5.0,259000.0,Maruti,Wagon R Lxi Cng,16,0,4500.0,0.05827655310621242
Eldoret,2015,41000,Diesel,Manual,First,19.67,1582.0,126.2,5.0,1850000.0,Hyundai,Creta 1.6 Crdi Sx Option,11,0,3727.2727272727275,0.0797724399494311
Mombasa,2011,46000,Petrol,Manual,First,18.2,1199.0,88.7,5.0,666000.0,Honda,Jazz V,15,0,3066.6666666666665,0.07397831526271893
Mombasa,2012,87000,Diesel,Manual,First,20.77,1248.0,88.76,7.0,888000.0,Maruti,Ertiga Vdi,14,0,6214.285714285715,0.07112179487179487
Naivasha,2013,40670,Diesel,Automatic,Second,15.2,1968.0,140.8,5.0,2625519.9999999995,Audi,A4 New 2.0 Tdi Multitronic,13,1,3128.4615384615386,0.07154471544715447
Kisumu,2012,75000,Lpg,Manual,First,21.1,814.0,55.2,5.0,347800.0,Hyundai,Eon Lpg Era Plus Option,14,0,5357.142857142857,0.06781326781326781
Nyeri,2013,86999,Diesel,Manual,First,23.08,1461.0,63.1,5.0,518000.0,Nissan,Micra Diesel Xv,13,0,6692.2307692307695,0.0431895961670089
Nairobi,2016,36000,Diesel,Automatic,First,11.36,2755.0,171.5,8.0,2590000.0,Toyota,Innova Crysta 2.8 Gx At 8S,10,0,3600.0,0.062250453720508164
Eldoret,2013,64430,Diesel,Manual,First,20.54,1598.0,103.6,5.0,769600.0,Volkswagen,Vento Diesel Comfortline,13,0,4956.153846153846,0.06483103879849812
Mombasa,2012,65932,Diesel,Manual,Second,22.3,1248.0,74.0,5.0,288600.0,Tata,Indica Vista Quadrajet Ls,14,0,4709.428571428572,0.05929487179487179
Mombasa,2018,25692,Petrol,Manual,First,21.56,1462.0,103.25,5.0,1472599.9999999998,Maruti,Ciaz Zeta,8,0,3211.5,0.07062243502051983
Kisumu,2012,60000,Petrol,Automatic,First,16.8,1497.0,116.3,5.0,664520.0,Honda,City 1.5 V At Sunroof,14,0,4285.714285714285,0.07768871075484302
Nyeri,2015,64424,Diesel,Manual,First,25.2,1248.0,74.0,5.0,828800.0,Maruti,Swift Vdi Bsiv,11,0,5856.727272727273,0.05929487179487179
Nairobi,2014,72000,Diesel,Automatic,First,12.7,2179.0,187.7,5.0,3996000.0,Land,Rover Range Rover 2.2L Pure,12,1,6000.0,0.08614043139054611
Eldoret,2012,85000,Diesel,Automatic,Second,0.0,2179.0,115.0,5.0,2590000.0,Land,Rover Freelander 2 Td4 Se,14,1,6071.428571428572,0.05277650298301973
Nairobi,2014,110000,Diesel,Manual,First,13.5,2477.0,175.56,7.0,2220000.0,Mitsubishi,Pajero Sport 4X4,12,0,9166.666666666666,0.07087605974969721
Mombasa,2016,58950,Diesel,Manual,First,25.8,1498.0,98.6,5.0,799200.0,Honda,Amaze S I-Dtech,10,0,5895.0,0.06582109479305741
Nyeri,2017,25000,Diesel,Manual,First,28.4,1248.0,74.0,5.0,886520.0,Maruti,Swift Ddis Vdi,9,0,2777.777777777778,0.05929487179487179
Mombasa,2014,77469,Diesel,Manual,First,20.45,1461.0,83.8,5.0,938320.0,Renault,Duster 85Ps Diesel Rxl Plus,12,0,6455.75,0.05735797399041752
Nakuru,2014,78500,Diesel,Automatic,First,14.84,2143.0,167.62,5.0,4144000.0,Mercedes-Benz,New C-Class C 220 Cdi Be Avantgare,12,1,6541.666666666667,0.07821745216985534
Mombasa,2014,32982,Diesel,Automatic,First,22.69,1995.0,190.0,5.0,2745400.0,Bmw,3 Series 320D,12,0,2748.5,0.09523809523809523
Nakuru,2015,55392,Diesel,Manual,Second,23.65,1248.0,88.5,5.0,1221000.0,Maruti,S Cross Ddis 200 Alpha,11,0,5035.636363636364,0.07091346153846154
Nairobi,2015,55985,Petrol,Automatic,First,13.53,1984.0,177.01,5.0,3478000.0,Audi,A6 2011-2015 35 Tfsi Technology,11,1,5089.545454545455,0.08921875
Kisumu,2010,45807,Petrol,Manual,First,18.5,1197.0,80.0,5.0,276760.0,Hyundai,I20 1.2 Magna,16,0,2862.9375,0.06683375104427736
Kisumu,2010,33000,Petrol,Automatic,First,14.4,1598.0,103.6,5.0,421800.0,Volkswagen,Vento Petrol Highline At,16,0,2062.5,0.06483103879849812
Nairobi,2012,51920,Petrol,Manual,First,16.8,1497.0,116.3,5.0,629000.0,Honda,City Corporate Edition,14,0,3708.5714285714284,0.07768871075484302
Kisumu,2012,54000,Diesel,Manual,First,23.08,1461.0,63.1,5.0,629000.0,Nissan,Micra Diesel Xv,14,0,3857.1428571428573,0.0431895961670089
Kisumu,2013,54000,Petrol,Manual,Second,20.92,998.0,67.1,5.0,407000.0,Maruti,Alto K10 2010-2014 Vxi,13,0,4153.846153846154,0.06723446893787574
Mombasa,2018,37430,Petrol,Manual,First,17.5,1199.0,88.7,5.0,1465200.0,Honda,Wrv I-Vtec Vx,8,0,4678.75,0.07397831526271893
Nairobi,2007,262000,Diesel,Manual,Fourth & Above,12.8,2494.0,102.0,7.0,592000.0,Toyota,Innova 2.5 V Diesel 7-Seater,19,0,13789.473684210527,0.0408981555733761
Nakuru,2013,62000,Diesel,Manual,First,19.01,1461.0,108.45,5.0,1147000.0,Renault,Duster 110Ps Diesel Rxz Pack,13,0,4769.2307692307695,0.0742299794661191
Nairobi,2012,87615,Petrol,Manual,First,14.53,1798.0,138.1,5.0,999000.0,Toyota,Corolla Altis G,14,0,6258.214285714285,0.0768075639599555
Nakuru,2013,72000,Diesel,Automatic,Second,11.18,2696.0,184.0,7.0,1850000.0,Mahindra,Ssangyong Rexton Rx7,13,0,5538.461538461538,0.06824925816023739
Kisumu,2010,35000,Diesel,Automatic,First,12.4,2698.0,179.5,5.0,1702000.0,Audi,A6 2.7 Tdi,16,1,2187.5,0.06653076352853966
Naivasha,2014,55431,Petrol,Manual,Second,16.09,1598.0,103.5,5.0,1033040.0,Volkswagen,Vento 1.6 Highline,12,0,4619.25,0.06476846057571965
Nyeri,2009,83816,Petrol,Manual,Second,14.0,1061.0,64.0,5.0,273800.0,Maruti,Wagon R Lxi Bsiii,17,0,4930.35294117647,0.060320452403393024
Mombasa,2018,50075,Diesel,Manual,First,24.3,1248.0,88.5,5.0,1277240.0000000002,Maruti,Vitara Brezza Zdi Plus,8,0,6259.375,0.07091346153846154
Nairobi,2017,52000,Petrol,Manual,First,18.15,1198.0,82.0,5.0,717799.9999999999,Mahindra,Kuv 100 Mfalcon G80 K6 5Str Aw,9,0,5777.777777777777,0.06844741235392321
Eldoret,2013,85000,Diesel,Automatic,First,11.74,2987.0,254.8,5.0,4144000.0,Mercedes-Benz,M-Class Ml 350 Cdi,13,1,6538.461538461538,0.08530297957817208
Mombasa,2013,62000,Diesel,Manual,First,22.07,1199.0,73.9,5.0,740000.0,Volkswagen,Polo Diesel Trendline 1.2L,13,0,4769.2307692307695,0.06163469557964971
Nairobi,2008,90000,Petrol,Manual,Second,19.7,796.0,46.3,5.0,185000.0,Maruti,Alto Lxi,18,0,5000.0,0.05816582914572864
Mombasa,2014,19698,Petrol,Manual,First,25.4,624.0,37.5,4.0,226440.0,Tata,Nano Lx Se,12,0,1641.5,0.06009615384615385
Naivasha,2017,22033,Diesel,Manual,First,25.32,1198.0,77.0,6.0,825840.0,Mahindra,Kuv 100 Mfalcon D75 K8 Dual Tone,9,0,2448.1111111111113,0.0642737896494157
Mombasa,2014,35487,Petrol,Manual,First,18.5,1197.0,82.9,5.0,701520.0,Hyundai,I20 Magna Optional 1.2,12,0,2957.25,0.06925647451963242
Nakuru,2014,46374,Petrol,Automatic,First,14.62,1999.0,149.92,5.0,1309800.0,Hyundai,Elantra 2.0 Sx Option At,12,0,3864.5,0.07499749874937468
Nairobi,2016,52001,Petrol,Automatic,First,14.28,1798.0,138.03,5.0,1496280.0,Toyota,Corolla Altis G At,10,0,5200.1,0.0767686318131257
Thika,2008,58005,Diesel,Manual,Second,14.9,1991.0,112.2,5.0,629000.0,Hyundai,Elantra Crdi,18,0,3222.5,0.056353591160221
Nakuru,2012,70704,Petrol,Manual,First,11.25,2694.0,163.7,7.0,1620600.0,Toyota,Innova Crysta 2.7 Gx Mt,14,0,5050.285714285715,0.06076466221232368
Nyeri,2014,75000,Diesel,Manual,First,24.4,1120.0,71.0,5.0,569800.0,Hyundai,Xcent 1.1 Crdi S,12,0,6250.0,0.06339285714285714
Nyeri,2012,75800,Diesel,Manual,Second,16.55,2498.0,105.0,6.0,814000.0,Mahindra,Thar Crde Ac,14,0,5414.285714285715,0.042033626901521216
Mombasa,2015,13648,Diesel,Automatic,First,17.11,1968.0,174.33,5.0,3171640.0,Audi,A4 2.0 Tdi 177 Bhp Premium Plus,11,1,1240.7272727272727,0.08858231707317074
Nairobi,2014,52000,Diesel,Manual,First,22.9,1248.0,74.0,5.0,629000.0,Maruti,Swift Ldi,12,0,4333.333333333333,0.05929487179487179
Kisumu,2014,53000,Diesel,Manual,First,17.8,1248.0,75.0,5.0,488400.0,Maruti,Swift Ldi Bsiv,12,0,4416.666666666667,0.06009615384615385
Nairobi,2013,65650,Diesel,Manual,First,28.4,1248.0,74.0,5.0,569800.0,Maruti,Swift Vdi,13,0,5050.0,0.05929487179487179
Mombasa,2015,54000,Petrol,Manual,Third,18.9,1197.0,82.0,5.0,532800.0,Hyundai,Grand I10 Sportz,11,0,4909.090909090909,0.06850459482038429
Kisumu,2015,39000,Petrol,Manual,First,15.04,1598.0,103.2,5.0,590520.0,Volkswagen,Vento 2013-2015 1.6 Comfortline,11,0,3545.4545454545455,0.06458072590738423
Mombasa,2017,16542,Petrol,Manual,First,25.17,799.0,53.3,5.0,488400.0,Renault,Kwid Rxt,9,0,1838.0,0.06670838548185232
Kisumu,2010,32000,Petrol,Manual,First,20.36,1197.0,78.9,5.0,306359.99999999994,Hyundai,I10 Asta,16,0,2000.0,0.06591478696741855
Kisumu,2010,121812,Diesel,Automatic,First,13.29,1995.0,147.6,5.0,1147000.0,Nissan,X-Trail Slx At,16,0,7613.25,0.07398496240601503
Kisumu,2010,39300,Petrol,Manual,First,18.2,998.0,67.1,5.0,333000.0,Maruti,Zen Estilo Vxi Bsiii,16,0,2456.25,0.06723446893787574
Nairobi,2017,22000,Diesel,Manual,First,13.68,2393.0,147.8,8.0,2442000.0,Toyota,Innova Crysta 2.4 Gx Mt 8S,9,0,2444.4444444444443,0.06176347680735479
Nakuru,2010,72000,Diesel,Manual,First,20.0,1399.0,68.0,5.0,407000.0,Ford,Figo Diesel Titanium,16,0,4500.0,0.04860614724803431
Nairobi,2015,58000,Petrol,Automatic,First,11.74,1796.0,186.0,5.0,3951600.0,Mercedes-Benz,New C-Class C 200 Cgi Avantgarde,11,1,5272.727272727273,0.10356347438752785
Eldoret,2011,65000,Diesel,Manual,Second,15.8,2148.0,170.0,5.0,1480000.0,Mercedes-Benz,New C-Class 200 Cdi Classic,15,1,4333.333333333333,0.07914338919925512
Mombasa,2016,178000,Diesel,Manual,First,25.0,1396.0,69.0,5.0,370000.0,Tata,Indica V2 Els,10,0,17800.0,0.0494269340974212
Nyeri,2012,65664,Diesel,Automatic,First,16.55,1968.0,140.0,5.0,1998000.0,Audi,A4 2.0 Tdi Multitronic,14,1,4690.285714285715,0.07113821138211382
Nairobi,2007,63000,Petrol,Automatic,Second,16.4,1497.0,78.0,5.0,273800.0,Honda,City Zx Cvt,19,0,3315.7894736842104,0.052104208416833664
Naivasha,2019,15369,Diesel,Automatic,First,0.0,1950.0,194.0,5.0,5279160.0,Mercedes-Benz,C-Class Progressive C 220D,7,1,2195.5714285714284,0.09948717948717949
Eldoret,2016,63000,Diesel,Manual,First,24.52,1248.0,88.5,7.0,1206200.0,Maruti,Ertiga Shvs Vdi,10,0,6300.0,0.07091346153846154
Nairobi,2018,13000,Diesel,Manual,First,22.1,1396.0,88.7,5.0,1554000.0,Hyundai,Creta 1.4 E Plus Diesel,8,0,1625.0,0.06353868194842408
Nairobi,2008,73000,Petrol,Automatic,First,8.5,4806.0,500.0,5.0,2146000.0,Porsche,Cayenne 2009-2014 Turbo,18,1,4055.5555555555557,0.10403662089055347
Nairobi,2015,55729,Diesel,Manual,First,15.1,2179.0,140.0,7.0,1428200.0,Mahindra,Xuv500 W8 4Wd,11,0,5066.272727272727,0.06424965580541533
Mombasa,2012,45178,Petrol,Automatic,First,16.95,1197.0,78.9,5.0,515040.0,Hyundai,I10 Sportz 1.2 At,14,0,3227.0,0.06591478696741855
Mombasa,2015,56066,Diesel,Manual,First,19.64,1461.0,108.5,5.0,1024160.0,Nissan,Terrano Xv D Pre,11,0,5096.909090909091,0.07426420260095824
Naivasha,2016,37300,Petrol,Automatic,Second,16.5,1198.0,86.8,5.0,956080.0,Honda,Brio Vx At,10,0,3730.0,0.07245409015025041
Nairobi,2014,56000,Diesel,Automatic,Second,18.53,1968.0,187.74,5.0,4366000.0,Audi,A6 2.0 Tdi Design Edition,12,1,4666.666666666667,0.09539634146341464
Nyeri,2008,111111,Diesel,Manual,First,17.8,1399.0,97.7,5.0,296000.0,Ford,Fiesta 1.4 Sxi Tdci,18,0,6172.833333333333,0.06983559685489636
Mombasa,2006,230000,Petrol,Manual,Third,12.4,1998.0,132.0,8.0,666000.0,Toyota,Innova 2.0 G1,20,0,11500.0,0.06606606606606606
Kisumu,2012,104000,Diesel,Manual,First,12.8,2494.0,102.0,7.0,1739000.0,Toyota,Innova 2.5 Vx 7 Str Bsiv,14,0,7428.571428571428,0.0408981555733761
Kisumu,2005,87591,Petrol,Manual,First,0.0,1086.0,97.7,5.0,192400.0,Hyundai,Santro Xing Xl,21,0,4171.0,0.08996316758747698
Nyeri,2012,95100,Diesel,Manual,First,22.9,1248.0,74.0,5.0,555000.0,Maruti,Swift Vdi,14,0,6792.857142857143,0.05929487179487179
Eldoret,2017,70000,Petrol,Manual,First,17.57,1193.0,88.7,5.0,666000.0,Tata,Zest Revotron 1.2T Xe,9,0,7777.777777777777,0.07435037720033529
Mombasa,2016,54944,Petrol,Manual,First,18.0,1198.0,86.7,5.0,713360.0,Honda,Amaze Sx I-Vtec,10,0,5494.4,0.07237061769616027
Kisumu,2012,70337,Diesel,Manual,First,20.0,1399.0,68.0,5.0,414400.0,Ford,Figo Diesel Zxi,14,0,5024.071428571428,0.04860614724803431
Nyeri,2013,99638,Diesel,Manual,First,23.2,1248.0,73.94,5.0,460280.0,Maruti,Ritz Vdi,13,0,7664.461538461538,0.05924679487179487
Nairobi,2009,52000,Petrol,Manual,First,17.8,1497.0,117.3,5.0,481000.0,Honda,City I Vtec E,17,0,3058.823529411765,0.0783567134268537
Nairobi,2011,75000,Diesel,Automatic,Second,16.73,1995.0,218.0,5.0,2057200.0,Bmw,5 Series 2003-2012 525D,15,0,5000.0,0.10927318295739348
Eldoret,2009,95980,Petrol,Manual,First,20.36,1197.0,78.9,5.0,333000.0,Hyundai,I10 Sportz 1.2,17,0,5645.882352941177,0.06591478696741855
Nakuru,2016,16000,Petrol,Manual,First,18.9,1197.0,82.0,5.0,851000.0,Hyundai,Grand I10 Sportz,10,0,1600.0,0.06850459482038429
Kisumu,2007,73745,Petrol,Manual,First,17.0,1086.0,97.7,5.0,310800.0,Hyundai,Santro Xing Xo,19,0,3881.315789473684,0.08996316758747698
Nairobi,2016,18949,Petrol,Manual,First,17.8,1198.0,86.7,5.0,740000.0,Honda,Amaze Sx I-Vtec,10,0,1894.9,0.07237061769616027
Nairobi,2014,107000,Diesel,Manual,First,13.0,2982.0,168.5,7.0,2442000.0,Toyota,Fortuner 4X2 Manual,12,0,8916.666666666666,0.05650570087189805
Naivasha,2018,48367,Diesel,Automatic,First,17.68,1968.0,174.33,5.0,5857840.0,Audi,A6 2011-2015 35 Tdi Premium,8,1,6045.875,0.08858231707317074
Nairobi,2013,57000,Diesel,Manual,First,22.7,1498.0,89.84,5.0,814000.0,Ford,Ecosport 1.5 Dv5 Mt Titanium Optional,13,0,4384.615384615385,0.05997329773030708
Nairobi,2014,58000,Diesel,Manual,First,15.1,2179.0,140.0,7.0,1198800.0,Mahindra,Xuv500 W8 2Wd,12,0,4833.333333333333,0.06424965580541533
Kisumu,2015,30000,Diesel,Manual,First,25.8,1498.0,98.6,5.0,518000.0,Honda,Amaze Sx I-Dtec,11,0,2727.2727272727275,0.06582109479305741
Kisumu,2013,34212,Diesel,Manual,First,22.07,1199.0,73.9,5.0,412920.0,Volkswagen,Polo Diesel Highline 1.2L,13,0,2631.6923076923076,0.06163469557964971
Thika,2010,70002,Diesel,Manual,First,16.2,1493.0,110.0,5.0,510600.0,Hyundai,Verna Transform Sx Vgt Crdi,16,0,4375.125,0.07367716008037509
Nakuru,2016,62000,Petrol,Manual,First,18.9,998.0,67.1,5.0,658600.0,Maruti,Wagon R Vxi Bs Iv,10,0,6200.0,0.06723446893787574
Nairobi,2010,62001,Petrol,Manual,First,15.26,1598.0,103.5,5.0,392200.0,Volkswagen,Polo Petrol Highline 1.6L,16,0,3875.0625,0.06476846057571965
Eldoret,2011,78958,Diesel,Manual,Second,23.0,1396.0,90.0,5.0,562400.0,Hyundai,I20 1.4 Crdi Sportz,15,0,5263.866666666667,0.06446991404011461
Nairobi,2014,30180,Petrol,Manual,First,18.5,1197.0,82.85,5.0,688200.0000000001,Hyundai,I20 Asta 1.2,12,0,2515.0,0.06921470342522974
Eldoret,2017,32851,Petrol,Manual,First,19.83,1198.0,67.0,7.0,584600.0,Datsun,Go Plus T Petrol,9,0,3650.1111111111113,0.055926544240400666
Kisumu,2010,30000,Diesel,Automatic,First,14.94,2967.0,241.4,5.0,1450400.0000000002,Audi,A4 3.0 Tdi Quattro Premium,16,1,1875.0,0.08136164475901585
Eldoret,2009,66000,Petrol,Manual,Second,17.0,1197.0,80.0,5.0,399600.0,Hyundai,I20 2015-2017 Asta,17,0,3882.3529411764707,0.06683375104427736
Naivasha,2010,93850,Petrol,Manual,First,14.0,796.0,35.0,5.0,356680.0,Maruti,Omni 5 Str Std,16,0,5865.625,0.04396984924623116
Thika,2014,53000,Petrol,Manual,First,17.71,1197.0,78.9,5.0,577200.0,Toyota,Etios Liva 1.2 G,12,0,4416.666666666667,0.06591478696741855
Kisumu,2011,78000,Diesel,Automatic,Second,14.74,2993.0,270.9,5.0,3552000.0,Jaguar,Xf 3.0 Litre S Premium Luxury,15,1,5200.0,0.09051119278316071
Nairobi,2012,65000,Diesel,Manual,Second,16.0,2179.0,140.0,7.0,851000.0,Mahindra,Xuv500 W8 2Wd,14,0,4642.857142857143,0.06424965580541533
Kisumu,2014,40000,Diesel,Automatic,First,22.32,1582.0,126.32,5.0,777000.0,Hyundai,Verna 1.6 Sx Crdi (O) At,12,0,3333.3333333333335,0.07984829329962073
Nairobi,2017,30000,Diesel,Automatic,First,11.36,2755.0,171.5,7.0,2849000.0,Toyota,Innova Crysta 2.8 Zx At,9,0,3333.3333333333335,0.062250453720508164
Naivasha,2017,38053,Petrol,Manual,First,15.1,1196.0,73.0,5.0,578680.0,Maruti,Eeco 5 Seater Ac,9,0,4228.111111111111,0.061036789297658864
Nakuru,2014,25500,Petrol,Manual,First,25.4,624.0,37.5,4.0,318200.0,Tata,Nano Twist Xt,12,0,2125.0,0.06009615384615385
Nairobi,2015,56087,Diesel,Automatic,First,22.69,1995.0,190.0,5.0,3071000.0,Bmw,3 Series 320D Luxury Line,11,0,5098.818181818182,0.09523809523809523
Nairobi,2010,71088,Petrol,Manual,First,13.5,1799.0,130.0,5.0,495800.0,Honda,Civic 2006-2010 1.8 V Mt,16,0,4443.0,0.07226236798221233
Thika,2014,55000,Diesel,Manual,First,12.99,2494.0,100.6,7.0,1644280.0,Toyota,Innova 2.5 Vx (Diesel) 7 Seater,12,0,4583.333333333333,0.04033680834001604
Nakuru,2014,32700,Diesel,Automatic,First,23.3,1984.0,150.0,5.0,2960000.0,Volvo,V40 Cross Country D3,12,1,2725.0,0.07560483870967742
Naivasha,2016,39882,Petrol,Automatic,First,19.15,1198.0,75.94,5.0,969400.0,Nissan,Micra Xv Cvt,10,0,3988.2,0.0633889816360601
Nairobi,2009,128000,Petrol,Automatic,First,10.8,2497.0,215.0,5.0,1036000.0,Bmw,5 Series 2010-2013 525I,17,0,7529.411764705882,0.08610332398878655
Nairobi,2016,55000,Diesel,Manual,First,24.3,1248.0,88.5,5.0,1110000.0,Maruti,Vitara Brezza Vdi,10,0,5500.0,0.07091346153846154
Nairobi,2005,102000,Petrol,Manual,Second,17.0,1086.0,97.7,5.0,125800.0,Hyundai,Santro Xing Xl Erlx Euro Iii,21,0,4857.142857142857,0.08996316758747698
Eldoret,2014,53753,Diesel,Automatic,Second,15.0,2143.0,107.3,5.0,2479000.0,Mercedes-Benz,B Class B200 Cdi,12,1,4479.416666666667,0.050069995333644424
Kisumu,2018,10250,Diesel,Manual,First,22.0,1582.0,126.2,5.0,1620600.0,Hyundai,Verna Crdi 1.6 Sx Option,8,0,1281.25,0.0797724399494311
Eldoret,2011,43874,Petrol,Manual,First,18.9,998.0,67.1,5.0,362600.00000000006,Maruti,Wagon R Lxi Bs Iv,15,0,2924.9333333333334,0.06723446893787574
Naivasha,2017,32684,Petrol,Automatic,First,21.9,624.0,37.48,4.0,478040.0,Tata,Nano Xta,9,0,3631.5555555555557,0.06006410256410256
Kisumu,2014,42000,Diesel,Manual,First,12.05,2179.0,120.0,8.0,1147000.0,Mahindra,Scorpio Vlx,12,0,3500.0,0.05507113354749885
Kisumu,2009,28352,Petrol,Automatic,First,11.7,1796.0,178.0,5.0,1383800.0,Mercedes-Benz,New C-Class 200 K At,17,1,1667.764705882353,0.09910913140311804
Eldoret,2013,89900,Cng,Manual,First,26.6,998.0,58.16,5.0,481000.0,Maruti,Wagon R Lxi Cng,13,0,6915.384615384615,0.05827655310621242
Nakuru,2007,47700,Petrol,Manual,Second,10.8,2354.0,152.0,5.0,777000.0,Honda,Cr-V 2.4 Mt,19,0,2510.5263157894738,0.06457094307561598
Eldoret,2015,55000,Diesel,Automatic,First,21.21,1498.0,103.2,5.0,1073000.0,Volkswagen,Vento 1.5 Tdi Comfortline At,11,0,5000.0,0.06889185580774367
Mombasa,2017,44285,Petrol,Manual,First,20.73,1373.0,91.1,5.0,1105560.0,Maruti,Ciaz Vxi Plus,9,0,4920.555555555556,0.0663510560815732
Nyeri,2016,54000,Diesel,Automatic,First,16.0,2179.0,140.0,7.0,1961000.0,Mahindra,Xuv500 At W10 Fwd,10,0,5400.0,0.06424965580541533
Naivasha,2016,30232,Petrol,Manual,First,21.1,1197.0,85.8,5.0,859880.0,Maruti,Ritz Vxi Abs,10,0,3023.2,0.07167919799498747
Kisumu,2014,88500,Petrol,Manual,First,24.07,998.0,67.1,5.0,384800.0,Maruti,Alto K10 Vxi,12,0,7375.0,0.06723446893787574
Kisumu,2017,13372,Petrol,Automatic,First,19.0,2996.0,362.07,2.0,7992000.0,Mercedes-Benz,Slc 43 Amg,9,1,1485.7777777777778,0.12085113484646194
Mombasa,2019,12645,Petrol,Automatic,First,17.0,1591.0,121.3,5.0,1702000.0,Hyundai,Verna Vtvt 1.6 At Sx Plus,7,0,1806.4285714285713,0.07624135763670647
Mombasa,2010,94385,Petrol,Manual,Second,19.7,796.0,46.3,5.0,236800.0,Maruti,Alto Lxi Bsiii,16,0,5899.0625,0.05816582914572864
Naivasha,2015,31821,Diesel,Automatic,First,20.58,1995.0,143.0,5.0,2548560.0,Bmw,1 Series 118D Base,11,0,2892.818181818182,0.07167919799498747
Nairobi,2015,12000,Petrol,Automatic,First,19.0,1199.0,88.7,5.0,888000.0,Honda,Jazz 1.2 V Cvt I Vtec,11,0,1090.909090909091,0.07397831526271893
Nairobi,2012,88578,Petrol,Manual,First,13.5,1799.0,130.0,5.0,584600.0,Honda,Civic 2006-2010 1.8 V Mt,14,0,6327.0,0.07226236798221233
Mombasa,2014,44965,Diesel,Automatic,First,19.27,2143.0,170.0,5.0,2656600.0,Mercedes-Benz,New C-Class C 220 Cdi Avantgarde,12,1,3747.0833333333335,0.07932804479701354
Kisumu,2014,45044,Diesel,Manual,First,25.8,1498.0,98.6,5.0,547600.0,Honda,Amaze Sx I-Dtec,12,0,3753.6666666666665,0.06582109479305741
Mombasa,2016,34204,Petrol,Manual,First,22.0,1197.0,81.8,5.0,803640.0,Maruti,Swift Vvt Vxi,10,0,3420.4,0.0683375104427736
Mombasa,2008,80759,Petrol,Manual,Third,17.0,1086.0,97.7,5.0,247160.0,Hyundai,Santro Xing Xo Erlx Euro Ii,18,0,4486.611111111111,0.08996316758747698
Naivasha,2012,91235,Diesel,Manual,First,11.5,2982.0,171.0,7.0,1996520.0,Toyota,Fortuner 3.0 Diesel,14,0,6516.785714285715,0.05734406438631791
Eldoret,2014,38800,Petrol,Manual,First,18.6,1199.0,76.8,5.0,421800.0,Chevrolet,Beat Lt Option,12,0,3233.3333333333335,0.0640533778148457
Mombasa,2013,83000,Diesel,Manual,First,21.14,1498.0,103.52,5.0,703000.0,Skoda,Rapid 1.5 Tdi Elegance,13,0,6384.615384615385,0.06910547396528705
Mombasa,2018,41283,Petrol,Manual,First,20.73,1373.0,91.1,5.0,1465200.0,Maruti,Ciaz 1.4 Alpha,8,0,5160.375,0.0663510560815732
Nairobi,2013,23000,Petrol,Automatic,First,11.05,2894.0,444.0,4.0,5476000.0,Audi,Rs5 Coupe,13,1,1769.2307692307693,0.15342087076710437
Nairobi,2014,48000,Diesel,Automatic,First,21.76,1995.0,190.0,5.0,3922000.0,Bmw,3 Series Luxury Line,12,0,4000.0,0.09523809523809523
Naivasha,2015,48214,Diesel,Automatic,First,17.11,1968.0,174.33,5.0,3451360.0,Audi,A4 2.0 Tdi 177 Bhp Premium Plus,11,1,4383.090909090909,0.08858231707317074
Mombasa,2016,35000,Diesel,Manual,First,22.9,1248.0,74.0,5.0,925000.0,Maruti,Swift Vdi,10,0,3500.0,0.05929487179487179
Kisumu,2010,35277,Petrol,Automatic,First,7.81,5461.0,362.9,5.0,4440000.0,Mercedes-Benz,S Class 2005 2013 S 500,16,1,2204.8125,0.06645303058047976
Naivasha,2016,54620,Diesel,Automatic,First,21.66,1498.0,103.52,5.0,1459280.0,Skoda,Rapid 1.5 Tdi At Elegance Plus Black Package,10,0,5462.0,0.06910547396528705
Eldoret,2012,136997,Diesel,Automatic,First,17.2,1968.0,138.1,5.0,1258000.0,Skoda,Superb Elegance 2.0 Tdi Cr At,14,0,9785.5,0.07017276422764228
Mombasa,2019,14322,Petrol,Manual,First,21.1,814.0,55.2,5.0,626040.0000000001,Hyundai,Eon Magna Plus,7,0,2046.0,0.06781326781326781
Nyeri,2012,65634,Diesel,Manual,First,22.07,1199.0,73.9,5.0,518000.0,Volkswagen,Polo Diesel Trendline 1.2L,14,0,4688.142857142857,0.06163469557964971
Kisumu,2016,6000,Petrol,Manual,First,20.63,1198.0,67.06,5.0,370000.0,Datsun,Go Nxt,10,0,600.0,0.05597662771285476
Kisumu,2013,33280,Petrol,Manual,First,19.4,1198.0,86.8,5.0,353720.0,Honda,Brio S Mt,13,0,2560.0,0.07245409015025041
Nairobi,2013,29000,Petrol,Automatic,First,14.8,1595.0,120.7,5.0,1665000.0,Mercedes-Benz,B Class B180,13,1,2230.769230769231,0.07567398119122257
Mombasa,2015,42831,Diesel,Manual,First,26.0,1498.0,98.6,5.0,1052280.0,Honda,City I Dtec V,11,0,3893.7272727272725,0.06582109479305741
Thika,2016,90000,Diesel,Manual,First,12.99,2494.0,100.6,7.0,1613200.0,Toyota,Innova 2.5 G (Diesel) 7 Seater,10,0,9000.0,0.04033680834001604
Thika,2017,24005,Petrol,Manual,First,20.4,1197.0,81.8,5.0,917600.0,Maruti,Swift Vxi Optional,9,0,2667.222222222222,0.0683375104427736
Nairobi,2012,32792,Diesel,Manual,First,15.1,2179.0,140.0,7.0,1169200.0,Mahindra,Xuv500 W8 2Wd,14,0,2342.285714285714,0.06424965580541533
Mombasa,2014,147898,Diesel,Manual,First,22.7,1498.0,89.84,5.0,654160.0,Ford,Ecosport 1.5 Dv5 Mt Ambiente,12,0,12324.833333333334,0.05997329773030708
Nairobi,2012,131765,Diesel,Manual,First,13.0,2982.0,168.5,7.0,1998000.0,Toyota,Fortuner 4X2 Manual,14,0,9411.785714285714,0.05650570087189805
Mombasa,2013,65000,Diesel,Automatic,First,21.5,1498.0,108.5,5.0,925000.0,Volkswagen,Vento 1.5 Highline Plus At 16 Alloy,13,0,5000.0,0.07242990654205607
Nyeri,2010,66123,Diesel,Manual,Second,20.0,1399.0,68.0,5.0,310800.0,Ford,Figo Diesel Titanium,16,0,4132.6875,0.04860614724803431
Nairobi,2015,41000,Diesel,Automatic,First,15.3,2993.0,258.0,5.0,6660000.0,Bmw,X5 Xdrive 30D,11,0,3727.2727272727275,0.08620113598396258
Naivasha,2017,23550,Diesel,Automatic,First,19.27,2143.0,167.62,5.0,4981679.999999999,Mercedes-Benz,New C-Class C 220 Cdi Style,9,1,2616.6666666666665,0.07821745216985534
Nakuru,2012,45000,Petrol,Manual,Second,19.4,1198.0,86.8,5.0,540200.0,Honda,Brio V Mt,14,0,3214.285714285714,0.07245409015025041
Nairobi,2013,60000,Petrol,Manual,First,20.36,1197.0,78.9,5.0,407000.0,Hyundai,I10 Magna 1.2,13,0,4615.384615384615,0.06591478696741855
Nakuru,2016,44414,Diesel,Automatic,First,17.9,2143.0,170.0,5.0,6290000.0,Mercedes-Benz,Glc 220,10,1,4441.4,0.07932804479701354
Kisumu,2019,1000,Petrol,Manual,First,18.9,1197.0,81.86,5.0,962000.0,Hyundai,Grand I10 1.2 Kappa Asta,7,0,142.85714285714286,0.0683876357560568
Nairobi,2012,62500,Diesel,Automatic,Second,17.68,1968.0,174.33,5.0,2812000.0,Audi,A6 2011-2015 2.0 Tdi Premium Plus,14,1,4464.285714285715,0.08858231707317074
Nairobi,2013,21000,Petrol,Automatic,Second,14.4,1598.0,103.6,5.0,658600.0,Volkswagen,Vento Petrol Highline At,13,0,1615.3846153846155,0.06483103879849812
Nyeri,2017,8525,Diesel,Automatic,Second,16.6,1998.0,112.0,5.0,3404000.0,Mini,Countryman Cooper D,9,0,947.2222222222222,0.056056056056056056
Nakuru,2014,29000,Diesel,Manual,First,22.54,1396.0,88.73,5.0,1235800.0,Hyundai,I20 Asta 1.4 Crdi,12,0,2416.6666666666665,0.06356017191977077
Nairobi,2014,40000,Diesel,Automatic,First,17.68,1968.0,174.33,5.0,3396600.0,Audi,A6 2011-2015 2.0 Tdi Premium Plus,12,1,3333.3333333333335,0.08858231707317074
Nyeri,2012,88000,Diesel,Manual,First,25.44,936.0,57.6,5.0,222000.0,Chevrolet,Beat Diesel Lt,14,0,6285.714285714285,0.06153846153846154
Mombasa,2012,53537,Petrol,Automatic,First,13.7,1798.0,157.75,5.0,1019720.0,Skoda,Superb Elegance 1.8 Tsi At,14,0,3824.0714285714284,0.08773637374860957
Mombasa,2006,216000,Diesel,Manual,Second,17.8,1399.0,68.0,5.0,214600.0,Ford,Fiesta 1.4 Tdci Exi Limited Edition,20,0,10800.0,0.04860614724803431
Kisumu,2014,51000,Diesel,Automatic,First,22.48,1995.0,190.0,5.0,4958000.0,Bmw,5 Series 520D Luxury Line,12,0,4250.0,0.09523809523809523
Nyeri,2007,118500,Petrol,Manual,First,12.9,1598.0,102.5,5.0,185000.0,Chevrolet,Optra Magnum 1.6 Ls Bs3,19,0,6236.8421052631575,0.06414267834793493
Kisumu,2012,63000,Diesel,Manual,First,22.07,1199.0,73.9,5.0,621600.0,Volkswagen,Polo Diesel Highline 1.2L,14,0,4500.0,0.06163469557964971
Nairobi,2015,25000,Diesel,Manual,First,19.98,1461.0,108.5,8.0,999000.0,Renault,Lodgy 110Ps Rxz 8 Seater,11,0,2272.7272727272725,0.07426420260095824
Nakuru,2014,37382,Diesel,Automatic,First,13.0,2143.0,201.1,5.0,4736000.0,Mercedes-Benz,E-Class E250 Cdi Avantgrade,12,1,3115.1666666666665,0.09384041063929072
Mombasa,2017,24773,Petrol,Manual,First,21.4,1197.0,83.1,5.0,1110000.0,Maruti,Baleno Alpha,9,0,2752.5555555555557,0.06942355889724311
Nairobi,2012,62000,Diesel,Manual,First,22.32,1582.0,126.32,5.0,680799.9999999999,Hyundai,Verna 1.6 Sx,14,0,4428.571428571428,0.07984829329962073
Mombasa,2017,52340,Petrol,Manual,First,19.81,1086.0,68.05,5.0,597920.0,Hyundai,I10 Magna 1.1,9,0,5815.555555555556,0.06266114180478821
Mombasa,2016,56739,Diesel,Manual,First,15.4,1997.0,120.0,7.0,1525880.0,Mahindra,Scorpio 1.99 S10 4Wd,10,0,5673.9,0.06009013520280421
Naivasha,2018,36091,Diesel,Automatic,First,12.7,2179.0,187.7,5.0,8252480.0,Land,Rover Range Rover 2.2L Dynamic,8,1,4511.375,0.08614043139054611
Mombasa,2010,120000,Diesel,Manual,First,20.0,1399.0,68.0,5.0,384800.0,Ford,Figo Diesel Zxi,16,0,7500.0,0.04860614724803431
Nairobi,2016,33000,Diesel,Manual,First,25.47,1248.0,88.5,7.0,1258000.0,Maruti,Ertiga Zdi,10,0,3300.0,0.07091346153846154
Thika,2007,60006,Petrol,Manual,First,0.0,1493.0,97.7,5.0,436600.0,Honda,City 1.5 Gxi,19,0,3158.2105263157896,0.06543871399866041
Kisumu,2014,52000,Diesel,Manual,First,25.8,1498.0,98.6,5.0,518000.0,Honda,Amaze S I-Dtech,12,0,4333.333333333333,0.06582109479305741
Nyeri,2015,43571,Petrol,Manual,First,20.36,1197.0,78.9,5.0,525400.0,Hyundai,I10 Magna,11,0,3961.0,0.06591478696741855
Kisumu,2013,50000,Diesel,Manual,First,25.8,1498.0,98.6,5.0,481000.0,Honda,Amaze S I-Dtech,13,0,3846.153846153846,0.06582109479305741
Kisumu,2008,113000,Diesel,Manual,First,17.5,1896.0,106.0,5.0,666000.0,Skoda,Laura Ambiente,18,0,6277.777777777777,0.05590717299578059
Nairobi,2014,90000,Diesel,Manual,First,19.87,1461.0,83.8,5.0,791800.0,Renault,Duster 85Ps Diesel Rxl,12,0,7500.0,0.05735797399041752
Mombasa,2017,29000,Diesel,Manual,Second,17.45,1493.0,100.0,7.0,962000.0,Mahindra,Nuvosport N6,9,0,3222.222222222222,0.06697923643670463
Nairobi,2016,20000,Diesel,Manual,First,24.3,1248.0,88.5,5.0,1332000.0,Maruti,Vitara Brezza Zdi Plus Dual Tone,10,0,2000.0,0.07091346153846154
Mombasa,2016,61012,Petrol,Manual,First,18.6,1197.0,81.83,5.0,888000.0,Hyundai,I20 Asta Option 1.2,10,0,6101.2,0.06836257309941521
Nyeri,2009,87459,Petrol,Manual,First,14.7,1390.0,85.0,5.0,407000.0,Skoda,Fabia 1.4 Mpi Ambiente,17,0,5144.64705882353,0.06115107913669065
Eldoret,2010,70500,Petrol,Manual,First,15.64,1193.0,64.1,5.0,222000.0,Tata,Indigo Ecs Glx,16,0,4406.25,0.053730092204526396
Nairobi,2015,64103,Diesel,Automatic,First,15.73,1968.0,174.33,5.0,2945199.9999999995,Audi,Q3 2012-2015 35 Tdi Quattro Premium Plus,11,1,5827.545454545455,0.08858231707317074
Nairobi,2014,76000,Petrol,Automatic,First,14.7,1798.0,177.5,5.0,1480000.0,Skoda,Octavia Elegance 1.8 Tsi At,12,0,6333.333333333333,0.09872080088987764
Nairobi,2014,104000,Diesel,Manual,First,23.59,1364.0,67.06,5.0,444000.0,Toyota,Etios Liva Gd Sp,12,0,8666.666666666666,0.04916422287390029
Kisumu,2010,42001,Petrol,Manual,First,16.1,1493.0,97.7,5.0,312280.0,Maruti,Swift 1.3 Vxi,16,0,2625.0625,0.06543871399866041
Mombasa,2014,37245,Petrol,Automatic,First,14.8,1595.0,120.7,5.0,1770080.0,Mercedes-Benz,B Class B180,12,1,3103.75,0.07567398119122257
Kisumu,2013,45000,Diesel,Manual,First,27.4,1498.0,98.6,5.0,481000.0,Honda,Amaze S Diesel,13,0,3461.5384615384614,0.06582109479305741
Nyeri,2012,117837,Diesel,Manual,Second,22.32,1582.0,126.32,5.0,703000.0,Hyundai,Verna 1.6 Sx,14,0,8416.92857142857,0.07984829329962073
Nairobi,2014,30000,Diesel,Manual,First,20.46,1461.0,83.8,5.0,880600.0,Renault,Duster 85Ps Diesel Rxl Optional,12,0,2500.0,0.05735797399041752
Nairobi,2015,27057,Petrol,Manual,Second,15.29,1591.0,121.3,5.0,1206200.0,Hyundai,Creta 1.6 Vtvt S,11,0,2459.7272727272725,0.07624135763670647
Nairobi,2016,8500,Petrol,Automatic,First,20.51,998.0,67.0,5.0,624560.0,Maruti,Wagon R Amt Vxi,10,0,850.0,0.06713426853707415
Kisumu,2010,30500,Petrol,Automatic,First,11.74,1796.0,186.0,5.0,1554000.0,Mercedes-Benz,New C-Class C250 Avantgarde,16,1,1906.25,0.10356347438752785
Nairobi,2012,56000,Diesel,Automatic,First,11.8,2967.0,246.7,5.0,6660000.0,Audi,A8 L 3.0 Tdi Quattro,14,1,4000.0,0.08314796090326929
Eldoret,2012,44000,Petrol,Manual,Second,19.81,1086.0,68.05,5.0,429200.0,Hyundai,I10 Magna 1.1,14,0,3142.8571428571427,0.06266114180478821
Nairobi,2017,10500,Petrol,Automatic,First,14.3,1598.0,103.52,5.0,1317200.0,Skoda,Rapid 1.6 Mpi At Style Black Package,9,0,1166.6666666666667,0.06478097622027534
Kisumu,2017,26000,Petrol,Automatic,First,14.67,1798.0,177.46,5.0,3848000.0,Skoda,Superb Style 1.8 Tsi At,9,0,2888.8888888888887,0.09869855394883204
Naivasha,2018,25166,Petrol,Manual,First,17.19,1197.0,81.86,5.0,1216560.0000000002,Hyundai,I20 Active 1.2 Sx,8,0,3145.75,0.0683876357560568
Kisumu,2014,64000,Diesel,Manual,Second,25.8,1498.0,98.6,5.0,518000.0,Honda,Amaze Vx I-Dtec,12,0,5333.333333333333,0.06582109479305741
Mombasa,2004,61000,Petrol,Manual,Second,18.9,998.0,67.1,5.0,185000.0,Maruti,Wagon R Lxi,22,0,2772.7272727272725,0.06723446893787574
Kisumu,2013,107000,Diesel,Manual,First,21.03,1461.0,65.0,5.0,547600.0,Mahindra,Verito 1.5 D4 Bsiv,13,0,8230.76923076923,0.044490075290896644
Naivasha,2018,29161,Diesel,Automatic,First,19.27,2143.0,167.62,5.0,5832679.999999999,Mercedes-Benz,New C-Class C 220D Avantgarde Edition C,8,1,3645.125,0.07821745216985534
Kisumu,2013,32000,Petrol,Manual,First,22.5,998.0,67.04,5.0,392200.0,Maruti,Wagon R Vxi,13,0,2461.5384615384614,0.06717434869739479
Naivasha,2015,46173,Diesel,Manual,Second,19.01,1461.0,108.5,5.0,1320160.0,Nissan,Terrano Xv Premium 110 Ps Anniversary Edition,11,0,4197.545454545455,0.07426420260095824
Nairobi,2013,47000,Diesel,Manual,First,17.8,1248.0,97.7,5.0,606799.9999999999,Maruti,Swift Vdi Bsiv,13,0,3615.3846153846152,0.07828525641025641
Mombasa,2017,26327,Petrol,Automatic,First,16.82,1998.0,189.08,4.0,5279160.0,Mini,Cooper Convertible S,9,0,2925.222222222222,0.09463463463463465
Nakuru,2015,70436,Diesel,Manual,First,0.0,1498.0,99.0,5.0,532800.0,Ford,Figo Diesel,11,0,6403.272727272727,0.06608811748998665
Nyeri,2007,200000,Diesel,Manual,Second,17.2,1396.0,53.5,5.0,125800.0,Tata,Indica V2 Dls Bsii,19,0,10526.315789473685,0.03832378223495702
Mombasa,2016,60813,Petrol,Manual,Second,18.6,1199.0,76.8,5.0,491360.0,Chevrolet,Beat Lt,10,0,6081.3,0.0640533778148457
Nairobi,2012,45000,Diesel,Manual,First,22.07,1199.0,73.9,5.0,532800.0,Volkswagen,Polo Diesel Comfortline 1.2L,14,0,3214.285714285714,0.06163469557964971
Kisumu,2016,64000,Diesel,Manual,First,22.9,1248.0,74.0,5.0,1006400.0,Maruti,Swift Zdi,10,0,6400.0,0.05929487179487179
Kisumu,2012,41284,Diesel,Manual,First,20.0,1399.0,68.05,5.0,370000.0,Ford,Figo Diesel Exi,14,0,2948.8571428571427,0.04864188706218728
Mombasa,2019,14165,Diesel,Automatic,First,11.36,2755.0,171.5,7.0,2906720.0,Toyota,Innova Crysta 2.8 Gx At,7,0,2023.5714285714287,0.062250453720508164
Nairobi,2011,67000,Diesel,Automatic,Second,11.72,2199.0,194.3,7.0,1036000.0,Hyundai,Santa Fe 4X4 At,15,0,4466.666666666667,0.08835834470213734
Kisumu,2011,32572,Petrol,Manual,First,17.4,1497.0,117.3,5.0,572760.0,Honda,City I-Vtec V,15,0,2171.4666666666667,0.0783567134268537
Mombasa,2018,14960,Petrol,Manual,First,18.6,1197.0,81.83,5.0,927960.0,Hyundai,I20 1.2 Magna Executive,8,0,1870.0,0.06836257309941521
Mombasa,2015,55980,Diesel,Automatic,First,19.27,2143.0,167.62,5.0,2681760.0,Mercedes-Benz,New C-Class C 220D Avantgarde Edition C,11,1,5089.090909090909,0.07821745216985534
Nairobi,2013,74000,Diesel,Manual,First,25.44,936.0,57.6,5.0,392200.0,Chevrolet,Beat Diesel Lt,13,0,5692.307692307692,0.06153846153846154
Mombasa,2015,56847,Diesel,Manual,First,22.54,1396.0,88.73,5.0,1065600.0,Hyundai,I20 Sportz 1.4 Crdi,11,0,5167.909090909091,0.06356017191977077
Naivasha,2015,121374,Diesel,Manual,First,12.99,2494.0,100.6,7.0,2116400.0,Toyota,Innova 2.5 Z Diesel 7 Seater,11,0,11034.0,0.04033680834001604
Mombasa,2013,52000,Diesel,Manual,First,20.77,1248.0,88.76,7.0,1021200.0,Maruti,Ertiga Vdi,13,0,4000.0,0.07112179487179487
Nairobi,2014,118000,Diesel,Manual,First,12.8,2494.0,102.0,7.0,1591000.0,Toyota,Innova 2.5 V Diesel 7-Seater,12,0,9833.333333333334,0.0408981555733761
Nairobi,2007,72000,Petrol,Manual,Third,17.0,1086.0,97.7,5.0,140600.0,Hyundai,Santro Xing Xo Erlx Euro Ii,19,0,3789.4736842105262,0.08996316758747698
Mombasa,2016,33915,Petrol,Manual,First,17.8,1497.0,117.3,5.0,1197320.0,Honda,City I Vtec V,10,0,3391.5,0.0783567134268537
Thika,2014,82002,Diesel,Automatic,First,17.05,1995.0,184.0,5.0,2738000.0,Bmw,X1 Sdrive20D,12,0,6833.5,0.09223057644110276
Nairobi,2017,33000,Diesel,Manual,First,24.0,1120.0,70.0,5.0,703000.0,Hyundai,Grand I10 Crdi Era,9,0,3666.6666666666665,0.0625
Mombasa,2016,34000,Diesel,Manual,First,28.09,1248.0,88.5,5.0,1250599.9999999998,Maruti,Ciaz 1.3 Alpha,10,0,3400.0,0.07091346153846154
Kisumu,2012,55000,Diesel,Manual,First,20.5,1598.0,103.6,5.0,518000.0,Skoda,Rapid Leisure 1.6 Tdi Mt,14,0,3928.5714285714284,0.06483103879849812
Mombasa,2006,160538,Diesel,Manual,First,13.1,1493.0,82.0,5.0,266400.0,Hyundai,Accent Crdi,20,0,8026.9,0.05492297387809779
Nyeri,2014,60000,Diesel,Manual,Second,19.91,1498.0,103.6,5.0,547600.0,Volkswagen,Polo Gt 1.5 Tdi,12,0,5000.0,0.0691588785046729
Naivasha,2017,49575,Petrol,Manual,First,18.7,1199.0,88.7,5.0,1061160.0,Honda,Jazz 1.2 Vx I Vtec,9,0,5508.333333333333,0.07397831526271893
Nyeri,2010,83000,Petrol,Manual,First,19.81,1086.0,68.05,5.0,259000.0,Hyundai,I10 Era,16,0,5187.5,0.06266114180478821
Mombasa,2018,51346,Diesel,Automatic,First,16.38,1995.0,183.0,5.0,3254520.0,Hyundai,Tucson 2.0 E-Vgt 2Wd At Gls,8,0,6418.25,0.09172932330827067
Eldoret,2017,43000,Diesel,Manual,First,13.68,2393.0,147.8,7.0,2760199.9999999995,Toyota,Innova Crysta 2.4 Zx Mt,9,0,4777.777777777777,0.06176347680735479
Nyeri,2011,35000,Petrol,Manual,Third,19.7,796.0,35.0,5.0,273800.0,Maruti,Omni Mpi Cargo Bsiii W/ Immobiliser,15,0,2333.3333333333335,0.04396984924623116
Naivasha,2017,27872,Petrol,Manual,Second,20.4,1197.0,81.8,5.0,880600.0,Maruti,Swift Vxi Bsiv,9,0,3096.8888888888887,0.0683375104427736
Nairobi,2014,16514,Petrol,Manual,First,18.9,1197.0,82.0,5.0,555000.0,Hyundai,Grand I10 Magna,12,0,1376.1666666666667,0.06850459482038429
Eldoret,2012,120000,Diesel,Manual,First,22.9,1248.0,74.0,5.0,555000.0,Maruti,Swift Vdi,14,0,8571.42857142857,0.05929487179487179
Kisumu,2008,143275,Diesel,Manual,First,22.0,1582.0,126.2,5.0,384800.0,Hyundai,Verna Crdi 1.6 Sx,18,0,7959.722222222223,0.0797724399494311
Kisumu,2006,99000,Petrol,Manual,First,0.0,1086.0,97.7,5.0,259000.0,Hyundai,Santro Xing Xl,20,0,4950.0,0.08996316758747698
Nairobi,2010,52000,Petrol,Manual,First,17.0,1197.0,80.0,5.0,414400.0,Hyundai,I20 1.2 Sportz,16,0,3250.0,0.06683375104427736
Naivasha,2017,29819,Diesel,Automatic,First,11.57,2987.0,254.79,5.0,9070920.0,Mercedes-Benz,Gle 350D,9,1,3313.222222222222,0.08529963173752929
Nakuru,2014,57000,Diesel,Manual,Second,15.8,2148.0,170.0,5.0,2664000.0,Mercedes-Benz,New C-Class C 220 Cdi Classic,12,1,4750.0,0.07914338919925512
Kisumu,2014,88500,Diesel,Manual,First,23.2,1248.0,73.94,5.0,643799.9999999999,Maruti,Ritz Zdi,12,0,7375.0,0.05924679487179487
Nakuru,2016,28000,Diesel,Manual,First,19.67,1582.0,126.2,5.0,2035000.0,Hyundai,Creta 1.6 Crdi Sx,10,0,2800.0,0.0797724399494311
Eldoret,2010,67000,Petrol,Manual,First,19.0,998.0,66.1,5.0,296000.0,Maruti,A-Star Vxi,16,0,4187.5,0.06623246492985971
Nairobi,2016,26000,Diesel,Manual,First,19.64,1461.0,108.45,5.0,1480000.0,Renault,Duster 110Ps Diesel Rxz Option,10,0,2600.0,0.0742299794661191
Nairobi,2010,120000,Diesel,Manual,First,17.8,1248.0,76.0,5.0,244200.0,Fiat,Grande Punto 1.3 Emotion Pack (Diesel),16,0,7500.0,0.060897435897435896
Naivasha,2017,51982,Diesel,Automatic,First,16.55,2993.0,258.0,5.0,6773960.0,Bmw,X3 Xdrive30D M Sport,9,0,5775.777777777777,0.08620113598396258
Nakuru,2010,36000,Petrol,Manual,Second,20.36,1197.0,78.9,5.0,481000.0,Hyundai,I10 Sportz,16,0,2250.0,0.06591478696741855
Eldoret,2016,47000,Diesel,Manual,First,12.8,2494.0,102.0,7.0,1894400.0,Toyota,Innova 2.5 G4 Diesel 7-Seater,10,0,4700.0,0.0408981555733761
Nairobi,2002,60000,Petrol,Manual,Third,17.3,993.0,60.0,5.0,81400.00000000001,Maruti,Zen Vxi Bsii,24,0,2500.0,0.06042296072507553
Kisumu,2018,31025,Diesel,Manual,First,28.4,1248.0,74.0,5.0,1058200.0,Maruti,Swift Vdi,8,0,3878.125,0.05929487179487179
Eldoret,2013,105000,Diesel,Manual,Second,12.05,2179.0,120.0,8.0,1036000.0,Mahindra,Scorpio Vlx 2.2 Mhawk Airbag Bsiv,13,0,8076.923076923077,0.05507113354749885
Eldoret,2017,121900,Diesel,Manual,First,22.95,1248.0,74.0,5.0,555000.0,Tata,Zest Quadrajet 1.3 75Ps Xe,9,0,13544.444444444445,0.05929487179487179
Nairobi,2017,22695,Petrol,Manual,First,18.88,999.0,123.24,5.0,1258000.0,Ford,Ecosport 1.0 Ecoboost Titanium Plus,9,0,2521.6666666666665,0.12336336336336336
Nyeri,2012,73000,Diesel,Manual,First,23.4,1248.0,74.0,5.0,643799.9999999999,Maruti,Swift Dzire Zdi,14,0,5214.285714285715,0.05929487179487179
Mombasa,2016,32227,Petrol,Manual,First,22.74,796.0,47.3,5.0,482480.0,Maruti,Alto 800 Lxi,10,0,3222.7,0.059422110552763814
Nyeri,2011,55000,Petrol,Manual,First,17.0,1497.0,118.0,5.0,623080.0,Honda,City 1.5 S Mt,15,0,3666.6666666666665,0.0788243152972612
Mombasa,2018,11287,Diesel,Automatic,First,12.07,2967.0,241.4,7.0,10413280.0,Audi,Q7 3.0 Tdi Quattro Technology,8,1,1410.875,0.08136164475901585
Nairobi,2009,48000,Diesel,Automatic,Second,17.0,1896.0,105.0,5.0,436600.0,Skoda,Laura 1.9 Tdi At Ambiente,17,0,2823.529411764706,0.055379746835443035
Mombasa,2012,54308,Petrol,Manual,First,17.1,1591.0,121.3,5.0,633440.0,Hyundai,Verna 1.6 Sx Vtvt (O),14,0,3879.1428571428573,0.07624135763670647
Nyeri,2009,78442,Petrol,Automatic,First,16.8,1497.0,118.0,5.0,528360.0,Honda,City 1.5 V At,17,0,4614.235294117647,0.0788243152972612
Kisumu,2013,46000,Diesel,Manual,First,21.9,1396.0,88.8,5.0,460280.0,Hyundai,I20 Magna Optional 1.4 Crdi,13,0,3538.4615384615386,0.06361031518624642
Naivasha,2014,45051,Petrol,Automatic,First,15.0,1396.0,98.6,5.0,882080.0,Hyundai,I20 Sportz At 1.4,12,0,3754.25,0.07063037249283667
Kisumu,2011,69000,Diesel,Manual,First,20.54,1598.0,103.6,5.0,695600.0,Volkswagen,Vento Diesel Highline,15,0,4600.0,0.06483103879849812
Thika,2014,49000,Petrol,Manual,First,17.4,1497.0,117.3,5.0,1021200.0,Honda,City I Vtec Vx,12,0,4083.3333333333335,0.0783567134268537
Eldoret,2018,45000,Diesel,Manual,First,22.95,1248.0,74.0,5.0,777000.0,Tata,Zest Quadrajet 1.3 75Ps Xe,8,0,5625.0,0.05929487179487179
Eldoret,2015,64000,Diesel,Automatic,First,18.48,1995.0,177.0,5.0,4144000.0,Bmw,5 Series 2003-2012 520D,11,0,5818.181818181818,0.0887218045112782
Nairobi,2009,60000,Petrol,Manual,First,18.9,1061.0,67.0,5.0,199800.0,Maruti,Wagon R Lxi Minor,17,0,3529.4117647058824,0.06314797360980208
Nairobi,2015,62178,Petrol,Manual,First,18.2,1199.0,88.7,5.0,717799.9999999999,Honda,Jazz Vx,11,0,5652.545454545455,0.07397831526271893
Naivasha,2012,58006,Diesel,Manual,First,15.0,1896.0,105.0,5.0,991600.0,Volkswagen,Jetta 2007-2011 2.0 Tdi Comfortline,14,0,4143.285714285715,0.055379746835443035
Kisumu,2010,74000,Petrol,Manual,First,20.36,1197.0,78.9,5.0,458800.0,Hyundai,I10 Magna 1.2,16,0,4625.0,0.06591478696741855
Mombasa,2015,77771,Diesel,Automatic,First,19.27,2143.0,170.0,5.0,2758720.0,Mercedes-Benz,New C-Class C 220 Cdi Avantgarde,11,1,7070.090909090909,0.07932804479701354
Eldoret,2012,45275,Petrol,Manual,First,20.36,1197.0,78.9,5.0,414400.0,Hyundai,I10 Magna 1.2 Itech Se,14,0,3233.9285714285716,0.06591478696741855
Mombasa,2016,48000,Diesel,Manual,First,13.68,2393.0,147.8,7.0,2997000.0,Toyota,Innova Crysta 2.4 Zx Mt,10,0,4800.0,0.06176347680735479
Mombasa,2015,31652,Diesel,Automatic,First,17.68,1968.0,174.33,5.0,3963440.0,Audi,A6 2011-2015 2.0 Tdi Technology,11,1,2877.4545454545455,0.08858231707317074
Kisumu,2010,109000,Diesel,Manual,Second,12.99,2494.0,100.6,7.0,1222480.0,Toyota,Innova 2.5 Vx (Diesel) 7 Seater,16,0,6812.5,0.04033680834001604
Nairobi,2015,31978,Petrol,Manual,First,16.47,1198.0,73.9,5.0,575720.0,Volkswagen,Polo Petrol Trendline 1.2L,11,0,2907.090909090909,0.06168614357262104
Kisumu,2011,70000,Petrol,Manual,First,20.92,998.0,67.1,5.0,310800.0,Maruti,Alto K10 Lxi,15,0,4666.666666666667,0.06723446893787574
Nairobi,2017,15000,Petrol,Automatic,First,18.0,1497.0,117.3,5.0,1878120.0,Honda,City I-Vtec Cvt Zx,9,0,1666.6666666666667,0.0783567134268537
Naivasha,2013,59138,Diesel,Manual,First,17.0,1405.0,70.0,5.0,381840.0,Tata,Indigo Lx,13,0,4549.076923076923,0.0498220640569395
Mombasa,2014,61726,Diesel,Automatic,First,17.68,1968.0,174.33,5.0,3073960.0,Audi,A6 2011-2015 2.0 Tdi Premium Plus,12,1,5143.833333333333,0.08858231707317074
Nairobi,2015,48000,Diesel,Automatic,First,17.9,2143.0,136.0,5.0,2998480.0000000005,Mercedes-Benz,Gla Class 200 Cdi Sport,11,1,4363.636363636364,0.06346243583761083
Mombasa,2006,58000,Petrol,Manual,Second,0.0,1086.0,97.7,5.0,222000.0,Hyundai,Santro Xing Xl,20,0,2900.0,0.08996316758747698
Kisumu,2011,60020,Diesel,Manual,First,17.8,1248.0,97.7,5.0,370000.0,Maruti,Swift Vdi Bsiv,15,0,4001.3333333333335,0.07828525641025641
Kisumu,2014,77815,Petrol,Automatic,First,23.1,998.0,67.04,5.0,629000.0,Maruti,Celerio Vxi At,12,0,6484.583333333333,0.06717434869739479
Kisumu,2017,29000,Diesel,Automatic,First,17.9,2143.0,201.15,5.0,8436000.0,Mercedes-Benz,Gle 250D,9,1,3222.222222222222,0.09386374241717219
Nairobi,2017,44000,Diesel,Automatic,First,12.7,2179.0,187.7,5.0,6512000.0,Land,Rover Range Rover Hse Dynamic,9,1,4888.888888888889,0.08614043139054611
Kisumu,2011,108626,Diesel,Manual,First,20.54,1598.0,103.6,5.0,540200.0,Volkswagen,Vento Diesel Trendline,15,0,7241.733333333334,0.06483103879849812
Kisumu,2012,71791,Petrol,Manual,First,14.0,796.0,35.0,5.0,303399.99999999994,Maruti,Omni 8 Seater Bsiv,14,0,5127.928571428572,0.04396984924623116
Mombasa,2012,91931,Petrol,Manual,First,18.5,1198.0,86.8,5.0,463240.0,Honda,Brio 1.2 Vx Mt,14,0,6566.5,0.07245409015025041
Kisumu,2000,158000,Diesel,Manual,Second,14.07,2956.0,83.1,7.0,222000.0,Tata,Sumo Delux,26,0,6076.923076923077,0.02811231393775372
Eldoret,2012,91183,Diesel,Manual,First,18.0,1248.0,75.0,5.0,421800.0,Tata,Indica Vista Aura 1.3 Quadrajet,14,0,6513.071428571428,0.06009615384615385
Nairobi,2012,65000,Petrol,Manual,First,18.9,998.0,67.1,5.0,392200.0,Maruti,Wagon R Lxi Bs Iv,14,0,4642.857142857143,0.06723446893787574
Kisumu,2015,88428,Diesel,Manual,First,16.0,2179.0,140.0,7.0,1568800.0,Mahindra,Xuv500 W8 4Wd,11,0,8038.909090909091,0.06424965580541533
Eldoret,2008,138000,Diesel,Manual,Second,17.1,1396.0,70.0,5.0,185000.0,Tata,Indigo Ls Dicor,18,0,7666.666666666667,0.050143266475644696
Nairobi,2018,18000,Petrol,Manual,First,16.02,1373.0,93.7,7.0,1221000.0,Maruti,Ertiga Paseo Vxi,8,0,2250.0,0.06824471959213402
Nairobi,2011,60000,Petrol,Automatic,First,11.7,2354.0,177.6,5.0,658600.0,Honda,Accord 2.4 A/T,15,0,4000.0,0.07544604927782497
Kisumu,2012,48000,Diesel,Manual,First,19.3,1248.0,73.9,5.0,547600.0,Maruti,Swift Dzire Vdi,14,0,3428.5714285714284,0.059214743589743594
Kisumu,2009,160000,Diesel,Manual,First,17.8,1399.0,68.0,5.0,414400.0,Ford,Fiesta Exi 1.4 Tdci Ltd,17,0,9411.764705882353,0.04860614724803431
Kisumu,2008,40000,Petrol,Manual,First,17.7,1497.0,78.0,5.0,266400.0,Honda,City Zx Gxi,18,0,2222.222222222222,0.052104208416833664
Mombasa,2014,51495,Diesel,Automatic,First,17.68,1968.0,174.33,5.0,3248600.0,Audi,A6 2011-2015 2.0 Tdi Premium Plus,12,1,4291.25,0.08858231707317074
Nairobi,2011,30000,Diesel,Automatic,First,9.52,2993.0,313.0,4.0,7252000.0,Bmw,6 Series 640D Gran Coupe,15,0,2000.0,0.10457734714333444
Naivasha,2017,97430,Diesel,Automatic,First,14.75,2967.0,245.0,7.0,9275160.0,Audi,Q7 45 Tdi Quattro Technology,9,1,10825.555555555555,0.08257499157398045
Eldoret,2008,42496,Cng,Manual,First,26.3,998.0,67.1,5.0,207200.0,Maruti,Zen Estilo Lxi Green (Cng),18,0,2360.8888888888887,0.06723446893787574
Eldoret,2012,83000,Diesel,Manual,First,23.0,1396.0,90.0,5.0,814000.0,Hyundai,I20 1.4 Crdi Asta,14,0,5928.571428571428,0.06446991404011461
Nakuru,2009,37000,Petrol,Automatic,Third,16.95,1197.0,78.9,5.0,436600.0,Hyundai,I10 Sportz At,17,0,2176.470588235294,0.06591478696741855
Mombasa,2016,28503,Petrol,Automatic,First,19.0,1199.0,88.7,5.0,1015280.0,Honda,Jazz 1.2 V Cvt I Vtec,10,0,2850.3,0.07397831526271893
Kisumu,2015,76496,Diesel,Manual,First,25.2,1248.0,74.0,5.0,910200.0,Maruti,Swift Vdi Bsiv,11,0,6954.181818181818,0.05929487179487179
Eldoret,2011,79152,Petrol,Manual,Second,18.5,1197.0,82.85,5.0,488400.0,Hyundai,I20 Asta 1.2,15,0,5276.8,0.06921470342522974
Kisumu,2011,32000,Petrol,Manual,First,16.47,1198.0,73.9,5.0,377399.99999999994,Volkswagen,Polo Petrol Comfortline 1.2L,15,0,2133.3333333333335,0.06168614357262104
Thika,2009,35000,Petrol,Manual,First,19.7,796.0,46.3,5.0,222000.0,Maruti,Alto Lxi,17,0,2058.823529411765,0.05816582914572864
Mombasa,2004,105000,Petrol,Automatic,Second,11.3,1794.0,125.0,5.0,370000.0,Toyota,Corolla H4,22,0,4772.727272727273,0.06967670011148272
Mombasa,2006,56000,Petrol,Manual,Second,19.7,796.0,46.3,5.0,207200.0,Maruti,Alto Lxi,20,0,2800.0,0.05816582914572864
Eldoret,2012,73000,Diesel,Manual,First,21.12,1248.0,88.8,5.0,503200.0,Tata,Manza Elan Quadrajet Bs Iv,14,0,5214.285714285715,0.07115384615384615
Eldoret,2012,38000,Petrol,Manual,First,19.7,796.0,46.3,5.0,333000.0,Maruti,Alto Lxi,14,0,2714.285714285714,0.05816582914572864
Kisumu,2013,775000,Diesel,Automatic,First,19.3,1968.0,141.0,5.0,1110000.0,Skoda,Octavia Ambition Plus 2.0 Tdi At,13,0,59615.38461538462,0.07164634146341463
Kisumu,2008,80000,Petrol,Automatic,First,11.3,1794.0,125.0,5.0,414400.0,Toyota,Corolla H4,18,0,4444.444444444444,0.06967670011148272
Naivasha,2016,24973,Petrol,Manual,First,18.6,1197.0,81.83,5.0,1133680.0,Hyundai,I20 Asta Option 1.2,10,0,2497.3,0.06836257309941521
Mombasa,2016,45000,Diesel,Manual,First,24.3,1248.0,88.5,5.0,1058200.0,Maruti,Vitara Brezza Ldi,10,0,4500.0,0.07091346153846154
Nairobi,2010,87430,Petrol,Manual,First,17.0,1497.0,118.0,5.0,518000.0,Honda,City 1.5 V Mt,16,0,5464.375,0.0788243152972612
Kisumu,2014,133944,Diesel,Manual,Second,18.0,1248.0,75.0,5.0,518000.0,Tata,Indica Vista Aqua 1.3 Quadrajet,12,0,11162.0,0.06009615384615385
Kisumu,2013,57000,Diesel,Manual,First,25.8,1498.0,98.6,5.0,510600.0,Honda,Amaze S I-Dtech,13,0,4384.615384615385,0.06582109479305741
Naivasha,2016,27904,Petrol,Manual,First,21.1,814.0,55.2,5.0,525400.0,Hyundai,Eon D Lite Plus,10,0,2790.4,0.06781326781326781
Mombasa,2015,30717,Diesel,Automatic,Second,21.76,1995.0,190.0,5.0,3846520.0,Bmw,3 Series Luxury Line,11,0,2792.4545454545455,0.09523809523809523
Nakuru,2012,80000,Diesel,Manual,First,22.32,1582.0,126.32,5.0,777000.0,Hyundai,Verna 1.6 Sx,14,0,5714.285714285715,0.07984829329962073
Thika,2013,47304,Diesel,Manual,First,21.02,1248.0,88.8,5.0,429200.0,Tata,Manza Club Class Quadrajet90 Ls,13,0,3638.769230769231,0.07115384615384615
Nyeri,2005,100000,Petrol,Automatic,First,14.45,1984.0,227.0,5.0,303399.99999999994,Skoda,Octavia Rs,21,0,4761.9047619047615,0.11441532258064516
Eldoret,2017,30000,Petrol,Manual,First,24.07,998.0,67.1,5.0,555000.0,Maruti,Alto K10 Vxi,9,0,3333.3333333333335,0.06723446893787574
Nairobi,2014,68000,Diesel,Manual,First,22.7,1498.0,89.84,5.0,999000.0,Ford,Ecosport 1.5 Dv5 Mt Titanium Optional,12,0,5666.666666666667,0.05997329773030708
Kisumu,2011,21000,Petrol,Manual,Second,18.0,995.0,62.0,5.0,140600.0,Chevrolet,Spark 1.0 Ls,15,0,1400.0,0.062311557788944726
Kisumu,2017,21000,Diesel,Automatic,First,19.33,1999.0,177.0,5.0,7696000.0,Jaguar,Xf 2.0 Diesel Portfolio,9,1,2333.3333333333335,0.08854427213606804
Nyeri,2007,119000,Petrol,Manual,Third,13.1,1997.0,141.1,5.0,578680.0,Honda,Cr-V Rvi Mt,19,0,6263.1578947368425,0.07065598397596394
Mombasa,2019,13747,Petrol,Automatic,First,14.67,1798.0,177.46,5.0,4040400.0,Skoda,Superb L&K 1.8 Tsi At,7,0,1963.857142857143,0.09869855394883204
Mombasa,2009,620000,Petrol,Manual,First,20.36,1197.0,78.9,5.0,399600.0,Hyundai,I10 Magna 1.2,17,0,36470.58823529412,0.06591478696741855
Nairobi,2013,70000,Diesel,Manual,First,22.9,1248.0,74.0,5.0,518000.0,Maruti,Swift Ldi,13,0,5384.615384615385,0.05929487179487179
Nairobi,2016,18000,Petrol,Automatic,First,18.5,1197.0,83.14,5.0,917600.0,Maruti,Swift Dzire Vxi At,10,0,1800.0,0.06945697577276524
Mombasa,2011,83000,Diesel,Manual,First,23.08,1461.0,63.1,5.0,407000.0,Nissan,Micra Diesel Xv,15,0,5533.333333333333,0.0431895961670089
Nairobi,2015,130000,Diesel,Manual,First,23.4,1248.0,74.0,5.0,481000.0,Maruti,Swift Dzire Tour Ldi,11,0,11818.181818181818,0.05929487179487179
Eldoret,2012,63400,Diesel,Manual,First,17.8,1399.0,67.0,5.0,481000.0,Ford,Fiesta Classic 1.4 Duratorq Clxi,14,0,4528.571428571428,0.04789135096497498
Kisumu,2003,65000,Petrol,Manual,First,17.3,993.0,60.0,5.0,96200.0,Maruti,Zen Lx,23,0,2826.086956521739,0.06042296072507553
Eldoret,2017,8350,Petrol,Manual,First,13.8,1998.0,192.0,5.0,5180000.0,Mini,Clubman Cooper S,9,0,927.7777777777778,0.0960960960960961
Kisumu,2014,45000,Diesel,Manual,First,23.59,1364.0,67.05,5.0,481000.0,Toyota,Etios Gd,12,0,3750.0,0.04915689149560117
Kisumu,2018,26200,Petrol,Manual,First,24.7,796.0,47.3,5.0,429200.0,Maruti,Alto 800 2016-2019 Lxi,8,0,3275.0,0.059422110552763814
Nakuru,2011,11000,Petrol,Manual,Third,18.9,796.0,47.0,5.0,429200.0,Maruti,Alto Vxi,15,0,733.3333333333334,0.059045226130653265
Nakuru,2009,90000,Diesel,Automatic,Second,11.0,2993.0,235.0,5.0,2627000.0,Bmw,X5 3.0D,17,0,5294.117647058823,0.07851653859004344
Nairobi,2015,74000,Petrol,Automatic,Second,11.07,2496.0,179.5,5.0,1221000.0,Nissan,Teana Xv,11,0,6727.272727272727,0.0719150641025641
Naivasha,2015,37081,Petrol,Automatic,First,18.9,1197.0,82.0,5.0,853960.0,Hyundai,Grand I10 At Asta,11,0,3371.0,0.06850459482038429
Kisumu,2017,39000,Diesel,Manual,First,24.3,1248.0,88.5,5.0,1404520.0,Maruti,Vitara Brezza Zdi Plus,9,0,4333.333333333333,0.07091346153846154
Nairobi,2008,99000,Diesel,Automatic,Third,12.07,2967.0,241.4,7.0,1916600.0,Audi,Q7 3.0 Tdi Quattro Premium Plus,18,1,5500.0,0.08136164475901585
Mombasa,2015,38000,Diesel,Automatic,First,17.9,2143.0,136.0,5.0,2960000.0,Mercedes-Benz,Gla Class 200 Cdi,11,1,3454.5454545454545,0.06346243583761083
Mombasa,2007,72000,Petrol,Manual,Third,16.1,796.0,37.0,4.0,148000.0,Maruti,800 Ac,19,0,3789.4736842105262,0.04648241206030151
Mombasa,2015,93000,Diesel,Manual,Second,20.45,1461.0,83.8,5.0,1050800.0,Renault,Duster 85Ps Diesel Rxl,11,0,8454.545454545454,0.05735797399041752
Nairobi,2017,5900,Diesel,Manual,First,21.43,1364.0,87.2,5.0,2442000.0,Toyota,Corolla Altis D-4D Gl,9,0,655.5555555555555,0.06392961876832845
Mombasa,2014,25000,Diesel,Manual,First,15.8,2148.0,170.0,5.0,3848000.0,Mercedes-Benz,New C-Class 220,12,1,2083.3333333333335,0.07914338919925512
Kisumu,2010,68000,Diesel,Manual,Second,21.1,1248.0,73.9,5.0,473600.0,Maruti,Ritz Vdi,16,0,4250.0,0.059214743589743594
Mombasa,2017,35676,Petrol,Automatic,First,16.0,1497.0,117.3,7.0,1403040.0,Honda,Brv I-Vtec V Cvt,9,0,3964.0,0.0783567134268537
Mombasa,2015,74310,Diesel,Manual,First,24.4,1120.0,71.0,5.0,592000.0,Hyundai,Xcent 1.1 Crdi Base,11,0,6755.454545454545,0.06339285714285714
Nyeri,2014,59364,Diesel,Automatic,First,14.21,2143.0,203.0,5.0,3922000.0,Mercedes-Benz,E-Class 2009-2013 E250 Cdi Avantgarde,12,1,4947.0,0.09472701819878675
Mombasa,2014,41380,Petrol,Automatic,Second,14.8,1595.0,120.7,5.0,1741960.0,Mercedes-Benz,B Class B180,12,1,3448.3333333333335,0.07567398119122257
Nakuru,2017,33900,Diesel,Automatic,First,15.0,2143.0,204.0,5.0,5476000.0,Mercedes-Benz,E-Class 2015-2017 E250 Edition E,9,1,3766.6666666666665,0.09519365375641624
Nairobi,2016,28000,Petrol,Manual,First,17.8,1497.0,117.3,5.0,1295000.0,Honda,City I Vtec Vx Option,10,0,2800.0,0.0783567134268537
Kisumu,2007,50958,Petrol,Manual,First,17.0,1086.0,97.7,5.0,288600.0,Hyundai,Santro Xing Xl Erlx Euro Iii,19,0,2682.0,0.08996316758747698
Mombasa,2011,93982,Petrol,Manual,First,17.0,1497.0,118.0,5.0,555000.0,Honda,City 1.5 S Mt,15,0,6265.466666666666,0.0788243152972612
Eldoret,2010,95000,Petrol,Manual,First,16.2,1599.0,103.2,5.0,370000.0,Hyundai,Verna Transform Vtvt,16,0,5937.5,0.06454033771106941
Nairobi,2017,9000,Petrol,Automatic,First,13.5,1999.0,246.74,5.0,5106000.0,Jaguar,Xe Portfolio,9,1,1000.0,0.12343171585792898
Nairobi,2015,52516,Petrol,Manual,First,18.0,1198.0,86.7,5.0,688200.0000000001,Honda,Amaze S I-Vtech,11,0,4774.181818181818,0.07237061769616027
Nakuru,2015,20000,Petrol,Automatic,First,18.86,1598.0,122.0,4.0,4736000.0,Mini,Cooper Convertible 1.6,11,0,1818.1818181818182,0.07634543178973717
Naivasha,2017,56451,Diesel,Automatic,First,13.5,2987.0,282.0,5.0,9295880.0,Mercedes-Benz,S Class 2005 2013 S 350 Cdi,9,1,6272.333333333333,0.09440910612654838
Mombasa,2014,37000,Petrol,Manual,First,21.1,814.0,55.2,5.0,481000.0,Hyundai,Eon Magna Plus,12,0,3083.3333333333335,0.06781326781326781
Kisumu,2014,17400,Petrol,Manual,First,20.51,998.0,67.04,5.0,458800.0,Maruti,Wagon R Vxi Bs Iv,12,0,1450.0,0.06717434869739479
Naivasha,2011,90207,Diesel,Manual,First,21.1,1248.0,73.9,5.0,578680.0,Maruti,Ritz Ldi,15,0,6013.8,0.059214743589743594
Mombasa,2011,89616,Diesel,Automatic,First,16.07,1995.0,181.0,5.0,1628000.0,Bmw,3 Series 320D Sedan,15,0,5974.4,0.09072681704260652
Eldoret,2014,85000,Diesel,Manual,First,13.49,2179.0,138.03,5.0,518000.0,Tata,Xenon Xt Ex 4X2,12,0,7083.333333333333,0.06334557136301056
Mombasa,2014,79271,Diesel,Automatic,First,20.38,1968.0,143.0,5.0,2442000.0,Audi,A3 35 Tdi Attraction,12,1,6605.916666666667,0.07266260162601626
Kisumu,2012,56000,Diesel,Automatic,First,12.7,2179.0,187.7,5.0,4440000.0,Land,Rover Range Rover 2.2L Dynamic,14,1,4000.0,0.08614043139054611
Eldoret,2010,85001,Diesel,Automatic,Second,12.0,2987.0,224.0,7.0,4144000.0,Mercedes-Benz,Gl-Class 2007 2012 350 Cdi Luxury,16,1,5312.5625,0.07499163039839303
Kisumu,2018,12000,Diesel,Automatic,First,13.5,2477.0,175.56,7.0,4144000.0,Mitsubishi,Pajero Sport 4X2 At Dualtone Blacktop,8,0,1500.0,0.07087605974969721
Nyeri,2010,125000,Petrol,Manual,First,19.7,796.0,46.3,5.0,136160.0,Maruti,Alto Lx,16,0,7812.5,0.05816582914572864
Eldoret,2013,53000,Petrol,Manual,First,14.0,1061.0,64.0,5.0,407000.0,Maruti,Wagon R Lxi Bsiii,13,0,4076.923076923077,0.060320452403393024
Naivasha,2017,34990,Diesel,Automatic,First,12.7,2179.0,187.7,5.0,7966840.0,Land,Rover Range Rover 2.2L Prestige,9,1,3887.777777777778,0.08614043139054611
Eldoret,2011,49768,Petrol,Manual,Second,17.01,1591.0,121.3,5.0,732600.0,Hyundai,Verna 1.6 Sx Vtvt,15,0,3317.866666666667,0.07624135763670647
Kisumu,2013,56000,Diesel,Automatic,First,16.73,2993.0,218.0,5.0,4958000.0,Bmw,5 Series 525D Sedan,13,0,4307.692307692308,0.07283661877714667
Nakuru,2013,75000,Diesel,Automatic,First,14.74,2993.0,270.9,5.0,4136600.0,Jaguar,Xf Diesel,13,1,5769.2307692307695,0.09051119278316071
Kisumu,2010,57000,Petrol,Automatic,First,13.7,1798.0,157.75,5.0,1073000.0,Skoda,Superb Elegance 1.8 Tsi At,16,0,3562.5,0.08773637374860957
Mombasa,2017,37542,Diesel,Automatic,First,15.73,1968.0,174.33,5.0,3805080.0,Audi,Q3 35 Tdi Quattro Premium,9,1,4171.333333333333,0.08858231707317074
Naivasha,2014,95649,Diesel,Automatic,First,12.7,2179.0,187.7,5.0,4391160.0,Land,Rover Range Rover 2.2L Pure,12,1,7970.75,0.08614043139054611
Nyeri,2013,35299,Diesel,Automatic,First,14.84,2143.0,170.0,5.0,2812000.0,Mercedes-Benz,New C-Class 220 Cdi At,13,1,2715.3076923076924,0.07932804479701354
Mombasa,2017,28464,Diesel,Manual,First,15.4,2179.0,120.0,7.0,1931400.0,Mahindra,Scorpio S10 4Wd,9,0,3162.6666666666665,0.05507113354749885
Nairobi,2015,41000,Diesel,Automatic,First,21.76,1995.0,190.0,5.0,3774000.0,Bmw,3 Series Luxury Line,11,0,3727.2727272727275,0.09523809523809523
Eldoret,2017,9000,Petrol,Manual,First,15.4,1497.0,117.3,7.0,1258000.0,Honda,Br-V I-Vtec S Mt,9,0,1000.0,0.0783567134268537
Mombasa,2010,92098,Diesel,Automatic,Second,16.0,2400.0,215.0,5.0,1073000.0,Volvo,S80 2006-2013 D5,16,1,5756.125,0.08958333333333333
Eldoret,2005,5834,Petrol,Manual,First,13.2,1495.0,94.0,5.0,118400.0,Hyundai,Accent Gle,21,0,277.8095238095238,0.06287625418060201
Nyeri,2017,40250,Petrol,Manual,First,17.19,1197.0,81.86,5.0,1021200.0,Hyundai,I20 Active Sx Petrol,9,0,4472.222222222223,0.0683876357560568
Naivasha,2018,22397,Petrol,Automatic,First,11.5,2996.0,367.0,5.0,10506519.999999998,Mercedes-Benz,Glc 43 Amg Coupe,8,1,2799.625,0.12249666221628838
Kisumu,2015,20800,Petrol,Manual,Second,21.1,814.0,55.2,5.0,333000.0,Hyundai,Eon Magna Plus,11,0,1890.909090909091,0.06781326781326781
Mombasa,2018,40322,Petrol,Manual,First,18.9,1197.0,81.86,5.0,814000.0,Hyundai,Grand I10 Sportz Edition,8,0,5040.25,0.0683876357560568
Nairobi,2013,52576,Petrol,Manual,First,13.0,1493.0,100.0,5.0,643799.9999999999,Honda,City 1.5 Exi S,13,0,4044.3076923076924,0.06697923643670463
Kisumu,2010,55000,Petrol,Manual,First,16.47,1198.0,73.9,5.0,333000.0,Volkswagen,Polo Petrol Trendline 1.2L,16,0,3437.5,0.06168614357262104
Nairobi,2016,47000,Petrol,Automatic,First,15.26,1798.0,187.74,5.0,3626000.0,Audi,A6 35 Tfsi Matrix,10,1,4700.0,0.10441601779755284
Kisumu,2010,42021,Diesel,Manual,First,0.0,1968.0,97.7,5.0,806600.0,Volkswagen,Jetta 2007-2011 1.9 L Tdi,16,0,2626.3125,0.04964430894308943
Naivasha,2017,23163,Petrol,Manual,First,15.29,1591.0,121.3,5.0,1780440.0,Hyundai,Creta 1.6 Sx Plus Dual Tone Petrol,9,0,2573.6666666666665,0.07624135763670647
Nairobi,2011,50000,Petrol,Automatic,Second,11.74,1796.0,186.0,5.0,1258000.0,Mercedes-Benz,New C-Class C 200 Cgi Avantgarde,15,1,3333.3333333333335,0.10356347438752785
Nairobi,2014,11900,Petrol,Automatic,First,16.82,1998.0,189.08,4.0,4218000.0,Mini,Cooper Convertible S,12,0,991.6666666666666,0.09463463463463465
Eldoret,2006,108000,Petrol,Manual,Second,17.0,1086.0,97.7,5.0,177600.0,Hyundai,Santro Xing Xo Erlx Euro Ii,20,0,5400.0,0.08996316758747698
Nakuru,2013,37000,Diesel,Manual,First,23.59,1364.0,67.04,5.0,851000.0,Toyota,Etios Vd,13,0,2846.153846153846,0.04914956011730206
Nairobi,2014,30000,Petrol,Manual,Second,19.4,1198.0,86.8,5.0,473600.0,Honda,Brio S Mt,12,0,2500.0,0.07245409015025041
Naivasha,2018,12831,Petrol,Automatic,First,21.4,1197.0,83.1,5.0,1463720.0,Maruti,Baleno Alpha Automatic,8,0,1603.875,0.06942355889724311
Naivasha,2012,143017,Diesel,Automatic,First,20.0,1968.0,138.1,5.0,973840.0,Skoda,Laura Ambiente 2.0 Tdi Cr At,14,0,10215.5,0.07017276422764228
Mombasa,2018,13102,Petrol,Manual,First,21.1,814.0,55.2,5.0,600879.9999999999,Hyundai,Eon Era Plus,8,0,1637.75,0.06781326781326781
Naivasha,2019,24950,Diesel,Manual,First,20.37,1461.0,108.45,5.0,1978760.0,Renault,Captur 1.5 Diesel Rxl,7,0,3564.285714285714,0.0742299794661191
Naivasha,2011,57832,Diesel,Automatic,First,16.2,2993.0,258.0,5.0,3821360.0,Bmw,5 Series 2003-2012 Gt 530D Le,15,0,3855.4666666666667,0.08620113598396258
Mombasa,2016,34267,Petrol,Manual,First,22.74,796.0,47.3,5.0,553520.0,Maruti,Alto 800 Lxi,10,0,3426.7,0.059422110552763814
Nakuru,2015,33000,Diesel,Automatic,Second,16.8,1984.0,150.0,5.0,3256000.0,Volvo,V40 D3,11,1,3000.0,0.07560483870967742
Thika,2007,55100,Petrol,Manual,First,18.9,998.0,67.1,5.0,214600.0,Maruti,Wagon R Lxi Bsii,19,0,2900.0,0.06723446893787574
Kisumu,2008,40000,Petrol,Manual,First,17.7,1497.0,78.0,5.0,296000.0,Honda,City Zx Gxi,18,0,2222.222222222222,0.052104208416833664
Mombasa,2017,31841,Cng,Manual,First,15.1,1196.0,73.0,5.0,695600.0,Maruti,Eeco 5 Str With Ac Plus Htr Cng,9,0,3537.8888888888887,0.061036789297658864
Kisumu,2014,15000,Petrol,Manual,First,13.7,1399.0,98.79,8.0,555000.0,Chevrolet,Enjoy 1.4 Ls 8,12,0,1250.0,0.07061472480343102
Naivasha,2016,82756,Diesel,Manual,First,15.96,2523.0,62.1,7.0,1139600.0,Mahindra,Bolero Zlx,10,0,8275.6,0.02461355529131986
Naivasha,2012,50243,Petrol,Manual,First,0.0,1086.0,97.7,5.0,495800.0,Hyundai,Santro Gls I - Euro I,14,0,3588.785714285714,0.08996316758747698
Kisumu,2014,20600,Petrol,Manual,First,21.1,814.0,55.2,5.0,384800.0,Hyundai,Eon D Lite,12,0,1716.6666666666667,0.06781326781326781
Naivasha,2017,29952,Petrol,Automatic,First,13.0,1591.0,121.3,5.0,2037960.0,Hyundai,Creta 1.6 Sx Plus Petrol Automatic,9,0,3328.0,0.07624135763670647
Nairobi,2017,15000,Petrol,Manual,Second,16.09,1598.0,103.5,5.0,1050800.0,Volkswagen,Vento 1.6 Comfortline,9,0,1666.6666666666667,0.06476846057571965
Eldoret,2008,61938,Petrol,Automatic,Second,12.9,1799.0,130.0,5.0,392200.0,Honda,Civic 2006-2010 1.8 S At,18,0,3441.0,0.07226236798221233
Kisumu,2014,67000,Diesel,Manual,First,22.3,1248.0,74.0,5.0,370000.0,Tata,Indica Vista Quadrajet Ls,12,0,5583.333333333333,0.05929487179487179
Mombasa,2013,61672,Diesel,Manual,First,16.0,2179.0,140.0,7.0,1114440.0,Mahindra,Xuv500 W8 2Wd,13,0,4744.0,0.06424965580541533
Naivasha,2017,26185,Petrol,Manual,First,18.6,1197.0,81.83,5.0,1181040.0,Hyundai,I20 1.2 Asta Option,9,0,2909.4444444444443,0.06836257309941521
Nakuru,2014,38000,Diesel,Automatic,Second,14.16,1968.0,174.3,5.0,5772000.0,Audi,Q5 30 Tdi Quattro Premium Plus,12,1,3166.6666666666665,0.08856707317073172
Mombasa,2011,67000,Petrol,Manual,Second,18.5,1197.0,85.8,5.0,333000.0,Maruti,Ritz Vxi,15,0,4466.666666666667,0.07167919799498747
Mombasa,2010,66000,Petrol,Manual,Second,13.17,1999.0,114.0,5.0,569800.0,Mitsubishi,Cedia Sports,16,0,4125.0,0.057028514257128564
Kisumu,2015,80883,Diesel,Manual,First,12.8,2494.0,102.0,7.0,1998000.0,Toyota,Innova 2.5 V Diesel 7-Seater,11,0,7353.0,0.0408981555733761
Kisumu,2016,80219,Diesel,Manual,First,27.62,793.0,47.0,5.0,518000.0,Maruti,Celerio Ldi,10,0,8021.9,0.05926860025220681
Nairobi,2018,12923,Diesel,Manual,First,25.1,1248.0,88.5,5.0,1320160.0,Maruti,S-Cross Delta Ddis 200 Sh,8,0,1615.375,0.07091346153846154
Naivasha,2016,86642,Diesel,Automatic,First,15.17,1968.0,181.0,5.0,3014760.0,Audi,Q3 35 Tdi Quattro Premium Plus,10,1,8664.2,0.09197154471544715
Nakuru,2016,19235,Diesel,Automatic,First,21.76,1995.0,190.0,5.0,5402000.0,Bmw,3 Series Luxury Line,10,0,1923.5,0.09523809523809523
Naivasha,2016,51002,Diesel,Automatic,First,11.33,4134.0,335.2,7.0,7238680.0,Audi,Q7 4.2 Tdi Quattro Technology,10,1,5100.2,0.08108369617803579
Eldoret,2016,6800,Petrol,Manual,First,18.6,1197.0,81.83,5.0,1065600.0,Hyundai,I20 2015-2017 Asta 1.2,10,0,680.0,0.06836257309941521
Kisumu,2012,82749,Diesel,Manual,First,19.01,1461.0,108.45,5.0,886520.0,Renault,Duster 110Ps Diesel Rxl,14,0,5910.642857142857,0.0742299794661191
Eldoret,2016,51000,Diesel,Manual,First,24.4,1120.0,71.0,5.0,777000.0,Hyundai,Xcent 1.1 Crdi S Celebration Edition,10,0,5100.0,0.06339285714285714
Nairobi,2014,31465,Diesel,Manual,First,22.7,1498.0,89.84,5.0,962000.0,Ford,Ecosport 1.5 Dv5 Mt Titanium,12,0,2622.0833333333335,0.05997329773030708
Kisumu,2013,76476,Petrol,Manual,First,16.47,1198.0,73.9,5.0,651200.0000000001,Volkswagen,Polo Petrol Trendline 1.2L,13,0,5882.7692307692305,0.06168614357262104
Kisumu,2017,14000,Diesel,Manual,First,24.0,1120.0,70.0,5.0,680799.9999999999,Hyundai,Grand I10 Crdi Magna,9,0,1555.5555555555557,0.0625
Thika,2013,47000,Diesel,Manual,First,21.12,1248.0,88.8,5.0,436600.0,Tata,Manza Aqua Quadrajet Bs Iv,13,0,3615.3846153846152,0.07115384615384615
Kisumu,2011,48466,Petrol,Manual,First,17.0,1497.0,118.0,5.0,482480.0,Honda,City 1.5 V Mt,15,0,3231.0666666666666,0.0788243152972612
Nakuru,2008,46000,Petrol,Manual,Second,17.92,1086.0,62.1,5.0,328560.00000000006,Hyundai,Santro Xing Gls,18,0,2555.5555555555557,0.057182320441988954
Kisumu,2012,162663,Diesel,Manual,First,12.99,2494.0,100.0,7.0,1554000.0,Toyota,Innova 2.5 Vx (Diesel) 7 Seater,14,0,11618.785714285714,0.040096230954290296
Naivasha,2017,25142,Diesel,Manual,First,28.09,1248.0,88.5,5.0,1222480.0,Maruti,Ciaz 1.3 S,9,0,2793.5555555555557,0.07091346153846154
Nairobi,2013,69000,Diesel,Manual,First,12.55,2982.0,169.0,7.0,2138600.0,Toyota,Fortuner 4X4 Mt Trd Sportivo,13,0,5307.692307692308,0.05667337357478203
Mombasa,2009,80524,Petrol,Manual,Second,15.3,1596.0,97.7,5.0,370000.0,Ford,Fiesta 1.6 Sxi Abs Duratec,17,0,4736.705882352941,0.0612155388471178
Mombasa,2018,26405,Petrol,Automatic,First,12.6,1950.0,191.34,5.0,7611640.0,Mercedes-Benz,E-Class E 220 D,8,1,3300.625,0.09812307692307692
Mombasa,2014,45000,Diesel,Manual,First,15.8,2148.0,170.0,5.0,3404000.0,Mercedes-Benz,New C-Class 220 Cdi Mt,12,1,3750.0,0.07914338919925512
Kisumu,2012,64284,Diesel,Manual,First,17.72,1968.0,108.49,5.0,814000.0,Skoda,Yeti Ambition 4X2,14,0,4591.714285714285,0.0551270325203252
Nairobi,2015,27000,Petrol,Manual,First,18.9,1197.0,82.0,5.0,666000.0,Hyundai,Grand I10 Sportz,11,0,2454.5454545454545,0.06850459482038429
Kisumu,2018,3678,Petrol,Manual,First,18.16,1196.0,86.8,5.0,1006400.0,Ford,Figo 2015-2019 1.2P Titanium Mt,8,0,459.75,0.0725752508361204
Nairobi,2013,21000,Petrol,Manual,First,16.8,1395.0,138.02,5.0,1295000.0,Skoda,Octavia Ambition 1.4 Tsi Mt,13,0,1615.3846153846155,0.09893906810035843
Nairobi,2015,67000,Diesel,Manual,Second,19.87,1461.0,83.8,5.0,1036000.0,Renault,Duster 85Ps Diesel Rxl Option,11,0,6090.909090909091,0.05735797399041752
Nairobi,2015,24000,Diesel,Automatic,Second,15.68,1999.0,177.0,5.0,4958000.0,Land,Rover Range Rover Evoque 2.0 Td4 Pure,11,1,2181.818181818182,0.08854427213606804
Mombasa,2011,75000,Diesel,Manual,Second,20.0,1399.0,68.0,5.0,333000.0,Ford,Figo Diesel Exi,15,0,5000.0,0.04860614724803431
Kisumu,2008,179000,Diesel,Automatic,Second,12.8,2953.0,156.0,7.0,627520.0,Ford,Endeavour Hurricane Limited Edition,18,0,9944.444444444445,0.05282763291567897
Naivasha,2017,47198,Diesel,Manual,First,12.55,2982.0,168.5,7.0,4206160.0,Toyota,Fortuner 4X4 Mt,9,0,5244.222222222223,0.05650570087189805
Kisumu,2012,52000,Diesel,Manual,First,22.07,1199.0,73.9,5.0,407000.0,Volkswagen,Polo Diesel Comfortline 1.2L,14,0,3714.285714285714,0.06163469557964971
Nyeri,2011,91000,Diesel,Manual,First,23.2,1248.0,73.94,5.0,444000.0,Maruti,Ritz Vdi,15,0,6066.666666666667,0.05924679487179487
Eldoret,2013,60000,Diesel,Manual,First,23.08,1461.0,63.1,5.0,525400.0,Nissan,Micra Diesel Xv Premium,13,0,4615.384615384615,0.0431895961670089
Kisumu,2013,37873,Diesel,Manual,First,22.32,1582.0,126.32,5.0,710400.0,Hyundai,Verna 1.6 Sx,13,0,2913.3076923076924,0.07984829329962073
Kisumu,2011,31000,Petrol,Automatic,First,10.8,2497.0,150.0,5.0,1998000.0,Bmw,5 Series 2003-2012 523I,15,0,2066.6666666666665,0.060072086503804564
Eldoret,2017,129000,Diesel,Automatic,First,11.0,2987.0,258.0,7.0,8288000.0,Mercedes-Benz,Gls 350D 4Matic,9,1,14333.333333333334,0.08637428858386341
Kisumu,2004,78000,Petrol,Automatic,First,12.0,2354.0,187.4,5.0,590520.0,Honda,Cr-V 2.4L 4Wd At,22,0,3545.4545454545455,0.07960917587085811
Nakuru,2016,32000,Diesel,Automatic,First,17.01,1582.0,126.2,5.0,2294000.0,Hyundai,Creta 1.6 Crdi At Sx Plus,10,0,3200.0,0.0797724399494311
Nyeri,2010,59000,Petrol,Manual,Second,19.81,1086.0,68.05,5.0,343359.99999999994,Hyundai,I10 Era,16,0,3687.5,0.06266114180478821
Mombasa,2016,35437,Diesel,Automatic,First,20.0,2143.0,136.0,5.0,2749839.9999999995,Mercedes-Benz,A Class A200 Cdi Sport,10,1,3543.7,0.06346243583761083
Nyeri,2014,98000,Petrol,Manual,First,16.02,1373.0,93.7,7.0,814000.0,Maruti,Ertiga Vxi,12,0,8166.666666666667,0.06824471959213402
Mombasa,2006,72000,Diesel,Manual,Second,18.7,1896.0,66.0,5.0,473600.0,Skoda,Octavia Classic 1.9 Tdi Mt,20,0,3600.0,0.03481012658227848
Eldoret,2015,79000,Petrol,Manual,First,18.0,1198.0,86.7,5.0,592000.0,Honda,Amaze Vx I-Vtech,11,0,7181.818181818182,0.07237061769616027
Mombasa,2004,29000,Petrol,Manual,First,17.3,993.0,60.0,5.0,236800.0,Maruti,Zen Lxi Bsii,22,0,1318.1818181818182,0.06042296072507553
Mombasa,2013,66012,Petrol,Manual,First,15.5,1586.0,103.3,5.0,614200.0000000001,Maruti,Sx4 Zxi Mt Bsiv,13,0,5077.846153846154,0.06513240857503153
Nairobi,2014,35000,Petrol,Automatic,First,16.5,1198.0,86.8,5.0,629000.0,Honda,Brio Vx At,12,0,2916.6666666666665,0.07245409015025041
Thika,2011,75000,Petrol,Manual,First,18.9,998.0,67.1,5.0,384800.0,Maruti,Wagon R Vxi,15,0,5000.0,0.06723446893787574
Nairobi,2008,80000,Petrol,Automatic,Second,12.1,2362.0,164.7,5.0,507640.0,Toyota,Camry A/T,18,0,4444.444444444444,0.06972904318374258
Mombasa,2012,32717,Petrol,Manual,First,18.6,1199.0,79.4,5.0,377399.99999999994,Chevrolet,Beat Ls,14,0,2336.9285714285716,0.06622185154295246
Nairobi,2017,25000,Diesel,Automatic,First,12.55,2982.0,168.5,7.0,4736000.0,Toyota,Fortuner 4X4 At,9,0,2777.777777777778,0.05650570087189805
Nairobi,2014,79000,Diesel,Manual,First,22.7,1498.0,89.84,5.0,925000.0,Ford,Ecosport 1.5 Dv5 Mt Titanium Optional,12,0,6583.333333333333,0.05997329773030708
Kisumu,2010,86000,Diesel,Manual,Second,17.8,1248.0,75.0,5.0,532800.0,Maruti,Swift Vdi Bsiii,16,0,5375.0,0.06009615384615385
Eldoret,2010,137000,Diesel,Automatic,First,13.5,2987.0,282.0,5.0,2738000.0,Mercedes-Benz,S Class 2005 2013 S 350 Cdi,16,1,8562.5,0.09440910612654838
Nairobi,2015,25000,Petrol,Manual,Second,17.3,1497.0,117.3,7.0,629000.0,Honda,Mobilio S I Vtec,11,0,2272.7272727272725,0.0783567134268537
Nairobi,2017,8500,Petrol,Manual,Second,18.9,1197.0,82.0,5.0,710400.0,Hyundai,Grand I10 Sportz,9,0,944.4444444444445,0.06850459482038429
Nakuru,2015,34000,Diesel,Automatic,First,16.0,2179.0,140.0,7.0,1924000.0,Mahindra,Xuv500 At W8 Fwd,11,0,3090.909090909091,0.06424965580541533
Eldoret,2012,41629,Petrol,Manual,Second,14.83,1598.0,105.0,5.0,333000.0,Skoda,Fabia 1.6 Mpi Elegance,14,0,2973.5,0.06570713391739674
Kisumu,2009,80227,Petrol,Manual,First,17.92,1086.0,62.1,5.0,340399.99999999994,Hyundai,Santro Xing Gls,17,0,4719.235294117647,0.057182320441988954
Mombasa,2019,8587,Petrol,Manual,First,15.29,1591.0,121.3,5.0,2006880.0,Hyundai,Creta 1.6 Sx Plus Dual Tone Petrol,7,0,1226.7142857142858,0.07624135763670647
Nairobi,2017,30000,Diesel,Manual,First,15.4,1997.0,120.0,7.0,1813000.0,Mahindra,Scorpio 1.99 S8,9,0,3333.3333333333335,0.06009013520280421
Eldoret,2013,64186,Diesel,Manual,First,20.5,1598.0,103.5,5.0,556480.0,Skoda,Rapid 1.6 Tdi Ambition,13,0,4937.384615384615,0.06476846057571965
Naivasha,2015,76427,Diesel,Manual,First,19.01,1461.0,108.45,5.0,1269840.0,Renault,Duster 110Ps Diesel Rxz,11,0,6947.909090909091,0.0742299794661191
Kisumu,2011,75000,Diesel,Automatic,First,11.7,2993.0,245.0,5.0,4070000.0,Bmw,X5 Xdrive 30D,15,0,5000.0,0.08185766789174741
Naivasha,2013,27075,Petrol,Manual,First,17.6,1496.0,88.73,5.0,732600.0,Toyota,Etios G,13,0,2082.6923076923076,0.05931149732620321
Thika,2012,30000,Petrol,Manual,First,22.5,998.0,67.04,5.0,488400.0,Maruti,Wagon R Lxi,14,0,2142.8571428571427,0.06717434869739479
Mombasa,2016,69434,Petrol,Manual,First,15.8,1591.0,121.3,5.0,1184000.0,Hyundai,Creta 1.6 Sx,10,0,6943.4,0.07624135763670647
Nyeri,2014,56000,Petrol,Manual,First,23.1,998.0,67.04,5.0,412920.0,Maruti,Celerio Vxi,12,0,4666.666666666667,0.06717434869739479
Naivasha,2017,49275,Diesel,Automatic,First,12.7,2179.0,187.7,5.0,6754720.0,Land,Rover Range Rover Hse Dynamic,9,1,5475.0,0.08614043139054611
Eldoret,2014,8700,Petrol,Manual,First,18.6,1199.0,76.8,5.0,377399.99999999994,Chevrolet,Beat Lt,12,0,725.0,0.0640533778148457
Thika,2014,18000,Petrol,Manual,Second,25.4,624.0,37.5,4.0,148000.0,Tata,Nano Twist Xt,12,0,1500.0,0.06009615384615385
Naivasha,2017,41041,Diesel,Automatic,First,17.68,1968.0,174.33,5.0,5558880.0,Audi,A6 2011-2015 35 Tdi Technology,9,1,4560.111111111111,0.08858231707317074
Mombasa,2009,80464,Diesel,Automatic,Second,11.0,2987.0,198.5,5.0,1374919.9999999998,Mercedes-Benz,E-Class 280 Cdi,17,1,4733.176470588235,0.06645463675929025
Mombasa,2019,20667,Petrol,Manual,First,22.0,1197.0,81.8,5.0,942760.0,Maruti,Swift Vxi,7,0,2952.4285714285716,0.0683375104427736
Naivasha,2013,60283,Petrol,Manual,First,14.6,1368.0,112.0,5.0,441040.0,Fiat,Linea T Jet,13,0,4637.153846153846,0.08187134502923976
Mombasa,2017,31696,Petrol,Manual,First,20.4,1197.0,81.8,5.0,851000.0,Maruti,Swift Vxi Optional,9,0,3521.777777777778,0.0683375104427736
Kisumu,2010,100000,Diesel,Manual,First,11.5,2982.0,171.0,7.0,1924000.0,Toyota,Fortuner 3.0 Diesel,16,0,6250.0,0.05734406438631791
Nairobi,2014,13361,Petrol,Manual,First,16.02,1373.0,93.7,7.0,1006400.0,Maruti,Ertiga Zxi,12,0,1113.4166666666667,0.06824471959213402
Naivasha,2010,48394,Petrol,Automatic,First,12.05,1995.0,154.0,5.0,1552520.0,Bmw,3 Series 320I Sedan,16,0,3024.625,0.07719298245614035
Nyeri,2014,47399,Petrol,Manual,First,16.02,1373.0,93.7,7.0,828800.0,Maruti,Ertiga Vxi,12,0,3949.9166666666665,0.06824471959213402
Nairobi,2010,69000,Petrol,Automatic,Second,16.8,1497.0,118.0,5.0,421800.0,Honda,City 1.5 V At,16,0,4312.5,0.0788243152972612
Naivasha,2013,65278,Diesel,Manual,First,14.66,2199.0,194.3,7.0,1237280.0,Hyundai,Santa Fe 4X4,13,0,5021.384615384615,0.08835834470213734
Nyeri,2005,108000,Diesel,Manual,First,17.0,1405.0,70.0,5.0,148000.0,Tata,Indigo Ls,21,0,5142.857142857143,0.0498220640569395
Kisumu,2010,50645,Petrol,Automatic,Second,10.93,2497.0,204.0,5.0,1591000.0,Mercedes-Benz,E-Class 2009-2013 E 250 Elegance,16,1,3165.3125,0.0816980376451742
Kisumu,2011,130002,Diesel,Manual,First,19.3,1248.0,73.9,5.0,569800.0,Maruti,Swift Dzire Ldi,15,0,8666.8,0.059214743589743594
Kisumu,2012,107000,Diesel,Manual,First,17.8,1399.0,67.0,5.0,444000.0,Ford,Fiesta Classic 1.4 Duratorq Clxi,14,0,7642.857142857143,0.04789135096497498
Naivasha,2015,41950,Petrol,Automatic,First,18.0,1497.0,117.3,5.0,1420800.0,Honda,City I Vtec Cvt Vx,11,0,3813.6363636363635,0.0783567134268537
Nairobi,2012,109000,Diesel,Manual,First,13.0,2982.0,168.5,7.0,1961000.0,Toyota,Fortuner 4X2 Manual,14,0,7785.714285714285,0.05650570087189805
Nairobi,2016,9000,Petrol,Manual,First,18.0,1198.0,86.7,5.0,851000.0,Honda,Amaze Vx O I Vtec,10,0,900.0,0.07237061769616027
Nairobi,2014,43900,Diesel,Manual,First,22.54,1396.0,88.73,5.0,999000.0,Hyundai,I20 Asta 1.4 Crdi,12,0,3658.3333333333335,0.06356017191977077
Nakuru,2013,64000,Diesel,Manual,Second,18.2,1248.0,73.8,7.0,717799.9999999999,Chevrolet,Enjoy Tcdi Ltz 7 Seater,13,0,4923.076923076923,0.05913461538461538
Mombasa,2019,13190,Petrol,Automatic,First,0.0,1950.0,181.43,5.0,5770520.0,Mercedes-Benz,New C-Class Progressive C 200,7,1,1884.2857142857142,0.09304102564102565
Nairobi,2009,77652,Petrol,Automatic,First,12.6,1586.0,103.2,5.0,421800.0,Maruti,Sx4 Zxi At Leather,17,0,4567.764705882353,0.06506935687263557
Nairobi,2012,55000,Diesel,Manual,First,12.99,2494.0,100.0,7.0,1407480.0,Toyota,Innova 2.5 Vx (Diesel) 7 Seater,14,0,3928.5714285714284,0.040096230954290296
Thika,2012,59900,Diesel,Automatic,Second,18.48,1995.0,177.0,5.0,2738000.0,Bmw,5 Series 2003-2012 520D,14,0,4278.571428571428,0.0887218045112782
Nairobi,2015,73539,Diesel,Manual,First,19.01,1461.0,108.45,5.0,999000.0,Renault,Duster 110Ps Diesel Rxz,11,0,6685.363636363636,0.0742299794661191
Naivasha,2017,31645,Diesel,Automatic,First,20.68,1995.0,190.0,5.0,4351200.0,Bmw,X1 Sdrive 20D Xline,9,0,3516.1111111111113,0.09523809523809523
Mombasa,2009,69690,Petrol,Manual,First,17.7,1497.0,78.0,5.0,486920.0,Honda,City Zx Gxi,17,0,4099.411764705882,0.052104208416833664
Nairobi,2016,41000,Diesel,Manual,First,28.09,1248.0,88.5,5.0,1406000.0,Maruti,Ciaz Rs Zdi Plus Shvs,10,0,4100.0,0.07091346153846154
Eldoret,2010,109200,Petrol,Manual,Second,17.5,1298.0,85.8,5.0,325600.00000000006,Maruti,Swift Dzire Vxi,16,0,6825.0,0.06610169491525424
Eldoret,2012,80000,Diesel,Manual,First,15.1,2179.0,140.0,7.0,962000.0,Mahindra,Xuv500 W6 2Wd,14,0,5714.285714285715,0.06424965580541533
Thika,2007,51000,Petrol,Manual,First,13.5,1799.0,130.0,5.0,725200.0000000001,Honda,Civic 2006-2010 1.8 S Mt,19,0,2684.2105263157896,0.07226236798221233
Eldoret,2013,105000,Diesel,Manual,Second,25.47,1248.0,88.5,7.0,999000.0,Maruti,Ertiga Zdi,13,0,8076.923076923077,0.07091346153846154
Mombasa,2013,179000,Diesel,Manual,First,23.59,1364.0,67.04,5.0,562400.0,Toyota,Etios Liva Gd,13,0,13769.23076923077,0.04914956011730206
Nairobi,2013,12100,Petrol,Automatic,First,9.9,1984.0,207.8,2.0,4366000.0,Audi,Tt 2.0 Tfsi,13,1,930.7692307692307,0.10473790322580646
Kisumu,2017,31000,Diesel,Manual,First,21.13,1498.0,108.4,5.0,1554000.0,Skoda,Rapid 1.5 Tdi Style,9,0,3444.4444444444443,0.07236315086782377
Kisumu,2015,50000,Diesel,Manual,First,20.14,1498.0,88.8,5.0,917600.0,Volkswagen,Polo 1.5 Tdi Highline,11,0,4545.454545454545,0.05927903871829105
Nyeri,2009,48000,Diesel,Automatic,First,17.0,1896.0,105.0,5.0,740000.0,Skoda,Laura 1.9 Tdi At Elegance,17,0,2823.529411764706,0.055379746835443035
Mombasa,2007,35000,Diesel,Manual,First,19.2,1461.0,65.0,5.0,340399.99999999994,Mahindra,Renault Logan 1.5 Dle Diesel,19,0,1842.1052631578948,0.044490075290896644
Thika,2016,100200,Diesel,Automatic,First,11.36,2755.0,171.5,7.0,2516000.0,Toyota,Innova Crysta 2.8 Gx At,10,0,10020.0,0.062250453720508164
Nakuru,2014,47000,Diesel,Automatic,First,18.88,1995.0,184.0,5.0,3774000.0,Bmw,3 Series 320D Luxury Line,12,0,3916.6666666666665,0.09223057644110276
Nyeri,2015,63642,Diesel,Manual,First,27.3,1498.0,98.6,5.0,836200.0,Honda,Jazz 1.5 S I Dtec,11,0,5785.636363636364,0.06582109479305741
Mombasa,2015,62550,Diesel,Manual,First,25.8,1498.0,98.6,5.0,828800.0,Honda,Amaze Vx I-Dtec,11,0,5686.363636363636,0.06582109479305741
Mombasa,2015,37340,Diesel,Automatic,First,16.36,2179.0,187.7,5.0,4437040.0,Jaguar,Xf 2.2 Litre Luxury,11,1,3394.5454545454545,0.08614043139054611
Naivasha,2016,38461,Diesel,Manual,First,26.59,1248.0,74.0,5.0,1093720.0,Maruti,Swift Dzire Vdi,10,0,3846.1,0.05929487179487179
Nyeri,2018,29000,Diesel,Manual,First,17.1,1956.0,170.0,5.0,2812000.0,Jeep,Compass 2.0 Limited,8,0,3625.0,0.0869120654396728
Eldoret,2010,31000,Petrol,Manual,First,12.5,1794.0,132.0,5.0,740000.0,Toyota,Corolla Altis 1.8 Sport,16,0,1937.5,0.07357859531772576
Kisumu,2011,42086,Petrol,Manual,First,17.0,1497.0,118.0,5.0,495800.0,Honda,City 1.5 V Mt,15,0,2805.733333333333,0.0788243152972612
Mombasa,2013,49000,Petrol,Manual,First,18.6,1197.0,85.8,5.0,658600.0,Maruti,Swift Zxi,13,0,3769.230769230769,0.07167919799498747
Naivasha,2019,77240,Diesel,Automatic,First,22.32,1582.0,126.32,5.0,1229880.0,Hyundai,Verna 1.6 Sx Crdi (O) At,7,0,11034.285714285714,0.07984829329962073
Nyeri,2012,105000,Diesel,Manual,Second,15.96,2523.0,62.1,7.0,888000.0,Mahindra,Bolero Zlx,14,0,7500.0,0.02461355529131986
Mombasa,2014,35000,Diesel,Manual,First,22.9,1248.0,74.0,5.0,777000.0,Maruti,Swift Vdi,12,0,2916.6666666666665,0.05929487179487179
Mombasa,2006,83072,Petrol,Manual,First,17.0,1086.0,97.7,5.0,207200.0,Hyundai,Santro Xing Xo,20,0,4153.6,0.08996316758747698
Kisumu,2012,202082,Diesel,Automatic,First,17.68,1968.0,174.33,5.0,1820400.0,Audi,A6 2011-2015 2.0 Tdi Premium Plus,14,1,14434.42857142857,0.08858231707317074
Mombasa,2004,129000,Petrol,Manual,Third,13.8,1299.0,70.0,5.0,222000.0,Ford,Ikon 1.3 Lxi Nxt,22,0,5863.636363636364,0.05388760585065435
Naivasha,2018,33558,Diesel,Manual,First,20.14,1498.0,88.0,5.0,1201759.9999999998,Volkswagen,Polo 1.5 Tdi Highline,8,0,4194.75,0.05874499332443257
Naivasha,2012,60271,Diesel,Manual,First,13.6,2523.0,63.0,7.0,905760.0,Mahindra,Bolero Vlx Crde,14,0,4305.071428571428,0.02497027348394768
Naivasha,2017,45366,Diesel,Manual,First,25.1,1498.0,98.6,5.0,1610240.0,Honda,City I Dtec Vx Option,9,0,5040.666666666667,0.06582109479305741
Kisumu,2014,9500,Petrol,Manual,First,18.2,1199.0,82.5,5.0,518000.0,Chevrolet,Sail Hatchback 1.2 Ls,12,0,791.6666666666666,0.06880733944954129
Mombasa,2016,42362,Petrol,Manual,First,18.6,1197.0,81.83,5.0,910200.0,Hyundai,I20 1.2 Spotz,10,0,4236.2,0.06836257309941521
Mombasa,2016,21000,Diesel,Automatic,First,17.05,1995.0,184.0,5.0,4884000.0,Bmw,X1 Sdrive 20D Sportline,10,0,2100.0,0.09223057644110276
Nairobi,2012,15200,Diesel,Automatic,First,15.06,1995.0,177.0,5.0,1998000.0,Bmw,X1 Sdrive 20D Exclusive,14,0,1085.7142857142858,0.0887218045112782
Nairobi,2015,43690,Diesel,Automatic,First,12.55,2982.0,168.5,7.0,2532280.0,Toyota,Fortuner 4X2 At,11,0,3971.818181818182,0.05650570087189805
Mombasa,2014,79926,Diesel,Automatic,First,11.33,4134.0,335.2,7.0,4405960.0,Audi,Q7 4.2 Tdi Quattro Technology,12,1,6660.5,0.08108369617803579
Kisumu,2013,53073,Diesel,Manual,First,20.77,1248.0,88.76,7.0,880600.0,Maruti,Ertiga Vdi,13,0,4082.5384615384614,0.07112179487179487
Nakuru,2015,59000,Petrol,Manual,First,18.5,1197.0,80.0,5.0,851000.0,Hyundai,I20 1.2 Magna,11,0,5363.636363636364,0.06683375104427736
Nakuru,2006,47088,Petrol,Automatic,Second,10.13,3498.0,364.9,5.0,2812000.0,Mercedes-Benz,S Class 2005 2013 S 350 L,20,1,2354.4,0.10431675242995997
Thika,2014,55000,Diesel,Manual,First,20.45,1461.0,83.8,5.0,703000.0,Renault,Duster 85Ps Diesel Rxl,12,0,4583.333333333333,0.05735797399041752
Kisumu,2013,80430,Diesel,Manual,Second,17.21,1493.0,100.0,7.0,488400.0,Mahindra,Quanto C2,13,0,6186.923076923077,0.06697923643670463
Nairobi,2013,71932,Diesel,Automatic,First,12.55,2982.0,168.5,7.0,2442000.0,Toyota,Fortuner 4X2 At,13,0,5533.2307692307695,0.05650570087189805
Nairobi,2014,19000,Diesel,Automatic,First,15.97,2993.0,258.0,7.0,6512000.0,Bmw,X5 2014-2019 Xdrive 30D Design Pure Experience 7 Seater,12,0,1583.3333333333333,0.08620113598396258
Kisumu,2011,81759,Diesel,Manual,First,19.3,1248.0,73.9,5.0,649719.9999999999,Maruti,Swift Dzire Vdi,15,0,5450.6,0.059214743589743594
Mombasa,2018,52010,Diesel,Manual,First,25.2,1248.0,74.0,5.0,917600.0,Maruti,Swift Ldi Optional,8,0,6501.25,0.05929487179487179
Mombasa,2016,58953,Petrol,Automatic,First,13.53,1984.0,177.01,5.0,3584560.0,Audi,A6 2011-2015 35 Tfsi Technology,10,1,5895.3,0.08921875
Nairobi,2008,93000,Diesel,Manual,Third,10.5,2835.0,107.2,6.0,806600.0,Mitsubishi,Pajero 2.8 Sfx Bsiv Dual Tone,18,0,5166.666666666667,0.03781305114638448
Nairobi,2016,10000,Diesel,Automatic,First,16.36,2179.0,187.7,5.0,6512000.0,Jaguar,Xf 2.2 Litre Executive,10,1,1000.0,0.08614043139054611
Naivasha,2019,40674,Diesel,Automatic,First,11.36,2755.0,171.5,7.0,3673360.0,Toyota,Innova Crysta 2.8 Zx At,7,0,5810.571428571428,0.062250453720508164
Nairobi,2015,50000,Diesel,Automatic,First,19.3,1968.0,141.0,5.0,1730120.0,Skoda,Octavia Ambition 2.0 Tdi At,11,0,4545.454545454545,0.07164634146341463
Nakuru,2018,1331,Petrol,Automatic,First,14.28,1798.0,138.03,5.0,2960000.0,Toyota,Corolla Altis Vl At,8,0,166.375,0.0767686318131257
Eldoret,2010,60000,Petrol,Manual,First,19.7,796.0,35.0,8.0,214600.0,Maruti,Omni 8 Seater Bsii,16,0,3750.0,0.04396984924623116
Nairobi,2018,10003,Diesel,Automatic,First,17.9,2143.0,170.0,5.0,7178000.0,Mercedes-Benz,Glc 220D 4Matic Style,8,1,1250.375,0.07932804479701354
Nairobi,2016,25000,Diesel,Automatic,First,21.5,1498.0,108.5,5.0,1398599.9999999998,Volkswagen,Vento 1.5 Tdi Highline At,10,0,2500.0,0.07242990654205607
Thika,2015,73000,Diesel,Manual,First,16.0,2179.0,140.0,7.0,1850000.0,Mahindra,Xuv500 W10 2Wd,11,0,6636.363636363636,0.06424965580541533
Kisumu,2014,59962,Diesel,Manual,First,20.45,1461.0,83.8,5.0,1021200.0,Nissan,Terrano Xl 85 Ps,12,0,4996.833333333333,0.05735797399041752
Nyeri,2012,72000,Diesel,Manual,Second,22.32,1582.0,126.32,5.0,858400.0,Hyundai,Verna 1.6 Sx Crdi (O),14,0,5142.857142857143,0.07984829329962073
Naivasha,2016,20967,Diesel,Automatic,First,14.69,2993.0,258.0,5.0,6594880.0,Bmw,5 Series 2013-2017 530D M Sport,10,0,2096.7,0.08620113598396258
Nakuru,2015,35000,Diesel,Manual,Second,15.4,2179.0,120.0,7.0,1258000.0,Mahindra,Scorpio S4 Plus,11,0,3181.818181818182,0.05507113354749885
Naivasha,2017,38056,Diesel,Manual,First,23.9,1582.0,126.2,5.0,1583600.0,Hyundai,Verna 1.6 Crdi Sx,9,0,4228.444444444444,0.0797724399494311
Eldoret,2009,94000,Diesel,Automatic,Second,12.07,2967.0,241.4,7.0,1776000.0,Audi,Q7 3.0 Tdi Quattro Premium Plus,17,1,5529.411764705882,0.08136164475901585
Naivasha,2010,64236,Petrol,Manual,First,14.7,1150.0,76.0,5.0,361120.0,Chevrolet,Aveo U-Va 1.2 Lt,16,0,4014.75,0.06608695652173913
Kisumu,2000,124000,Diesel,Manual,First,13.6,2523.0,63.0,7.0,288600.0,Mahindra,Bolero Zlx Bsiii,26,0,4769.2307692307695,0.02497027348394768
Nairobi,2014,7400,Petrol,Manual,First,19.1,1197.0,82.0,5.0,643799.9999999999,Hyundai,Xcent 1.2 Kappa S,12,0,616.6666666666666,0.06850459482038429
Kisumu,2017,52000,Diesel,Manual,First,13.68,2393.0,147.8,8.0,2590000.0,Toyota,Innova Crysta 2.4 Gx Mt 8S,9,0,5777.777777777777,0.06176347680735479
Kisumu,2015,68764,Petrol,Manual,First,21.1,814.0,55.2,5.0,429200.0,Hyundai,Eon Era Plus,11,0,6251.272727272727,0.06781326781326781
Nairobi,2013,64000,Diesel,Manual,First,22.07,1199.0,73.9,5.0,429200.0,Volkswagen,Polo Diesel Comfortline 1.2L,13,0,4923.076923076923,0.06163469557964971
Eldoret,2016,21558,Diesel,Manual,First,24.3,1248.0,88.5,5.0,1317200.0,Maruti,Vitara Brezza Zdi,10,0,2155.8,0.07091346153846154
Nairobi,2013,37500,Diesel,Automatic,First,18.88,1995.0,184.0,5.0,2479000.0,Bmw,3 Series 320D Prestige,13,0,2884.6153846153848,0.09223057644110276
Naivasha,2016,14077,Petrol,Manual,First,21.1,814.0,55.2,5.0,584600.0,Hyundai,Eon Sportz,10,0,1407.7,0.06781326781326781
Nairobi,2009,70000,Petrol,Manual,First,17.0,1497.0,118.0,5.0,310800.0,Honda,City 1.5 S Mt,17,0,4117.64705882353,0.0788243152972612
Mombasa,2011,54316,Petrol,Manual,Second,12.8,2354.0,177.6,5.0,634920.0,Honda,Accord 2.4 Mt,15,0,3621.0666666666666,0.07544604927782497
Kisumu,2009,90764,Diesel,Manual,First,14.0,2498.0,112.0,8.0,569800.0,Mahindra,Xylo E8,17,0,5339.058823529412,0.04483586869495596
Mombasa,2009,137000,Diesel,Automatic,Second,13.2,1995.0,170.0,5.0,1332000.0,Bmw,3 Series 320D,17,0,8058.823529411765,0.08521303258145363
Eldoret,2013,127000,Petrol,Manual,Second,16.8,1497.0,116.3,5.0,666000.0,Honda,City V Mt,13,0,9769.23076923077,0.07768871075484302
Mombasa,2016,51884,Diesel,Manual,First,16.0,2179.0,140.0,7.0,1844080.0,Mahindra,Xuv500 W10 2Wd,10,0,5188.4,0.06424965580541533
Nairobi,2014,67407,Diesel,Manual,First,21.27,1396.0,88.76,5.0,688200.0000000001,Hyundai,I20 Asta 1.4 Crdi,12,0,5617.25,0.06358166189111748
Kisumu,2014,107825,Diesel,Manual,First,13.0,2982.0,168.5,7.0,3034000.0,Toyota,Fortuner 4X2 Manual,12,0,8985.416666666666,0.05650570087189805
Mombasa,2006,82453,Diesel,Manual,First,13.6,2523.0,63.0,8.0,429200.0,Mahindra,Bolero Di Bsii,20,0,4122.65,0.02497027348394768
Mombasa,2007,30441,Petrol,Manual,First,15.9,1298.0,85.0,5.0,214600.0,Maruti,Esteem Vxi - Bsiii,19,0,1602.157894736842,0.06548536209553159
Mombasa,2002,70000,Petrol,Manual,Third,0.0,1086.0,97.7,5.0,96200.0,Hyundai,Santro Ls Zipplus,24,0,2916.6666666666665,0.08996316758747698
Nairobi,2016,11000,Diesel,Automatic,First,20.7,1496.0,113.98,5.0,4366000.0,Mini,Cooper 5 Door D,10,0,1100.0,0.07618983957219251
Kisumu,2015,61000,Diesel,Automatic,First,15.73,1968.0,174.33,5.0,3700000.0,Audi,Q3 35 Tdi Quattro Premium,11,1,5545.454545454545,0.08858231707317074
Nairobi,2013,48454,Petrol,Manual,Second,17.0,1197.0,80.0,5.0,518000.0,Hyundai,I20 Sportz Option,13,0,3727.230769230769,0.06683375104427736
Nyeri,2017,37000,Diesel,Manual,First,14.1,2179.0,154.0,7.0,1665000.0,Tata,Safari Storme Vx Varicor 400,9,0,4111.111111111111,0.07067462138595686
Mombasa,2017,32249,Diesel,Manual,First,21.9,1498.0,98.6,7.0,1596920.0,Honda,Br-V I-Dtec Vx Mt,9,0,3583.222222222222,0.06582109479305741
Kisumu,2013,58000,Diesel,Manual,First,19.33,1968.0,138.03,5.0,873200.0,Volkswagen,Jetta 2013-2015 2.0L Tdi Highline,13,0,4461.538461538462,0.07013719512195123
Nyeri,2017,28360,Petrol,Manual,First,19.1,1197.0,81.86,5.0,757760.0,Hyundai,Xcent 1.2 Kappa S Option,9,0,3151.1111111111113,0.0683876357560568
Nairobi,2017,7000,Petrol,Manual,First,20.89,1197.0,81.8,5.0,843600.0,Maruti,Ignis 1.2 Alpha,9,0,777.7777777777778,0.0683375104427736
Naivasha,2016,19658,Diesel,Automatic,First,18.12,1995.0,190.0,5.0,5304320.000000001,Bmw,5 Series 2013-2017 520D Luxury Line,10,0,1965.8,0.09523809523809523
Kisumu,2007,92000,Petrol,Manual,First,13.8,1299.0,70.0,5.0,185000.0,Ford,Ikon 1.3 Clxi,19,0,4842.105263157895,0.05388760585065435
Kisumu,2013,25000,Petrol,Manual,First,20.36,1197.0,78.9,5.0,392200.0,Hyundai,I10 Sportz,13,0,1923.076923076923,0.06591478696741855
Naivasha,2016,37882,Diesel,Manual,First,22.32,1582.0,126.3,5.0,1360120.0,Hyundai,Verna 1.6 Crdi,10,0,3788.2,0.07983565107458912
Nakuru,2014,69330,Diesel,Automatic,First,16.07,1995.0,181.0,5.0,3478000.0,Bmw,3 Series 320D Highline,12,0,5777.5,0.09072681704260652
Nairobi,2011,61000,Petrol,Automatic,First,12.3,1796.0,185.0,5.0,1850000.0,Mercedes-Benz,E-Class 2009-2013 E200 Cgi Blue Efficiency,15,1,4066.6666666666665,0.10300668151447662
Kisumu,2010,35000,Petrol,Manual,Second,18.6,1199.0,79.4,5.0,222000.0,Chevrolet,Beat Option Pack,16,0,2187.5,0.06622185154295246
Nyeri,2004,200000,Petrol,Manual,First,0.0,1086.0,97.7,5.0,118400.0,Hyundai,Santro Xing Xp,22,0,9090.90909090909,0.08996316758747698
Nyeri,2009,82000,Diesel,Manual,Second,13.5,1405.0,97.7,5.0,111000.0,Tata,Indica Dls,17,0,4823.529411764706,0.06953736654804271
Nairobi,2012,72450,Diesel,Manual,First,15.1,2179.0,140.0,7.0,1198800.0,Mahindra,Xuv500 W8 2Wd,14,0,5175.0,0.06424965580541533
Nyeri,2017,36381,Diesel,Manual,First,28.09,1248.0,88.5,5.0,1443000.0,Maruti,Ciaz Zdi Plus Shvs,9,0,4042.3333333333335,0.07091346153846154
Naivasha,2017,25559,Diesel,Automatic,First,19.71,2143.0,201.15,5.0,5613640.0,Mercedes-Benz,New C-Class C 250 Cdi Avantgarde,9,1,2839.8888888888887,0.09386374241717219
Mombasa,2005,100000,Petrol,Automatic,Third,16.4,1497.0,78.0,5.0,290080.0,Honda,City Zx Cvt,21,0,4761.9047619047615,0.052104208416833664
Nyeri,2015,94000,Diesel,Automatic,First,11.5,2982.0,169.0,7.0,3034000.0,Toyota,Fortuner 4X2 4 Speed At,11,0,8545.454545454546,0.05667337357478203
Nakuru,2011,64357,Petrol,Manual,First,24.07,998.0,67.1,5.0,407000.0,Maruti,Alto K10 Vxi,15,0,4290.466666666666,0.06723446893787574
Nairobi,2017,10501,Petrol,Automatic,First,9.43,1999.0,237.4,5.0,11100000.0,Jaguar,Xj 2.0L Portfolio,9,1,1166.7777777777778,0.11875937968984493
Mombasa,2009,47000,Diesel,Manual,First,21.9,1396.0,90.0,5.0,414400.0,Hyundai,I20 1.4 Magna Abs,17,0,2764.705882352941,0.06446991404011461
Nairobi,2017,18000,Petrol,Automatic,First,16.0,1497.0,117.3,7.0,1369000.0,Honda,Brv I-Vtec V Cvt,9,0,2000.0,0.0783567134268537
Mombasa,2007,89000,Petrol,Manual,First,13.4,1794.0,125.0,5.0,444000.0,Toyota,Corolla Executive (He),19,0,4684.210526315789,0.06967670011148272
Naivasha,2014,49964,Diesel,Automatic,First,17.68,1968.0,174.33,5.0,3535720.0,Audi,A6 2011-2015 2.0 Tdi Premium Plus,12,1,4163.666666666667,0.08858231707317074
Nairobi,2014,35000,Diesel,Manual,First,12.99,2494.0,100.6,7.0,1887000.0,Toyota,Innova 2.5 Zx Diesel 7 Seater Bsiii,12,0,2916.6666666666665,0.04033680834001604
Nyeri,2014,64000,Diesel,Manual,First,24.0,1120.0,70.0,5.0,614200.0000000001,Hyundai,Grand I10 Crdi Sportz,12,0,5333.333333333333,0.0625
Nairobi,2013,36000,Petrol,Automatic,First,14.8,1598.0,105.0,5.0,688200.0000000001,Volkswagen,Vento Ipl Ii Petrol Highline At,13,0,2769.230769230769,0.06570713391739674
Nairobi,2012,78600,Diesel,Manual,First,12.8,2494.0,102.0,7.0,1317200.0,Toyota,Innova 2.5 Vx (Diesel) 7 Seater Bs Iv,14,0,5614.285714285715,0.0408981555733761
Nyeri,2008,170000,Diesel,Manual,Second,16.8,1493.0,110.0,5.0,222000.0,Hyundai,Verna Crdi Sx,18,0,9444.444444444445,0.07367716008037509
Eldoret,2015,65000,Diesel,Manual,Second,23.2,1248.0,73.94,5.0,483960.0,Maruti,Ritz Vdi,11,0,5909.090909090909,0.05924679487179487
Eldoret,2008,120300,Diesel,Automatic,Second,12.07,2967.0,241.4,7.0,2664000.0,Audi,Q7 3.0 Tdi Quattro Technology,18,1,6683.333333333333,0.08136164475901585
Eldoret,2016,21000,Petrol,Manual,First,18.6,1197.0,81.83,5.0,932400.0,Hyundai,I20 Asta Option 1.2,10,0,2100.0,0.06836257309941521
Naivasha,2017,18108,Diesel,Manual,First,24.3,1248.0,88.5,5.0,1673880.0,Maruti,Vitara Brezza Zdi Plus Dual Tone,9,0,2012.0,0.07091346153846154
Eldoret,2014,58407,Petrol,Manual,First,17.4,1497.0,117.3,5.0,911680.0,Honda,City I Vtec S,12,0,4867.25,0.0783567134268537
Eldoret,2014,49500,Petrol,Manual,First,20.73,1373.0,91.1,5.0,888000.0,Maruti,Ciaz Zxi,12,0,4125.0,0.0663510560815732
Mombasa,2013,37199,Petrol,Automatic,First,17.5,1498.0,99.6,5.0,803640.0,Nissan,Sunny Xv Cvt,13,0,2861.4615384615386,0.0664886515353805
Kisumu,2012,62000,Diesel,Manual,First,22.07,1199.0,73.9,5.0,688200.0000000001,Volkswagen,Polo Diesel Highline 1.2L,14,0,4428.571428571428,0.06163469557964971
Kisumu,2015,59000,Diesel,Manual,First,20.77,1248.0,88.8,7.0,1110000.0,Maruti,Ertiga Zdi,11,0,5363.636363636364,0.07115384615384615
Nyeri,2015,60000,Diesel,Manual,First,26.59,1248.0,74.0,5.0,925000.0,Maruti,Swift Dzire Vdi,11,0,5454.545454545455,0.05929487179487179
Nakuru,2007,39037,Diesel,Automatic,First,14.84,2143.0,170.0,5.0,1369000.0,Mercedes-Benz,New C-Class C 220 Cdi Elegance At,19,1,2054.5789473684213,0.07932804479701354
Nairobi,2013,17003,Petrol,Manual,First,19.4,1198.0,86.8,5.0,466200.0,Honda,Brio S Mt,13,0,1307.923076923077,0.07245409015025041
Kisumu,2008,80400,Petrol,Manual,First,16.0,1086.0,66.7,5.0,340399.99999999994,Hyundai,I10 Magna Optional 1.1L,18,0,4466.666666666667,0.061418047882136284
Nyeri,2012,75200,Diesel,Manual,First,22.32,1582.0,126.32,5.0,777000.0,Hyundai,Verna 1.6 Sx Crdi (O),14,0,5371.428571428572,0.07984829329962073
Mombasa,2017,41217,Diesel,Manual,First,28.09,1248.0,88.5,5.0,1095200.0,Maruti,Ciaz Vdi Shvs,9,0,4579.666666666667,0.07091346153846154
Eldoret,2006,98293,Petrol,Manual,Second,13.8,1299.0,70.0,5.0,229400.0,Ford,Ikon 1.3 Flair,20,0,4914.65,0.05388760585065435
Eldoret,2017,54000,Petrol,Manual,Second,16.2,1199.0,74.0,5.0,888000.0,Volkswagen,Polo 1.2 Mpi Highline,9,0,6000.0,0.061718098415346125
Mombasa,2016,17377,Petrol,Manual,First,18.7,1199.0,88.7,5.0,873200.0,Honda,Jazz 1.2 V I Vtec,10,0,1737.7,0.07397831526271893
Nakuru,2013,33800,Diesel,Manual,Second,25.8,1498.0,98.6,5.0,695600.0,Honda,Amaze Ex I-Dtech,13,0,2600.0,0.06582109479305741
Kisumu,2015,86157,Diesel,Manual,First,22.54,1396.0,88.73,5.0,962000.0,Hyundai,I20 Asta 1.4 Crdi,11,0,7832.454545454545,0.06356017191977077
Kisumu,2012,146824,Diesel,Manual,First,21.1,1248.0,73.9,5.0,525400.0,Maruti,Ritz Vdi,14,0,10487.42857142857,0.059214743589743594
Mombasa,2014,55000,Petrol,Manual,First,16.8,1497.0,116.3,5.0,1050800.0,Honda,City V Mt,12,0,4583.333333333333,0.07768871075484302
Kisumu,2010,53293,Petrol,Manual,First,13.14,1798.0,160.0,5.0,888000.0,Skoda,Superb 1.8 Tsi Mt,16,0,3330.8125,0.08898776418242492
Eldoret,2017,38000,Diesel,Manual,First,24.3,1248.0,88.5,5.0,1182520.0,Maruti,Vitara Brezza Ldi Option,9,0,4222.222222222223,0.07091346153846154
Nakuru,2009,64000,Petrol,Manual,Second,17.0,1197.0,80.0,5.0,606799.9999999999,Hyundai,I20 Asta,17,0,3764.705882352941,0.06683375104427736
Kisumu,2017,25058,Petrol,Automatic,First,24.07,998.0,67.1,5.0,584600.0,Maruti,Alto K10 Vxi Ags,9,0,2784.222222222222,0.06723446893787574
Mombasa,2016,36700,Petrol,Manual,First,21.1,814.0,55.2,5.0,648240.0,Hyundai,Eon Era Plus,10,0,3670.0,0.06781326781326781
Nairobi,2011,35000,Petrol,Manual,First,20.36,1197.0,78.9,5.0,407000.0,Hyundai,I10 Sportz,15,0,2333.3333333333335,0.06591478696741855
Naivasha,2016,22732,Petrol,Automatic,First,18.1,3498.0,306.0,2.0,8219920.0,Mercedes-Benz,Slk-Class Slk 350,10,1,2273.2,0.08747855917667238
Kisumu,2014,48000,Diesel,Automatic,First,18.53,1968.0,187.74,5.0,4292000.0,Audi,A6 2.0 Tdi Design Edition,12,1,4000.0,0.09539634146341464
Nakuru,2013,62084,Diesel,Manual,First,22.77,1498.0,98.59,5.0,976800.0,Ford,Ecosport 1.5 Tdci Titanium,13,0,4775.692307692308,0.06581441922563418
Kisumu,2012,39273,Diesel,Automatic,First,14.3,1968.0,140.0,5.0,1034520.0,Volkswagen,Passat Highline Dsg,14,0,2805.214285714286,0.07113821138211382
Nakuru,2017,64798,Diesel,Manual,First,13.68,2393.0,147.8,7.0,2775000.0,Toyota,Innova Crysta 2.4 Zx Mt,9,0,7199.777777777777,0.06176347680735479
Nyeri,2010,100002,Diesel,Manual,Third,20.0,1399.0,68.0,5.0,189440.0,Ford,Figo Diesel Zxi,16,0,6250.125,0.04860614724803431
Eldoret,2006,78000,Petrol,Manual,Third,14.49,1399.0,92.7,5.0,177600.0,Chevrolet,Aveo 1.4,20,0,3900.0,0.06626161543959971
Naivasha,2013,57717,Petrol,Manual,First,18.5,1197.0,85.8,5.0,637879.9999999999,Maruti,Ritz Lxi,13,0,4439.7692307692305,0.07167919799498747
Mombasa,2011,109000,Diesel,Automatic,First,12.39,2179.0,147.51,5.0,2442000.0,Land,Rover Freelander 2 Se,15,1,7266.666666666667,0.06769619091326295
Naivasha,2017,74515,Petrol,Manual,First,18.9,1197.0,82.0,5.0,834720.0,Hyundai,Grand I10 Asta,9,0,8279.444444444445,0.06850459482038429
Naivasha,2017,50484,Diesel,Automatic,First,10.91,3198.0,197.2,7.0,4605760.0,Ford,Endeavour 3.2 Trend At 4X4,9,0,5609.333333333333,0.0616635397123202
Mombasa,2013,13452,Diesel,Automatic,First,12.8,1968.0,167.6,5.0,3768080.0,Audi,Q5 2008-2012 2.0 Tdi,13,1,1034.7692307692307,0.08516260162601626
Mombasa,2017,37688,Petrol,Manual,First,17.01,1591.0,121.3,5.0,1166240.0,Hyundai,Verna 1.6 Vtvt,9,0,4187.555555555556,0.07624135763670647
Mombasa,2017,34000,Diesel,Automatic,First,13.0,2143.0,204.0,5.0,5328000.0,Mercedes-Benz,E-Class 2015-2017 E250 Cdi Avantgarde,9,1,3777.777777777778,0.09519365375641624
Eldoret,2014,120000,Diesel,Automatic,First,0.0,2987.0,165.0,5.0,4440000.0,Mercedes-Benz,M-Class Ml 350 4Matic,12,1,10000.0,0.055239370605959154
Eldoret,2008,64000,Petrol,Manual,Second,17.5,1298.0,85.8,5.0,421800.0,Maruti,Swift Dzire Zxi,18,0,3555.5555555555557,0.06610169491525424
Nairobi,2011,100000,Petrol,Manual,First,13.0,1343.0,90.0,5.0,518000.0,Honda,City 1.3 Exi S,15,0,6666.666666666667,0.06701414743112435
Nyeri,2014,75000,Diesel,Manual,First,20.46,1461.0,83.8,5.0,1110000.0,Renault,Duster 85Ps Diesel Rxl Optional,12,0,6250.0,0.05735797399041752
Kisumu,2012,86000,Diesel,Automatic,First,14.84,2143.0,170.0,5.0,2812000.0,Mercedes-Benz,New C-Class 220 Cdi At,14,1,6142.857142857143,0.07932804479701354
Kisumu,2015,69000,Diesel,Automatic,First,15.97,2993.0,258.0,5.0,7992000.0,Bmw,X5 Xdrive 30D Design Pure Experience 5 Seater,11,0,6272.727272727273,0.08620113598396258
Mombasa,2015,41721,Petrol,Manual,First,19.1,1197.0,82.0,5.0,695600.0,Hyundai,Xcent 1.2 Kappa Sx Option,11,0,3792.818181818182,0.06850459482038429
Kisumu,2017,13000,Petrol,Automatic,First,22.0,1197.0,81.8,5.0,1258000.0,Maruti,Dzire Amt Zxi Plus,9,0,1444.4444444444443,0.0683375104427736
Kisumu,2013,38998,Diesel,Automatic,First,16.07,1995.0,181.0,4.0,2516000.0,Bmw,3 Series 320D Corporate Edition,13,0,2999.846153846154,0.09072681704260652
Mombasa,2017,54250,Petrol,Manual,First,22.74,796.0,47.3,5.0,519480.0,Maruti,Alto 800 Lxi,9,0,6027.777777777777,0.059422110552763814
Nakuru,2013,45979,Diesel,Automatic,Second,17.11,1968.0,174.33,5.0,2886000.0,Audi,A4 2.0 Tdi 177 Bhp Premium Plus,13,1,3536.846153846154,0.08858231707317074
Eldoret,2012,37000,Petrol,Automatic,Second,13.6,1598.0,181.0,4.0,2516000.0,Mini,Cooper S,14,0,2642.8571428571427,0.1132665832290363
Naivasha,2015,46983,Diesel,Automatic,Second,12.07,2967.0,241.4,7.0,6415800.0,Audi,Q7 3.0 Tdi Quattro Premium Plus,11,1,4271.181818181818,0.08136164475901585
Nakuru,2012,40700,Diesel,Manual,First,25.44,936.0,57.6,5.0,392200.0,Chevrolet,Beat Diesel Lt,14,0,2907.1428571428573,0.06153846153846154
Mombasa,2015,43828,Petrol,Manual,First,20.51,998.0,67.04,5.0,520960.0,Maruti,Wagon R Lxi Bs Iv,11,0,3984.3636363636365,0.06717434869739479
Kisumu,2016,53000,Diesel,Manual,First,19.01,1461.0,108.5,5.0,925000.0,Nissan,Terrano Xv Premium 110 Ps,10,0,5300.0,0.07426420260095824
Thika,2015,100000,Diesel,Automatic,First,18.88,1995.0,184.0,5.0,3663000.0,Bmw,3 Series 320D Luxury Plus,11,0,9090.90909090909,0.09223057644110276
Nairobi,2015,19000,Petrol,Manual,First,20.85,1197.0,83.14,5.0,777000.0,Maruti,Swift Dzire Vxi,11,0,1727.2727272727273,0.06945697577276524
Nyeri,2016,84000,Diesel,Manual,First,17.72,1968.0,108.5,5.0,1628000.0,Skoda,Yeti Elegance 4X2,10,0,8400.0,0.05513211382113821
Mombasa,2018,37630,Petrol,Automatic,First,15.63,1499.0,110.4,5.0,1346800.0,Ford,Ecosport 1.5 Ti Vct At Titanium,8,0,4703.75,0.07364909939959974
Mombasa,2010,67714,Petrol,Manual,First,18.5,1197.0,80.0,5.0,481000.0,Hyundai,I20 1.2 Magna,16,0,4232.125,0.06683375104427736
Eldoret,2017,32000,Diesel,Manual,First,15.0,1248.0,88.5,5.0,1258000.0,Maruti,S Cross Ddis 200 Sigma Option,9,0,3555.5555555555557,0.07091346153846154
Eldoret,2010,51000,Petrol,Manual,First,16.2,1599.0,103.2,5.0,458800.0,Hyundai,Verna Transform Vtvt,16,0,3187.5,0.06454033771106941
Mombasa,2015,58390,Diesel,Automatic,First,18.88,1995.0,184.0,5.0,2939280.0,Bmw,3 Series 320D Luxury Line,11,0,5308.181818181818,0.09223057644110276
Kisumu,2017,14000,Diesel,Manual,First,24.0,1186.0,73.97,5.0,725200.0000000001,Hyundai,Grand I10 1.2 Crdi Magna,9,0,1555.5555555555557,0.062369308600337264
Nairobi,2014,55818,Petrol,Manual,Second,17.4,1497.0,117.3,5.0,843600.0,Honda,City I-Vtec V,12,0,4651.5,0.0783567134268537
Mombasa,2006,97800,Petrol,Manual,Third,16.1,1493.0,97.7,5.0,259000.0,Maruti,Swift 1.3 Vxi,20,0,4890.0,0.06543871399866041
Kisumu,2012,52241,Diesel,Manual,First,25.2,1248.0,74.0,5.0,429200.0,Maruti,Swift Vdi Bsiv,14,0,3731.5,0.05929487179487179
Naivasha,2018,25433,Diesel,Manual,First,27.39,1248.0,74.0,5.0,1158840.0,Maruti,Baleno Zeta 1.3,8,0,3179.125,0.05929487179487179
Mombasa,2015,40611,Diesel,Manual,First,14.0,2179.0,138.1,7.0,1206200.0,Tata,Safari Storme 2012-2015 Lx,11,0,3691.909090909091,0.06337769619091325
Nakuru,2008,72000,Petrol,Manual,Second,13.2,1495.0,94.0,5.0,296000.0,Hyundai,Accent Gls,18,0,4000.0,0.06287625418060201
Kisumu,2016,54631,Diesel,Manual,First,25.2,1248.0,74.0,5.0,925000.0,Maruti,Swift Ldi Sp Limited Edition,10,0,5463.1,0.05929487179487179
Nakuru,2007,60000,Diesel,Manual,Second,17.8,1248.0,97.7,5.0,503200.0,Maruti,Swift Vdi Bsiv,19,0,3157.8947368421054,0.07828525641025641
Naivasha,2016,24941,Petrol,Automatic,First,21.9,624.0,37.48,4.0,472120.0,Tata,Nano Xta,10,0,2494.1,0.06006410256410256
Thika,2017,63939,Diesel,Manual,First,25.47,1248.0,88.5,7.0,1147000.0,Maruti,Ertiga Vdi,9,0,7104.333333333333,0.07091346153846154
Nairobi,2014,35214,Petrol,Automatic,Second,23.1,998.0,67.04,5.0,473600.0,Maruti,Celerio Vxi Amt,12,0,2934.5,0.06717434869739479
Nairobi,2015,63000,Diesel,Manual,First,25.2,1248.0,74.0,5.0,725200.0000000001,Maruti,Swift Vdi Bsiv,11,0,5727.272727272727,0.05929487179487179
Mombasa,2012,121377,Petrol,Manual,First,15.04,1598.0,103.6,5.0,562400.0,Volkswagen,Vento Petrol Highline,14,0,8669.785714285714,0.06483103879849812
Mombasa,2009,100970,Diesel,Automatic,First,15.5,1896.0,105.0,5.0,592000.0,Volkswagen,Jetta 2007-2011 1.9 Highline Tdi,17,0,5939.411764705882,0.055379746835443035
Kisumu,2014,60000,Diesel,Automatic,Second,20.7,1496.0,113.98,5.0,3478000.0,Mini,Cooper 5 Door D,12,0,5000.0,0.07618983957219251
Mombasa,2008,77650,Diesel,Manual,First,17.2,1396.0,53.5,5.0,170199.99999999997,Tata,Indica V2 Dls,18,0,4313.888888888889,0.03832378223495702
Kisumu,2007,71297,Petrol,Manual,First,17.0,1086.0,97.7,5.0,325600.00000000006,Hyundai,Santro Xing Xo,19,0,3752.4736842105262,0.08996316758747698
Nairobi,2008,55001,Diesel,Automatic,Second,0.0,1493.0,97.7,5.0,3922000.0,Land,Rover Range Rover 3.0 D,18,1,3055.6111111111113,0.06543871399866041
Nakuru,2015,18955,Petrol,Automatic,First,18.0,1497.0,117.3,5.0,1576200.0,Honda,City I-Vtec Cvt Vx,11,0,1723.1818181818182,0.0783567134268537
Naivasha,2016,47877,Diesel,Automatic,First,16.36,2179.0,187.7,5.0,5280640.0,Jaguar,Xf 2.2 Litre Luxury,10,1,4787.7,0.08614043139054611
Mombasa,2017,43368,Diesel,Automatic,First,15.0,2143.0,204.0,5.0,4727120.0,Mercedes-Benz,E-Class 2015-2017 E250 Edition E,9,1,4818.666666666667,0.09519365375641624
Mombasa,2011,73000,Diesel,Manual,Third,18.3,1991.0,147.9,5.0,621600.0,Chevrolet,Cruze Ltz,15,0,4866.666666666667,0.07428427925665496
Thika,2015,72007,Diesel,Manual,First,15.1,2179.0,140.0,7.0,1465200.0,Mahindra,Xuv500 W8 2Wd,11,0,6546.090909090909,0.06424965580541533
Mombasa,2014,56778,Petrol,Automatic,First,11.74,1796.0,186.0,5.0,2288080.0,Mercedes-Benz,New C-Class C 200 Cgi Avantgarde,12,1,4731.5,0.10356347438752785
Mombasa,2018,20024,Petrol,Manual,First,18.2,1199.0,88.7,5.0,1252080.0000000002,Honda,Jazz Vx,8,0,2503.0,0.07397831526271893
Kisumu,2013,42103,Petrol,Manual,First,16.78,1496.0,88.73,5.0,481000.0,Toyota,Etios G,13,0,3238.6923076923076,0.05931149732620321
Kisumu,2012,67147,Petrol,Manual,First,19.7,796.0,46.3,5.0,384800.0,Maruti,Alto Lxi Bsiii,14,0,4796.214285714285,0.05816582914572864
Naivasha,2016,37806,Petrol,Manual,First,20.4,1197.0,81.8,5.0,769600.0,Maruti,Swift Vxi Bsiv,10,0,3780.6,0.0683375104427736
Eldoret,2009,85000,Petrol,Manual,Third,19.0,998.0,66.1,5.0,266400.0,Maruti,A-Star Vxi,17,0,5000.0,0.06623246492985971
Mombasa,2011,35000,Petrol,Manual,First,25.4,624.0,37.48,4.0,236800.0,Tata,Nano Lx Bsiv,15,0,2333.3333333333335,0.06006410256410256
Kisumu,2015,72035,Diesel,Manual,First,25.5,1498.0,99.0,5.0,370000.0,Ford,Figo Titanium Diesel,11,0,6548.636363636364,0.06608811748998665
Nyeri,2011,48500,Petrol,Manual,First,16.0,1368.0,90.0,5.0,370000.0,Fiat,Linea Emotion,15,0,3233.3333333333335,0.06578947368421052
Naivasha,2017,28854,Petrol,Manual,First,18.16,1196.0,86.8,5.0,991600.0,Ford,Figo Aspire 1.2 Ti-Vct Trend,9,0,3206.0,0.0725752508361204
Kisumu,2005,92450,Petrol,Manual,First,15.4,1590.0,94.0,5.0,177600.0,Maruti,Baleno Lxi,21,0,4402.380952380952,0.05911949685534591
Naivasha,2016,14351,Diesel,Automatic,First,18.88,1995.0,184.0,5.0,5261399.999999999,Bmw,3 Series 320D Luxury Line,10,0,1435.1,0.09223057644110276
Nyeri,2017,51087,Diesel,Manual,First,17.9,1998.0,163.7,5.0,1147000.0,Chevrolet,Cruze Ltz,9,0,5676.333333333333,0.08193193193193192
Mombasa,2005,50000,Diesel,Manual,First,12.7,2609.0,116.6,8.0,287120.0,Mahindra,Scorpio 2.6 Dx,21,0,2380.9523809523807,0.04469145266385588
Kisumu,2016,73000,Diesel,Manual,First,25.0,1396.0,69.0,5.0,325600.00000000006,Tata,Indica V2 Els,10,0,7300.0,0.0494269340974212
Thika,2011,60000,Diesel,Automatic,First,18.1,1991.0,147.9,4.0,562400.0,Chevrolet,Cruze Ltz At,15,0,4000.0,0.07428427925665496
Mombasa,2016,50000,Diesel,Manual,First,12.8,2494.0,102.0,8.0,2316200.0,Toyota,Innova 2.5 V Diesel 8-Seater,10,0,5000.0,0.0408981555733761
Naivasha,2018,36797,Diesel,Automatic,First,19.27,2143.0,167.62,5.0,5841560.0,Mercedes-Benz,New C-Class C 220D Avantgarde Edition C,8,1,4599.625,0.07821745216985534
Kisumu,2011,50000,Petrol,Manual,Second,18.5,1197.0,85.8,5.0,222000.0,Maruti,Ritz Vxi,15,0,3333.3333333333335,0.07167919799498747
Thika,2013,94000,Diesel,Manual,First,12.8,2494.0,102.0,8.0,1309800.0,Toyota,Innova 2.5 Gx (Diesel) 8 Seater Bs Iv,13,0,7230.7692307692305,0.0408981555733761
Nakuru,2013,74000,Diesel,Manual,Second,12.55,2982.0,168.5,7.0,2649199.9999999995,Toyota,Fortuner 4X4 Mt,13,0,5692.307692307692,0.05650570087189805
Naivasha,2014,41016,Petrol,Automatic,Second,16.95,1197.0,78.9,5.0,751840.0,Hyundai,I10 Sportz At,12,0,3418.0,0.06591478696741855
Nakuru,2012,67000,Diesel,Manual,First,22.32,1582.0,126.32,5.0,925000.0,Hyundai,Verna 1.6 Sx,14,0,4785.714285714285,0.07984829329962073
Nakuru,2015,76927,Diesel,Automatic,First,15.73,1968.0,174.33,5.0,3367000.0,Audi,Q3 2012-2015 35 Tdi Quattro Premium Plus,11,1,6993.363636363636,0.08858231707317074
Kisumu,2010,17088,Petrol,Manual,First,18.6,1199.0,79.4,5.0,216080.0,Chevrolet,Beat Ls,16,0,1068.0,0.06622185154295246
Eldoret,2007,112808,Diesel,Manual,Second,17.8,1399.0,68.0,5.0,303399.99999999994,Ford,Fiesta 1.4 Duratorq Zxi,19,0,5937.263157894737,0.04860614724803431
Naivasha,2014,74980,Diesel,Manual,First,20.0,1399.0,68.0,5.0,603840.0,Ford,Figo Diesel Exi,12,0,6248.333333333333,0.04860614724803431
Kisumu,2014,44600,Petrol,Automatic,First,23.1,998.0,67.04,5.0,673400.0,Maruti,Celerio Vxi At,12,0,3716.6666666666665,0.06717434869739479
Nairobi,2013,37000,Diesel,Automatic,First,20.0,2143.0,107.3,5.0,2072000.0,Mercedes-Benz,A Class A180 Cdi,13,1,2846.153846153846,0.050069995333644424
Thika,2016,21000,Petrol,Manual,First,15.8,1591.0,121.3,5.0,1613200.0,Hyundai,Creta 1.6 Sx,10,0,2100.0,0.07624135763670647
Nakuru,2010,81245,Petrol,Manual,First,18.9,998.0,67.1,5.0,362600.00000000006,Maruti,Wagon R Vxi Bs Iv,16,0,5077.8125,0.06723446893787574
Nairobi,2013,70000,Diesel,Automatic,First,10.0,2148.0,170.0,5.0,2338400.0,Mercedes-Benz,E-Class 2009-2013 E 220 Cdi Avantgarde,13,1,5384.615384615385,0.07914338919925512
Nairobi,2017,4018,Petrol,Manual,First,18.88,1499.0,110.4,5.0,1221000.0,Ford,Ecosport 1.5 Ti Vct Mt Titanium Be,9,0,446.44444444444446,0.07364909939959974
Nairobi,2013,70000,Diesel,Automatic,Second,13.73,1995.0,148.0,5.0,1258000.0,Renault,Koleos 2.0 Diesel,13,0,5384.615384615385,0.07418546365914787
Naivasha,2016,56532,Diesel,Manual,First,16.0,2179.0,140.0,7.0,2299920.0,Mahindra,Xuv500 W10 2Wd,10,0,5653.2,0.06424965580541533
Kisumu,2013,26875,Petrol,Manual,First,16.8,796.0,34.2,8.0,347800.0,Maruti,Omni E 8 Str Std,13,0,2067.3076923076924,0.04296482412060302
Naivasha,2015,72599,Petrol,Manual,First,22.5,998.0,67.04,5.0,639360.0,Maruti,Wagon R Vxi,11,0,6599.909090909091,0.06717434869739479
Nyeri,2008,205000,Diesel,Manual,Second,13.1,2499.0,141.0,7.0,577200.0,Ford,Endeavour Xlt Tdci 4X2,18,0,11388.888888888889,0.056422569027611044
Kisumu,2011,98000,Diesel,Manual,Second,22.32,1582.0,126.32,5.0,769600.0,Hyundai,Verna 1.6 Sx,15,0,6533.333333333333,0.07984829329962073
Nairobi,2018,19500,Petrol,Manual,First,18.6,1197.0,81.83,5.0,865800.0,Hyundai,I20 Magna 1.2,8,0,2437.5,0.06836257309941521
Nakuru,2013,68000,Petrol,Manual,Second,16.02,1373.0,93.7,7.0,925000.0,Maruti,Ertiga Zxi,13,0,5230.7692307692305,0.06824471959213402
Naivasha,2019,19654,Diesel,Automatic,First,14.0,2179.0,155.0,7.0,2609240.0,Mahindra,Xuv500 W9 At,7,0,2807.714285714286,0.07113354749885269
Nairobi,2017,26000,Diesel,Manual,First,23.65,1248.0,88.5,5.0,1443000.0,Maruti,Sx4 S Cross Ddis 200 Zeta,9,0,2888.8888888888887,0.07091346153846154
Nakuru,2015,10000,Petrol,Automatic,First,18.1,3498.0,306.0,2.0,8140000.0,Mercedes-Benz,Slk-Class Slk 350,11,1,909.0909090909091,0.08747855917667238
Kisumu,2011,75020,Diesel,Manual,First,22.07,1199.0,73.9,5.0,606799.9999999999,Volkswagen,Polo Diesel Comfortline 1.2L,15,0,5001.333333333333,0.06163469557964971
Kisumu,2011,157000,Diesel,Manual,First,12.55,2982.0,168.5,7.0,1774520.0,Toyota,Fortuner 4X4 Mt,15,0,10466.666666666666,0.05650570087189805
Mombasa,2017,43773,Diesel,Manual,First,16.0,2179.0,140.0,7.0,2003920.0,Mahindra,Xuv500 W10 2Wd,9,0,4863.666666666667,0.06424965580541533
Nairobi,2016,21000,Diesel,Automatic,First,17.9,2143.0,201.15,5.0,8288000.0,Mercedes-Benz,Gle 250D,10,1,2100.0,0.09386374241717219
Mombasa,2016,23280,Petrol,Manual,First,18.7,1199.0,88.7,5.0,962000.0,Honda,Jazz 1.2 Vx I Vtec,10,0,2328.0,0.07397831526271893
Eldoret,2013,88000,Diesel,Manual,First,23.4,1248.0,74.0,5.0,703000.0,Maruti,Swift Dzire Vdi,13,0,6769.2307692307695,0.05929487179487179
Kisumu,2014,67000,Petrol,Manual,First,17.01,1591.0,121.3,5.0,828800.0,Hyundai,Verna 1.6 Sx Vtvt,12,0,5583.333333333333,0.07624135763670647
Naivasha,2017,59636,Diesel,Automatic,First,10.91,3198.0,197.0,7.0,4321600.0,Ford,Endeavour 3.2 Titanium At 4X4,9,0,6626.222222222223,0.06160100062539087
Kisumu,2018,11000,Petrol,Manual,First,18.6,1197.0,81.83,5.0,939800.0,Hyundai,I20 1.2 Asta Option,8,0,1375.0,0.06836257309941521
Nairobi,2013,60669,Petrol,Manual,First,16.8,1497.0,116.3,5.0,732600.0,Honda,City 1.5 V Mt Sunroof,13,0,4666.846153846154,0.07768871075484302
Kisumu,2018,12000,Diesel,Manual,First,27.4,1498.0,98.6,5.0,1258000.0,Honda,Amaze Vx Diesel,8,0,1500.0,0.06582109479305741
Kisumu,2013,35000,Petrol,Manual,First,17.1,1591.0,121.3,5.0,666000.0,Hyundai,Verna 1.6 Sx Vtvt (O),13,0,2692.3076923076924,0.07624135763670647
Mombasa,2015,65000,Diesel,Manual,First,24.2,1498.0,98.6,7.0,814000.0,Honda,Mobilio S I Dtec,11,0,5909.090909090909,0.06582109479305741
Mombasa,2013,39929,Diesel,Manual,First,20.77,1248.0,88.8,7.0,970880.0,Maruti,Ertiga Zdi,13,0,3071.4615384615386,0.07115384615384615
Eldoret,2014,49000,Petrol,Manual,First,24.07,998.0,67.1,5.0,340399.99999999994,Maruti,Alto K10 Lxi,12,0,4083.3333333333335,0.06723446893787574
Eldoret,2004,77757,Diesel,Manual,Second,13.1,2446.0,75.0,10.0,518000.0,Toyota,Qualis Fs B2,22,0,3534.409090909091,0.030662305805396566
Mombasa,2016,21456,Petrol,Manual,First,20.36,1197.0,78.9,5.0,673400.0,Hyundai,I10 Sportz,10,0,2145.6,0.06591478696741855
Nakuru,2009,74000,Diesel,Automatic,Second,17.0,1896.0,105.0,5.0,1147000.0,Skoda,Laura 1.9 Tdi At Ambiente,17,0,4352.941176470588,0.055379746835443035
Nairobi,2015,37000,Petrol,Manual,Second,18.6,1197.0,81.83,5.0,777000.0,Hyundai,I20 Asta Option 1.2,11,0,3363.6363636363635,0.06836257309941521
Naivasha,2013,108640,Diesel,Automatic,First,11.5,2993.0,235.0,5.0,3446920.0,Bmw,5 Series 2003-2012 530D Highline,13,0,8356.923076923076,0.07851653859004344
Nairobi,2016,38000,Diesel,Automatic,First,22.69,1995.0,190.0,5.0,3550520.0,Bmw,3 Series 320D M Sport,10,0,3800.0,0.09523809523809523
Eldoret,2010,80000,Petrol,Manual,First,14.49,1399.0,92.7,5.0,264920.0,Chevrolet,Aveo 1.4 Lt Abs Bsiv,16,0,5000.0,0.06626161543959971
Nairobi,2011,47000,Diesel,Automatic,Second,14.21,2143.0,203.0,5.0,2057200.0,Mercedes-Benz,E-Class 2009-2013 E250 Cdi Elegance,15,1,3133.3333333333335,0.09472701819878675
Kisumu,2013,31000,Diesel,Automatic,First,17.68,1968.0,174.33,5.0,2804600.0,Audi,A6 2011-2015 2.0 Tdi Premium Plus,13,1,2384.6153846153848,0.08858231707317074
Kisumu,2014,40000,Petrol,Manual,First,20.51,998.0,67.04,5.0,368520.00000000006,Maruti,Wagon R Lxi Bs Iv,12,0,3333.3333333333335,0.06717434869739479
Nyeri,2016,4152,Petrol,Manual,First,25.17,799.0,53.3,5.0,466200.0,Renault,Kwid Rxt,10,0,415.2,0.06670838548185232
Nairobi,2017,51000,Diesel,Manual,First,21.66,1498.0,108.62,5.0,954600.0,Volkswagen,Ameo 1.5 Tdi Highline,9,0,5666.666666666667,0.07251001335113486
Thika,2013,55000,Diesel,Manual,First,22.07,1199.0,73.9,5.0,629000.0,Volkswagen,Polo Diesel Comfortline 1.2L,13,0,4230.7692307692305,0.06163469557964971
Kisumu,2014,58500,Petrol,Manual,First,22.74,796.0,47.3,5.0,407000.0,Maruti,Alto 800 Lxi,12,0,4875.0,0.059422110552763814
Mombasa,2017,58620,Petrol,Manual,First,18.6,1197.0,81.83,5.0,1056720.0,Hyundai,I20 Asta Option 1.2,9,0,6513.333333333333,0.06836257309941521
Nairobi,2012,29605,Petrol,Manual,First,18.3,1197.0,97.7,5.0,361120.0,Toyota,Etios Liva G,14,0,2114.6428571428573,0.08162071846282373
Nyeri,2012,71172,Petrol,Manual,Third,17.0,1197.0,80.0,5.0,518000.0,Hyundai,I20 1.2 Sportz,14,0,5083.714285714285,0.06683375104427736
Mombasa,2017,12000,Diesel,Manual,First,22.54,1396.0,88.73,5.0,1080400.0,Hyundai,I20 1.4 Asta,9,0,1333.3333333333333,0.06356017191977077
Kisumu,2014,25000,Petrol,Manual,First,20.51,998.0,67.04,5.0,407000.0,Maruti,Wagon R Lxi Optional,12,0,2083.3333333333335,0.06717434869739479
Nakuru,2017,43000,Diesel,Manual,Second,22.54,1396.0,88.73,5.0,1213599.9999999998,Hyundai,I20 1.4 Asta Option,9,0,4777.777777777777,0.06356017191977077
Nairobi,2015,57022,Petrol,Automatic,First,17.21,1197.0,103.6,5.0,963480.0,Volkswagen,Polo Gt Tsi,11,0,5183.818181818182,0.08654970760233918
Eldoret,2015,92000,Diesel,Manual,First,20.0,1399.0,68.05,5.0,629000.0,Ford,Figo Diesel Titanium,11,0,8363.636363636364,0.04864188706218728
Naivasha,2014,33372,Petrol,Manual,Second,18.6,1197.0,85.8,5.0,919080.0,Maruti,Swift Zxi,12,0,2781.0,0.07167919799498747
Mombasa,2016,52625,Diesel,Manual,First,24.0,1120.0,70.0,5.0,677840.0,Hyundai,Grand I10 Crdi Magna,10,0,5262.5,0.0625
Mombasa,2016,215000,Diesel,Manual,First,14.02,2179.0,118.3,7.0,1110000.0,Mahindra,Xylo H4,10,0,21500.0,0.05429095915557595
Nairobi,2012,65537,Cng,Manual,First,26.83,796.0,38.4,5.0,310800.0,Maruti,Alto Green Lxi (Cng),14,0,4681.214285714285,0.04824120603015075
Naivasha,2014,60138,Petrol,Manual,First,19.81,1086.0,68.05,5.0,605320.0,Hyundai,I10 Magna 1.1,12,0,5011.5,0.06266114180478821
Nairobi,2014,84000,Diesel,Automatic,First,19.3,1968.0,141.0,5.0,1591000.0,Skoda,Octavia Elegance 2.0 Tdi At,12,0,7000.0,0.07164634146341463
Nairobi,2014,47000,Diesel,Automatic,First,15.97,2993.0,258.0,7.0,6142000.0,Bmw,X5 2014-2019 Xdrive 30D Design Pure Experience 7 Seater,12,0,3916.6666666666665,0.08620113598396258
Kisumu,2014,33450,Petrol,Automatic,First,23.1,998.0,67.04,5.0,651200.0000000001,Maruti,Celerio Vxi At,12,0,2787.5,0.06717434869739479
Nyeri,2013,125000,Diesel,Manual,Second,20.54,1598.0,103.6,5.0,925000.0,Volkswagen,Vento Diesel Comfortline,13,0,9615.384615384615,0.06483103879849812
Eldoret,2011,99606,Diesel,Automatic,Second,16.07,1995.0,181.0,5.0,1554000.0,Bmw,3 Series 320D Highline,15,0,6640.4,0.09072681704260652
Nairobi,2014,64000,Diesel,Manual,First,20.77,1248.0,88.8,7.0,1073000.0,Maruti,Ertiga Zdi,12,0,5333.333333333333,0.07115384615384615
Kisumu,2013,51000,Diesel,Manual,First,20.0,1399.0,68.05,5.0,473600.0,Ford,Figo Diesel Zxi,13,0,3923.076923076923,0.04864188706218728
Nairobi,2014,57000,Petrol,Manual,First,16.47,1198.0,74.0,5.0,584600.0,Volkswagen,Polo 1.2 Mpi Highline,12,0,4750.0,0.06176961602671119
Naivasha,2009,48040,Diesel,Automatic,Second,16.77,2967.0,241.38,5.0,1786360.0,Audi,A6 3.0 Tdi Quattro,17,1,2825.8823529411766,0.08135490394337715
Eldoret,2017,43200,Diesel,Manual,First,13.68,2393.0,147.8,7.0,2752800.0000000005,Toyota,Innova Crysta 2.4 Zx Mt,9,0,4800.0,0.06176347680735479
Nairobi,2013,66000,Diesel,Automatic,First,22.32,1582.0,126.3,5.0,843600.0,Hyundai,Verna 1.6 Crdi Ex At,13,0,5076.923076923077,0.07983565107458912
Kisumu,2013,31000,Petrol,Manual,First,17.92,1086.0,62.1,5.0,259000.0,Hyundai,Santro Xing Gl Plus,13,0,2384.6153846153848,0.057182320441988954
Nairobi,2011,46000,Diesel,Automatic,Second,16.55,1968.0,147.51,5.0,1626520.0,Audi,A4 2.0 Tdi,15,1,3066.6666666666665,0.07495426829268292
Kisumu,2012,47346,Diesel,Automatic,First,16.55,1968.0,147.51,5.0,2146000.0,Audi,A4 2.0 Tdi,14,1,3381.8571428571427,0.07495426829268292
Nyeri,2009,100000,Diesel,Manual,First,17.0,1896.0,105.0,5.0,460280.0,Skoda,Laura 1.9 Tdi Mt Ambiente,17,0,5882.35294117647,0.055379746835443035
Naivasha,2015,63856,Petrol,Automatic,First,13.7,1997.0,153.86,5.0,2066080.0,Honda,Cr-V 2.0L 2Wd At,11,0,5805.090909090909,0.0770455683525288
Naivasha,2015,72996,Diesel,Manual,First,22.32,1582.0,126.32,5.0,1052280.0,Hyundai,Verna 1.6 Sx Crdi (O),11,0,6636.0,0.07984829329962073
Mombasa,2014,23000,Diesel,Manual,First,24.5,1498.0,98.6,7.0,1021200.0,Honda,Mobilio Rs I Dtec,12,0,1916.6666666666667,0.06582109479305741
Naivasha,2018,15985,Petrol,Manual,First,18.6,1197.0,81.83,5.0,1149960.0,Hyundai,I20 1.2 Asta Option,8,0,1998.125,0.06836257309941521
Kisumu,2011,98000,Diesel,Manual,Second,12.8,2494.0,102.0,8.0,814000.0,Toyota,Innova 2.5 G (Diesel) 7 Seater Bs Iv,15,0,6533.333333333333,0.0408981555733761
Kisumu,2014,70089,Petrol,Manual,First,18.6,1197.0,81.83,5.0,791800.0,Hyundai,I20 Magna 1.2,12,0,5840.75,0.06836257309941521
Mombasa,2011,99000,Diesel,Manual,Second,13.6,2523.0,63.0,7.0,666000.0,Mahindra,Bolero Vlx Bs Iv,15,0,6600.0,0.02497027348394768
Nyeri,2014,72000,Diesel,Manual,First,20.34,1498.0,103.2,5.0,703000.0,Volkswagen,Vento 1.5 Tdi Comfortline,12,0,6000.0,0.06889185580774367
Naivasha,2015,44194,Diesel,Automatic,First,16.36,2179.0,187.7,5.0,4854399.999999999,Jaguar,Xf 2.2 Litre Luxury,11,1,4017.6363636363635,0.08614043139054611
Nairobi,2005,102000,Petrol,Manual,First,17.3,993.0,60.0,5.0,103600.0,Maruti,Zen Lxi - Bs Iii,21,0,4857.142857142857,0.06042296072507553
Naivasha,2018,56652,Diesel,Automatic,First,13.0,2987.0,258.0,5.0,7442920.0,Mercedes-Benz,E-Class Facelift,8,1,7081.5,0.08637428858386341
Nairobi,2010,41650,Diesel,Manual,Second,11.5,2982.0,171.0,7.0,1626520.0,Toyota,Fortuner 3.0 Diesel,16,0,2603.125,0.05734406438631791
Naivasha,2015,61717,Petrol,Automatic,First,18.9,1197.0,82.0,5.0,824360.0,Hyundai,Grand I10 At Asta,11,0,5610.636363636364,0.06850459482038429
Nyeri,2018,25302,Diesel,Manual,First,25.4,1186.0,73.97,5.0,873200.0,Hyundai,Xcent 1.2 Crdi S,8,0,3162.75,0.062369308600337264
Naivasha,2016,47016,Petrol,Manual,First,15.29,1591.0,121.3,5.0,1395640.0,Hyundai,Creta 1.6 Vtvt S,10,0,4701.6,0.07624135763670647
Nakuru,2010,69000,Petrol,Manual,First,20.36,1197.0,78.9,5.0,429200.0,Hyundai,I10 Sportz,16,0,4312.5,0.06591478696741855
Nairobi,2016,32700,Petrol,Manual,First,19.4,1198.0,86.8,5.0,544640.0,Honda,Brio S Mt,10,0,3270.0,0.07245409015025041
Naivasha,2015,101337,Diesel,Automatic,First,12.55,2982.0,168.5,7.0,3207160.0,Toyota,Fortuner 4X2 At,11,0,9212.454545454546,0.05650570087189805
Thika,2011,59000,Diesel,Automatic,First,16.55,1968.0,140.0,5.0,1850000.0,Audi,A4 2.0 Tdi Multitronic,15,1,3933.3333333333335,0.07113821138211382
Mombasa,2018,41736,Diesel,Automatic,First,11.36,2755.0,171.5,7.0,2948160.0000000005,Toyota,Innova Crysta 2.8 Zx At,8,0,5217.0,0.062250453720508164
Nyeri,2014,71649,Diesel,Manual,First,25.1,1498.0,98.6,5.0,999000.0,Honda,City I Dtec Vx,12,0,5970.75,0.06582109479305741
Mombasa,2015,80606,Diesel,Manual,First,25.1,1498.0,98.6,5.0,1030080.0,Honda,City I Dtec Vx,11,0,7327.818181818182,0.06582109479305741
Nyeri,2017,63262,Petrol,Manual,First,21.7,999.0,67.0,5.0,481000.0,Renault,Kwid 1.0 Rxt Optional,9,0,7029.111111111111,0.06706706706706707
Kisumu,2018,5456,Diesel,Manual,First,28.4,1248.0,74.0,5.0,1280200.0,Maruti,Swift Ddis Zdi Plus,8,0,682.0,0.05929487179487179
Eldoret,2017,7500,Petrol,Automatic,First,23.1,998.0,67.04,5.0,740000.0,Maruti,Celerio Vxi Optional Amt,9,0,833.3333333333334,0.06717434869739479
Nairobi,2011,66000,Diesel,Manual,First,15.1,2179.0,140.0,7.0,814000.0,Mahindra,Xuv500 W8 2Wd,15,0,4400.0,0.06424965580541533
Nyeri,2010,66770,Petrol,Manual,Second,20.36,1197.0,78.9,5.0,384800.0,Hyundai,I10 Magna,16,0,4173.125,0.06591478696741855
Mombasa,2014,58472,Petrol,Manual,First,19.81,1086.0,68.05,5.0,504680.0,Hyundai,I10 Magna 1.1,12,0,4872.666666666667,0.06266114180478821
Kisumu,2011,46687,Petrol,Manual,First,22.0,1197.0,81.8,5.0,399600.0,Maruti,Dzire Vxi,15,0,3112.4666666666667,0.0683375104427736
Mombasa,2008,77000,Petrol,Automatic,Fourth & Above,9.7,1995.0,163.5,5.0,814000.0,Maruti,Grand Vitara At,18,0,4277.777777777777,0.08195488721804511
Kisumu,2012,7000,Petrol,Automatic,First,14.33,1984.0,226.6,4.0,5180000.0,Audi,Tt 40 Tfsi,14,1,500.0,0.11421370967741935
Nairobi,2011,48000,Petrol,Automatic,Second,14.74,1991.0,184.0,5.0,1443000.0,Mercedes-Benz,New C-Class C 200 Cgi,15,1,3200.0,0.09241587142139629
Nairobi,2013,47000,Diesel,Manual,First,21.64,1461.0,84.8,5.0,629000.0,Nissan,Sunny 2011-2014 Diesel Xv,13,0,3615.3846153846152,0.05804243668720054
Thika,2015,51530,Petrol,Manual,First,18.9,998.0,67.1,5.0,473600.0,Maruti,Wagon R Lxi,11,0,4684.545454545455,0.06723446893787574
Nakuru,2014,25789,Diesel,Manual,Second,23.4,1248.0,74.0,5.0,1013800.0,Maruti,Swift Dzire Zdi,12,0,2149.0833333333335,0.05929487179487179
Nairobi,2015,48000,Diesel,Manual,First,25.8,1498.0,98.6,5.0,666000.0,Honda,Amaze S I-Dtech,11,0,4363.636363636364,0.06582109479305741
Nairobi,2012,52000,Diesel,Manual,First,28.4,1248.0,74.0,5.0,525400.0,Maruti,Swift Zdi,14,0,3714.285714285714,0.05929487179487179
Kisumu,2010,95637,Cng,Manual,Second,13.2,1495.0,93.7,5.0,281200.0,Hyundai,Accent Executive Cng,16,0,5977.3125,0.06267558528428094
Kisumu,2008,131000,Diesel,Manual,First,10.5,2609.0,120.0,7.0,532800.0,Mahindra,Scorpio Lx 2.6 Turbo,18,0,7277.777777777777,0.04599463395937141
Mombasa,2015,42076,Diesel,Automatic,First,13.0,2143.0,201.1,5.0,3226400.0,Mercedes-Benz,E-Class E250 Cdi Avantgrade,11,1,3825.090909090909,0.09384041063929072
Nairobi,2012,76000,Diesel,Manual,Second,13.0,2982.0,168.5,7.0,1998000.0,Toyota,Fortuner 4X2 Manual,14,0,5428.571428571428,0.05650570087189805
Nakuru,2016,20487,Petrol,Manual,First,22.7,799.0,53.64,5.0,393680.0,Datsun,Redi-Go T Option,10,0,2048.7,0.06713391739674593
Nairobi,2010,43000,Petrol,Manual,Second,16.8,1497.0,116.3,5.0,555000.0,Honda,City V Mt,16,0,2687.5,0.07768871075484302
Eldoret,2018,17000,Petrol,Automatic,First,19.16,2494.0,158.2,5.0,4736000.0,Toyota,Camry Hybrid,8,0,2125.0,0.06343223736968724
Naivasha,2016,60805,Diesel,Manual,First,26.0,1498.0,98.6,5.0,1194360.0,Honda,City I Dtec V,10,0,6080.5,0.06582109479305741
Mombasa,2012,58775,Diesel,Manual,First,19.33,1968.0,138.1,5.0,834720.0,Volkswagen,Jetta 2012-2014 2.0L Tdi Trendline,14,0,4198.214285714285,0.07017276422764228
Kisumu,2013,70181,Diesel,Automatic,First,17.68,1968.0,174.33,5.0,3550520.0,Audi,A6 2011-2015 2.0 Tdi,13,1,5398.538461538462,0.08858231707317074
Naivasha,2016,85827,Diesel,Manual,First,20.77,1248.0,88.76,7.0,1110000.0,Maruti,Ertiga Vdi,10,0,8582.7,0.07112179487179487
Nyeri,2016,58205,Diesel,Automatic,First,19.27,2143.0,167.62,5.0,3996000.0,Mercedes-Benz,New C-Class C 220 Cdi Style,10,1,5820.5,0.07821745216985534
Nairobi,2008,91000,Diesel,Manual,Second,19.3,1248.0,73.9,5.0,421800.0,Maruti,Swift Dzire Vdi Bsiv,18,0,5055.555555555556,0.059214743589743594
Eldoret,2012,74000,Diesel,Manual,First,19.01,1461.0,108.45,5.0,939800.0,Renault,Duster 110Ps Diesel Rxz Pack,14,0,5285.714285714285,0.0742299794661191
Kisumu,2010,79324,Diesel,Manual,First,21.1,1248.0,73.9,5.0,488400.0,Maruti,Ritz Vdi,16,0,4957.75,0.059214743589743594
Nakuru,2013,38623,Petrol,Manual,First,19.1,1197.0,85.8,5.0,740000.0,Maruti,Swift Dzire Vxi,13,0,2971.0,0.07167919799498747
Naivasha,2014,59923,Diesel,Manual,First,22.9,1248.0,74.0,5.0,956080.0,Maruti,Swift Zdi,12,0,4993.583333333333,0.05929487179487179
Nyeri,2017,23360,Petrol,Manual,First,21.1,814.0,55.2,5.0,555000.0,Hyundai,Eon Sportz,9,0,2595.5555555555557,0.06781326781326781
Mombasa,2003,61495,Petrol,Manual,Third,17.3,993.0,60.0,5.0,224960.0,Maruti,Zen Vxi Bsii,23,0,2673.695652173913,0.06042296072507553
Naivasha,2012,56661,Petrol,Manual,First,15.1,1196.0,73.0,7.0,534280.0,Maruti,Eeco 7 Seater Standard,14,0,4047.214285714286,0.061036789297658864
Naivasha,2017,40318,Diesel,Automatic,First,14.16,1968.0,174.3,5.0,6473520.0,Audi,Q5 30 Tdi Quattro Premium,9,1,4479.777777777777,0.08856707317073172
Mombasa,2014,60000,Diesel,Automatic,First,15.73,1968.0,174.33,5.0,2960000.0,Audi,Q3 2.0 Tdi,12,1,5000.0,0.08858231707317074
Eldoret,2008,103000,Diesel,Automatic,Second,0.0,799.0,97.7,2.0,444000.0,Smart,Fortwo Cdi At,18,0,5722.222222222223,0.12227784730913642
Kisumu,2010,130000,Diesel,Manual,First,19.3,1248.0,73.9,5.0,540200.0,Maruti,Swift Dzire Vdi,16,0,8125.0,0.059214743589743594
Nairobi,2013,20000,Diesel,Manual,First,14.07,1978.0,83.1,10.0,777000.0,Tata,Sumo Dx,13,0,1538.4615384615386,0.042012133468149644
Kisumu,2016,76000,Diesel,Automatic,First,15.97,2993.0,258.0,7.0,8584000.0,Bmw,X5 2014-2019 Xdrive 30D Design Pure Experience 7 Seater,10,0,7600.0,0.08620113598396258
Nairobi,2015,30000,Petrol,Automatic,First,18.0,1497.0,117.3,5.0,1280200.0,Honda,City I-Vtec Cvt Vx,11,0,2727.2727272727275,0.0783567134268537
Nairobi,2015,150000,Diesel,Manual,First,25.0,1396.0,69.01,5.0,370000.0,Tata,Indigo Ecs Elx Bs Iv,11,0,13636.363636363636,0.04943409742120344
Mombasa,2014,28000,Petrol,Automatic,First,16.93,1197.0,103.6,5.0,1147000.0,Volkswagen,Vento Tsi,12,0,2333.3333333333335,0.08654970760233918
Nakuru,2015,74000,Petrol,Manual,First,23.1,998.0,67.04,5.0,614200.0000000001,Maruti,Celerio Vxi,11,0,6727.272727272727,0.06717434869739479
Nairobi,2011,75000,Diesel,Manual,First,11.5,2982.0,171.0,7.0,1605800.0,Toyota,Fortuner 3.0 Diesel,15,0,5000.0,0.05734406438631791
Nairobi,2010,76000,Petrol,Automatic,Second,11.3,2360.0,170.0,5.0,818440.0,Mitsubishi,Outlander 2.4,16,0,4750.0,0.07203389830508475
Eldoret,2014,64889,Diesel,Automatic,First,15.5,1896.0,105.0,5.0,1702000.0,Volkswagen,Jetta 2007-2011 1.9 Highline Tdi,12,0,5407.416666666667,0.055379746835443035
Kisumu,2010,10000,Petrol,Manual,First,9.0,3436.0,97.7,2.0,5920000.0,Porsche,Cayman 2009-2012 S,16,1,625.0,0.02843422584400466
Kisumu,2015,43000,Diesel,Manual,First,19.67,1582.0,126.2,5.0,1369000.0,Hyundai,Creta 1.6 Crdi Sx,11,0,3909.090909090909,0.0797724399494311
Eldoret,2011,47490,Petrol,Manual,First,17.5,1198.0,75.0,5.0,338920.0,Skoda,Fabia 1.2 Mpi Ambiente Petrol,15,0,3166.0,0.06260434056761269
Mombasa,2015,80000,Diesel,Manual,First,22.77,1498.0,98.59,5.0,1036000.0,Ford,Ecosport 1.5 Tdci Titanium,11,0,7272.727272727273,0.06581441922563418
Nakuru,2007,60000,Petrol,Manual,Second,18.2,1061.0,64.0,5.0,244200.0,Maruti,Zen Estilo 1.1 Lxi Bsiii,19,0,3157.8947368421054,0.060320452403393024
Thika,2017,6006,Petrol,Manual,First,20.73,1373.0,91.1,5.0,1221000.0,Maruti,Ciaz 1.4 Delta,9,0,667.3333333333334,0.0663510560815732
Mombasa,2011,71703,Petrol,Automatic,First,14.74,1991.0,181.03,5.0,1352720.0,Mercedes-Benz,New C-Class C 200 Avantgarde Edition C,15,1,4780.2,0.09092415871421396
Kisumu,2016,33000,Petrol,Manual,First,17.8,1198.0,86.7,5.0,962000.0,Honda,Amaze Sx I-Vtec,10,0,3300.0,0.07237061769616027
Kisumu,2012,60000,Diesel,Manual,First,23.59,1364.0,97.7,5.0,436600.0,Toyota,Etios Gd,14,0,4285.714285714285,0.07162756598240469
Nyeri,2015,91000,Diesel,Manual,First,19.87,1461.0,83.8,5.0,851000.0,Renault,Duster 85Ps Diesel Rxl,11,0,8272.727272727272,0.05735797399041752
Kisumu,2012,72000,Lpg,Manual,First,26.2,998.0,58.2,5.0,421800.0,Maruti,Wagon R Lxi Lpg Bsiv,14,0,5142.857142857143,0.058316633266533066
Kisumu,2011,43000,Petrol,Manual,Second,16.47,1198.0,73.9,5.0,310800.0,Volkswagen,Polo Petrol Highline 1.2L,15,0,2866.6666666666665,0.06168614357262104
Naivasha,2017,63770,Diesel,Manual,First,19.67,1582.0,126.2,5.0,2005400.0,Hyundai,Creta 1.6 Sx Plus Diesel,9,0,7085.555555555556,0.0797724399494311
Kisumu,2012,43510,Diesel,Automatic,First,14.74,2993.0,270.9,5.0,3034000.0,Jaguar,Xf Diesel,14,1,3107.8571428571427,0.09051119278316071
Nairobi,2017,52000,Diesel,Manual,First,16.3,1956.0,170.0,5.0,2960000.0,Jeep,Compass 2.0 Limited 4X4,9,0,5777.777777777777,0.0869120654396728
Mombasa,2018,31427,Diesel,Automatic,First,15.68,1999.0,177.0,5.0,8838560.0,Land,Rover Range Rover Evoque 2.0 Td4 Hse Dynamic,8,1,3928.375,0.08854427213606804
Kisumu,2016,29000,Diesel,Manual,First,27.39,1248.0,74.0,5.0,962000.0,Maruti,Baleno Alpha Diesel,10,0,2900.0,0.05929487179487179
Thika,2016,56000,Diesel,Manual,First,28.09,1248.0,88.5,5.0,1110000.0,Maruti,Ciaz Zdi Shvs,10,0,5600.0,0.07091346153846154
Nyeri,2007,76000,Petrol,Manual,Second,15.0,1586.0,104.68,5.0,318200.0,Maruti,Sx4 Vxi Bsiii,19,0,4000.0,0.06600252206809584
Naivasha,2015,53615,Diesel,Manual,First,22.7,1582.0,126.24,5.0,1249120.0,Hyundai,Elantra Crdi Sx,11,0,4874.090909090909,0.07979772439949431
Nakuru,2013,132000,Diesel,Manual,First,13.5,2477.0,175.56,7.0,1848520.0,Mitsubishi,Pajero Sport 4X4,13,0,10153.846153846154,0.07087605974969721
Eldoret,2017,14800,Petrol,Manual,First,17.0,1198.0,73.75,5.0,811040.0,Volkswagen,Ameo 1.2 Mpi Comfortline,9,0,1644.4444444444443,0.061560934891485806
Kisumu,2013,35433,Petrol,Manual,First,18.5,1197.0,85.8,5.0,621600.0,Maruti,Ritz Vxi,13,0,2725.6153846153848,0.07167919799498747
Kisumu,2013,82966,Diesel,Manual,First,16.8,1493.0,110.0,5.0,1065600.0,Hyundai,Verna Crdi Sx,13,0,6382.0,0.07367716008037509
Nyeri,2014,96000,Diesel,Manual,First,23.4,1248.0,74.0,5.0,710400.0,Maruti,Swift Dzire Tour Ldi,12,0,8000.0,0.05929487179487179
Mombasa,2017,39528,Diesel,Manual,First,25.32,1198.0,77.0,6.0,862840.0,Mahindra,Kuv 100 Mfalcon D75 K6,9,0,4392.0,0.0642737896494157
Naivasha,2018,92056,Diesel,Manual,First,13.68,2393.0,147.8,7.0,2721720.0,Toyota,Innova Crysta 2.4 Zx Mt,8,0,11507.0,0.06176347680735479
Eldoret,2016,14930,Petrol,Manual,First,21.4,1197.0,83.1,5.0,865800.0,Maruti,Baleno Delta 1.2,10,0,1493.0,0.06942355889724311
Nairobi,2016,38000,Diesel,Manual,First,27.3,1498.0,98.6,5.0,919080.0,Honda,Jazz Vx Diesel,10,0,3800.0,0.06582109479305741
Nairobi,2013,71000,Petrol,Manual,First,17.0,1197.0,80.0,5.0,540200.0,Hyundai,I20 1.2 Asta,13,0,5461.538461538462,0.06683375104427736
Nairobi,2012,71000,Diesel,Manual,First,23.0,1396.0,90.0,5.0,547600.0,Hyundai,I20 Sportz Diesel,14,0,5071.428571428572,0.06446991404011461
Eldoret,2015,50000,Diesel,Automatic,First,19.27,2143.0,167.62,5.0,4440000.0,Mercedes-Benz,New C-Class C 220D Avantgarde Edition C,11,1,4545.454545454545,0.07821745216985534
Mombasa,2016,48163,Petrol,Manual,First,19.1,1197.0,82.0,5.0,717799.9999999999,Hyundai,Xcent 1.2 Kappa Base,10,0,4816.3,0.06850459482038429
Naivasha,2017,19168,Petrol,Automatic,First,18.9,1197.0,82.0,5.0,1025640.0,Hyundai,Grand I10 At Asta,9,0,2129.777777777778,0.06850459482038429
Kisumu,2016,26000,Petrol,Manual,First,22.74,796.0,47.3,5.0,384800.0,Maruti,Alto 800 Vxi,10,0,2600.0,0.059422110552763814
Kisumu,2014,37400,Petrol,Manual,First,18.2,1199.0,82.5,5.0,279720.0,Chevrolet,Sail Hatchback 1.2 Ls,12,0,3116.6666666666665,0.06880733944954129
Nairobi,2018,8682,Diesel,Automatic,First,0.0,1950.0,194.0,5.0,5846000.0,Mercedes-Benz,C-Class Progressive C 220D,8,1,1085.25,0.09948717948717949
Nairobi,2012,95000,Petrol,Automatic,First,13.7,1798.0,157.75,5.0,1480000.0,Skoda,Superb Elegance 1.8 Tsi At,14,0,6785.714285714285,0.08773637374860957
Kisumu,2009,34000,Diesel,Automatic,First,16.55,1968.0,147.51,5.0,1472599.9999999998,Audi,A4 2.0 Tdi,17,1,2000.0,0.07495426829268292
Nairobi,2014,95000,Diesel,Manual,Second,12.8,2494.0,102.0,8.0,1398599.9999999998,Toyota,Innova 2.5 G (Diesel) 7 Seater Bs Iv,12,0,7916.666666666667,0.0408981555733761
Naivasha,2017,13689,Diesel,Automatic,First,17.9,2143.0,136.0,5.0,4181000.0,Mercedes-Benz,Cla 200 Cdi Sport,9,1,1521.0,0.06346243583761083
Nyeri,2008,84000,Petrol,Manual,Second,19.81,1086.0,68.05,5.0,266400.0,Hyundai,I10 Era,18,0,4666.666666666667,0.06266114180478821
Kisumu,2008,47000,Petrol,Manual,Second,17.5,1298.0,85.8,5.0,207200.0,Maruti,Swift Dzire Vxi,18,0,2611.1111111111113,0.06610169491525424
Thika,2015,60001,Diesel,Automatic,First,21.66,1498.0,103.52,5.0,1073000.0,Skoda,Rapid 1.5 Tdi At Ambition,11,0,5454.636363636364,0.06910547396528705
Kisumu,2012,96000,Diesel,Manual,First,21.1,1248.0,73.9,5.0,532800.0,Maruti,Ritz Vdi,14,0,6857.142857142857,0.059214743589743594
Nyeri,2004,47300,Petrol,Manual,Second,14.4,1599.0,94.0,5.0,177600.0,Hyundai,Accent Gls 1.6,22,0,2150.0,0.058786741713570984
Naivasha,2014,28246,Petrol,Manual,Second,17.8,1198.0,86.7,5.0,731120.0000000001,Honda,Amaze Sx I-Vtec,12,0,2353.8333333333335,0.07237061769616027
Nairobi,2007,65000,Petrol,Manual,Second,18.9,998.0,67.1,5.0,185000.0,Maruti,Wagon R Lxi,19,0,3421.0526315789475,0.06723446893787574
Mombasa,2013,68000,Diesel,Manual,Second,22.07,1199.0,73.9,5.0,710400.0,Volkswagen,Polo Diesel Comfortline 1.2L,13,0,5230.7692307692305,0.06163469557964971
Mombasa,2019,11209,Diesel,Automatic,First,12.62,2198.0,158.0,7.0,4610200.0,Ford,Endeavour 2.2 Trend At 4X2,7,0,1601.2857142857142,0.0718835304822566
Eldoret,2011,41980,Petrol,Manual,Second,17.0,1197.0,80.0,5.0,488400.0,Hyundai,I20 1.2 Sportz,15,0,2798.6666666666665,0.06683375104427736
Nakuru,2012,65000,Diesel,Manual,First,25.44,936.0,57.6,5.0,355200.0,Chevrolet,Beat Diesel Ps,14,0,4642.857142857143,0.06153846153846154
Kisumu,2010,38000,Petrol,Manual,First,14.8,1799.0,130.2,5.0,296000.0,Honda,Civic 2010-2013 1.8 V Mt,16,0,2375.0,0.07237354085603112
Eldoret,2014,51000,Petrol,Manual,First,20.51,998.0,67.04,5.0,458800.0,Maruti,Wagon R Vxi Bs Iv,12,0,4250.0,0.06717434869739479
Mombasa,2014,33855,Petrol,Manual,First,15.0,1598.0,103.6,5.0,753320.0,Skoda,Rapid 1.6 Mpi Ambition Plus,12,0,2821.25,0.06483103879849812
Eldoret,2006,146000,Petrol,Manual,Second,15.4,1590.0,94.0,5.0,155400.0,Maruti,Baleno Vxi - Bsiii,20,0,7300.0,0.05911949685534591
Nakuru,2015,47037,Diesel,Manual,Second,22.77,1498.0,98.59,5.0,1036000.0,Ford,Ecosport 1.5 Tdci Titanium,11,0,4276.090909090909,0.06581441922563418
Thika,2010,58000,Petrol,Manual,Second,13.2,1495.0,94.0,5.0,370000.0,Hyundai,Accent Gle,16,0,3625.0,0.06287625418060201
Nairobi,2012,61240,Diesel,Automatic,First,22.48,1995.0,190.0,5.0,2590000.0,Bmw,5 Series 520D Luxury Line,14,0,4374.285714285715,0.09523809523809523
Mombasa,2011,91211,Petrol,Manual,First,20.92,998.0,67.1,5.0,310800.0,Maruti,Alto K10 2010-2014 Vxi,15,0,6080.733333333334,0.06723446893787574
Nakuru,2013,84000,Diesel,Automatic,First,15.73,1968.0,174.33,5.0,2627000.0,Audi,Q3 2012-2015 2.0 Tdi Quattro Premium Plus,13,1,6461.538461538462,0.08858231707317074
Nairobi,2008,64226,Lpg,Manual,First,17.3,1061.0,57.5,5.0,214600.0,Maruti,Wagon R Lxi Duo Bsiii,18,0,3568.1111111111113,0.05419415645617342
Nakuru,2005,67000,Petrol,Automatic,Second,11.3,1794.0,125.0,5.0,362600.00000000006,Toyota,Corolla H4,21,0,3190.4761904761904,0.06967670011148272
Eldoret,2011,106976,Diesel,Automatic,First,13.5,2400.0,215.0,5.0,2042400.0,Volvo,Xc60 D5,15,1,7131.733333333334,0.08958333333333333
Kisumu,2016,27210,Diesel,Manual,First,27.3,1498.0,98.6,5.0,865800.0,Honda,Jazz 1.5 Vx I Dtec,10,0,2721.0,0.06582109479305741
Nairobi,2017,26322,Diesel,Manual,First,28.09,1248.0,88.5,5.0,1317200.0,Maruti,Ciaz 1.3 Alpha,9,0,2924.6666666666665,0.07091346153846154
Nairobi,2016,9107,Petrol,Manual,First,20.4,1197.0,81.8,5.0,762200.0000000001,Maruti,Swift Vxi Bsiv,10,0,910.7,0.0683375104427736
Mombasa,2015,63983,Diesel,Automatic,First,19.27,2143.0,170.0,5.0,2450879.9999999995,Mercedes-Benz,New C-Class C 220 Cdi Avantgarde,11,1,5816.636363636364,0.07932804479701354
Mombasa,2010,134000,Petrol,Manual,Second,18.9,1061.0,67.0,5.0,244200.0,Maruti,Wagon R Vxi Minor,16,0,8375.0,0.06314797360980208
Eldoret,2015,11000,Petrol,Automatic,First,15.5,1595.0,120.7,5.0,2368000.0,Mercedes-Benz,A Class A180 Sport,11,1,1000.0,0.07567398119122257
Eldoret,2008,93000,Petrol,Manual,First,0.0,1086.0,62.0,5.0,214600.0,Hyundai,Santro Xing Gl,18,0,5166.666666666667,0.0570902394106814
Naivasha,2017,24852,Diesel,Automatic,First,26.59,1248.0,74.0,5.0,1195840.0,Maruti,Swift Dzire Amt Zdi,9,0,2761.3333333333335,0.05929487179487179
Eldoret,2014,37632,Petrol,Automatic,First,18.9,1197.0,82.0,5.0,666000.0,Hyundai,Grand I10 At Asta,12,0,3136.0,0.06850459482038429
Mombasa,2013,55000,Petrol,Manual,Second,16.95,1498.0,97.7,5.0,636400.0,Nissan,Sunny 2011-2014 Xv Special Edition,13,0,4230.7692307692305,0.06522029372496663
Kisumu,2010,81448,Petrol,Manual,First,19.0,998.0,66.1,5.0,384800.0,Maruti,A-Star Lxi,16,0,5090.5,0.06623246492985971
Kisumu,2018,1900,Petrol,Manual,First,25.17,799.0,53.3,5.0,658600.0,Renault,Kwid Rxt Optional,8,0,237.5,0.06670838548185232
Naivasha,2012,54957,Petrol,Automatic,First,17.1,1591.0,121.4,5.0,794760.0,Hyundai,Verna 1.6 Sx Vtvt (O) At,14,0,3925.5,0.07630421118793212
Mombasa,2008,55000,Petrol,Manual,Second,18.9,1061.0,67.0,5.0,259000.0,Maruti,Wagon R Lxi Minor,18,0,3055.5555555555557,0.06314797360980208
Kisumu,2013,21983,Diesel,Automatic,First,18.88,1995.0,184.0,5.0,2442000.0,Bmw,3 Series 320D Sport Line,13,0,1691.0,0.09223057644110276
Nairobi,2013,76000,Diesel,Automatic,First,18.48,1995.0,177.0,5.0,2812000.0,Bmw,5 Series 2003-2012 520D,13,0,5846.153846153846,0.0887218045112782
Nyeri,2016,65000,Diesel,Manual,First,25.0,1396.0,69.01,5.0,414400.0,Tata,Indigo Cs Evx,10,0,6500.0,0.04943409742120344
Kisumu,2015,26000,Diesel,Manual,First,22.54,1396.0,88.73,5.0,917600.0,Hyundai,I20 Sportz 1.4 Crdi,11,0,2363.6363636363635,0.06356017191977077
Mombasa,2019,11571,Petrol,Manual,First,16.8,796.0,34.2,8.0,562400.0,Maruti,Omni E Mpi Std Bs Iv,7,0,1653.0,0.04296482412060302
Kisumu,2014,81000,Diesel,Manual,First,25.2,1248.0,74.0,5.0,902800.0,Maruti,Swift Zdi,12,0,6750.0,0.05929487179487179
Naivasha,2019,23154,Diesel,Manual,First,23.0,1498.0,98.96,5.0,1724200.0,Ford,Ecosport Signature Edition Diesel,7,0,3307.714285714286,0.06606141522029373
Nairobi,2014,26856,Petrol,Automatic,First,16.5,1198.0,86.8,5.0,614200.0000000001,Honda,Brio Vx At,12,0,2238.0,0.07245409015025041
Mombasa,2017,67489,Diesel,Manual,First,13.68,2393.0,147.8,7.0,2442000.0,Toyota,Innova Crysta 2.4 Gx Mt,9,0,7498.777777777777,0.06176347680735479
Nakuru,2008,176000,Diesel,Manual,Second,10.5,2179.0,120.0,8.0,636400.0,Mahindra,Scorpio 2.6 Lx,18,0,9777.777777777777,0.05507113354749885
Kisumu,2010,18000,Petrol,Manual,First,18.5,1197.0,80.0,5.0,333000.0,Hyundai,I20 1.2 Magna,16,0,1125.0,0.06683375104427736
Thika,2014,63003,Diesel,Manual,First,22.32,1582.0,126.32,5.0,999000.0,Hyundai,Verna 1.6 Sx,12,0,5250.25,0.07984829329962073
Mombasa,2014,80000,Diesel,Manual,First,15.1,2179.0,140.0,7.0,1391200.0,Mahindra,Xuv500 W6 2Wd,12,0,6666.666666666667,0.06424965580541533
Naivasha,2014,56658,Diesel,Manual,First,20.64,1498.0,108.5,5.0,797720.0,Volkswagen,Vento 1.5 Tdi Comfortline,12,0,4721.5,0.07242990654205607
Mombasa,2019,18592,Diesel,Manual,First,26.59,1248.0,74.0,5.0,1259480.0,Maruti,Swift Dzire Vdi Optional,7,0,2656.0,0.05929487179487179
Eldoret,2010,75695,Petrol,Manual,First,13.7,1368.0,88.8,5.0,273800.0,Tata,Manza Aura Safire Bs Iv,16,0,4730.9375,0.06491228070175438
Kisumu,2012,82000,Diesel,Manual,Second,22.9,1248.0,74.0,5.0,370000.0,Maruti,Swift Vdi,14,0,5857.142857142857,0.05929487179487179
Mombasa,2013,60000,Diesel,Manual,First,22.07,1199.0,73.9,5.0,703000.0,Volkswagen,Polo Diesel Highline 1.2L,13,0,4615.384615384615,0.06163469557964971
Eldoret,2009,138000,Petrol,Manual,Second,17.0,1497.0,118.0,5.0,518000.0,Honda,City 1.5 V Mt,17,0,8117.64705882353,0.0788243152972612
Nakuru,2014,67000,Diesel,Manual,First,23.0,1396.0,90.0,5.0,814000.0,Hyundai,I20 Asta (O) 1.4 Crdi (Diesel),12,0,5583.333333333333,0.06446991404011461
Naivasha,2012,42750,Petrol,Manual,First,17.0,1497.0,118.0,5.0,936840.0,Honda,City 1.5 V Mt,14,0,3053.5714285714284,0.0788243152972612
Mombasa,2014,52398,Diesel,Manual,First,25.44,936.0,57.6,5.0,365560.00000000006,Chevrolet,Beat Diesel,12,0,4366.5,0.06153846153846154
Mombasa,2014,36657,Petrol,Manual,First,16.2,995.0,62.1,5.0,488400.0,Chevrolet,Spark 1.0 Ls,12,0,3054.75,0.06241206030150754
Nairobi,2011,77000,Diesel,Manual,Second,11.57,2179.0,138.1,7.0,518000.0,Tata,New Safari Dicor 2.2 Ex 4X2,15,0,5133.333333333333,0.06337769619091325
Nairobi,2014,85000,Diesel,Automatic,First,11.3,2987.0,254.8,7.0,5735000.0,Mercedes-Benz,Gl-Class 350 Cdi Blue Efficiency,12,1,7083.333333333333,0.08530297957817208
Eldoret,2008,112500,Diesel,Automatic,First,11.5,2993.0,235.0,5.0,1182520.0,Bmw,5 Series 2003-2012 530D Highline,18,0,6250.0,0.07851653859004344
Mombasa,2013,105072,Diesel,Manual,First,14.24,2755.0,174.5,7.0,1965440.0,Toyota,Fortuner 2.8 4Wd Mt,13,0,8082.461538461538,0.0633393829401089
Eldoret,2012,80000,Petrol,Automatic,First,11.25,1995.0,150.0,5.0,1406000.0,Bmw,X1 Sdrive 18I,14,0,5714.285714285715,0.07518796992481203
Mombasa,2019,3102,Diesel,Manual,First,20.37,1461.0,108.45,5.0,2073480.0,Renault,Captur 1.5 Diesel Platine Mono,7,0,443.14285714285717,0.0742299794661191
Naivasha,2016,14656,Diesel,Manual,First,24.4,1120.0,71.0,5.0,1034520.0,Hyundai,Xcent 1.1 Crdi S,10,0,1465.6,0.06339285714285714
Kisumu,2010,105000,Diesel,Automatic,Second,13.2,1995.0,170.0,5.0,1628000.0,Bmw,3 Series 320D,16,0,6562.5,0.08521303258145363
Kisumu,2008,61000,Petrol,Automatic,Second,10.8,2497.0,215.0,5.0,1628000.0,Bmw,5 Series 2010-2013 525I,18,0,3388.8888888888887,0.08610332398878655
Eldoret,2010,85046,Petrol,Manual,Second,18.06,1198.0,75.0,5.0,340399.99999999994,Nissan,Micra Xe,16,0,5315.375,0.06260434056761269
Nairobi,2014,48000,Diesel,Automatic,First,16.36,2179.0,187.7,5.0,3922000.0,Jaguar,Xf 2.2 Litre Luxury,12,1,4000.0,0.08614043139054611
Nakuru,2011,55000,Diesel,Automatic,First,10.2,4367.0,308.0,7.0,9916000.0,Land,Rover Range Rover Tdv8 (Diesel),15,1,3666.6666666666665,0.07052896725440806
Nairobi,2017,4000,Petrol,Automatic,First,16.0,1368.0,160.0,5.0,2627000.0,Jeep,Compass 1.4 Limited Option,9,0,444.44444444444446,0.11695906432748537
Nairobi,2010,94000,Petrol,Automatic,Second,10.1,2354.0,152.0,5.0,710400.0,Honda,Cr-V 2.4 At,16,0,5875.0,0.06457094307561598
Naivasha,2013,61110,Petrol,Manual,First,18.6,1197.0,85.8,5.0,676360.0,Maruti,Swift Vxi,13,0,4700.7692307692305,0.07167919799498747
Mombasa,2016,80000,Diesel,Manual,First,24.4,1120.0,71.0,5.0,518000.0,Hyundai,Xcent 1.1 Crdi S,10,0,8000.0,0.06339285714285714
Mombasa,2015,43190,Diesel,Manual,First,19.01,1461.0,108.5,5.0,1126280.0,Nissan,Terrano Xv Premium 110 Ps,11,0,3926.3636363636365,0.07426420260095824
Kisumu,2015,45000,Diesel,Automatic,First,18.25,1968.0,187.74,5.0,3700000.0,Audi,A4 35 Tdi Technology,11,1,4090.909090909091,0.09539634146341464
Naivasha,2016,44178,Petrol,Manual,First,18.9,1197.0,82.0,5.0,870240.0,Hyundai,Grand I10 Asta Option,10,0,4417.8,0.06850459482038429
Kisumu,2015,84415,Diesel,Manual,First,12.99,2494.0,100.6,8.0,1998000.0,Toyota,Innova 2.5 G (Diesel) 8 Seater,11,0,7674.090909090909,0.04033680834001604
Kisumu,2015,35000,Petrol,Manual,First,18.5,1197.0,80.0,5.0,680799.9999999999,Hyundai,I20 1.2 Magna,11,0,3181.818181818182,0.06683375104427736
Kisumu,2013,44000,Diesel,Manual,First,22.77,1498.0,98.59,5.0,725200.0000000001,Ford,Ecosport 1.5 Tdci Titanium,13,0,3384.6153846153848,0.06581441922563418
Kisumu,2012,67635,Petrol,Manual,First,17.0,1497.0,118.0,5.0,777000.0,Honda,City 1.5 S Mt,14,0,4831.071428571428,0.0788243152972612
Naivasha,2018,18385,Petrol,Automatic,First,14.8,1497.0,121.36,5.0,1836680.0,Ford,Ecosport 1.5 Petrol Titanium Plus At,8,0,2298.125,0.08106880427521711
Kisumu,2014,35000,Diesel,Manual,First,22.07,1199.0,73.9,5.0,562400.0,Volkswagen,Polo Diesel Highline 1.2L,12,0,2916.6666666666665,0.06163469557964971
Nairobi,2010,49000,Diesel,Automatic,First,19.27,2143.0,170.0,5.0,1324599.9999999998,Mercedes-Benz,New C-Class C 220 Cdi Avantgarde,16,1,3062.5,0.07932804479701354
Kisumu,2013,69000,Diesel,Manual,First,22.7,1498.0,89.84,5.0,1065600.0,Ford,Ecosport 1.5 Dv5 Mt Titanium,13,0,5307.692307692308,0.05997329773030708
Kisumu,2017,23228,Petrol,Manual,First,14.4,1396.0,65.0,5.0,666000.0,Tata,Indigo Gle,9,0,2580.8888888888887,0.04656160458452722
Nairobi,2014,68462,Diesel,Manual,First,26.59,1248.0,74.0,5.0,614200.0000000001,Maruti,Swift Dzire Ldi,12,0,5705.166666666667,0.05929487179487179
Naivasha,2016,74611,Diesel,Manual,First,25.1,1248.0,88.5,5.0,1175120.0,Maruti,S-Cross Zeta Ddis 200 Sh,10,0,7461.1,0.07091346153846154
Eldoret,2014,90000,Diesel,Manual,First,19.01,1461.0,108.45,5.0,1073000.0,Renault,Duster 110Ps Diesel Rxz Pack,12,0,7500.0,0.0742299794661191
Nairobi,2016,22000,Petrol,Manual,First,18.9,998.0,67.1,5.0,547600.0,Maruti,Wagon R Vxi,10,0,2200.0,0.06723446893787574
Kisumu,2010,58163,Petrol,Manual,First,0.0,1086.0,62.0,5.0,362600.00000000006,Hyundai,Santro Xing Gl,16,0,3635.1875,0.0570902394106814
Mombasa,2011,109500,Diesel,Manual,Third,25.44,936.0,57.6,5.0,222000.0,Chevrolet,Beat Diesel Lt,15,0,7300.0,0.06153846153846154
Nairobi,2017,13363,Diesel,Manual,First,16.0,1997.0,140.0,7.0,1776000.0,Mahindra,Xuv500 W4 1.99 Mhawk,9,0,1484.7777777777778,0.0701051577366049
Nairobi,2012,51000,Petrol,Manual,Second,19.81,1086.0,68.05,5.0,325600.00000000006,Hyundai,I10 Era 1.1,14,0,3642.8571428571427,0.06266114180478821
Kisumu,2007,103000,Diesel,Manual,First,13.93,2179.0,138.0,7.0,532800.0,Tata,New Safari Dicor 2.2 Ex 4X4,19,0,5421.0526315789475,0.06333180357962367
Kisumu,2009,43002,Petrol,Manual,First,20.36,1197.0,78.9,5.0,284160.0,Hyundai,I10 Sportz,17,0,2529.529411764706,0.06591478696741855
Nakuru,2016,108000,Diesel,Automatic,First,11.36,2755.0,171.5,7.0,3034000.0,Toyota,Innova Crysta 2.8 Zx At,10,0,10800.0,0.062250453720508164
Nyeri,2010,82407,Diesel,Manual,First,17.5,1896.0,106.0,5.0,629000.0,Skoda,Laura Elegance Mt,16,0,5150.4375,0.05590717299578059
Kisumu,2013,29000,Petrol,Manual,First,18.9,1197.0,82.0,5.0,473600.0,Hyundai,Grand I10 Sportz,13,0,2230.769230769231,0.06850459482038429
Eldoret,2012,225000,Diesel,Manual,Second,23.59,1364.0,97.7,5.0,384800.0,Toyota,Etios Liva Gd,14,0,16071.42857142857,0.07162756598240469
Kisumu,2014,45000,Diesel,Manual,First,23.4,1248.0,74.0,5.0,569800.0,Maruti,Swift Dzire Vdi,12,0,3750.0,0.05929487179487179
Mombasa,2010,93401,Diesel,Manual,First,23.0,1396.0,90.0,5.0,515040.0,Hyundai,I20 Asta 1.4 Crdi (Diesel),16,0,5837.5625,0.06446991404011461
Kisumu,2017,95802,Diesel,Manual,Second,25.83,1498.0,99.0,5.0,673400.0,Ford,Figo 2015-2019 1.5D Trend Mt,9,0,10644.666666666666,0.06608811748998665
Eldoret,2016,130000,Diesel,Manual,First,25.47,1248.0,88.5,7.0,1036000.0,Maruti,Ertiga Vdi,10,0,13000.0,0.07091346153846154
Thika,2013,67443,Diesel,Manual,First,20.77,1248.0,88.8,7.0,851000.0,Maruti,Ertiga Zdi,13,0,5187.923076923077,0.07115384615384615
Mombasa,2016,47681,Petrol,Automatic,First,16.8,1497.0,116.3,5.0,1292040.0,Honda,City 1.5 V At Sunroof,10,0,4768.1,0.07768871075484302
Kisumu,2009,35000,Petrol,Manual,First,19.7,796.0,46.3,5.0,251600.0,Maruti,Alto Lxi Bsiii,17,0,2058.823529411765,0.05816582914572864
Kisumu,2016,68000,Diesel,Automatic,First,10.91,3198.0,197.0,7.0,4366000.0,Ford,Endeavour 3.2 Titanium At 4X4,10,0,6800.0,0.06160100062539087
Mombasa,2019,34688,Diesel,Manual,First,24.3,1248.0,88.5,5.0,1552520.0,Maruti,Vitara Brezza Zdi Plus,7,0,4955.428571428572,0.07091346153846154
Kisumu,2015,10512,Petrol,Automatic,First,8.6,2706.0,265.0,2.0,9472000.0,Porsche,Boxster S Tiptronic,11,1,955.6363636363636,0.09793052475979305
Eldoret,2016,58000,Diesel,Manual,First,22.9,1248.0,74.0,5.0,1117400.0,Maruti,Swift Zdi,10,0,5800.0,0.05929487179487179
Nairobi,2014,40000,Petrol,Manual,First,17.57,1193.0,88.7,5.0,584600.0,Tata,Zest Revotron 1.2 Xt,12,0,3333.3333333333335,0.07435037720033529
Nakuru,2010,61000,Petrol,Manual,Fourth & Above,17.0,1197.0,80.0,5.0,481000.0,Hyundai,I20 1.2 Sportz Option,16,0,3812.5,0.06683375104427736
Nairobi,2009,86000,Diesel,Manual,First,19.4,1422.0,70.0,5.0,407000.0,Skoda,Fabia 1.4 Tdi Active,17,0,5058.823529411765,0.04922644163150492
Kisumu,2015,45000,Diesel,Manual,First,21.43,1364.0,87.2,5.0,1087800.0,Toyota,Corolla Altis D-4D J,11,0,4090.909090909091,0.06392961876832845
Thika,2017,55000,Petrol,Manual,First,17.0,1198.0,73.75,5.0,695600.0,Volkswagen,Ameo 1.2 Mpi Comfortline,9,0,6111.111111111111,0.061560934891485806
Mombasa,2016,36855,Petrol,Manual,Second,15.29,1591.0,121.3,5.0,1297960.0,Hyundai,Creta 1.6 Vtvt S,10,0,3685.5,0.07624135763670647
Mombasa,2013,46821,Petrol,Manual,First,20.36,1197.0,78.9,5.0,506160.0,Hyundai,I10 Magna 1.2,13,0,3601.6153846153848,0.06591478696741855
Kisumu,2015,120000,Petrol,Manual,First,18.6,1199.0,76.8,5.0,370000.0,Chevrolet,Beat Ls,11,0,10909.09090909091,0.0640533778148457
Kisumu,2012,29000,Diesel,Automatic,First,14.74,2993.0,270.9,5.0,2960000.0,Jaguar,Xf 3.0 Litre S Premium Luxury,14,1,2071.4285714285716,0.09051119278316071
Nairobi,2014,40000,Petrol,Manual,First,13.24,1598.0,102.5,5.0,777000.0,Nissan,Terrano Xl,12,0,3333.3333333333335,0.06414267834793493
Nairobi,2013,60000,Diesel,Automatic,Second,15.73,1968.0,174.33,5.0,2146000.0,Audi,Q3 2012-2015 2.0 Tdi Quattro Premium Plus,13,1,4615.384615384615,0.08858231707317074
Nairobi,2011,64984,Petrol,Automatic,First,16.95,1197.0,78.9,5.0,510600.0,Hyundai,I10 Asta At,15,0,4332.266666666666,0.06591478696741855
Eldoret,2015,73204,Petrol,Automatic,First,24.07,998.0,67.1,5.0,488400.0,Maruti,Alto K10 Vxi Ags,11,0,6654.909090909091,0.06723446893787574
Nakuru,2014,50000,Diesel,Automatic,First,11.33,4134.0,335.2,7.0,7548000.0,Audi,Q7 4.2 Tdi Quattro Technology,12,1,4166.666666666667,0.08108369617803579
Kisumu,2017,35000,Diesel,Manual,First,24.3,1248.0,88.5,5.0,962000.0,Maruti,Vitara Brezza Vdi,9,0,3888.8888888888887,0.07091346153846154
Kisumu,2013,17729,Petrol,Manual,First,21.1,814.0,55.2,5.0,540200.0,Hyundai,Eon D Lite Plus,13,0,1363.7692307692307,0.06781326781326781
Mombasa,2012,97000,Diesel,Manual,First,20.0,1497.0,115.0,5.0,1073000.0,Mahindra,Xuv300 W8 Diesel,14,0,6928.571428571428,0.07682030728122913
Mombasa,2014,89614,Diesel,Manual,First,22.0,1582.0,126.2,5.0,889480.0,Hyundai,Verna Crdi 1.6 Sx Option,12,0,7467.833333333333,0.0797724399494311
Kisumu,2015,14000,Petrol,Manual,First,18.9,998.0,67.1,5.0,414400.0,Maruti,Wagon R Vxi,11,0,1272.7272727272727,0.06723446893787574
Mombasa,2012,50000,Petrol,Manual,First,17.0,1197.0,80.0,5.0,592000.0,Hyundai,I20 Sportz Option,14,0,3571.4285714285716,0.06683375104427736
Nairobi,2014,62505,Petrol,Manual,First,17.4,1497.0,117.3,5.0,880600.0,Honda,City I Vtec V,12,0,5208.75,0.0783567134268537
Mombasa,2011,248000,Diesel,Manual,Second,12.8,2494.0,102.0,7.0,1361599.9999999998,Toyota,Innova 2.5 V Diesel 7-Seater,15,0,16533.333333333332,0.0408981555733761
Eldoret,2012,94900,Diesel,Manual,First,16.8,1493.0,110.0,5.0,791800.0,Hyundai,Verna Crdi Sx,14,0,6778.571428571428,0.07367716008037509
Nairobi,2017,55000,Diesel,Manual,First,17.6,2179.0,153.86,7.0,1776000.0,Tata,Hexa Xt,9,0,6111.111111111111,0.07061037173015146
Naivasha,2015,53735,Diesel,Automatic,Second,12.07,2967.0,241.4,7.0,5763120.0,Audi,Q7 3.0 Tdi Quattro Premium Plus,11,1,4885.0,0.08136164475901585
Naivasha,2008,53934,Petrol,Manual,Second,18.9,998.0,67.1,5.0,398120.0,Maruti,Wagon R Vxi,18,0,2996.3333333333335,0.06723446893787574
Nakuru,2013,58500,Diesel,Automatic,Second,17.09,1995.0,218.0,5.0,4070000.0,Bmw,5 Series 2013-2017 525D Luxury Line,13,0,4500.0,0.10927318295739348
Kisumu,2014,48000,Petrol,Manual,First,18.0,1198.0,86.7,5.0,407000.0,Honda,Amaze Ex I-Vtech,12,0,4000.0,0.07237061769616027
Nairobi,2016,24000,Petrol,Manual,First,24.7,796.0,47.3,5.0,414400.0,Maruti,Alto 800 2016-2019 Lxi,10,0,2400.0,0.059422110552763814
Nairobi,2016,52001,Petrol,Manual,First,17.01,1591.0,121.3,5.0,954600.0,Hyundai,Verna 1.6 Sx Vtvt,10,0,5200.1,0.07624135763670647
Naivasha,2018,9565,Petrol,Manual,First,23.84,1199.0,84.0,5.0,870240.0,Tata,Tiago 1.2 Revotron Xz,8,0,1195.625,0.07005838198498748
Eldoret,2013,32953,Petrol,Manual,First,18.6,1197.0,85.8,5.0,688200.0000000001,Maruti,Swift Lxi,13,0,2534.846153846154,0.07167919799498747
Nyeri,2014,18000,Petrol,Manual,First,21.1,814.0,55.2,5.0,370000.0,Hyundai,Eon Era,12,0,1500.0,0.06781326781326781
Mombasa,2018,20446,Petrol,Automatic,First,12.6,1950.0,191.34,5.0,7599800.0,Mercedes-Benz,E-Class E 220 D,8,1,2555.75,0.09812307692307692
Kisumu,2016,33016,Diesel,Manual,First,22.54,1396.0,88.73,5.0,1013800.0,Hyundai,I20 Magna 1.4 Crdi,10,0,3301.6,0.06356017191977077
Mombasa,2012,48000,Diesel,Manual,First,23.59,1364.0,67.05,5.0,777000.0,Toyota,Etios Vd,14,0,3428.5714285714284,0.04915689149560117
Naivasha,2014,72022,Diesel,Manual,First,21.43,1364.0,87.2,5.0,1366040.0,Toyota,Corolla Altis Diesel D4Dg,12,0,6001.833333333333,0.06392961876832845
Thika,2014,34000,Diesel,Automatic,First,20.7,1496.0,113.98,5.0,3256000.0,Mini,Cooper 5 Door D,12,0,2833.3333333333335,0.07618983957219251
Kisumu,2014,69000,Diesel,Manual,First,20.14,1498.0,88.8,5.0,768120.0000000001,Volkswagen,Polo 1.5 Tdi Highline,12,0,5750.0,0.05927903871829105
Eldoret,2009,108000,Petrol,Automatic,First,13.7,1798.0,157.75,5.0,643799.9999999999,Skoda,Superb Elegance 1.8 Tsi At,17,0,6352.941176470588,0.08773637374860957
Kisumu,2013,34700,Diesel,Automatic,First,10.0,2148.0,170.0,5.0,3626000.0,Mercedes-Benz,E-Class 2009-2013 E 220 Cdi Avantgarde,13,1,2669.230769230769,0.07914338919925512
Eldoret,2015,79000,Diesel,Manual,First,17.8,1248.0,75.0,5.0,851000.0,Maruti,Swift Vdi Bsiii W/ Abs,11,0,7181.818181818182,0.06009615384615385
Mombasa,2016,58197,Petrol,Automatic,First,18.0,1497.0,117.3,5.0,1360120.0,Honda,City I Vtec Cvt Vx,10,0,5819.7,0.0783567134268537
Eldoret,2008,66000,Petrol,Automatic,Second,8.45,2979.0,321.0,5.0,1591000.0,Bmw,7 Series 2007-2012 740Li,18,0,3666.6666666666665,0.10775427995971802
Nakuru,2009,60000,Petrol,Automatic,First,19.2,1197.0,80.0,5.0,442520.0,Hyundai,I10 Magna At,17,0,3529.4117647058824,0.06683375104427736
Kisumu,2014,57000,Diesel,Manual,First,26.59,1248.0,74.0,5.0,575720.0,Maruti,Swift Dzire Vdi,12,0,4750.0,0.05929487179487179
Naivasha,2018,45555,Diesel,Manual,First,26.0,1498.0,98.6,5.0,1736040.0,Honda,City I Dtec Vx,8,0,5694.375,0.06582109479305741
Naivasha,2016,55137,Petrol,Manual,First,14.0,796.0,35.0,5.0,460280.0,Maruti,Omni 8 Seater Bsiv,10,0,5513.7,0.04396984924623116
Nyeri,2014,93325,Diesel,Manual,Second,17.2,1968.0,138.1,5.0,2138600.0,Skoda,Superb 2009-2014 Elegance 2.0 Tdi Mt,12,0,7777.083333333333,0.07017276422764228
Thika,2018,38000,Diesel,Manual,First,24.52,1248.0,88.5,7.0,1287599.9999999998,Maruti,Ertiga Shvs Vdi,8,0,4750.0,0.07091346153846154
Mombasa,2016,57738,Diesel,Manual,First,24.0,1120.0,70.0,5.0,745920.0,Hyundai,Grand I10 Crdi Magna,10,0,5773.8,0.0625
Nyeri,2017,38282,Diesel,Manual,First,28.09,1248.0,88.5,5.0,1258000.0,Maruti,Ciaz Vdi Plus Shvs,9,0,4253.555555555556,0.07091346153846154
Nairobi,2014,64000,Diesel,Automatic,First,19.27,2143.0,170.0,5.0,2316200.0,Mercedes-Benz,New C-Class C 220 Cdi Avantgarde,12,1,5333.333333333333,0.07932804479701354
Nairobi,2015,32000,Diesel,Manual,First,20.5,1248.0,91.72,5.0,836200.0,Fiat,Avventura Multijet Emotion,11,0,2909.090909090909,0.07349358974358974
Nakuru,2010,83000,Petrol,Automatic,First,10.93,2497.0,204.0,5.0,2442000.0,Mercedes-Benz,E-Class 2009-2013 E 250 Elegance,16,1,5187.5,0.0816980376451742
Thika,2011,76000,Cng,Manual,First,26.3,998.0,67.1,5.0,296000.0,Maruti,Zen Estilo Lxi Green (Cng),15,0,5066.666666666667,0.06723446893787574
Eldoret,2012,67200,Petrol,Manual,First,15.04,1598.0,103.6,5.0,577200.0,Volkswagen,Vento Petrol Highline,14,0,4800.0,0.06483103879849812
Nyeri,2013,62655,Diesel,Automatic,First,18.88,1995.0,184.0,5.0,2146000.0,Bmw,3 Series 320D Luxury Line,13,0,4819.615384615385,0.09223057644110276
Nakuru,2015,16900,Diesel,Automatic,First,14.69,2993.0,258.0,5.0,6512000.0,Bmw,5 Series 2013-2017 530D M Sport,11,0,1536.3636363636363,0.08620113598396258
Nairobi,2017,8471,Petrol,Manual,First,18.9,1197.0,81.86,5.0,740000.0,Hyundai,Grand I10 1.2 Kappa Magna,9,0,941.2222222222222,0.0683876357560568
Kisumu,2016,69000,Diesel,Automatic,First,11.36,2755.0,171.5,7.0,2923000.0,Toyota,Innova Crysta 2.8 Zx At,10,0,6900.0,0.062250453720508164
Naivasha,2017,30090,Diesel,Automatic,First,19.6,1461.0,108.45,5.0,1693120.0,Renault,Duster 110Ps Diesel Rxz Amt,9,0,3343.3333333333335,0.0742299794661191
Mombasa,2011,120000,Diesel,Manual,First,18.0,1248.0,75.0,5.0,259000.0,Tata,Indica Vista Aura 1.3 Quadrajet,15,0,8000.0,0.06009615384615385
Nakuru,2013,23000,Diesel,Manual,First,17.8,1248.0,97.7,5.0,828800.0,Maruti,Swift Vdi Bsiv,13,0,1769.2307692307693,0.07828525641025641
Mombasa,2016,35939,Petrol,Manual,First,12.3,1796.0,185.0,5.0,4502160.0,Mercedes-Benz,E-Class 2009-2013 E 200 Cgi Avantgarde,10,1,3593.9,0.10300668151447662
Naivasha,2013,116694,Diesel,Manual,First,15.1,2179.0,140.0,7.0,1416360.0,Mahindra,Xuv500 W8 4Wd,13,0,8976.461538461539,0.06424965580541533
Nairobi,2016,40448,Diesel,Manual,First,15.96,2523.0,62.1,7.0,518000.0,Mahindra,Bolero Zlx,10,0,4044.8,0.02461355529131986
Naivasha,2018,64456,Diesel,Manual,First,24.3,1248.0,88.5,5.0,1548080.0000000002,Maruti,Vitara Brezza Zdi,8,0,8057.0,0.07091346153846154
Eldoret,2014,52782,Diesel,Manual,First,20.5,1248.0,91.72,5.0,717799.9999999999,Fiat,Avventura Multijet Emotion,12,0,4398.5,0.07349358974358974
Mombasa,2016,51672,Petrol,Manual,First,19.5,1199.0,88.76,5.0,840640.0,Honda,Amaze S Petrol,10,0,5167.2,0.07402835696413679
Nairobi,2015,56073,Petrol,Automatic,First,13.7,1798.0,157.75,5.0,1961000.0,Skoda,Superb Elegance 1.8 Tsi At,11,0,5097.545454545455,0.08773637374860957
Nakuru,2011,65000,Diesel,Automatic,First,14.74,2993.0,270.9,5.0,2368000.0,Jaguar,Xf 3.0 Litre S Premium Luxury,15,1,4333.333333333333,0.09051119278316071
Mombasa,2013,79000,Petrol,Manual,First,18.9,998.0,67.1,5.0,444000.0,Maruti,Wagon R Vxi Bsiii,13,0,6076.923076923077,0.06723446893787574
Kisumu,2007,43206,Petrol,Manual,First,17.0,1086.0,97.7,5.0,146520.0,Hyundai,Santro Xing Xl Erlx Euro Iii,19,0,2274.0,0.08996316758747698
Nairobi,2010,70200,Petrol,Automatic,First,14.53,1798.0,138.1,5.0,740000.0,Toyota,Corolla Altis Vl,16,0,4387.5,0.0768075639599555
Nairobi,2016,42000,Petrol,Manual,First,16.1,1197.0,85.0,5.0,703000.0,Maruti,Swift Vxi Bsiv,10,0,4200.0,0.07101086048454469
Nakuru,2014,62000,Petrol,Manual,First,16.47,1198.0,74.0,5.0,791800.0,Volkswagen,Polo 1.2 Mpi Highline,12,0,5166.666666666667,0.06176961602671119
Kisumu,2017,20000,Petrol,Manual,First,18.9,1197.0,81.86,5.0,885040.0,Hyundai,Grand I10 1.2 Kappa Asta,9,0,2222.222222222222,0.0683876357560568
Mombasa,2011,80000,Diesel,Manual,Third,21.5,1248.0,88.8,5.0,518000.0,Maruti,Sx4 Zdi,15,0,5333.333333333333,0.07115384615384615
Mombasa,2018,50234,Petrol,Manual,First,18.9,1197.0,81.86,5.0,705959.9999999999,Hyundai,Grand I10 1.2 Kappa Magna,8,0,6279.25,0.0683876357560568
Nairobi,2016,50003,Petrol,Manual,First,21.4,1197.0,83.1,5.0,806600.0,Maruti,Baleno Delta 1.2,10,0,5000.3,0.06942355889724311
Thika,2018,1000,Petrol,Automatic,First,20.3,1199.0,84.0,5.0,1013800.0,Tata,Tigor 1.2 Revotron Xta,8,0,125.0,0.07005838198498748
Nyeri,2016,54897,Diesel,Automatic,First,26.59,1248.0,74.0,5.0,1080400.0,Maruti,Swift Dzire Amt Zdi,10,0,5489.7,0.05929487179487179
Eldoret,2007,108995,Petrol,Manual,First,15.3,1193.0,65.3,5.0,185000.0,Tata,Indica Gls Bs Iv,19,0,5736.578947368421,0.05473595976529757
Mombasa,2015,73000,Diesel,Manual,First,22.7,1598.0,118.0,5.0,1221000.0,Maruti,Sx4 S Cross Ddis 320 Zeta,11,0,6636.363636363636,0.07384230287859825
Thika,2008,65000,Petrol,Manual,First,16.1,1298.0,88.2,5.0,401080.0,Maruti,Swift Vxi Bsiii,18,0,3611.1111111111113,0.0679506933744222
Kisumu,2016,32000,Petrol,Manual,First,19.1,1197.0,82.0,5.0,532800.0,Hyundai,Xcent 1.2 Kappa Sx,10,0,3200.0,0.06850459482038429
Thika,2010,65000,Petrol,Manual,First,18.5,1197.0,80.0,5.0,444000.0,Hyundai,I20 1.2 Magna,16,0,4062.5,0.06683375104427736
Kisumu,2016,21600,Petrol,Automatic,First,23.1,998.0,67.04,5.0,688200.0000000001,Maruti,Celerio Vxi At,10,0,2160.0,0.06717434869739479
Nairobi,2010,39000,Diesel,Automatic,First,14.84,2143.0,170.0,5.0,1406000.0,Mercedes-Benz,New C-Class C 220 Cdi Elegance At,16,1,2437.5,0.07932804479701354
Nairobi,2011,58075,Petrol,Manual,First,17.5,1298.0,85.8,5.0,436600.0,Maruti,Swift Dzire Vxi,15,0,3871.6666666666665,0.06610169491525424
Nairobi,2011,58000,Petrol,Manual,First,15.04,1598.0,103.6,5.0,444000.0,Volkswagen,Vento Petrol Trendline,15,0,3866.6666666666665,0.06483103879849812
Kisumu,2015,58000,Diesel,Manual,First,25.2,1248.0,74.0,5.0,880600.0,Maruti,Swift Zdi,11,0,5272.727272727273,0.05929487179487179
Nairobi,2008,89000,Petrol,Automatic,First,14.53,1798.0,138.1,5.0,592000.0,Toyota,Corolla Altis Vl,18,0,4944.444444444444,0.0768075639599555
Nairobi,2008,72000,Petrol,Manual,First,13.5,1799.0,130.0,5.0,370000.0,Honda,Civic 2006-2010 1.8 V Mt,18,0,4000.0,0.07226236798221233
Kisumu,2017,1800,Petrol,Automatic,First,16.05,1499.0,110.4,5.0,1682760.0,Ford,Ecosport 1.5 Ti Vct At Titanium Be,9,0,200.0,0.07364909939959974
Eldoret,2010,172050,Diesel,Manual,Second,19.0,1248.0,93.0,5.0,333000.0,Fiat,Linea Emotion Pack (Diesel),16,0,10753.125,0.07451923076923077
Nyeri,2013,46230,Petrol,Manual,First,19.81,1086.0,68.05,5.0,458800.0,Hyundai,I10 Era,13,0,3556.153846153846,0.06266114180478821
Mombasa,2014,86925,Diesel,Automatic,First,11.2,2400.0,215.0,5.0,2542640.0,Volvo,Xc60 D5 Inscription,12,1,7243.75,0.08958333333333333
Nyeri,2018,5000,Petrol,Manual,First,18.6,1197.0,81.83,5.0,962000.0,Hyundai,I20 1.2 Asta,8,0,625.0,0.06836257309941521
Thika,2014,66000,Diesel,Manual,First,26.0,1498.0,98.6,5.0,843600.0,Honda,City I Dtec S,12,0,5500.0,0.06582109479305741
Thika,2013,119000,Diesel,Manual,First,12.99,2494.0,100.0,8.0,1184000.0,Toyota,Innova 2.5 Vx (Diesel) 8 Seater Bs Iv,13,0,9153.846153846154,0.040096230954290296
Mombasa,2016,45000,Petrol,Manual,First,25.17,799.0,53.3,5.0,384800.0,Renault,Kwid Rxt,10,0,4500.0,0.06670838548185232
Kisumu,2009,66149,Petrol,Manual,First,19.0,998.0,66.1,5.0,362600.00000000006,Maruti,A-Star Vxi,17,0,3891.1176470588234,0.06623246492985971
Mombasa,2014,42070,Petrol,Automatic,First,14.8,1595.0,120.7,5.0,1712360.0,Mercedes-Benz,B Class B180,12,1,3505.8333333333335,0.07567398119122257
Kisumu,2012,35503,Petrol,Manual,First,18.9,998.0,67.1,5.0,340399.99999999994,Maruti,Wagon R Lxi Bs Iv,14,0,2535.9285714285716,0.06723446893787574
Nyeri,2016,41460,Diesel,Manual,First,25.2,1248.0,74.0,5.0,873200.0,Maruti,Swift Vdi Bsiv,10,0,4146.0,0.05929487179487179
Nairobi,2015,40600,Petrol,Automatic,First,17.0,1591.0,121.3,5.0,1065600.0,Hyundai,Verna Vtvt 1.6 At Sx Option,11,0,3690.909090909091,0.07624135763670647
Thika,2013,87000,Diesel,Automatic,First,22.0,1582.0,126.2,5.0,873200.0,Hyundai,Verna Crdi 1.6 At Sx Option,13,0,6692.307692307692,0.0797724399494311
Mombasa,2014,30000,Petrol,Manual,Second,16.8,1497.0,116.3,5.0,888000.0,Honda,City V Mt,12,0,2500.0,0.07768871075484302
Kisumu,2010,27089,Petrol,Manual,First,16.0,1086.0,66.7,5.0,288600.0,Hyundai,I10 Magna Optional 1.1L,16,0,1693.0625,0.061418047882136284
Naivasha,2016,53702,Diesel,Manual,First,23.59,1364.0,67.04,5.0,969400.0,Toyota,Etios Gd Sp,10,0,5370.2,0.04914956011730206
Kisumu,2015,51000,Diesel,Automatic,First,27.03,1969.0,190.0,5.0,3700000.0,Volvo,S60 D4 Momentum,11,1,4636.363636363636,0.09649568308786186
Kisumu,2012,36542,Diesel,Manual,First,20.0,1399.0,68.05,5.0,392200.0,Ford,Figo Diesel Exi,14,0,2610.1428571428573,0.04864188706218728
Nairobi,2017,15000,Diesel,Automatic,First,13.0,2987.0,265.0,5.0,10286000.0,Mercedes-Benz,E-Class 2015-2017 E350 Cdi Avantgrade,9,1,1666.6666666666667,0.08871777703381319
Mombasa,2012,65000,Diesel,Automatic,First,22.69,1995.0,190.0,5.0,2072000.0,Bmw,3 Series 320D Luxury Line,14,0,4642.857142857143,0.09523809523809523
Eldoret,2014,32000,Petrol,Manual,Second,22.74,796.0,47.3,5.0,310800.0,Maruti,Alto 800 Vxi,12,0,2666.6666666666665,0.059422110552763814
Kisumu,2017,24393,Diesel,Manual,First,13.68,2393.0,147.8,7.0,3019199.9999999995,Toyota,Innova Crysta 2.4 Vx Mt,9,0,2710.3333333333335,0.06176347680735479
Kisumu,2019,1000,Petrol,Manual,First,18.78,999.0,75.0,5.0,840640.0,Volkswagen,Polo 1.0 Mpi Trendline,7,0,142.85714285714286,0.07507507507507508
Nairobi,2014,28238,Petrol,Manual,First,13.24,1598.0,102.5,5.0,821400.0,Nissan,Terrano Xl,12,0,2353.1666666666665,0.06414267834793493
Nairobi,2013,59000,Diesel,Manual,First,13.5,2477.0,175.56,7.0,1887000.0,Mitsubishi,Pajero Sport 4X4,13,0,4538.461538461538,0.07087605974969721
Nairobi,2012,92000,Petrol,Manual,Second,14.8,1799.0,130.2,5.0,495800.0,Honda,Civic 2010-2013 1.8 S Mt,14,0,6571.428571428572,0.07237354085603112
Kisumu,2013,56840,Petrol,Manual,First,22.74,796.0,47.3,5.0,229400.0,Maruti,Alto 800 Lxi,13,0,4372.307692307692,0.059422110552763814
Naivasha,2013,62746,Diesel,Manual,Second,20.54,1598.0,103.6,5.0,873200.0,Volkswagen,Vento Diesel Highline,13,0,4826.615384615385,0.06483103879849812
Kisumu,2012,96000,Diesel,Automatic,First,12.35,2179.0,187.74,5.0,2809040.0,Land,Rover Freelander 2 Hse,14,1,6857.142857142857,0.08615878843506196
Nairobi,2014,24000,Petrol,Manual,First,13.7,1997.0,153.86,5.0,1703480.0,Honda,Cr-V 2.0L 2Wd Mt,12,0,2000.0,0.0770455683525288
Nairobi,2016,54000,Diesel,Manual,First,20.77,1248.0,88.76,7.0,1147000.0,Maruti,Ertiga Vdi,10,0,5400.0,0.07112179487179487
Mombasa,2016,90000,Diesel,Manual,First,12.99,2494.0,100.6,7.0,2057200.0,Toyota,Innova 2.5 Gx (Diesel) 7 Seater,10,0,9000.0,0.04033680834001604
Kisumu,2010,40000,Petrol,Manual,First,15.0,1368.0,90.0,5.0,199800.0,Tata,Manza Aura Safire,16,0,2500.0,0.06578947368421052
Nairobi,2015,65938,Diesel,Automatic,Second,12.07,2967.0,241.4,7.0,5624000.0,Audi,Q7 35 Tdi Quattro Premium Plus,11,1,5994.363636363636,0.08136164475901585
Nairobi,2017,16100,Petrol,Automatic,First,17.1,1591.0,121.4,5.0,1716800.0,Hyundai,Verna 1.6 Sx Vtvt (O) At,9,0,1788.888888888889,0.07630421118793212
Kisumu,2017,3600,Diesel,Automatic,First,21.5,1498.0,108.5,5.0,1813000.0,Volkswagen,Vento 1.5 Highline Plus At 16 Alloy,9,0,400.0,0.07242990654205607
Nyeri,2011,52000,Petrol,Manual,First,17.0,1497.0,118.0,5.0,562400.0,Honda,City 1.5 S Mt,15,0,3466.6666666666665,0.0788243152972612
Nairobi,2014,54000,Diesel,Manual,First,20.0,1399.0,68.05,5.0,481000.0,Ford,Figo Diesel Titanium,12,0,4500.0,0.04864188706218728
Nairobi,2016,15399,Petrol,Manual,First,18.7,1199.0,88.7,5.0,947200.0,Honda,Jazz 1.2 Vx I Vtec,10,0,1539.9,0.07397831526271893
Nakuru,2012,75000,Petrol,Manual,Second,16.47,1198.0,73.9,5.0,584600.0,Volkswagen,Polo Petrol Highline 1.2L,14,0,5357.142857142857,0.06168614357262104
Nairobi,2010,76752,Petrol,Manual,First,17.4,1497.0,117.3,5.0,528360.0,Honda,City I-Vtec S,16,0,4797.0,0.0783567134268537
Nairobi,2005,56000,Petrol,Manual,Second,17.7,1497.0,78.0,5.0,185000.0,Honda,City Zx Gxi,21,0,2666.6666666666665,0.052104208416833664
Eldoret,2015,70000,Cng,Manual,First,26.2,998.0,58.2,5.0,540200.0,Maruti,Wagon R Lxi Cng,11,0,6363.636363636364,0.058316633266533066
Kisumu,2013,46125,Petrol,Automatic,Second,12.0,2354.0,187.4,5.0,1850000.0,Honda,Cr-V 2.4L 4Wd At Avn,13,0,3548.076923076923,0.07960917587085811
Thika,2014,35000,Diesel,Automatic,Second,18.12,1995.0,190.0,5.0,3404000.0,Bmw,5 Series 2013-2017 520D Luxury Line,12,0,2916.6666666666665,0.09523809523809523
Mombasa,2003,80000,Diesel,Manual,Third,12.8,1489.0,35.5,5.0,199800.0,Ambassador,Classic Nova Diesel,23,0,3478.2608695652175,0.02384150436534587
Naivasha,2012,62729,Diesel,Manual,First,12.05,2179.0,120.0,8.0,935360.0,Mahindra,Scorpio Vlx 2.2 Mhawk Bsiii,14,0,4480.642857142857,0.05507113354749885
Kisumu,2012,34000,Diesel,Manual,First,20.54,1598.0,103.6,5.0,503200.0,Volkswagen,Vento Diesel Comfortline,14,0,2428.5714285714284,0.06483103879849812
Nyeri,1999,70000,Petrol,Manual,Second,17.3,993.0,60.0,5.0,113960.0,Maruti,Zen Vx,27,0,2592.5925925925926,0.06042296072507553
Nyeri,2009,32000,Petrol,Manual,First,16.1,796.0,37.0,4.0,133200.0,Maruti,800 Dx Bsii,17,0,1882.3529411764705,0.04648241206030151
Nairobi,2017,21000,Petrol,Automatic,First,14.28,1798.0,138.03,5.0,2664000.0,Toyota,Corolla Altis 1.8 Vl Cvt,9,0,2333.3333333333335,0.0767686318131257
Eldoret,2013,49000,Petrol,Automatic,First,14.59,1997.0,245.0,5.0,2812000.0,Bmw,3 Series 328I Sport Line,13,0,3769.230769230769,0.12268402603905859
Mombasa,2007,40000,Petrol,Manual,Third,13.8,1299.0,70.0,5.0,162800.00000000003,Ford,Ikon 1.3 Flair,19,0,2105.2631578947367,0.05388760585065435
Eldoret,2012,78000,Petrol,Manual,Second,18.6,1199.0,79.4,5.0,296000.0,Chevrolet,Beat Lt,14,0,5571.428571428572,0.06622185154295246
Thika,2012,52000,Diesel,Manual,First,21.43,1364.0,86.79,5.0,962000.0,Toyota,Corolla Altis 1.4 Dg,14,0,3714.285714285714,0.06362903225806452
Nakuru,2014,65213,Diesel,Manual,First,16.0,2179.0,140.0,7.0,1398599.9999999998,Mahindra,Xuv500 W4,12,0,5434.416666666667,0.06424965580541533
Nairobi,2016,170000,Diesel,Manual,First,24.4,1120.0,71.0,5.0,592000.0,Hyundai,Xcent 1.1 Crdi Base,10,0,17000.0,0.06339285714285714
Mombasa,2017,36884,Diesel,Automatic,First,13.0,2143.0,204.0,5.0,4773000.0,Mercedes-Benz,E-Class 2015-2017 E250 Cdi Avantgarde,9,1,4098.222222222223,0.09519365375641624
Eldoret,2009,62500,Petrol,Manual,First,20.36,1197.0,78.9,5.0,310800.0,Hyundai,I10 Sportz,17,0,3676.470588235294,0.06591478696741855
Nairobi,2015,68000,Petrol,Automatic,Second,14.28,1798.0,138.03,5.0,1443000.0,Toyota,Corolla Altis Vl At,11,0,6181.818181818182,0.0767686318131257
Kisumu,2014,40748,Petrol,Manual,First,14.53,1798.0,138.0,5.0,932400.0,Toyota,Corolla 1.8 J,12,0,3395.6666666666665,0.07675194660734148
Kisumu,2013,60000,Diesel,Automatic,First,17.32,1968.0,184.0,5.0,3108000.0,Audi,Q3 2.0 Tdi Quattro,13,1,4615.384615384615,0.09349593495934959
Nairobi,2014,12400,Diesel,Manual,First,21.9,1396.0,88.8,5.0,688200.0000000001,Hyundai,I20 Magna Optional 1.4 Crdi,12,0,1033.3333333333333,0.06361031518624642
Nairobi,2013,87000,Diesel,Automatic,Second,19.27,2143.0,167.62,5.0,2516000.0,Mercedes-Benz,New C-Class C 220D Avantgarde Edition C,13,1,6692.307692307692,0.07821745216985534
Eldoret,2013,20248,Diesel,Manual,First,21.1,1248.0,73.9,5.0,643799.9999999999,Maruti,Ritz Vdi,13,0,1557.5384615384614,0.059214743589743594
Naivasha,2017,52383,Diesel,Manual,First,19.67,1582.0,126.2,5.0,2193360.0,Hyundai,Creta 1.6 Sx Plus Diesel,9,0,5820.333333333333,0.0797724399494311
Nairobi,2018,1000,Diesel,Automatic,First,13.6,1999.0,177.0,5.0,5920000.0,Jaguar,Xe 2.0L Diesel Prestige,8,1,125.0,0.08854427213606804
Mombasa,2016,85000,Diesel,Manual,First,14.95,2489.0,93.7,7.0,910200.0,Mahindra,Xylo D4,10,0,8500.0,0.037645640819606266
Thika,2014,47000,Diesel,Manual,First,12.99,2494.0,100.6,7.0,1665000.0,Toyota,Innova 2.5 G (Diesel) 7 Seater,12,0,3916.6666666666665,0.04033680834001604
Eldoret,2018,17585,Petrol,Automatic,First,19.16,2494.0,157.7,5.0,4736000.0,Toyota,Camry 2.5 Hybrid,8,0,2198.125,0.0632317562149158
Naivasha,2018,32496,Diesel,Automatic,First,13.22,2967.0,241.4,5.0,6751760.0,Audi,Q5 3.0 Tdi Quattro,8,1,4062.0,0.08136164475901585
Mombasa,2017,34613,Diesel,Manual,First,28.4,1248.0,74.0,5.0,923520.0,Maruti,Swift Vdi,9,0,3845.8888888888887,0.05929487179487179
Mombasa,2015,153000,Diesel,Manual,First,20.77,1248.0,88.76,7.0,710400.0,Maruti,Ertiga Vdi Limited Edition,11,0,13909.09090909091,0.07112179487179487
Mombasa,2014,54000,Petrol,Manual,Second,16.1,1197.0,85.0,5.0,666000.0,Maruti,Swift Vxi Bsiv,12,0,4500.0,0.07101086048454469
Mombasa,2015,16900,Petrol,Manual,First,20.36,1197.0,78.9,5.0,572760.0,Hyundai,I10 Sportz,11,0,1536.3636363636363,0.06591478696741855
Nairobi,2013,62334,Petrol,Manual,First,20.36,1197.0,78.9,5.0,407000.0,Hyundai,I10 Sportz,13,0,4794.923076923077,0.06591478696741855
Mombasa,2018,23714,Petrol,Manual,First,21.4,1197.0,83.1,5.0,972360.0,Maruti,Baleno Sigma 1.2,8,0,2964.25,0.06942355889724311
Nyeri,2010,52325,Petrol,Manual,First,16.36,1495.0,93.7,5.0,296000.0,Hyundai,Accent Executive,16,0,3270.3125,0.06267558528428094
Thika,2012,50000,Petrol,Manual,First,19.4,1198.0,86.8,5.0,540200.0,Honda,Brio S Mt,14,0,3571.4285714285716,0.07245409015025041
Kisumu,2016,55746,Diesel,Manual,First,22.9,1248.0,74.0,5.0,1028600.0,Maruti,Swift Zdi,10,0,5574.6,0.05929487179487179
Nakuru,2014,54000,Petrol,Manual,First,20.14,1197.0,81.86,5.0,814000.0,Hyundai,Xcent 1.2 Vtvt S,12,0,4500.0,0.0683876357560568
Kisumu,2013,43000,Diesel,Manual,First,16.0,2179.0,140.0,7.0,1036000.0,Mahindra,Xuv500 W8 2Wd,13,0,3307.6923076923076,0.06424965580541533
Nairobi,2014,40000,Diesel,Automatic,First,13.0,2143.0,201.1,5.0,3552000.0,Mercedes-Benz,E-Class E250 Cdi Avantgrade,12,1,3333.3333333333335,0.09384041063929072
Nakuru,2010,125000,Diesel,Automatic,Second,0.0,2179.0,115.0,5.0,1628000.0,Land,Rover Freelander 2 Td4 S,16,1,7812.5,0.05277650298301973
Nakuru,2016,51944,Diesel,Automatic,First,19.27,2143.0,170.0,5.0,4810000.0,Mercedes-Benz,New C-Class C 220 Cdi Avantgarde,10,1,5194.4,0.07932804479701354
Mombasa,2015,46950,Diesel,Manual,First,21.27,1396.0,88.76,5.0,954600.0,Hyundai,I20 Asta 1.4 Crdi,11,0,4268.181818181818,0.06358166189111748
Nairobi,2015,23000,Diesel,Automatic,First,19.3,1968.0,141.0,5.0,2331000.0,Skoda,Octavia Elegance 2.0 Tdi At,11,0,2090.909090909091,0.07164634146341463
Nairobi,2014,54546,Petrol,Manual,First,17.0,1497.0,118.0,5.0,814000.0,Honda,City 1.5 S Mt,12,0,4545.5,0.0788243152972612
Mombasa,2015,51535,Diesel,Automatic,First,12.55,2982.0,168.5,7.0,2816440.0,Toyota,Fortuner 4X2 At,11,0,4685.0,0.05650570087189805
Kisumu,2013,45000,Diesel,Automatic,First,17.32,1968.0,184.0,5.0,2257000.0,Audi,Q3 2.0 Tdi Quattro,13,1,3461.5384615384614,0.09349593495934959
Kisumu,2012,46004,Petrol,Manual,First,20.92,998.0,67.1,5.0,355200.0,Maruti,Alto K10 2010-2014 Vxi,14,0,3286.0,0.06723446893787574
Mombasa,2011,124000,Diesel,Manual,First,23.03,1396.0,69.0,5.0,340399.99999999994,Tata,Indigo Ecs Lx Bsiv,15,0,8266.666666666666,0.0494269340974212
Mombasa,2014,77395,Diesel,Automatic,First,17.11,1968.0,174.33,5.0,2123800.0,Audi,A4 2.0 Tdi 177 Bhp Premium Plus,12,1,6449.583333333333,0.08858231707317074
Nairobi,2018,10600,Cng,Manual,First,33.44,796.0,40.3,4.0,518000.0,Maruti,Alto 800 2016-2019 Cng Lxi,8,0,1325.0,0.050628140703517586
Mombasa,2018,22974,Petrol,Automatic,First,18.0,1497.0,117.3,5.0,1771560.0,Honda,City I-Vtec Cvt Vx,8,0,2871.75,0.0783567134268537
Nyeri,2009,89000,Petrol,Manual,Second,0.0,999.0,97.7,5.0,236800.0,Hyundai,Santro Gls I - Euro Ii,17,0,5235.294117647059,0.0977977977977978
Thika,2015,65012,Diesel,Manual,First,14.24,2755.0,174.5,7.0,2797199.9999999995,Toyota,Fortuner 2.8 2Wd Mt,11,0,5910.181818181818,0.0633393829401089
Thika,2017,17125,Petrol,Manual,First,18.9,1197.0,82.0,5.0,799200.0,Hyundai,Grand I10 Sportz,9,0,1902.7777777777778,0.06850459482038429
Kisumu,2015,90413,Petrol,Manual,First,15.1,1196.0,73.0,7.0,436600.0,Maruti,Eeco 7 Seater Standard,11,0,8219.363636363636,0.061036789297658864
Nakuru,2013,37000,Petrol,Manual,First,16.47,1198.0,73.9,5.0,754799.9999999999,Volkswagen,Polo Petrol Highline 1.2L,13,0,2846.153846153846,0.06168614357262104
Nyeri,2006,65000,Petrol,Manual,First,18.9,1061.0,67.0,5.0,222000.0,Maruti,Wagon R Lxi Minor,20,0,3250.0,0.06314797360980208
Nakuru,2011,66000,Petrol,Manual,First,17.0,1497.0,118.0,5.0,725200.0000000001,Honda,City 1.5 V Mt,15,0,4400.0,0.0788243152972612
Nairobi,2010,86000,Petrol,Manual,First,14.8,1799.0,130.2,5.0,429200.0,Honda,Civic 2010-2013 1.8 S Mt,16,0,5375.0,0.07237354085603112
Eldoret,2005,98437,Petrol,Manual,First,13.0,1493.0,100.0,5.0,170199.99999999997,Honda,City 1.5 Exi,21,0,4687.476190476191,0.06697923643670463
Kisumu,2010,18000,Petrol,Manual,First,18.5,1197.0,80.0,5.0,340399.99999999994,Hyundai,I20 1.2 Magna,16,0,1125.0,0.06683375104427736
Mombasa,2018,35070,Diesel,Manual,First,24.0,1120.0,70.0,5.0,886520.0,Hyundai,Grand I10 Crdi Sportz Celebration Edition,8,0,4383.75,0.0625
Eldoret,2011,42000,Petrol,Automatic,Third,14.4,1598.0,103.6,5.0,503200.0,Volkswagen,Vento Petrol Highline At,15,0,2800.0,0.06483103879849812
Kisumu,2009,40000,Petrol,Manual,First,20.36,1197.0,78.9,5.0,251600.0,Hyundai,I10 Sportz 1.2,17,0,2352.9411764705883,0.06591478696741855
Kisumu,2009,43000,Petrol,Manual,First,17.0,1197.0,80.0,5.0,294520.0,Hyundai,I20 Asta,17,0,2529.4117647058824,0.06683375104427736
Eldoret,2012,65000,Petrol,Manual,First,18.6,1199.0,79.4,5.0,370000.0,Chevrolet,Beat Ls,14,0,4642.857142857143,0.06622185154295246
Kisumu,2013,74000,Diesel,Manual,First,22.07,1199.0,73.9,5.0,717799.9999999999,Volkswagen,Polo Diesel Highline 1.2L,13,0,5692.307692307692,0.06163469557964971
Kisumu,2010,51192,Petrol,Manual,First,15.6,1196.0,70.0,5.0,392200.0,Ford,Figo Petrol Lxi,16,0,3199.5,0.05852842809364549
Mombasa,2014,14262,Petrol,Automatic,First,9.9,1984.0,207.8,2.0,4047800.0,Audi,Tt 2.0 Tfsi,12,1,1188.5,0.10473790322580646
Nyeri,2015,66339,Diesel,Manual,Second,25.1,1498.0,98.6,5.0,1021200.0,Honda,City I Dtec Vx,11,0,6030.818181818182,0.06582109479305741
Kisumu,2013,90200,Diesel,Manual,First,20.0,1399.0,68.05,5.0,518000.0,Ford,Figo Diesel Titanium,13,0,6938.461538461538,0.04864188706218728
Nairobi,2015,57854,Diesel,Manual,First,12.99,2494.0,100.6,7.0,1850000.0,Toyota,Innova 2.5 Zx Diesel 7 Seater,11,0,5259.454545454545,0.04033680834001604
Nairobi,2017,32000,Petrol,Automatic,First,19.12,1373.0,91.1,5.0,1361599.9999999998,Maruti,Ciaz 1.4 At Alpha,9,0,3555.5555555555557,0.0663510560815732
Nairobi,2015,29631,Petrol,Automatic,First,18.9,1197.0,82.0,5.0,725200.0000000001,Hyundai,Grand I10 At Asta,11,0,2693.7272727272725,0.06850459482038429
Nairobi,2009,55005,Petrol,Manual,First,12.8,1493.0,97.7,5.0,473600.0,Honda,City 1.3 Dx,17,0,3235.5882352941176,0.06543871399866041
Mombasa,2014,54173,Petrol,Manual,First,18.88,999.0,123.24,5.0,821400.0,Ford,Ecosport 1.0 Ecoboost Titanium Plus Be,12,0,4514.416666666667,0.12336336336336336
Thika,2014,50000,Petrol,Automatic,First,14.7,1798.0,177.6,5.0,1998000.0,Skoda,Octavia Ambition 1.8 Tsi At,12,0,4166.666666666667,0.09877641824249166
Kisumu,2010,145000,Diesel,Manual,First,20.4,1248.0,91.7,5.0,384800.0,Fiat,Linea Emotion (Diesel),16,0,9062.5,0.0734775641025641
Nyeri,2015,78000,Petrol,Manual,First,16.1,1298.0,88.2,5.0,666000.0,Maruti,Swift Lxi Bsiii,11,0,7090.909090909091,0.0679506933744222
Nairobi,2013,65000,Diesel,Automatic,Second,11.8,2993.0,180.0,7.0,5032000.0,Land,Rover Discovery 4 Tdv6 Se,13,1,5000.0,0.06014032743067157
Kisumu,2012,120000,Diesel,Manual,First,12.8,2494.0,102.0,7.0,1776000.0,Toyota,Innova 2.5 V Diesel 7-Seater,14,0,8571.42857142857,0.0408981555733761
Nairobi,2015,14000,Diesel,Manual,First,28.4,1248.0,74.0,5.0,777000.0,Maruti,Swift Ldi,11,0,1272.7272727272727,0.05929487179487179
Mombasa,2014,57456,Diesel,Automatic,First,17.68,1968.0,174.33,5.0,3190880.0,Audi,A6 2011-2015 2.0 Tdi Premium Plus,12,1,4788.0,0.08858231707317074
Naivasha,2012,44450,Diesel,Automatic,First,22.48,1995.0,190.0,5.0,3652640.0,Bmw,5 Series 520D Luxury Line,14,0,3175.0,0.09523809523809523
Nairobi,2013,63777,Petrol,Manual,First,18.5,1197.0,82.9,5.0,543160.0,Hyundai,I20 Magna Optional 1.2,13,0,4905.923076923077,0.06925647451963242
Nairobi,2016,31000,Diesel,Automatic,First,17.05,1995.0,190.0,5.0,4366000.0,Bmw,X1 M Sport Sdrive 20D,10,0,3100.0,0.09523809523809523
Nairobi,2012,60000,Petrol,Manual,First,17.6,1496.0,88.73,5.0,458800.0,Toyota,Etios G,14,0,4285.714285714285,0.05931149732620321
Thika,2015,78008,Diesel,Manual,First,17.0,1405.0,70.0,5.0,429200.0,Tata,Indigo Lx,11,0,7091.636363636364,0.0498220640569395
Nakuru,2014,33000,Diesel,Automatic,Second,0.0,2987.0,165.0,5.0,6364000.0,Mercedes-Benz,M-Class Ml 350 4Matic,12,1,2750.0,0.055239370605959154
Nairobi,2009,27078,Petrol,Automatic,First,10.98,1984.0,114.4,4.0,2360600.0,Volkswagen,Beetle 2.0,17,0,1592.8235294117646,0.05766129032258065
Kisumu,2011,57275,Diesel,Manual,First,19.7,1598.0,103.6,5.0,666000.0,Volkswagen,Polo Gt Tdi,15,0,3818.3333333333335,0.06483103879849812
Nairobi,2014,45000,Diesel,Manual,First,24.0,1120.0,70.0,5.0,516520.0,Hyundai,Grand I10 Crdi Magna,12,0,3750.0,0.0625
Nairobi,2014,57319,Diesel,Manual,First,25.2,1248.0,74.0,5.0,629000.0,Maruti,Swift Vdi Bsiv,12,0,4776.583333333333,0.05929487179487179
Mombasa,2008,121097,Diesel,Manual,Second,24.0,1396.0,88.76,5.0,281200.0,Hyundai,Verna Crdi 1.4 E,18,0,6727.611111111111,0.06358166189111748
Nairobi,2011,89000,Diesel,Automatic,First,16.73,1995.0,218.0,5.0,2452360.0,Bmw,5 Series 2003-2012 525D,15,0,5933.333333333333,0.10927318295739348
Nakuru,2012,72000,Petrol,Manual,First,17.0,1497.0,118.0,5.0,851000.0,Honda,City 1.5 S Mt,14,0,5142.857142857143,0.0788243152972612
Nairobi,2013,36000,Diesel,Automatic,Second,16.55,1968.0,147.51,5.0,2072000.0,Audi,A4 2.0 Tdi,13,1,2769.230769230769,0.07495426829268292
Nyeri,2013,86000,Diesel,Manual,Second,19.5,1248.0,75.0,5.0,370000.0,Fiat,Linea Classic Plus 1.3 Multijet,13,0,6615.384615384615,0.06009615384615385
Thika,2002,85000,Petrol,Manual,First,13.0,1343.0,90.0,5.0,177600.0,Honda,City 1.3 Exi,24,0,3541.6666666666665,0.06701414743112435
Eldoret,2005,120000,Petrol,Manual,Second,15.5,1242.0,97.7,5.0,125800.0,Fiat,Petra 1.2 El,21,0,5714.285714285715,0.07866344605475041
Mombasa,2013,37613,Diesel,Automatic,First,22.69,1995.0,190.0,5.0,2064600.0,Bmw,3 Series 320D Luxury Line,13,0,2893.3076923076924,0.09523809523809523
Mombasa,2007,100000,Petrol,Manual,First,16.6,1388.0,68.0,5.0,236800.0,Ford,Fiesta 1.4 Duratec Exi,19,0,5263.1578947368425,0.04899135446685879
Naivasha,2016,5240,Petrol,Automatic,First,21.9,624.0,37.48,4.0,532800.0,Tata,Nano Xta,10,0,524.0,0.06006410256410256
Nairobi,2018,20000,Cng,Manual,First,15.1,1196.0,73.0,5.0,666000.0,Maruti,Eeco 5 Str With Ac Plus Htr Cng,8,0,2500.0,0.061036789297658864
Naivasha,2019,16862,Petrol,Manual,First,20.89,1197.0,81.8,5.0,896880.0,Maruti,Ignis 1.2 Delta,7,0,2408.8571428571427,0.0683375104427736
Naivasha,2013,59254,Petrol,Manual,Second,17.5,1298.0,85.8,5.0,782920.0,Maruti,Swift Dzire Zxi,13,0,4558.0,0.06610169491525424
Nyeri,2014,60000,Diesel,Manual,First,22.7,1498.0,89.84,5.0,851000.0,Ford,Ecosport 1.5 Dv5 Mt Titanium,12,0,5000.0,0.05997329773030708
Kisumu,2015,50295,Petrol,Manual,First,16.1,1493.0,97.7,5.0,858400.0,Maruti,Swift 1.3 Zxi,11,0,4572.272727272727,0.06543871399866041
Naivasha,2014,47674,Petrol,Manual,First,19.1,1197.0,85.8,5.0,846560.0,Maruti,Swift Dzire Vxi,12,0,3972.8333333333335,0.07167919799498747
Mombasa,2014,61517,Petrol,Automatic,First,16.95,1197.0,78.9,5.0,649719.9999999999,Hyundai,I10 Sportz At,12,0,5126.416666666667,0.06591478696741855
Naivasha,2016,62946,Diesel,Manual,First,15.1,2179.0,140.0,7.0,1635400.0,Mahindra,Xuv500 W6 2Wd,10,0,6294.6,0.06424965580541533
Nairobi,2015,66823,Diesel,Manual,Second,22.54,1396.0,88.73,5.0,714840.0,Hyundai,I20 Magna 1.4 Crdi,11,0,6074.818181818182,0.06356017191977077
Eldoret,2013,79494,Cng,Manual,First,33.54,998.0,67.04,5.0,438080.0,Maruti,Wagon R Cng Lxi,13,0,6114.923076923077,0.06717434869739479
Mombasa,2012,107000,Diesel,Manual,Second,21.27,1396.0,88.76,5.0,666000.0,Hyundai,I20 Asta 1.4 Crdi,14,0,7642.857142857143,0.06358166189111748
Nairobi,2011,55000,Diesel,Automatic,Second,16.46,2993.0,258.0,5.0,2886000.0,Bmw,7 Series 730Ld,15,0,3666.6666666666665,0.08620113598396258
Nairobi,2017,24000,Petrol,Automatic,First,14.3,1598.0,103.52,5.0,1295000.0,Skoda,Rapid 1.6 Mpi At Style Plus,9,0,2666.6666666666665,0.06478097622027534
Nairobi,2016,20002,Diesel,Automatic,First,14.75,2967.0,245.0,7.0,9916000.0,Audi,Q7 45 Tdi Quattro Technology,10,1,2000.2,0.08257499157398045
Mombasa,2016,54317,Petrol,Manual,First,17.4,1497.0,117.3,5.0,1243200.0,Honda,City I Vtec Vx,10,0,5431.7,0.0783567134268537
Nairobi,2016,10200,Petrol,Manual,First,19.1,1197.0,82.0,5.0,738520.0,Hyundai,Xcent 1.2 Kappa Sx,10,0,1020.0,0.06850459482038429
Naivasha,2016,24337,Diesel,Manual,First,26.0,1498.0,98.6,5.0,1210640.0,Honda,City I Dtec E,10,0,2433.7,0.06582109479305741
Eldoret,2012,79000,Petrol,Manual,First,18.4,1198.0,86.8,5.0,429200.0,Honda,Brio S Option Mt,14,0,5642.857142857143,0.07245409015025041
Nyeri,2015,40500,Diesel,Manual,First,28.09,1248.0,88.5,5.0,1050800.0,Maruti,Ciaz Zdi Plus Shvs,11,0,3681.818181818182,0.07091346153846154
Eldoret,2016,23000,Diesel,Manual,First,26.59,1248.0,74.0,5.0,1043400.0,Maruti,Swift Dzire Vdi Optional,10,0,2300.0,0.05929487179487179
Eldoret,2015,63050,Petrol,Automatic,First,11.1,2354.0,158.8,5.0,2590000.0,Honda,Cr-V 2.4L 4Wd At,11,0,5731.818181818182,0.06745964316057775
Nairobi,2008,78000,Petrol,Automatic,Second,14.53,1794.0,138.1,5.0,504680.0,Toyota,Corolla Altis 2008-2013 1.8 Vl At,18,0,4333.333333333333,0.0769788182831661
Eldoret,2005,70000,Petrol,Manual,First,0.0,1590.0,97.7,5.0,192400.0,Maruti,Baleno Vxi,21,0,3333.3333333333335,0.061446540880503144
Naivasha,2012,66245,Petrol,Manual,First,17.0,1497.0,118.0,5.0,840640.0,Honda,City 1.5 V Mt,14,0,4731.785714285715,0.0788243152972612
Nakuru,2007,74112,Diesel,Manual,First,12.05,2179.0,120.0,9.0,606799.9999999999,Mahindra,Scorpio Lx Bs Iv,19,0,3900.6315789473683,0.05507113354749885
Nairobi,2011,87670,Petrol,Manual,First,13.4,1798.0,157.8,5.0,592000.0,Skoda,Laura 1.8 Tsi Ambiente,15,0,5844.666666666667,0.08776418242491658
Kisumu,2015,10000,Diesel,Automatic,First,18.88,1995.0,184.0,5.0,4440000.0,Bmw,3 Series 320D Sport Line,11,0,909.0909090909091,0.09223057644110276
Mombasa,2007,62493,Petrol,Manual,First,15.0,1586.0,104.68,5.0,266400.0,Maruti,Sx4 Zxi Bsiii,19,0,3289.1052631578946,0.06600252206809584
Mombasa,2015,44620,Petrol,Manual,First,20.73,1373.0,91.1,5.0,1025640.0,Maruti,Ciaz Vxi Plus,11,0,4056.3636363636365,0.0663510560815732
Nakuru,2012,66538,Diesel,Automatic,First,10.2,4367.0,308.0,7.0,10360000.0,Land,Rover Range Rover 3.6 Tdv8 Vogue Se Diesel,14,1,4752.714285714285,0.07052896725440806
Thika,2013,60000,Diesel,Manual,First,12.99,2494.0,100.0,7.0,1169200.0,Toyota,Innova 2.5 G (Diesel) 7 Seater Bs Iv,13,0,4615.384615384615,0.040096230954290296
Mombasa,2011,20842,Petrol,Manual,First,0.0,1086.0,62.0,5.0,411440.0,Hyundai,Santro Xing Gl,15,0,1389.4666666666667,0.0570902394106814
Mombasa,2014,110000,Diesel,Automatic,First,13.01,2199.0,194.3,7.0,2131200.0,Hyundai,Santa Fe 4Wd At,12,0,9166.666666666666,0.08835834470213734
Nairobi,2011,45000,Petrol,Automatic,Second,11.74,1796.0,186.0,5.0,1998000.0,Mercedes-Benz,New C-Class C250 Avantgarde,15,1,3000.0,0.10356347438752785
Nairobi,2014,40000,Cng,Manual,Second,26.6,998.0,58.16,5.0,466200.0,Maruti,Wagon R Lxi Cng,12,0,3333.3333333333335,0.05827655310621242
Naivasha,2012,49008,Petrol,Manual,First,19.7,796.0,46.3,5.0,426240.0,Maruti,Alto Lxi,14,0,3500.5714285714284,0.05816582914572864
Kisumu,2016,31000,Petrol,Manual,First,24.7,796.0,47.3,5.0,318200.0,Maruti,Alto 800 2016-2019 Lxi,10,0,3100.0,0.059422110552763814
Eldoret,2013,8000,Petrol,Manual,First,16.95,1498.0,97.7,5.0,555000.0,Nissan,Sunny 2011-2014 Xv,13,0,615.3846153846154,0.06522029372496663
Nairobi,2019,171,Petrol,Manual,First,24.7,796.0,47.3,5.0,532800.0,Maruti,Alto 800 2016-2019 Vxi,7,0,24.428571428571427,0.059422110552763814
Kisumu,2018,2100,Petrol,Manual,First,24.07,998.0,67.1,5.0,532800.0,Maruti,Alto K10 Vxi,8,0,262.5,0.06723446893787574
Naivasha,2018,20667,Petrol,Automatic,First,18.9,1197.0,81.86,5.0,1117400.0,Hyundai,Grand I10 1.2 Kappa Sportz At,8,0,2583.375,0.0683876357560568
Kisumu,2015,50000,Diesel,Manual,First,24.2,1498.0,98.6,7.0,695600.0,Honda,Mobilio S I Dtec,11,0,4545.454545454545,0.06582109479305741
Nyeri,2010,100030,Diesel,Manual,Second,18.8,1248.0,90.0,5.0,236800.0,Tata,Manza Aqua Quadrajet,16,0,6251.875,0.07211538461538461
Eldoret,2011,75372,Diesel,Manual,First,16.52,1991.0,123.7,5.0,494320.0,Chevrolet,Optra Magnum 2.0 Lt,15,0,5024.8,0.062129583124058266
Mombasa,2016,60475,Petrol,Automatic,First,18.0,1497.0,117.3,5.0,1346800.0,Honda,City I Vtec Cvt Vx,10,0,6047.5,0.0783567134268537
Mombasa,2019,18453,Petrol,Manual,First,18.9,1197.0,81.86,5.0,913160.0,Hyundai,Grand I10 1.2 Kappa Sportz,7,0,2636.1428571428573,0.0683876357560568
Kisumu,2008,96578,Diesel,Manual,First,22.0,1582.0,126.2,5.0,370000.0,Hyundai,Verna Crdi 1.6 Sx,18,0,5365.444444444444,0.0797724399494311
Kisumu,2016,31001,Petrol,Manual,First,18.44,1198.0,75.0,5.0,444000.0,Nissan,Micra Xl,10,0,3100.1,0.06260434056761269
Nyeri,2012,65900,Diesel,Manual,First,22.32,1582.0,126.32,5.0,851000.0,Hyundai,Verna 1.6 Sx,14,0,4707.142857142857,0.07984829329962073
Nakuru,2017,26246,Petrol,Manual,First,15.29,1591.0,121.3,5.0,1591000.0,Hyundai,Creta 1.6 Vtvt E Plus,9,0,2916.222222222222,0.07624135763670647
Nyeri,2013,62700,Petrol,Manual,Second,20.51,998.0,67.04,5.0,421800.0,Maruti,Wagon R Vxi Bs Iv,13,0,4823.076923076923,0.06717434869739479
Mombasa,2008,90000,Petrol,Automatic,First,10.2,2354.0,180.0,5.0,962000.0,Honda,Accord 2.4 Elegance A/T,18,0,5000.0,0.07646559048428207
Nakuru,2016,36000,Petrol,Automatic,First,16.8,1497.0,118.0,5.0,1398599.9999999998,Honda,City 1.5 S At,10,0,3600.0,0.0788243152972612
Nairobi,2016,46000,Diesel,Manual,First,27.39,1248.0,74.0,5.0,999000.0,Maruti,Baleno Alpha 1.3,10,0,4600.0,0.05929487179487179
Naivasha,2017,73003,Diesel,Manual,First,26.0,1498.0,98.6,5.0,1147000.0,Honda,City I Dtec V,9,0,8111.444444444444,0.06582109479305741
Mombasa,2014,46566,Diesel,Manual,First,22.54,1396.0,88.76,5.0,651200.0000000001,Hyundai,I20 Era 1.4 Crdi,12,0,3880.5,0.06358166189111748
Nyeri,2015,41493,Diesel,Automatic,First,13.0,2987.0,265.0,5.0,6216000.0,Mercedes-Benz,E-Class 2015-2017 E350 Edition E,11,1,3772.090909090909,0.08871777703381319
Mombasa,2014,103788,Diesel,Manual,First,19.01,1461.0,108.5,5.0,839160.0,Nissan,Terrano Xv 110 Ps,12,0,8649.0,0.07426420260095824
Nakuru,2016,45000,Diesel,Automatic,First,19.6,1461.0,108.45,5.0,1702000.0,Renault,Duster 110Ps Diesel Rxz Amt,10,0,4500.0,0.0742299794661191
Eldoret,2009,120000,Petrol,Manual,First,18.9,998.0,67.1,5.0,250120.0,Maruti,Wagon R Lxi Minor,17,0,7058.823529411765,0.06723446893787574
Nyeri,2009,97359,Diesel,Manual,Second,17.1,1493.0,110.0,5.0,266400.0,Hyundai,Getz 1.5 Crdi Gvs,17,0,5727.0,0.07367716008037509
Nairobi,2016,62000,Petrol,Manual,First,18.5,1197.0,85.8,5.0,473600.0,Maruti,Ritz Lxi,10,0,6200.0,0.07167919799498747
Eldoret,2004,115000,Petrol,Manual,Second,0.0,1493.0,97.7,5.0,222000.0,Honda,City 1.5 Gxi,22,0,5227.272727272727,0.06543871399866041
Mombasa,2019,18373,Diesel,Automatic,First,22.48,1995.0,187.74,5.0,6787280.0,Bmw,5 Series 520D Sport Line,7,0,2624.714285714286,0.09410526315789475
Kisumu,2016,60453,Petrol,Manual,First,16.47,1198.0,74.0,5.0,754799.9999999999,Volkswagen,Polo 1.2 Mpi Highline,10,0,6045.3,0.06176961602671119
Eldoret,2013,37000,Diesel,Manual,First,17.8,1248.0,97.7,5.0,717799.9999999999,Maruti,Swift Vdi Bsiv,13,0,2846.153846153846,0.07828525641025641
Nairobi,2010,69009,Petrol,Manual,Second,15.6,1196.0,70.0,5.0,355200.0,Ford,Figo Petrol Zxi,16,0,4313.0625,0.05852842809364549
Kisumu,2013,30000,Diesel,Automatic,First,18.88,1995.0,184.0,5.0,3256000.0,Bmw,3 Series 320D Luxury Line,13,0,2307.6923076923076,0.09223057644110276
Nairobi,2012,70707,Diesel,Manual,First,22.32,1582.0,126.32,5.0,633440.0,Hyundai,Verna 1.6 Sx Crdi (O),14,0,5050.5,0.07984829329962073
Naivasha,2015,64677,Diesel,Manual,First,20.45,1461.0,83.8,5.0,839160.0,Renault,Duster 85Ps Diesel Rxl,11,0,5879.727272727273,0.05735797399041752
Nakuru,2018,3000,Petrol,Automatic,First,18.9,1197.0,81.86,5.0,917600.0,Hyundai,Grand I10 1.2 Kappa Magna At,8,0,375.0,0.0683876357560568
Nakuru,2013,49000,Diesel,Automatic,Second,17.05,1995.0,184.0,5.0,2144520.0,Bmw,X1 Sdrive20D,13,0,3769.230769230769,0.09223057644110276
Eldoret,2010,71000,Diesel,Manual,First,21.1,1248.0,73.9,5.0,444000.0,Maruti,Ritz Vdi,16,0,4437.5,0.059214743589743594
Nyeri,2010,52000,Petrol,Manual,Second,19.81,1086.0,68.05,5.0,333000.0,Hyundai,I10 Era 1.1 Itech Se,16,0,3250.0,0.06266114180478821
Mombasa,2016,35659,Diesel,Automatic,First,15.97,2993.0,258.0,7.0,6479440.0,Bmw,X5 2014-2019 Xdrive 30D Design Pure Experience 7 Seater,10,0,3565.9,0.08620113598396258
Mombasa,2019,5377,Petrol,Manual,First,16.8,1497.0,116.3,5.0,1694600.0,Honda,City V Mt Exclusive,7,0,768.1428571428571,0.07768871075484302
Nairobi,2014,65000,Diesel,Automatic,First,11.18,2696.0,184.0,7.0,1554000.0,Mahindra,Ssangyong Rexton Rx7,12,0,5416.666666666667,0.06824925816023739
Naivasha,2015,92708,Diesel,Manual,First,22.7,1498.0,89.84,5.0,1107040.0,Ford,Ecosport 1.5 Dv5 Mt Titanium Optional,11,0,8428.0,0.05997329773030708
Naivasha,2010,48105,Petrol,Manual,First,19.7,796.0,46.3,5.0,458800.0,Maruti,Alto Lxi,16,0,3006.5625,0.05816582914572864
Nairobi,2011,46759,Petrol,Manual,First,16.47,1198.0,74.0,5.0,377399.99999999994,Volkswagen,Polo 1.2 Mpi Highline,15,0,3117.266666666667,0.06176961602671119
Nyeri,2013,62000,Diesel,Manual,First,22.07,1199.0,73.9,5.0,518000.0,Volkswagen,Polo Diesel Comfortline 1.2L,13,0,4769.2307692307695,0.06163469557964971
Kisumu,2012,35175,Diesel,Manual,First,22.07,1199.0,73.9,5.0,383320.0,Volkswagen,Polo Diesel Highline 1.2L,14,0,2512.5,0.06163469557964971
Kisumu,2013,70000,Diesel,Manual,First,20.77,1248.0,88.8,7.0,806600.0,Maruti,Ertiga Zdi,13,0,5384.615384615385,0.07115384615384615
Kisumu,2017,30000,Diesel,Manual,First,22.77,1498.0,98.59,5.0,888000.0,Ford,Ecosport 1.5 Tdci Ambiente,9,0,3333.3333333333335,0.06581441922563418
Kisumu,2016,66618,Diesel,Automatic,First,11.36,2755.0,171.5,7.0,2292520.0,Toyota,Innova Crysta 2.8 Zx At,10,0,6661.8,0.062250453720508164
Nairobi,2010,69300,Petrol,Automatic,Second,10.8,2497.0,150.0,5.0,1850000.0,Bmw,5 Series 523I Sedan,16,0,4331.25,0.060072086503804564
Kisumu,2017,148000,Diesel,Manual,First,23.4,1248.0,74.0,5.0,703000.0,Maruti,Swift Dzire Tour Ldi,9,0,16444.444444444445,0.05929487179487179
Nairobi,2017,22000,Petrol,Manual,First,18.88,999.0,123.24,5.0,1161800.0,Ford,Ecosport 1.0 Ecoboost Platinum Edition,9,0,2444.4444444444443,0.12336336336336336
Thika,2013,75000,Diesel,Manual,First,16.8,1493.0,110.0,5.0,888000.0,Hyundai,Verna Crdi Sx,13,0,5769.2307692307695,0.07367716008037509
Nairobi,2016,43706,Petrol,Manual,First,17.57,1193.0,88.7,5.0,592000.0,Tata,Zest Revotron 1.2T Xm,10,0,4370.6,0.07435037720033529
Nairobi,2011,42000,Diesel,Automatic,First,14.4,2967.0,241.4,5.0,4255000.0,Audi,A7 2011-2015 3.0 Tdi Quattro,15,1,2800.0,0.08136164475901585
Eldoret,2012,65000,Diesel,Manual,First,22.3,1248.0,74.0,5.0,370000.0,Tata,Indica Vista Quadrajet Vx,14,0,4642.857142857143,0.05929487179487179
Nairobi,2015,76128,Diesel,Manual,First,26.59,1248.0,74.0,5.0,814000.0,Maruti,Swift Dzire Vdi,11,0,6920.727272727273,0.05929487179487179
Kisumu,2010,39852,Petrol,Manual,First,16.0,1368.0,90.0,5.0,235320.0,Fiat,Linea Emotion,16,0,2490.75,0.06578947368421052
Nairobi,2017,18673,Petrol,Manual,First,18.6,1197.0,81.83,5.0,920560.0,Hyundai,I20 1.2 Spotz,9,0,2074.777777777778,0.06836257309941521
Kisumu,2016,11583,Petrol,Manual,First,21.1,814.0,55.2,5.0,407000.0,Hyundai,Eon Era Plus,10,0,1158.3,0.06781326781326781
Mombasa,2007,82000,Petrol,Manual,Second,0.0,1086.0,97.7,5.0,199800.0,Hyundai,Santro Xing Xl,19,0,4315.789473684211,0.08996316758747698
Eldoret,2017,50000,Diesel,Automatic,First,17.9,2143.0,136.0,5.0,3700000.0,Mercedes-Benz,Gla Class 200 Cdi Sport,9,1,5555.555555555556,0.06346243583761083
Nairobi,2014,77000,Petrol,Manual,First,23.1,998.0,67.04,5.0,414400.0,Maruti,Celerio Vxi,12,0,6416.666666666667,0.06717434869739479
Nairobi,2014,54890,Petrol,Manual,Second,17.8,1199.0,76.8,5.0,362600.00000000006,Chevrolet,Beat Lt,12,0,4574.166666666667,0.0640533778148457
Eldoret,2016,21000,Petrol,Automatic,First,19.0,1199.0,88.7,5.0,939800.0,Honda,Jazz 1.2 V At I Vtec Privilege,10,0,2100.0,0.07397831526271893
Nairobi,2009,58557,Diesel,Automatic,Third,16.07,1995.0,181.0,5.0,1184000.0,Bmw,3 Series 320D Highline,17,0,3444.529411764706,0.09072681704260652
Nakuru,2014,70000,Diesel,Manual,First,19.01,1461.0,108.45,5.0,1221000.0,Renault,Duster 110Ps Diesel Rxl,12,0,5833.333333333333,0.0742299794661191
Nairobi,2017,16000,Petrol,Automatic,First,17.01,1499.0,110.4,5.0,880600.0,Ford,Figo 2015-2019 1.5P Titanium At,9,0,1777.7777777777778,0.07364909939959974
Mombasa,2018,8899,Diesel,Manual,First,13.68,2393.0,147.8,7.0,2948160.0000000005,Toyota,Innova Crysta 2.4 Vx Mt,8,0,1112.375,0.06176347680735479
Mombasa,2016,83629,Diesel,Manual,First,25.44,936.0,56.3,5.0,466200.0,Chevrolet,Beat Diesel Ls,10,0,8362.9,0.060149572649572644
Mombasa,2014,35059,Petrol,Automatic,First,17.21,1798.0,189.0,4.0,851000.0,Volkswagen,Polo Gti,12,0,2921.5833333333335,0.10511679644048944
Mombasa,2018,30552,Diesel,Automatic,First,10.91,3198.0,197.2,7.0,4801120.0,Ford,Endeavour 3.2 Trend At 4X4,8,0,3819.0,0.0616635397123202
Mombasa,2016,44875,Diesel,Automatic,Second,22.32,1582.0,126.32,5.0,1185480.0,Hyundai,Verna 1.6 Sx Crdi (O) At,10,0,4487.5,0.07984829329962073
Naivasha,2017,25095,Petrol,Manual,First,18.16,1196.0,86.8,5.0,959040.0,Ford,Figo 2015-2019 1.2P Titanium Opt Mt,9,0,2788.3333333333335,0.0725752508361204
Nyeri,2007,59000,Petrol,Manual,First,16.1,796.0,37.0,4.0,111000.0,Maruti,800 Ac,19,0,3105.2631578947367,0.04648241206030151
Kisumu,2014,36000,Diesel,Manual,First,26.0,1498.0,98.6,5.0,740000.0,Honda,City I Dtec V,12,0,3000.0,0.06582109479305741
Nairobi,2012,37000,Diesel,Manual,First,16.0,2179.0,140.0,7.0,1147000.0,Mahindra,Xuv500 W8 2Wd,14,0,2642.8571428571427,0.06424965580541533
Mombasa,2010,90000,Diesel,Manual,First,20.0,1399.0,68.0,5.0,384800.0,Ford,Figo Diesel Zxi,16,0,5625.0,0.04860614724803431
Eldoret,2018,17000,Petrol,Manual,First,17.0,1497.0,121.36,5.0,1361599.9999999998,Ford,Ecosport 1.5 Petrol Titanium,8,0,2125.0,0.08106880427521711
Nairobi,2015,42575,Petrol,Manual,First,18.6,1197.0,81.83,5.0,747400.0,Hyundai,I20 Asta 1.2,11,0,3870.4545454545455,0.06836257309941521
Kisumu,2012,131000,Diesel,Manual,First,12.99,2494.0,100.0,7.0,1420800.0,Toyota,Innova 2.5 G (Diesel) 7 Seater Bs Iv,14,0,9357.142857142857,0.040096230954290296
Nairobi,2013,74000,Diesel,Manual,First,20.46,1461.0,83.8,5.0,814000.0,Renault,Duster 85Ps Diesel Rxl Optional,13,0,5692.307692307692,0.05735797399041752
Nairobi,2013,47234,Diesel,Manual,First,12.99,2494.0,100.6,8.0,1383800.0,Toyota,Innova 2.5 Vx (Diesel) 8 Seater,13,0,3633.3846153846152,0.04033680834001604
Nairobi,2009,231673,Petrol,Manual,First,17.0,1497.0,118.0,5.0,384800.0,Honda,City 1.5 S Mt,17,0,13627.823529411764,0.0788243152972612
Kisumu,2016,10000,Petrol,Manual,First,24.07,998.0,67.1,5.0,518000.0,Maruti,Alto K10 Vxi,10,0,1000.0,0.06723446893787574
Mombasa,2016,49389,Petrol,Manual,First,19.49,1198.0,67.04,5.0,630480.0,Nissan,Micra Active Xl Petrol,10,0,4938.9,0.05595993322203673
Mombasa,2016,12000,Petrol,Automatic,Second,23.1,998.0,67.04,5.0,629000.0,Maruti,Celerio Vxi At,10,0,1200.0,0.06717434869739479
Kisumu,2010,65000,Petrol,Manual,Second,11.7,1796.0,178.0,5.0,1739000.0,Mercedes-Benz,New C-Class 200 Kompressor,16,1,4062.5,0.09910913140311804
Mombasa,2013,177000,Diesel,Manual,First,23.5,1498.0,88.7,5.0,518000.0,Ford,Fiesta Diesel Style,13,0,13615.384615384615,0.05921228304405875
Nyeri,2015,89000,Petrol,Manual,First,17.01,1591.0,121.3,5.0,1110000.0,Hyundai,Verna 1.6 Vtvt S,11,0,8090.909090909091,0.07624135763670647
Mombasa,2009,72000,Petrol,Automatic,Third,15.0,1396.0,100.0,5.0,481000.0,Hyundai,I20 1.4 Asta (At),17,0,4235.294117647059,0.07163323782234957
Mombasa,2012,49000,Petrol,Manual,First,17.5,1298.0,85.8,5.0,725200.0000000001,Maruti,Swift Dzire Vxi,14,0,3500.0,0.06610169491525424
Kisumu,2014,51355,Diesel,Automatic,First,14.84,2143.0,170.0,5.0,3996000.0,Mercedes-Benz,New C-Class C 220Cdibe Avantgarde Command,12,1,4279.583333333333,0.07932804479701354
Mombasa,2017,13460,Petrol,Manual,First,18.6,1197.0,81.86,5.0,1318680.0,Hyundai,Elite I20 Petrol Asta,9,0,1495.5555555555557,0.0683876357560568
Mombasa,2014,35642,Petrol,Automatic,First,17.01,1591.0,121.4,5.0,990120.0,Hyundai,Verna 1.6 Vtvt Ex At,12,0,2970.1666666666665,0.07630421118793212
Mombasa,2014,52895,Diesel,Manual,First,17.3,1998.0,163.7,5.0,890960.0,Chevrolet,Cruze Ltz,12,0,4407.916666666667,0.08193193193193192
Nairobi,2010,93000,Petrol,Manual,First,14.28,1798.0,138.03,5.0,666000.0,Toyota,Corolla Altis 1.8 G,16,0,5812.5,0.0767686318131257
Eldoret,2011,70000,Petrol,Manual,First,19.0,998.0,66.1,5.0,296000.0,Maruti,A-Star Vxi,15,0,4666.666666666667,0.06623246492985971
Kisumu,2012,32048,Diesel,Manual,First,23.08,1461.0,63.1,5.0,355200.0,Nissan,Micra Diesel Xv Premium,14,0,2289.1428571428573,0.0431895961670089
Eldoret,2013,4700,Petrol,Manual,First,25.4,624.0,37.48,4.0,177600.0,Tata,Nano Lx,13,0,361.53846153846155,0.06006410256410256
Nairobi,2014,71800,Diesel,Manual,First,23.4,1248.0,74.0,5.0,429200.0,Maruti,Swift Dzire Tour Ldi,12,0,5983.333333333333,0.05929487179487179
Naivasha,2008,69078,Petrol,Manual,First,0.0,1493.0,97.7,5.0,6050240.000000001,Land,Rover Range Rover Sport 2005 2012 Sport,18,1,3837.6666666666665,0.06543871399866041
Thika,2016,45000,Diesel,Automatic,First,17.32,1968.0,184.0,5.0,3996000.0,Audi,Q3 2.0 Tdi Quattro,10,1,4500.0,0.09349593495934959
Mombasa,2016,15388,Diesel,Manual,First,25.8,1498.0,98.6,5.0,1110000.0,Honda,Amaze Vx I-Dtec,10,0,1538.8,0.06582109479305741
Nairobi,2004,98798,Petrol,Manual,First,14.7,1599.0,104.0,5.0,222000.0,Chevrolet,Optra 1.6 Ls,22,0,4490.818181818182,0.06504065040650407
Kisumu,2016,43000,Diesel,Automatic,First,14.16,1968.0,174.3,5.0,5846000.0,Audi,Q5 2.0 Tdi Premium Plus,10,1,4300.0,0.08856707317073172
Kisumu,2012,85112,Diesel,Manual,First,23.2,1248.0,73.94,5.0,501720.0,Maruti,Ritz Vdi,14,0,6079.428571428572,0.05924679487179487
Mombasa,2018,37804,Diesel,Manual,First,15.4,2179.0,120.0,7.0,1835200.0,Mahindra,Scorpio S6 7 Seater,8,0,4725.5,0.05507113354749885
Mombasa,2014,45000,Diesel,Manual,First,28.09,1248.0,88.5,5.0,1013800.0,Maruti,Ciaz Zdi Shvs,12,0,3750.0,0.07091346153846154
Eldoret,2011,116000,Diesel,Manual,Second,21.43,1364.0,138.0,5.0,851000.0,Toyota,Corolla Altis Aero D 4D J,15,0,7733.333333333333,0.10117302052785923
Mombasa,2015,100073,Diesel,Manual,Second,25.0,1396.0,69.0,5.0,296000.0,Tata,Indica V2 Els,11,0,9097.545454545454,0.0494269340974212
Nyeri,2006,165000,Petrol,Manual,First,16.1,796.0,37.0,4.0,133200.0,Maruti,800 Std Bsiii,20,0,8250.0,0.04648241206030151
Kisumu,2015,22000,Petrol,Manual,First,16.47,1198.0,74.0,5.0,562400.0,Volkswagen,Polo 1.2 Mpi Highline,11,0,2000.0,0.06176961602671119
Nairobi,2017,9500,Petrol,Automatic,First,14.62,1999.0,149.92,5.0,2419800.0000000005,Hyundai,Elantra 2.0 Sx Option At,9,0,1055.5555555555557,0.07499749874937468
Kisumu,2012,152000,Diesel,Automatic,First,11.5,2982.0,169.0,7.0,2442000.0,Toyota,Fortuner 4X2 4 Speed At,14,0,10857.142857142857,0.05667337357478203
Naivasha,2019,17705,Petrol,Manual,First,21.4,1197.0,83.1,5.0,1287599.9999999998,Maruti,Baleno Zeta 1.2,7,0,2529.285714285714,0.06942355889724311
Nairobi,2016,12000,Petrol,Manual,First,21.4,1197.0,83.1,5.0,902800.0,Maruti,Baleno Zeta 1.2,10,0,1200.0,0.06942355889724311
Kisumu,2013,51000,Diesel,Automatic,First,23.8,1998.0,112.0,5.0,3247120.0,Mini,Cooper Countryman D,13,0,3923.076923076923,0.056056056056056056
Mombasa,2009,42000,Diesel,Automatic,Second,13.0,2987.0,210.0,5.0,3256000.0,Mercedes-Benz,S Class 2005 2013 320 Cdi,17,1,2470.5882352941176,0.07030465349849348
Nairobi,2015,51000,Petrol,Manual,First,20.92,998.0,67.1,5.0,392200.0,Maruti,Alto K10 Lxi,11,0,4636.363636363636,0.06723446893787574
Mombasa,2017,42527,Petrol,Manual,First,20.4,1197.0,81.8,5.0,779960.0,Maruti,Swift Vxi Optional,9,0,4725.222222222223,0.0683375104427736
Kisumu,2014,45000,Diesel,Manual,First,22.1,1248.0,74.0,5.0,367040.0,Chevrolet,Sail Lt Abs,12,0,3750.0,0.05929487179487179
Kisumu,2011,70000,Diesel,Manual,First,12.8,2494.0,102.0,8.0,888000.0,Toyota,Innova 2.5 G (Diesel) 8 Seater Bs Iv,15,0,4666.666666666667,0.0408981555733761
Nairobi,2009,92000,Diesel,Manual,First,11.5,2982.0,171.0,7.0,1317200.0,Toyota,Fortuner 3.0 Diesel,17,0,5411.764705882353,0.05734406438631791
Kisumu,2012,57156,Diesel,Automatic,Second,18.88,1995.0,184.0,5.0,2664000.0,Bmw,3 Series 320D Sport Line,14,0,4082.5714285714284,0.09223057644110276
Naivasha,2016,53211,Petrol,Manual,First,16.8,1395.0,138.02,5.0,1722720.0,Skoda,Octavia Ambition 1.4 Tsi Mt,10,0,5321.1,0.09893906810035843
Kisumu,2019,80000,Diesel,Manual,First,11.5,2982.0,171.0,7.0,1330520.0,Toyota,Fortuner 3.0 Diesel,7,0,11428.57142857143,0.05734406438631791
Nakuru,2009,74000,Diesel,Automatic,First,15.5,1896.0,105.0,5.0,777000.0,Volkswagen,Jetta 2007-2011 1.9 Highline Tdi,17,0,4352.941176470588,0.055379746835443035
Kisumu,2011,37000,Diesel,Manual,First,23.0,1396.0,90.0,5.0,436600.0,Hyundai,I20 1.4 Crdi Asta,15,0,2466.6666666666665,0.06446991404011461
Nairobi,2013,64000,Diesel,Manual,Second,21.02,1248.0,88.76,5.0,392200.0,Tata,Manza Club Class Quadrajet90 Lx,13,0,4923.076923076923,0.07112179487179487
Eldoret,2013,57197,Petrol,Manual,First,15.04,1598.0,103.6,5.0,592000.0,Volkswagen,Vento Petrol Highline,13,0,4399.7692307692305,0.06483103879849812
Mombasa,2016,55000,Diesel,Automatic,First,17.6,1582.0,126.2,5.0,1850000.0,Hyundai,Creta 1.6 Sx Automatic Diesel,10,0,5500.0,0.0797724399494311
Nairobi,2014,33000,Petrol,Manual,First,21.1,1197.0,85.8,5.0,481000.0,Maruti,Ritz Vxi,12,0,2750.0,0.07167919799498747
Nairobi,2008,70000,Petrol,Manual,First,13.1,1997.0,141.1,5.0,592000.0,Honda,Cr-V 2.0L 2Wd Mt,18,0,3888.8888888888887,0.07065598397596394
Nairobi,2012,75000,Diesel,Manual,Second,15.1,2179.0,140.0,7.0,925000.0,Mahindra,Xuv500 W8 2Wd,14,0,5357.142857142857,0.06424965580541533
Nyeri,2016,58095,Diesel,Manual,First,21.66,1498.0,108.62,5.0,858400.0,Volkswagen,Ameo 1.5 Tdi Comfortline,10,0,5809.5,0.07251001335113486
Kisumu,2015,7445,Petrol,Manual,First,17.57,1193.0,88.7,5.0,740000.0,Tata,Zest Revotron 1.2 Xt,11,0,676.8181818181819,0.07435037720033529
Mombasa,2016,17652,Diesel,Automatic,First,12.9,2993.0,270.88,5.0,8692040.0,Jaguar,Xj 3.0L Portfolio Lwb,10,1,1765.2,0.0905045105245573
Mombasa,2018,28321,Petrol,Automatic,First,14.28,1798.0,138.03,5.0,2588519.9999999995,Toyota,Corolla Altis 1.8 Vl Cvt,8,0,3540.125,0.0767686318131257
Eldoret,2011,69000,Petrol,Manual,Second,19.0,998.0,66.1,5.0,288600.0,Maruti,A-Star Vxi,15,0,4600.0,0.06623246492985971
Nairobi,2007,80000,Petrol,Automatic,First,11.1,2354.0,142.0,5.0,444000.0,Honda,Accord Vti-L (At),19,0,4210.526315789473,0.06032285471537808
Nairobi,2014,42365,Petrol,Manual,First,17.0,1197.0,80.0,5.0,814000.0,Hyundai,I20 Asta (O),12,0,3530.4166666666665,0.06683375104427736
Nairobi,2013,123000,Diesel,Automatic,First,12.55,2982.0,168.5,7.0,2442000.0,Toyota,Fortuner 4X2 At,13,0,9461.538461538461,0.05650570087189805
Nairobi,2011,40000,Petrol,Automatic,Second,11.74,1796.0,186.0,5.0,2146000.0,Mercedes-Benz,New C-Class C 200 Cgi Avantgarde,15,1,2666.6666666666665,0.10356347438752785
Kisumu,2016,30112,Diesel,Manual,First,27.39,1248.0,74.0,5.0,1152920.0,Maruti,Baleno Alpha 1.3,10,0,3011.2,0.05929487179487179
Mombasa,2017,43775,Diesel,Manual,First,20.77,1248.0,88.76,7.0,1223960.0,Maruti,Ertiga Vdi,9,0,4863.888888888889,0.07112179487179487
Mombasa,2019,26013,Diesel,Automatic,First,12.65,2993.0,255.0,5.0,14366360.0,Land,Rover Range Rover Sport Se,7,1,3716.1428571428573,0.08519879719345139
Nairobi,2012,56000,Petrol,Manual,First,12.9,1598.0,102.5,5.0,318200.0,Chevrolet,Optra Magnum 1.6 Lt Abs Bs3,14,0,4000.0,0.06414267834793493
Kisumu,2008,95000,Petrol,Automatic,Second,12.9,1799.0,130.0,5.0,444000.0,Honda,Civic 2006-2010 1.8 V At,18,0,5277.777777777777,0.07226236798221233
Naivasha,2014,41089,Diesel,Automatic,First,16.09,1995.0,184.0,5.0,4260920.0,Bmw,X3 Xdrive20D,12,0,3424.0833333333335,0.09223057644110276
Nairobi,2011,41988,Diesel,Automatic,First,20.0,1968.0,138.1,5.0,806600.0,Skoda,Laura Ambition 2.0 Tdi Cr At,15,0,2799.2,0.07017276422764228
Nairobi,2013,72486,Diesel,Manual,First,23.4,1248.0,74.0,5.0,584600.0,Maruti,Swift Dzire Vdi,13,0,5575.846153846154,0.05929487179487179
Eldoret,2013,92000,Diesel,Automatic,First,23.3,1984.0,150.0,5.0,2368000.0,Volvo,V40 Cross Country D3,13,1,7076.923076923077,0.07560483870967742
Nairobi,2013,40000,Petrol,Manual,First,17.5,1298.0,85.8,5.0,629000.0,Maruti,Swift Dzire Zxi,13,0,3076.923076923077,0.06610169491525424
Nakuru,2014,56000,Diesel,Automatic,First,12.7,2179.0,187.7,5.0,5106000.0,Land,Rover Range Rover 2.2L Pure,12,1,4666.666666666667,0.08614043139054611
Nairobi,2008,125000,Petrol,Automatic,Third,11.7,2354.0,177.6,5.0,384800.0,Honda,Accord 2.4 At,18,0,6944.444444444444,0.07544604927782497
Mombasa,2017,29219,Diesel,Manual,First,12.99,2494.0,100.6,8.0,1995040.0,Toyota,Innova 2.5 G (Diesel) 8 Seater,9,0,3246.5555555555557,0.04033680834001604
Kisumu,2018,39927,Diesel,Manual,First,12.55,2982.0,168.5,7.0,4750800.0,Toyota,Fortuner 4X4 Mt,8,0,4990.875,0.05650570087189805
Mombasa,2018,38593,Petrol,Manual,First,18.7,1199.0,88.7,5.0,913160.0,Honda,Jazz 1.2 E I Vtec,8,0,4824.125,0.07397831526271893
Kisumu,2015,32000,Petrol,Manual,First,17.0,1497.0,118.0,5.0,814000.0,Honda,City 1.5 V Mt,11,0,2909.090909090909,0.0788243152972612
Kisumu,2017,28226,Diesel,Automatic,First,28.4,1248.0,73.75,5.0,1354200.0,Maruti,Dzire Amt Zdi Plus,9,0,3136.222222222222,0.05909455128205128
Eldoret,2014,95000,Diesel,Manual,First,21.64,1461.0,84.8,5.0,666000.0,Nissan,Sunny 2011-2014 Diesel Xl,12,0,7916.666666666667,0.05804243668720054
Mombasa,2014,194000,Diesel,Manual,First,12.99,2494.0,100.6,8.0,1554000.0,Toyota,Innova 2.5 G (Diesel) 8 Seater,12,0,16166.666666666666,0.04033680834001604
Naivasha,2016,14821,Petrol,Manual,First,19.4,1198.0,86.8,5.0,794760.0,Honda,Brio S Mt,10,0,1482.1,0.07245409015025041
Nakuru,2012,52000,Petrol,Manual,First,15.04,1598.0,103.6,5.0,806600.0,Volkswagen,Vento Petrol Trendline,14,0,3714.285714285714,0.06483103879849812
Nairobi,2016,33000,Diesel,Manual,First,16.0,2179.0,140.0,7.0,1369000.0,Mahindra,Xuv500 W4,10,0,3300.0,0.06424965580541533
Mombasa,2016,29200,Diesel,Manual,First,23.0,1498.0,98.96,5.0,1139600.0,Ford,Ecosport 1.5 Diesel Titanium Plus,10,0,2920.0,0.06606141522029373
Kisumu,2012,99754,Diesel,Manual,First,17.72,1968.0,108.49,5.0,1182520.0,Skoda,Yeti Ambition 4X2,14,0,7125.285714285715,0.0551270325203252
Mombasa,2012,49000,Petrol,Manual,First,20.36,1197.0,78.9,5.0,444000.0,Hyundai,I10 Sportz,14,0,3500.0,0.06591478696741855
Kisumu,2005,299322,Diesel,Manual,First,12.8,2494.0,102.0,8.0,592000.0,Toyota,Innova 2.5 G (Diesel) 8 Seater Bs Iv,21,0,14253.42857142857,0.0408981555733761
Naivasha,2018,38310,Diesel,Manual,First,20.65,1248.0,88.7,5.0,990120.0,Tata,Zest Quadrajet 1.3 Xt,8,0,4788.75,0.07107371794871795
Nairobi,2014,56000,Diesel,Manual,First,22.9,1248.0,74.0,5.0,629000.0,Maruti,Swift Vdi,12,0,4666.666666666667,0.05929487179487179
Kisumu,2017,31300,Diesel,Automatic,First,21.72,1498.0,108.4,5.0,1554000.0,Skoda,Rapid 1.5 Tdi At Style,9,0,3477.777777777778,0.07236315086782377
Naivasha,2019,11241,Diesel,Manual,First,13.68,2393.0,147.8,8.0,3337400.0,Toyota,Innova Crysta 2.4 Vx Mt 8S,7,0,1605.857142857143,0.06176347680735479
Eldoret,2014,48000,Petrol,Manual,Second,17.01,1591.0,121.3,5.0,769600.0,Hyundai,Verna 1.6 Sx Vtvt,12,0,4000.0,0.07624135763670647
Naivasha,2019,23882,Petrol,Manual,First,17.4,1497.0,117.3,5.0,1756760.0,Honda,City I Vtec Vx Option,7,0,3411.714285714286,0.0783567134268537
Kisumu,2014,65000,Diesel,Manual,First,26.0,1498.0,98.6,5.0,1034520.0,Honda,City I Dtec Sv,12,0,5416.666666666667,0.06582109479305741
Nyeri,2011,50000,Diesel,Manual,First,20.54,1598.0,103.6,5.0,740000.0,Volkswagen,Vento Diesel Highline,15,0,3333.3333333333335,0.06483103879849812
Mombasa,2014,25000,Diesel,Automatic,First,12.19,2967.0,236.0,5.0,6512000.0,Audi,Q5 2008-2012 3.0 Tdi,12,1,2083.3333333333335,0.07954162453656892
Mombasa,2015,21000,Petrol,Manual,First,22.74,796.0,47.3,5.0,412920.0,Maruti,Alto 800 Lxi,11,0,1909.090909090909,0.059422110552763814
Eldoret,2012,148000,Diesel,Manual,Second,21.12,1248.0,88.8,5.0,429200.0,Tata,Manza Elan Quadrajet Bs Iv,14,0,10571.42857142857,0.07115384615384615
Nairobi,2016,68000,Petrol,Manual,First,15.29,1591.0,121.3,5.0,1457800.0,Hyundai,Creta 1.6 Sx Plus Dual Tone Petrol,10,0,6800.0,0.07624135763670647
Nakuru,2014,52000,Diesel,Automatic,First,12.0,2987.0,224.0,7.0,7252000.0,Mercedes-Benz,Gl-Class 2007 2012 350 Cdi Luxury,12,1,4333.333333333333,0.07499163039839303
Nyeri,2016,19000,Diesel,Manual,First,16.55,2498.0,105.0,6.0,1369000.0,Mahindra,Thar Crde,10,0,1900.0,0.042033626901521216
Nairobi,2011,74000,Diesel,Manual,Second,22.32,1582.0,126.3,5.0,555000.0,Hyundai,Verna 1.6 Crdi,15,0,4933.333333333333,0.07983565107458912
Naivasha,2017,30279,Diesel,Manual,First,26.1,1498.0,99.0,5.0,1078920.0,Ford,Aspire Titanium Diesel,9,0,3364.3333333333335,0.06608811748998665
Nairobi,2016,20000,Diesel,Automatic,First,20.7,1496.0,113.98,4.0,3478000.0,Mini,Cooper 3 Door D,10,0,2000.0,0.07618983957219251
Kisumu,2013,34834,Petrol,Manual,First,14.0,796.0,35.0,5.0,384800.0,Maruti,Omni 8 Seater Bsiv,13,0,2679.5384615384614,0.04396984924623116
Eldoret,2015,90000,Diesel,Manual,Second,21.03,1461.0,65.0,5.0,458800.0,Mahindra,Verito 1.5 D4 Bsiv,11,0,8181.818181818182,0.044490075290896644
Naivasha,2016,38730,Diesel,Automatic,First,14.21,2143.0,203.0,5.0,4437040.0,Mercedes-Benz,E-Class 2009-2013 E250 Cdi Elegance,10,1,3873.0,0.09472701819878675
Mombasa,2016,57390,Diesel,Manual,First,19.01,1461.0,108.45,5.0,996040.0,Renault,Duster 110Ps Diesel Rxz,10,0,5739.0,0.0742299794661191
Kisumu,2016,100000,Diesel,Manual,First,23.4,1248.0,74.0,5.0,518000.0,Maruti,Swift Dzire Tour Ldi,10,0,10000.0,0.05929487179487179
Kisumu,2011,50000,Petrol,Manual,First,16.47,1198.0,73.9,5.0,347800.0,Volkswagen,Polo Petrol Highline 1.2L,15,0,3333.3333333333335,0.06168614357262104
Naivasha,2017,64961,Diesel,Manual,First,16.0,2179.0,140.0,7.0,2387240.0,Mahindra,Xuv500 W10 2Wd,9,0,7217.888888888889,0.06424965580541533
Naivasha,2014,72465,Petrol,Manual,First,16.47,1198.0,74.0,5.0,873200.0,Volkswagen,Polo 1.2 Mpi Highline,12,0,6038.75,0.06176961602671119
Kisumu,2012,68776,Petrol,Manual,First,21.1,1197.0,85.8,5.0,577200.0,Maruti,Ritz Vxi,14,0,4912.571428571428,0.07167919799498747
Eldoret,2005,150000,Petrol,Manual,First,14.7,1598.0,97.7,5.0,222000.0,Chevrolet,Optra 1.6 Elite,21,0,7142.857142857143,0.06113892365456821
Nairobi,2012,68000,Diesel,Manual,First,12.8,2494.0,102.0,7.0,1028600.0,Toyota,Innova 2.5 Gx 7 Str Bsiv,14,0,4857.142857142857,0.0408981555733761
Nairobi,2015,33000,Diesel,Manual,First,26.0,1498.0,98.6,5.0,1036000.0,Honda,City I Dtec Sv,11,0,3000.0,0.06582109479305741
Naivasha,2017,22389,Petrol,Manual,First,17.0,1198.0,73.75,5.0,1070040.0,Volkswagen,Ameo 1.2 Mpi Highline,9,0,2487.6666666666665,0.061560934891485806
Nairobi,2012,90000,Diesel,Manual,First,21.5,1248.0,88.8,5.0,563880.0,Maruti,Sx4 Zdi Leather,14,0,6428.571428571428,0.07115384615384615
Mombasa,2012,42000,Petrol,Manual,Third,18.6,1197.0,85.8,5.0,666000.0,Maruti,Swift Zxi,14,0,3000.0,0.07167919799498747
Eldoret,2017,38767,Diesel,Manual,First,19.67,1582.0,126.2,5.0,1864800.0,Hyundai,Creta 1.6 Crdi Sx,9,0,4307.444444444444,0.0797724399494311
Nakuru,2015,21000,Diesel,Automatic,First,12.07,2967.0,241.4,7.0,7104000.0,Audi,Q7 35 Tdi Quattro Technology,11,1,1909.090909090909,0.08136164475901585
Naivasha,2010,59136,Petrol,Manual,First,19.7,796.0,46.3,5.0,438080.0,Maruti,Alto Lxi Bsiii,16,0,3696.0,0.05816582914572864
Kisumu,2014,36000,Diesel,Manual,First,25.8,1498.0,98.6,5.0,481000.0,Honda,Amaze Sx I-Dtec,12,0,3000.0,0.06582109479305741
Mombasa,2011,95000,Diesel,Automatic,Second,18.33,1968.0,167.7,5.0,1258000.0,Volkswagen,Passat Diesel Highline 2.0 Tdi,15,0,6333.333333333333,0.08521341463414633
Nairobi,2013,51000,Diesel,Automatic,First,19.5,1582.0,126.24,5.0,1295000.0,Hyundai,Elantra Crdi Sx At,13,0,3923.076923076923,0.07979772439949431
Mombasa,2011,36411,Petrol,Manual,First,18.9,998.0,67.1,5.0,455840.0,Maruti,Wagon R Vxi Bs Iv,15,0,2427.4,0.06723446893787574
Nairobi,2017,40000,Diesel,Automatic,First,12.81,1999.0,148.31,7.0,6142000.0,Land,Rover Discovery Sport Td4 Hse 7S,9,1,4444.444444444444,0.07419209604802401
Eldoret,2016,27300,Petrol,Manual,First,17.8,1497.0,117.3,5.0,1036000.0,Honda,City I Vtec Sv,10,0,2730.0,0.0783567134268537
Mombasa,2011,29813,Petrol,Automatic,Second,14.74,1991.0,181.03,5.0,1702000.0,Mercedes-Benz,New C-Class C 200 Avantgarde Edition C,15,1,1987.5333333333333,0.09092415871421396
Eldoret,2011,71000,Petrol,Manual,First,20.51,998.0,67.04,5.0,384800.0,Maruti,Wagon R Lx Bs Iv,15,0,4733.333333333333,0.06717434869739479
Kisumu,2014,32000,Diesel,Manual,First,22.32,1582.0,126.3,5.0,636400.0,Hyundai,Verna 1.6 Crdi,12,0,2666.6666666666665,0.07983565107458912
Nairobi,2017,19234,Cng,Manual,First,17.5,1373.0,80.46,7.0,1235800.0,Maruti,Ertiga Vxi Cng,9,0,2137.1111111111113,0.05860160233066278
Nyeri,2017,50510,Diesel,Automatic,First,17.06,1968.0,141.0,5.0,3685200.0,Volkswagen,Tiguan 2.0 Tdi Highline,9,0,5612.222222222223,0.07164634146341463
Eldoret,2011,102000,Diesel,Automatic,First,15.06,1995.0,177.0,5.0,2035000.0,Bmw,X1 Sdrive 20D Exclusive,15,0,6800.0,0.0887218045112782
Kisumu,2014,42277,Diesel,Manual,First,24.0,1186.0,73.97,5.0,569800.0,Hyundai,Grand I10 1.2 Crdi Sportz Option,12,0,3523.0833333333335,0.062369308600337264
Nairobi,2014,46000,Diesel,Automatic,First,13.0,2143.0,201.1,5.0,3441000.0,Mercedes-Benz,E-Class E250 Cdi Avantgrade,12,1,3833.3333333333335,0.09384041063929072
Mombasa,2012,35000,Diesel,Manual,First,13.6,2523.0,97.7,7.0,1036000.0,Mahindra,Bolero Zlx,14,0,2500.0,0.03872374157748712
Nakuru,2015,50000,Petrol,Manual,First,18.9,1197.0,82.0,5.0,851000.0,Hyundai,Grand I10 Asta Option,11,0,4545.454545454545,0.06850459482038429
Nairobi,2008,62000,Petrol,Manual,Second,20.36,1197.0,78.9,5.0,244200.0,Hyundai,I10 Magna 1.2,18,0,3444.4444444444443,0.06591478696741855
Nairobi,2012,78000,Diesel,Manual,First,19.33,1968.0,138.1,5.0,962000.0,Volkswagen,Jetta 2012-2014 2.0L Tdi Comfortline,14,0,5571.428571428572,0.07017276422764228
Mombasa,2011,79000,Diesel,Manual,First,17.67,1968.0,138.08,5.0,1110000.0,Skoda,Yeti Elegance,15,0,5266.666666666667,0.07016260162601627
Mombasa,2019,6773,Diesel,Automatic,First,14.75,2967.0,245.0,7.0,10795120.0,Audi,Q7 45 Tdi Quattro Premium Plus,7,1,967.5714285714286,0.08257499157398045
Mombasa,2010,135000,Diesel,Manual,Second,11.5,2982.0,171.0,7.0,1628000.0,Toyota,Fortuner 3.0 Diesel,16,0,8437.5,0.05734406438631791
Mombasa,2013,36716,Petrol,Manual,First,18.9,1061.0,67.0,5.0,446960.0,Maruti,Wagon R Vxi Minor Abs,13,0,2824.3076923076924,0.06314797360980208
Naivasha,2013,65060,Petrol,Manual,First,21.1,814.0,55.2,5.0,491360.0,Hyundai,Eon Era,13,0,5004.615384615385,0.06781326781326781
Nairobi,2013,33000,Petrol,Manual,First,19.4,1198.0,86.8,5.0,479520.0,Honda,Brio S Mt,13,0,2538.4615384615386,0.07245409015025041
Kisumu,2015,11110,Petrol,Manual,First,22.74,796.0,47.3,5.0,347800.0,Maruti,Alto 800 Vxi,11,0,1010.0,0.059422110552763814
Nyeri,2013,63000,Diesel,Manual,First,15.96,2523.0,62.1,7.0,814000.0,Mahindra,Bolero Zlx,13,0,4846.153846153846,0.02461355529131986
Nairobi,2015,27030,Petrol,Manual,First,17.8,1497.0,117.3,5.0,999000.0,Honda,City I Vtec Sv,11,0,2457.2727272727275,0.0783567134268537
Nairobi,2015,19600,Petrol,Manual,First,15.0,1598.0,103.52,5.0,910200.0,Skoda,Rapid 1.6 Mpi Elegance Black Package,11,0,1781.8181818181818,0.06478097622027534
Eldoret,2016,27755,Petrol,Manual,First,22.0,1197.0,81.8,5.0,806600.0,Maruti,Swift Vvt Vxi,10,0,2775.5,0.0683375104427736
Kisumu,2013,20000,Petrol,Manual,Second,21.1,814.0,55.2,5.0,340399.99999999994,Hyundai,Eon Magna Plus,13,0,1538.4615384615386,0.06781326781326781
Mombasa,2015,24782,Petrol,Manual,First,20.85,1197.0,83.14,5.0,919080.0,Maruti,Swift Dzire Zxi,11,0,2252.909090909091,0.06945697577276524
Naivasha,2014,47303,Petrol,Automatic,First,19.34,1198.0,76.0,5.0,771080.0,Nissan,Micra Xv Cvt,12,0,3941.9166666666665,0.06343906510851419
Nairobi,2008,71000,Petrol,Automatic,First,8.3,4134.0,250.0,7.0,1774520.0,Audi,Q7 4.2 Fsi Quattro,18,1,3944.4444444444443,0.06047411707789066
Eldoret,2010,135000,Diesel,Manual,First,17.8,1248.0,75.0,5.0,458800.0,Maruti,Swift Vdi Bsiii,16,0,8437.5,0.06009615384615385
Nyeri,2017,1000,Diesel,Manual,First,13.49,2179.0,138.03,5.0,1110000.0,Tata,Xenon Xt Ex 4X2,9,0,111.11111111111111,0.06334557136301056
Kisumu,2016,29000,Diesel,Manual,First,20.14,1498.0,88.8,5.0,592000.0,Volkswagen,Polo 1.5 Tdi Comfortline,10,0,2900.0,0.05927903871829105
Mombasa,2016,36367,Petrol,Manual,First,17.8,1497.0,117.3,5.0,1144040.0,Honda,City I Vtec Sv,10,0,3636.7,0.0783567134268537
Nakuru,2015,38000,Petrol,Manual,First,17.4,1497.0,117.3,5.0,1154400.0,Honda,City I Vtec V,11,0,3454.5454545454545,0.0783567134268537
Kisumu,2011,83969,Petrol,Manual,First,16.1,796.0,37.0,4.0,192400.0,Maruti,800 Ac Bsiii,15,0,5597.933333333333,0.04648241206030151
Nyeri,2014,82621,Diesel,Manual,First,20.14,1498.0,88.8,5.0,654160.0,Volkswagen,Polo 1.5 Tdi Trendline,12,0,6885.083333333333,0.05927903871829105
Eldoret,2009,89000,Diesel,Automatic,First,12.5,1991.0,147.9,7.0,592000.0,Chevrolet,Captiva Ltz Vcdi,17,0,5235.294117647059,0.07428427925665496
Kisumu,2016,54000,Diesel,Manual,First,16.0,2179.0,140.0,7.0,1924000.0,Mahindra,Xuv500 W10 2Wd,10,0,5400.0,0.06424965580541533
Mombasa,2015,61691,Diesel,Manual,First,25.8,1498.0,98.6,5.0,796240.0,Honda,Amaze Vx I-Dtec,11,0,5608.272727272727,0.06582109479305741
Mombasa,2011,32200,Petrol,Manual,Second,17.0,1197.0,80.0,5.0,481000.0,Hyundai,I20 1.2 Sportz Option,15,0,2146.6666666666665,0.06683375104427736
Nyeri,2016,68630,Petrol,Automatic,First,20.51,998.0,67.0,5.0,572760.0,Maruti,Wagon R Amt Vxi,10,0,6863.0,0.06713426853707415
Nairobi,2014,61000,Diesel,Automatic,Second,16.96,1968.0,138.03,5.0,1221000.0,Volkswagen,Jetta 2013-2015 2.0L Tdi Highline At,12,0,5083.333333333333,0.07013719512195123
Nairobi,2018,32644,Petrol,Manual,First,20.73,1373.0,91.1,5.0,1373439.9999999998,Maruti,Ciaz 1.4 Zeta,8,0,4080.5,0.0663510560815732
Nairobi,2012,85000,Diesel,Automatic,First,11.79,2179.0,120.0,7.0,925000.0,Mahindra,Scorpio 2009-2014 Vlx 4Wd At 7S Bsiv,14,0,6071.428571428572,0.05507113354749885
Nairobi,2008,75000,Petrol,Manual,Second,15.26,1150.0,74.9,5.0,170199.99999999997,Chevrolet,Aveo U-Va 1.2 Ls,18,0,4166.666666666667,0.0651304347826087
Mombasa,2016,40347,Petrol,Manual,First,20.73,1373.0,91.2,5.0,1154400.0,Maruti,Ciaz Zxi Option,10,0,4034.7,0.06642388929351785
Kisumu,2012,60788,Diesel,Manual,First,23.0,1396.0,90.0,5.0,666000.0,Hyundai,I20 1.4 Crdi Asta,14,0,4342.0,0.06446991404011461
Mombasa,2018,18664,Petrol,Manual,First,18.7,1199.0,88.7,5.0,1118880.0,Honda,Jazz 1.2 Sv I Vtec,8,0,2333.0,0.07397831526271893
Naivasha,2017,57847,Diesel,Manual,First,16.0,2179.0,140.0,7.0,2379839.9999999995,Mahindra,Xuv500 W10 2Wd,9,0,6427.444444444444,0.06424965580541533
Nakuru,2012,52237,Petrol,Manual,First,17.0,1197.0,80.0,5.0,666000.0,Hyundai,I20 1.2 Sportz,14,0,3731.214285714286,0.06683375104427736
Mombasa,2012,128000,Diesel,Manual,First,22.32,1582.0,126.32,5.0,740000.0,Hyundai,Verna 1.6 Sx,14,0,9142.857142857143,0.07984829329962073
Nairobi,2011,54000,Petrol,Manual,First,19.81,1086.0,68.05,5.0,325600.00000000006,Hyundai,I10 Era 1.1,15,0,3600.0,0.06266114180478821
Nakuru,2014,49800,Petrol,Automatic,First,23.1,998.0,67.04,5.0,592000.0,Maruti,Celerio Vxi At,12,0,4150.0,0.06717434869739479
Kisumu,2012,98000,Diesel,Manual,First,20.86,1199.0,73.9,5.0,371479.99999999994,Skoda,Fabia 1.2 Tdi Ambition,14,0,7000.0,0.06163469557964971
Nairobi,2015,60095,Diesel,Manual,First,25.2,1248.0,74.0,5.0,703000.0,Maruti,Swift Vdi Bsiv,11,0,5463.181818181818,0.05929487179487179
Eldoret,2008,68000,Petrol,Manual,Second,16.0,1086.0,66.7,5.0,296000.0,Hyundai,I10 Magna(O) With Sun Roof,18,0,3777.777777777778,0.061418047882136284
Nyeri,2010,81402,Petrol,Manual,Second,20.36,1197.0,78.9,5.0,310800.0,Hyundai,I10 Magna 1.2,16,0,5087.625,0.06591478696741855
Nairobi,2013,38000,Petrol,Automatic,First,16.5,1499.0,110.0,5.0,925000.0,Ford,Ecosport 1.5 Ti Vct At Titanium,13,0,2923.076923076923,0.0733822548365577
Mombasa,2011,92239,Diesel,Automatic,Second,11.5,2987.0,210.0,5.0,1568800.0,Mercedes-Benz,E-Class 2009-2013 E350 Cdi Avantgarde,15,1,6149.266666666666,0.07030465349849348
Thika,2017,49224,Diesel,Manual,First,25.2,1248.0,74.0,5.0,888000.0,Maruti,Swift Vdi Bsiv,9,0,5469.333333333333,0.05929487179487179
Nyeri,2004,12000,Petrol,Manual,Second,16.1,796.0,37.0,4.0,66600.0,Maruti,800 Std Bsiii,22,0,545.4545454545455,0.04648241206030151
Eldoret,2010,54898,Petrol,Manual,Third,16.1,1298.0,88.2,5.0,370000.0,Maruti,Swift Lxi Bsiii,16,0,3431.125,0.0679506933744222
Nairobi,2018,2500,Petrol,Manual,First,15.29,1591.0,121.3,5.0,1887000.0,Hyundai,Creta 1.6 Sx Plus Dual Tone Petrol,8,0,312.5,0.07624135763670647
Mombasa,2017,32838,Diesel,Automatic,First,17.05,1995.0,190.0,5.0,4482920.0,Bmw,X1 M Sport Sdrive 20D,9,0,3648.6666666666665,0.09523809523809523
Kisumu,2006,27076,Petrol,Manual,First,13.8,1299.0,70.0,5.0,236800.0,Ford,Ikon 1.3 Flair,20,0,1353.8,0.05388760585065435
Mombasa,2017,75445,Diesel,Manual,First,22.7,1498.0,89.84,5.0,1115920.0,Ford,Ecosport 1.5 Dv5 Mt Titanium Optional,9,0,8382.777777777777,0.05997329773030708
Mombasa,2015,46601,Petrol,Manual,First,20.73,1373.0,91.1,5.0,1012320.0,Maruti,Ciaz Vxi Plus,11,0,4236.454545454545,0.0663510560815732
Kisumu,2012,72000,Diesel,Automatic,First,18.33,1968.0,167.7,5.0,888000.0,Volkswagen,Passat Diesel Highline 2.0 Tdi,14,0,5142.857142857143,0.08521341463414633
Eldoret,2017,27000,Diesel,Manual,First,27.3,1498.0,98.6,5.0,1184000.0,Honda,Jazz 1.5 Vx I Dtec,9,0,3000.0,0.06582109479305741
Naivasha,2016,68193,Diesel,Automatic,First,17.11,1968.0,174.33,5.0,3661520.0,Audi,A4 35 Tdi Premium,10,1,6819.3,0.08858231707317074
Mombasa,2017,34429,Diesel,Manual,First,24.0,1120.0,70.0,5.0,814000.0,Hyundai,Grand I10 Crdi Sportz Celebration Edition,9,0,3825.4444444444443,0.0625
Nairobi,2013,46000,Diesel,Automatic,First,12.0,2987.0,224.0,7.0,5328000.0,Mercedes-Benz,Gl-Class 2007 2012 350 Cdi Luxury,13,1,3538.4615384615386,0.07499163039839303
Naivasha,2013,80544,Diesel,Manual,First,12.99,2494.0,100.6,7.0,1744920.0,Toyota,Innova 2.5 G (Diesel) 7 Seater,13,0,6195.692307692308,0.04033680834001604
Nyeri,2011,42000,Petrol,Manual,Second,16.95,1498.0,97.7,5.0,444000.0,Nissan,Sunny 2011-2014 Xl,15,0,2800.0,0.06522029372496663
Nakuru,2011,94821,Diesel,Automatic,Second,20.0,1968.0,138.1,5.0,999000.0,Skoda,Laura Ambiente 2.0 Tdi Cr At,15,0,6321.4,0.07017276422764228
Nyeri,2006,100000,Petrol,Manual,First,14.49,1399.0,92.7,5.0,207200.0,Chevrolet,Aveo 1.4 Ls,20,0,5000.0,0.06626161543959971
Nairobi,2014,57000,Diesel,Manual,First,24.2,1498.0,98.6,7.0,851000.0,Honda,Mobilio V I Dtec,12,0,4750.0,0.06582109479305741
Kisumu,2010,79894,Diesel,Manual,First,21.1,1248.0,73.9,5.0,503200.0,Maruti,Ritz Vdi,16,0,4993.375,0.059214743589743594
Naivasha,2011,44748,Petrol,Manual,Second,16.47,1198.0,73.9,5.0,723719.9999999999,Volkswagen,Polo Petrol Highline 1.2L,15,0,2983.2,0.06168614357262104
Nairobi,2013,31000,Petrol,Manual,First,13.24,1598.0,102.5,5.0,732600.0,Nissan,Terrano Xl,13,0,2384.6153846153848,0.06414267834793493
Naivasha,2013,60587,Petrol,Automatic,Second,16.98,998.0,66.1,5.0,516520.0,Maruti,A-Star At Vxi Aktiv,13,0,4660.538461538462,0.06623246492985971
Eldoret,2011,32000,Diesel,Manual,First,23.59,1364.0,97.7,5.0,569800.0,Toyota,Etios Liva Gd,15,0,2133.3333333333335,0.07162756598240469
Eldoret,2014,43772,Petrol,Manual,First,17.0,1497.0,118.0,5.0,939800.0,Honda,City 1.5 S Mt,12,0,3647.6666666666665,0.0788243152972612
Naivasha,2017,23576,Petrol,Automatic,First,18.9,1197.0,82.0,5.0,1047840.0,Hyundai,Grand I10 At Asta,9,0,2619.5555555555557,0.06850459482038429
Kisumu,2017,4000,Diesel,Automatic,First,13.6,1999.0,177.0,5.0,5624000.0,Jaguar,Xe 2.0L Diesel Prestige,9,1,444.44444444444446,0.08854427213606804
Kisumu,2012,62000,Diesel,Manual,First,12.05,2179.0,120.0,8.0,925000.0,Mahindra,Scorpio Vlx,14,0,4428.571428571428,0.05507113354749885
Nairobi,2011,36000,Petrol,Automatic,First,11.74,1796.0,186.0,5.0,1502200.0,Mercedes-Benz,New C-Class C 200 Kompressor Elegance At,15,1,2400.0,0.10356347438752785
Nairobi,2014,80000,Petrol,Automatic,First,13.7,1798.0,157.75,5.0,1591000.0,Skoda,Superb Elegance 1.8 Tsi At,12,0,6666.666666666667,0.08773637374860957
Eldoret,2012,137008,Diesel,Automatic,First,18.1,1991.0,147.9,4.0,688200.0000000001,Chevrolet,Cruze Ltz At,14,0,9786.285714285714,0.07428427925665496
Nairobi,2010,61001,Diesel,Manual,First,12.05,2179.0,120.0,8.0,703000.0,Mahindra,Scorpio Vlx,16,0,3812.5625,0.05507113354749885
Naivasha,2015,52191,Petrol,Manual,First,17.1,1591.0,121.3,5.0,1151440.0,Hyundai,Verna 1.6 Sx Vtvt (O),11,0,4744.636363636364,0.07624135763670647
Kisumu,2016,77076,Diesel,Manual,First,23.0,1396.0,90.0,5.0,999000.0,Hyundai,I20 1.4 Asta Crdi With Avn,10,0,7707.6,0.06446991404011461
Kisumu,2008,56000,Petrol,Automatic,First,16.4,1497.0,78.0,5.0,442520.0,Honda,City Zx Cvt,18,0,3111.1111111111113,0.052104208416833664
Kisumu,2013,21000,Petrol,Manual,First,20.36,1197.0,78.9,5.0,347800.0,Hyundai,I10 Magna,13,0,1615.3846153846155,0.06591478696741855
Nairobi,2013,89429,Diesel,Manual,First,25.8,1498.0,98.6,5.0,540200.0,Honda,Amaze S I-Dtech,13,0,6879.153846153846,0.06582109479305741
Nairobi,2012,45631,Petrol,Manual,Second,22.5,998.0,67.04,5.0,405520.0,Maruti,Wagon R Lxi,14,0,3259.3571428571427,0.06717434869739479
Nyeri,2013,53959,Petrol,Manual,First,19.4,1198.0,86.8,5.0,518000.0,Honda,Brio S Mt,13,0,4150.692307692308,0.07245409015025041
Mombasa,2014,55804,Petrol,Manual,First,17.0,1197.0,80.0,5.0,704480.0,Hyundai,I20 1.2 Sportz Option,12,0,4650.333333333333,0.06683375104427736
Mombasa,2016,25899,Petrol,Manual,First,15.04,1598.0,103.2,5.0,917600.0,Volkswagen,Vento 2013-2015 1.6 Comfortline,10,0,2589.9,0.06458072590738423
Eldoret,2008,82000,Diesel,Manual,Second,18.7,1896.0,66.0,5.0,347800.0,Skoda,Octavia Rider 1.9 Tdi Mt,18,0,4555.555555555556,0.03481012658227848
Nairobi,2014,52000,Diesel,Automatic,First,13.0,2143.0,204.0,5.0,3626000.0,Mercedes-Benz,E-Class 2015-2017 E250 Cdi Avantgarde,12,1,4333.333333333333,0.09519365375641624
Eldoret,2013,20000,Petrol,Manual,First,13.24,1598.0,102.57,5.0,888000.0,Renault,Duster Petrol Rxl,13,0,1538.4615384615386,0.06418648310387985
Kisumu,2017,31829,Petrol,Manual,First,21.1,814.0,55.2,5.0,540200.0,Hyundai,Eon Sportz,9,0,3536.5555555555557,0.06781326781326781
Naivasha,2016,18094,Petrol,Manual,Second,18.6,1197.0,85.8,5.0,926480.0,Maruti,Swift Vxi,10,0,1809.4,0.07167919799498747
Nyeri,2011,80000,Diesel,Manual,Second,19.5,1461.0,97.7,5.0,310800.0,Nissan,Micra Diesel,15,0,5333.333333333333,0.06687200547570157
Nairobi,2015,11964,Diesel,Automatic,First,13.22,2967.0,241.4,5.0,4876600.000000001,Audi,Q5 3.0 Tdi Quattro Technology,11,1,1087.6363636363637,0.08136164475901585
Naivasha,2018,22684,Petrol,Manual,First,18.6,1197.0,81.83,5.0,1154400.0,Hyundai,I20 1.2 Spotz,8,0,2835.5,0.06836257309941521
Nakuru,2014,43521,Petrol,Manual,First,19.4,1198.0,86.8,5.0,629000.0,Honda,Brio S Mt,12,0,3626.75,0.07245409015025041
Mombasa,2014,49386,Petrol,Manual,First,17.5,1298.0,85.8,5.0,719280.0000000001,Maruti,Swift Dzire Zxi,12,0,4115.5,0.06610169491525424
Nairobi,2017,12248,Petrol,Manual,First,18.9,1197.0,81.86,5.0,725200.0000000001,Hyundai,Grand I10 1.2 Kappa Magna,9,0,1360.888888888889,0.0683876357560568
Naivasha,2014,67771,Diesel,Manual,First,11.68,2498.0,112.0,8.0,1044880.0,Mahindra,Xylo E8 Abs Bs Iv,12,0,5647.583333333333,0.04483586869495596
Nairobi,2015,60007,Petrol,Automatic,First,17.21,1798.0,189.0,4.0,666000.0,Volkswagen,Polo Gti,11,0,5455.181818181818,0.10511679644048944
Naivasha,2011,48624,Petrol,Manual,First,24.07,998.0,67.1,5.0,476560.0,Maruti,Alto K10 Vxi,15,0,3241.6,0.06723446893787574
Kisumu,2014,30000,Diesel,Manual,First,22.07,1199.0,73.9,5.0,481000.0,Volkswagen,Polo Diesel Comfortline 1.2L,12,0,2500.0,0.06163469557964971
Nairobi,2016,81605,Petrol,Manual,First,18.9,1197.0,82.0,5.0,670440.0,Hyundai,Grand I10 Sportz,10,0,8160.5,0.06850459482038429
Naivasha,2017,32642,Diesel,Automatic,First,14.84,2143.0,170.0,5.0,5147440.0,Mercedes-Benz,New C-Class C 220 Cdi Elegance At,9,1,3626.8888888888887,0.07932804479701354
Eldoret,2014,34200,Petrol,Automatic,First,15.74,1591.0,121.3,5.0,962000.0,Hyundai,Verna 1.6 Sx Vtvt At,12,0,2850.0,0.07624135763670647
Mombasa,2010,72204,Petrol,Manual,First,15.7,1172.0,67.0,5.0,333000.0,Fiat,Punto Evo 1.2 Emotion,16,0,4512.75,0.05716723549488054
Eldoret,2011,156347,Diesel,Manual,Second,12.99,2494.0,100.0,8.0,1184000.0,Toyota,Innova 2.5 Vx (Diesel) 8 Seater Bs Iv,15,0,10423.133333333333,0.040096230954290296
Mombasa,2017,47357,Diesel,Automatic,First,18.49,1493.0,100.0,7.0,1238759.9999999998,Mahindra,Tuv 300 2015-2019 Mhawk100 T8 Amt,9,0,5261.888888888889,0.06697923643670463
Naivasha,2015,61738,Diesel,Manual,First,20.14,1498.0,88.8,5.0,797720.0,Volkswagen,Polo 1.5 Tdi Comfortline,11,0,5612.545454545455,0.05927903871829105
Mombasa,2018,32586,Diesel,Automatic,First,22.48,1995.0,190.0,5.0,5520399.999999999,Bmw,5 Series 520D Luxury Line,8,0,4073.25,0.09523809523809523
Naivasha,2018,40129,Diesel,Automatic,First,11.57,2987.0,254.79,5.0,10478400.0,Mercedes-Benz,Gle 350D,8,1,5016.125,0.08529963173752929
Nairobi,2012,51000,Diesel,Automatic,First,11.74,2987.0,254.8,5.0,3293000.0,Mercedes-Benz,M-Class Ml 350 Cdi,14,1,3642.8571428571427,0.08530297957817208
Mombasa,2018,10393,Petrol,Manual,First,18.9,1197.0,81.86,5.0,892440.0,Hyundai,Grand I10 1.2 Kappa Sportz,8,0,1299.125,0.0683876357560568
Nairobi,2011,46000,Petrol,Automatic,First,13.7,1798.0,157.75,5.0,725200.0000000001,Skoda,Superb Elegance 1.8 Tsi At,15,0,3066.6666666666665,0.08773637374860957
Mombasa,2013,21000,Petrol,Automatic,First,16.95,1197.0,78.9,5.0,586080.0,Hyundai,I10 Sportz At,13,0,1615.3846153846155,0.06591478696741855
Kisumu,2011,113562,Diesel,Manual,First,23.0,1396.0,90.0,5.0,680799.9999999999,Hyundai,I20 1.4 Crdi Asta,15,0,7570.8,0.06446991404011461
Nairobi,2011,100010,Diesel,Manual,Second,12.05,2179.0,120.0,8.0,814000.0,Mahindra,Scorpio Vlx,15,0,6667.333333333333,0.05507113354749885
Nairobi,2013,63107,Petrol,Manual,First,19.4,1198.0,86.8,5.0,481000.0,Honda,Brio V Mt,13,0,4854.384615384615,0.07245409015025041
Nyeri,2017,58500,Petrol,Manual,First,18.6,1197.0,81.83,5.0,925000.0,Hyundai,I20 1.2 Magna Executive,9,0,6500.0,0.06836257309941521
Eldoret,2007,90000,Diesel,Manual,Fourth & Above,10.9,2499.0,143.0,7.0,444000.0,Ford,Endeavour 4X2 Xlt Limited Edition,19,0,4736.8421052631575,0.05722288915566227
Mombasa,2011,108242,Diesel,Manual,First,16.8,1493.0,110.0,5.0,629000.0,Hyundai,Verna Crdi Sx,15,0,7216.133333333333,0.07367716008037509
Eldoret,2011,146300,Diesel,Manual,First,11.5,2982.0,171.0,7.0,1813000.0,Toyota,Fortuner 3.0 Diesel,15,0,9753.333333333334,0.05734406438631791
Eldoret,2011,62943,Diesel,Automatic,Second,17.05,1995.0,184.0,5.0,1620600.0,Bmw,X1 Sdrive20D,15,0,4196.2,0.09223057644110276
Nairobi,2013,65000,Diesel,Automatic,First,12.55,2982.0,168.5,7.0,2442000.0,Toyota,Fortuner 4X2 At,13,0,5000.0,0.05650570087189805
Eldoret,2018,1700,Petrol,Automatic,First,19.0,1199.0,88.76,5.0,1154400.0,Honda,Amaze V Cvt Petrol,8,0,212.5,0.07402835696413679
Mombasa,2013,34697,Petrol,Manual,First,19.81,1086.0,68.05,5.0,547600.0,Hyundai,I10 Era 1.1,13,0,2669.0,0.06266114180478821
Kisumu,2012,58000,Petrol,Manual,First,17.0,1197.0,80.0,5.0,592000.0,Hyundai,I20 1.2 Sportz,14,0,4142.857142857143,0.06683375104427736
Nairobi,2015,32500,Diesel,Automatic,First,19.59,1995.0,187.74,5.0,3959000.0,Bmw,3 Series 320D Gt Luxury Line,11,0,2954.5454545454545,0.09410526315789475
Naivasha,2016,58661,Diesel,Automatic,First,15.17,1968.0,181.0,5.0,4148440.0,Audi,Q3 35 Tdi Quattro Premium Plus,10,1,5866.1,0.09197154471544715
Mombasa,2017,37124,Petrol,Manual,First,20.4,1197.0,81.8,5.0,805120.0,Maruti,Swift Vxi Optional,9,0,4124.888888888889,0.0683375104427736
Nairobi,2017,44000,Petrol,Automatic,First,21.4,1197.0,83.1,5.0,917600.0,Maruti,Baleno Delta Automatic,9,0,4888.888888888889,0.06942355889724311
Kisumu,2005,45200,Petrol,Manual,First,13.2,1495.0,94.0,5.0,133200.0,Hyundai,Accent Gle,21,0,2152.3809523809523,0.06287625418060201
Nairobi,2016,11000,Petrol,Manual,First,18.5,1197.0,85.8,5.0,584600.0,Maruti,Ritz Lxi,10,0,1100.0,0.07167919799498747
Eldoret,2011,65000,Petrol,Manual,Second,26.0,624.0,35.0,4.0,65120.0,Tata,Nano Lx,15,0,4333.333333333333,0.05608974358974359
Thika,2012,55005,Diesel,Manual,First,20.0,1399.0,68.0,5.0,407000.0,Ford,Figo Diesel Exi,14,0,3928.9285714285716,0.04860614724803431
Kisumu,2011,81650,Diesel,Automatic,First,18.33,1968.0,167.7,5.0,1110000.0,Volkswagen,Passat Diesel Highline 2.0 Tdi,15,0,5443.333333333333,0.08521341463414633
Mombasa,2010,160000,Diesel,Manual,Second,19.0,1248.0,93.0,5.0,370000.0,Fiat,Linea Emotion Pack (Diesel),16,0,10000.0,0.07451923076923077
Kisumu,2015,169000,Diesel,Manual,First,14.95,2489.0,93.7,7.0,740000.0,Mahindra,Xylo D4,11,0,15363.636363636364,0.037645640819606266
Kisumu,2013,67263,Petrol,Manual,First,18.9,998.0,67.1,5.0,532800.0,Maruti,Wagon R Vxi,13,0,5174.076923076923,0.06723446893787574
Mombasa,2012,44223,Petrol,Manual,First,17.6,1496.0,88.7,5.0,590520.0,Toyota,Etios G Safety,14,0,3158.785714285714,0.059291443850267384
Naivasha,2015,36840,Petrol,Manual,First,18.9,1197.0,82.0,5.0,834720.0,Hyundai,Grand I10 Sportz,11,0,3349.090909090909,0.06850459482038429
Eldoret,2014,160000,Diesel,Manual,First,12.99,2494.0,100.0,8.0,1776000.0,Toyota,Innova 2.5 Vx (Diesel) 8 Seater Bs Iv,12,0,13333.333333333334,0.040096230954290296
Kisumu,2008,133000,Diesel,Manual,First,16.8,1405.0,62.0,5.0,103600.0,Tata,Indica V2 Dls Tc,18,0,7388.888888888889,0.04412811387900356
Nairobi,2015,69123,Diesel,Automatic,First,18.88,1995.0,184.0,5.0,2812000.0,Bmw,3 Series 320D Sport Line,11,0,6283.909090909091,0.09223057644110276
Nairobi,2017,38000,Diesel,Automatic,First,10.91,3198.0,197.0,7.0,4511040.0,Ford,Endeavour 3.2 Titanium At 4X4,9,0,4222.222222222223,0.06160100062539087
Nairobi,2017,5500,Petrol,Manual,First,21.56,1462.0,103.25,5.0,1213599.9999999998,Maruti,Ciaz Zeta,9,0,611.1111111111111,0.07062243502051983
Kisumu,2015,1001,Diesel,Manual,First,25.83,1498.0,99.0,5.0,1117400.0,Ford,Figo 1.5D Titanium Plus Mt,11,0,91.0,0.06608811748998665
Eldoret,2007,59000,Petrol,Manual,Third,15.26,1150.0,74.9,5.0,146520.0,Chevrolet,Aveo U-Va 1.2 Ls,19,0,3105.2631578947367,0.0651304347826087
Nairobi,2011,78256,Petrol,Automatic,First,16.8,1497.0,118.0,5.0,614200.0000000001,Honda,City 1.5 V At,15,0,5217.066666666667,0.0788243152972612
Mombasa,2016,90000,Petrol,Manual,First,16.95,1498.0,97.6,5.0,917600.0,Nissan,Sunny Xl,10,0,9000.0,0.0651535380507343
Kisumu,2016,18000,Petrol,Manual,First,19.1,1197.0,85.8,5.0,651200.0000000001,Maruti,Swift Dzire Vxi,10,0,1800.0,0.07167919799498747
Kisumu,2012,60000,Diesel,Manual,First,20.0,1399.0,68.0,5.0,310800.0,Ford,Figo Diesel Titanium,14,0,4285.714285714285,0.04860614724803431
Nyeri,2011,130000,Diesel,Manual,First,20.3,1248.0,75.0,5.0,325600.00000000006,Fiat,Grande Punto 1.3 Emotion (Diesel),15,0,8666.666666666666,0.06009615384615385
Naivasha,2018,32851,Petrol,Manual,First,18.6,1197.0,81.86,5.0,1234320.0,Hyundai,Elite I20 Petrol Asta,8,0,4106.375,0.0683876357560568
Kisumu,2014,32000,Diesel,Manual,First,23.4,1248.0,74.0,5.0,643799.9999999999,Maruti,Swift Dzire Vdi,12,0,2666.6666666666665,0.05929487179487179
Kisumu,2014,62700,Diesel,Manual,First,22.7,1498.0,89.84,5.0,1006400.0,Ford,Ecosport 1.5 Dv5 Mt Titanium,12,0,5225.0,0.05997329773030708
Nyeri,2010,71000,Diesel,Manual,First,19.3,1248.0,73.9,5.0,488400.0,Maruti,Swift Dzire Vdi,16,0,4437.5,0.059214743589743594
Mombasa,2016,19947,Petrol,Manual,First,18.9,1197.0,82.0,5.0,745920.0,Hyundai,Grand I10 Sportz,10,0,1994.7,0.06850459482038429
Kisumu,2012,91000,Diesel,Automatic,First,11.4,2953.0,153.86,7.0,1361599.9999999998,Ford,Endeavour 3.0L 4X4 At,14,0,6500.0,0.05210294615645107
Kisumu,2014,74000,Diesel,Manual,First,22.07,1199.0,73.9,5.0,843600.0,Volkswagen,Polo Diesel Highline 1.2L,12,0,6166.666666666667,0.06163469557964971
Mombasa,2018,55594,Diesel,Manual,First,18.49,1493.0,100.0,7.0,1255040.0,Mahindra,Tuv 300 2015-2019 Mhawk100 T8,8,0,6949.25,0.06697923643670463
Kisumu,2013,58000,Diesel,Automatic,First,11.2,2993.0,306.0,4.0,7104000.0,Bmw,X6 Xdrive 40D,13,0,4461.538461538462,0.10223855663214167
Kisumu,2012,110224,Diesel,Manual,First,19.01,1461.0,108.45,5.0,902800.0,Renault,Duster 110Ps Diesel Rxz,14,0,7873.142857142857,0.0742299794661191
Thika,2010,21002,Petrol,Manual,First,22.5,998.0,67.04,5.0,407000.0,Maruti,Wagon R Lxi,16,0,1312.625,0.06717434869739479
Eldoret,2017,121000,Diesel,Manual,First,24.52,1248.0,88.5,7.0,1184000.0,Maruti,Ertiga Shvs Vdi,9,0,13444.444444444445,0.07091346153846154
Nyeri,2010,73513,Petrol,Manual,First,19.7,796.0,46.3,5.0,273800.0,Maruti,Alto Lxi Bsiii,16,0,4594.5625,0.05816582914572864
Nyeri,2015,34000,Petrol,Automatic,First,20.51,998.0,67.0,5.0,569800.0,Maruti,Wagon R Amt Vxi Option,11,0,3090.909090909091,0.06713426853707415
Naivasha,2017,28371,Petrol,Manual,First,15.1,1196.0,73.0,7.0,701520.0,Maruti,Eeco 7 Seater Standard,9,0,3152.3333333333335,0.061036789297658864
Mombasa,2013,74755,Diesel,Manual,First,19.6,1461.0,108.45,5.0,833240.0,Renault,Duster 110Ps Diesel Rxl,13,0,5750.384615384615,0.0742299794661191
Mombasa,2011,25805,Petrol,Manual,First,18.2,1061.0,64.0,5.0,387760.0,Maruti,Zen Estilo 1.1 Lx Bsiii,15,0,1720.3333333333333,0.060320452403393024
Mombasa,2015,82603,Petrol,Manual,First,13.06,1598.0,102.53,5.0,725200.0000000001,Renault,Duster Petrol Rxl,11,0,7509.363636363636,0.06416145181476846
Mombasa,2006,110000,Petrol,Manual,First,13.5,1799.0,130.0,5.0,392200.0,Honda,Civic 2006-2010 1.8 S Mt,20,0,5500.0,0.07226236798221233
Nairobi,2012,88000,Diesel,Manual,First,16.0,2179.0,140.0,7.0,886520.0,Mahindra,Xuv500 W8 2Wd,14,0,6285.714285714285,0.06424965580541533
Mombasa,2011,110000,Diesel,Manual,Second,21.0,1461.0,64.1,5.0,355200.0,Mahindra,Verito 1.5 D6 Bsiv,15,0,7333.333333333333,0.04387405886379192
Nairobi,2017,15000,Petrol,Manual,First,21.7,999.0,67.0,5.0,629000.0,Renault,Kwid Climber 1.0 Mt,9,0,1666.6666666666667,0.06706706706706707
Nairobi,2013,70000,Diesel,Automatic,First,15.15,2967.0,240.0,5.0,5920000.0,Porsche,Cayenne Diesel,13,1,5384.615384615385,0.08088978766430738
Eldoret,2008,150000,Diesel,Manual,Second,28.4,1248.0,74.0,5.0,399600.0,Maruti,Swift Ddis Vdi,18,0,8333.333333333334,0.05929487179487179
Kisumu,2016,19000,Petrol,Manual,First,20.63,1198.0,67.0,5.0,442520.0,Datsun,Go T Option,10,0,1900.0,0.055926544240400666
Mombasa,2011,37442,Petrol,Manual,First,18.5,1197.0,80.0,5.0,503200.0,Hyundai,I20 1.2 Magna,15,0,2496.133333333333,0.06683375104427736
Naivasha,2016,63111,Diesel,Automatic,Second,18.12,1995.0,190.0,5.0,4558400.0,Bmw,5 Series 2013-2017 520D Luxury Line,10,0,6311.1,0.09523809523809523
Nairobi,2012,88000,Diesel,Manual,First,20.77,1248.0,88.8,7.0,865800.0,Maruti,Ertiga Zdi,14,0,6285.714285714285,0.07115384615384615
Nyeri,2014,42355,Petrol,Manual,First,18.9,1197.0,82.0,5.0,592000.0,Hyundai,Grand I10 Magna,12,0,3529.5833333333335,0.06850459482038429
Naivasha,2011,75871,Petrol,Automatic,First,9.43,2996.0,254.0,5.0,2089760.0,Bmw,3 Series 330I,15,0,5058.066666666667,0.08477970627503338
Nairobi,2011,65000,Diesel,Manual,First,17.9,1998.0,163.7,5.0,673400.0,Chevrolet,Cruze Ltz,15,0,4333.333333333333,0.08193193193193192
Eldoret,2015,69000,Diesel,Automatic,First,0.0,2987.0,165.0,5.0,5624000.0,Mercedes-Benz,M-Class Ml 350 4Matic,11,1,6272.727272727273,0.055239370605959154
Nyeri,2011,79232,Diesel,Manual,First,21.1,1248.0,73.9,5.0,429200.0,Maruti,Ritz Ldi,15,0,5282.133333333333,0.059214743589743594
Eldoret,2007,220000,Petrol,Automatic,Second,11.74,1796.0,186.0,5.0,888000.0,Mercedes-Benz,New C-Class C 200 Kompressor Elegance At,19,1,11578.947368421053,0.10356347438752785
Mombasa,2016,28470,Petrol,Manual,First,18.6,1197.0,81.83,5.0,1028600.0,Hyundai,I20 1.2 Magna Executive,10,0,2847.0,0.06836257309941521
Kisumu,2014,9759,Petrol,Manual,First,20.3,998.0,68.05,5.0,407000.0,Hyundai,Eon 1.0 Kappa Magna Plus Optional,12,0,813.25,0.06818637274549098
Eldoret,2014,75216,Diesel,Manual,First,22.9,1248.0,74.0,5.0,754799.9999999999,Maruti,Swift Vdi,12,0,6268.0,0.05929487179487179
Mombasa,2017,8000,Petrol,Manual,First,18.6,1197.0,81.83,5.0,999000.0,Hyundai,I20 Sportz 1.2,9,0,888.8888888888889,0.06836257309941521
Nairobi,2014,59451,Petrol,Manual,First,18.5,1197.0,85.8,5.0,546120.0,Maruti,Ritz Zxi,12,0,4954.25,0.07167919799498747
Kisumu,2013,53996,Diesel,Manual,First,22.9,1248.0,74.0,5.0,806600.0,Maruti,Swift Vdi,13,0,4153.538461538462,0.05929487179487179
Mombasa,2018,15135,Petrol,Manual,First,17.5,1199.0,88.7,5.0,1374919.9999999998,Honda,Wrv I-Vtec Vx,8,0,1891.875,0.07397831526271893
Mombasa,2015,53000,Petrol,Automatic,Second,16.9,1197.0,81.86,5.0,592000.0,Hyundai,Xcent 1.2 Kappa At S Option,11,0,4818.181818181818,0.0683876357560568
Kisumu,2013,40000,Petrol,Manual,First,18.0,1198.0,86.7,5.0,429200.0,Honda,Amaze E I-Vtech,13,0,3076.923076923077,0.07237061769616027
Eldoret,2013,21107,Petrol,Manual,First,17.1,1591.0,121.3,5.0,777000.0,Hyundai,Verna 1.6 Sx Vtvt (O),13,0,1623.6153846153845,0.07624135763670647
Nairobi,2014,56000,Petrol,Manual,First,16.8,1497.0,116.3,5.0,851000.0,Honda,City V Mt,12,0,4666.666666666667,0.07768871075484302
Naivasha,2017,19623,Petrol,Manual,First,15.29,1591.0,121.3,5.0,1941760.0,Hyundai,Creta 1.6 Sx Plus Dual Tone Petrol,9,0,2180.3333333333335,0.07624135763670647
Mombasa,2014,70963,Diesel,Manual,First,15.1,2179.0,140.0,7.0,1158840.0,Mahindra,Xuv500 W8 2Wd,12,0,5913.583333333333,0.06424965580541533
Nairobi,2013,25755,Cng,Manual,First,26.6,998.0,58.16,5.0,466200.0,Maruti,Wagon R Lxi Cng,13,0,1981.1538461538462,0.05827655310621242
Nairobi,2013,51450,Diesel,Manual,First,12.8,2494.0,102.0,7.0,1539200.0,Toyota,Innova 2.5 V Diesel 7-Seater,13,0,3957.6923076923076,0.0408981555733761
Eldoret,2012,75000,Diesel,Manual,First,22.9,1248.0,74.0,5.0,643799.9999999999,Maruti,Swift Vdi,14,0,5357.142857142857,0.05929487179487179
Naivasha,2017,37832,Petrol,Automatic,First,22.5,998.0,67.0,5.0,774040.0000000001,Maruti,Wagon R Vxi Amt,9,0,4203.555555555556,0.06713426853707415
Naivasha,2016,43041,Petrol,Manual,First,18.9,1197.0,81.86,5.0,889480.0,Hyundai,Grand I10 1.2 Kappa Asta,10,0,4304.1,0.0683876357560568
Kisumu,2014,97236,Diesel,Manual,First,25.8,1498.0,98.6,5.0,651200.0000000001,Honda,Amaze Vx I-Dtec,12,0,8103.0,0.06582109479305741
Mombasa,2010,83000,Diesel,Automatic,First,16.07,1995.0,181.0,5.0,1887000.0,Bmw,3 Series 320D Highline,16,0,5187.5,0.09072681704260652
Nairobi,2011,65000,Petrol,Manual,First,15.6,1196.0,70.0,5.0,355200.0,Ford,Figo Petrol Titanium,15,0,4333.333333333333,0.05852842809364549
Mombasa,2018,46007,Petrol,Manual,First,17.0,1198.0,73.75,5.0,845080.0,Volkswagen,Ameo 1.2 Mpi Trendline,8,0,5750.875,0.061560934891485806
Mombasa,2015,65925,Diesel,Manual,Second,22.7,1498.0,89.84,5.0,812520.0,Ford,Ecosport 1.5 Dv5 Mt Trend,11,0,5993.181818181818,0.05997329773030708
Eldoret,2004,73500,Petrol,Manual,Second,13.0,1343.0,90.0,5.0,192400.0,Honda,City 1.3 Exi,22,0,3340.909090909091,0.06701414743112435
Kisumu,2014,55000,Diesel,Manual,First,16.0,2179.0,140.0,7.0,1258000.0,Mahindra,Xuv500 W6 2Wd,12,0,4583.333333333333,0.06424965580541533
Nairobi,2012,115000,Diesel,Manual,First,13.0,2982.0,168.5,7.0,1922520.0,Toyota,Fortuner 4X2 Manual,14,0,8214.285714285714,0.05650570087189805
Kisumu,2017,31184,Petrol,Manual,First,18.9,1197.0,81.86,5.0,740000.0,Hyundai,Grand I10 1.2 Kappa Magna,9,0,3464.8888888888887,0.0683876357560568
Eldoret,2017,41747,Diesel,Automatic,First,28.4,1248.0,73.75,5.0,1332000.0,Maruti,Dzire Amt Zdi Plus,9,0,4638.555555555556,0.05909455128205128
Mombasa,2016,38143,Diesel,Manual,First,22.9,1248.0,74.0,5.0,772560.0,Maruti,Swift Vdi,10,0,3814.3,0.05929487179487179
Eldoret,2012,19030,Petrol,Manual,First,16.47,1198.0,73.9,5.0,562400.0,Volkswagen,Polo Petrol Highline 1.2L,14,0,1359.2857142857142,0.06168614357262104
Naivasha,2019,20877,Petrol,Manual,First,18.16,1197.0,78.9,5.0,1075960.0,Toyota,Etios Liva 1.2 Vx Dual Tone,7,0,2982.4285714285716,0.06591478696741855
Nairobi,2016,23555,Petrol,Manual,First,22.0,1197.0,81.8,5.0,754799.9999999999,Maruti,Swift Vxi,10,0,2355.5,0.0683375104427736
Nakuru,2013,29000,Diesel,Automatic,First,14.21,2143.0,203.0,5.0,4292000.0,Mercedes-Benz,E-Class 2009-2013 E250 Cdi Elegance,13,1,2230.769230769231,0.09472701819878675
Eldoret,2013,61000,Petrol,Manual,First,18.9,998.0,67.1,5.0,429200.0,Maruti,Wagon R Vxi,13,0,4692.307692307692,0.06723446893787574
Mombasa,2012,4187,Petrol,Manual,First,26.0,624.0,35.0,4.0,204240.0,Tata,Nano Lx Bsiv,14,0,299.07142857142856,0.05608974358974359
Nakuru,2011,46000,Petrol,Manual,First,13.4,1798.0,157.8,5.0,814000.0,Skoda,Laura 1.8 Tsi Ambiente,15,0,3066.6666666666665,0.08776418242491658
Nairobi,2016,28000,Petrol,Automatic,First,17.21,1197.0,103.5,5.0,1073000.0,Volkswagen,Polo Gt Tsi,10,0,2800.0,0.08646616541353383
Naivasha,2014,83558,Diesel,Manual,First,22.32,1582.0,126.32,5.0,1033040.0,Hyundai,Verna 1.6 Sx,12,0,6963.166666666667,0.07984829329962073
Kisumu,2017,40000,Diesel,Manual,First,22.95,1248.0,74.0,5.0,777000.0,Tata,Bolt Quadrajet Xe,9,0,4444.444444444444,0.05929487179487179
Kisumu,2013,36000,Petrol,Manual,First,21.1,814.0,55.2,5.0,288600.0,Hyundai,Eon D Lite Plus,13,0,2769.230769230769,0.06781326781326781
Nakuru,2014,21000,Diesel,Automatic,First,17.11,1968.0,174.33,5.0,3626000.0,Audi,A4 2.0 Tdi 177 Bhp Premium Plus,12,1,1750.0,0.08858231707317074
Mombasa,2013,62162,Diesel,Manual,First,12.99,2494.0,100.0,7.0,1229880.0,Toyota,Innova 2.5 Gx (Diesel) 7 Seater,13,0,4781.692307692308,0.040096230954290296
Kisumu,2012,83000,Diesel,Automatic,First,11.74,2987.0,254.8,5.0,5328000.0,Mercedes-Benz,M-Class Ml 350 Cdi,14,1,5928.571428571428,0.08530297957817208
Eldoret,2015,58000,Diesel,Manual,First,24.4,1120.0,71.0,5.0,814000.0,Hyundai,Xcent 1.1 Crdi S,11,0,5272.727272727273,0.06339285714285714
Mombasa,2011,62332,Petrol,Automatic,First,11.7,2354.0,177.6,5.0,871720.0,Honda,Accord 2.4 At,15,0,4155.466666666666,0.07544604927782497
Mombasa,2016,50867,Diesel,Manual,First,20.34,1498.0,103.2,5.0,1176600.0,Volkswagen,Vento 1.5 Tdi Highline,10,0,5086.7,0.06889185580774367
Nairobi,2010,73000,Petrol,Manual,First,17.0,1197.0,80.0,5.0,407000.0,Hyundai,I20 Sportz Petrol,16,0,4562.5,0.06683375104427736
Nyeri,2012,98008,Diesel,Manual,First,22.7,1582.0,126.24,5.0,925000.0,Hyundai,Elantra Crdi Sx,14,0,7000.571428571428,0.07979772439949431
Kisumu,2015,36000,Diesel,Manual,First,20.0,1399.0,68.05,5.0,732600.0,Ford,Figo Diesel Titanium,11,0,3272.7272727272725,0.04864188706218728
Mombasa,2019,27339,Petrol,Manual,First,18.6,1197.0,81.83,5.0,927960.0,Hyundai,I20 1.2 Magna Executive,7,0,3905.5714285714284,0.06836257309941521
Kisumu,2017,25000,Diesel,Manual,First,23.9,1582.0,126.2,5.0,1280200.0,Hyundai,Verna 1.6 Crdi Sx,9,0,2777.777777777778,0.0797724399494311
Kisumu,2014,37000,Petrol,Manual,First,18.9,1197.0,82.0,5.0,518000.0,Hyundai,Grand I10 Asta,12,0,3083.3333333333335,0.06850459482038429
Kisumu,2015,56000,Diesel,Automatic,First,14.16,1968.0,174.3,5.0,5180000.0,Audi,Q5 2.0 Tdi,11,1,5090.909090909091,0.08856707317073172
Kisumu,2015,27000,Petrol,Manual,First,17.5,1298.0,85.8,5.0,658600.0,Maruti,Swift Dzire Zxi,11,0,2454.5454545454545,0.06610169491525424
Kisumu,2012,37000,Petrol,Manual,First,18.5,1197.0,80.0,5.0,392200.0,Hyundai,I20 Magna,14,0,2642.8571428571427,0.06683375104427736
Kisumu,2017,10500,Diesel,Manual,First,25.32,1198.0,77.0,5.0,695600.0,Mahindra,Kuv 100 Mfalcon D75 K4 Plus 5Str,9,0,1166.6666666666667,0.0642737896494157
Thika,2014,49000,Diesel,Automatic,First,18.23,1582.0,126.2,5.0,1317200.0,Hyundai,Elantra 1.6 Sx Option At,12,0,4083.3333333333335,0.0797724399494311
Nairobi,2017,7000,Diesel,Manual,First,17.1,1956.0,170.0,5.0,2582600.0,Jeep,Compass 2.0 Limited Option Black,9,0,777.7777777777778,0.0869120654396728
Naivasha,2017,71256,Diesel,Manual,First,24.3,1248.0,88.5,5.0,1417840.0,Maruti,Vitara Brezza Vdi Option,9,0,7917.333333333333,0.07091346153846154
Mombasa,2012,83184,Petrol,Manual,First,14.28,1798.0,138.03,5.0,920560.0,Toyota,Corolla Altis 1.8 Gl,14,0,5941.714285714285,0.0767686318131257
Kisumu,2013,87284,Diesel,Manual,First,15.1,2179.0,140.0,7.0,1154400.0,Mahindra,Xuv500 W8 2Wd,13,0,6714.153846153846,0.06424965580541533
Nairobi,2016,7000,Diesel,Automatic,First,20.68,1995.0,190.0,5.0,4107000.0,Bmw,X1 Xdrive 20D Xline,10,0,700.0,0.09523809523809523
Eldoret,2015,29000,Diesel,Manual,Second,22.54,1396.0,88.73,5.0,1036000.0,Hyundai,I20 Magna 1.4 Crdi,11,0,2636.3636363636365,0.06356017191977077
Naivasha,2017,33552,Diesel,Automatic,First,11.57,2987.0,254.79,5.0,9600760.0,Mercedes-Benz,Gle 350D,9,1,3728.0,0.08529963173752929
Nakuru,2013,64000,Diesel,Manual,Second,17.3,1998.0,163.7,5.0,962000.0,Chevrolet,Cruze Ltz,13,0,4923.076923076923,0.08193193193193192
Nyeri,2011,82000,Petrol,Manual,Second,18.5,1197.0,80.0,5.0,399600.0,Hyundai,I20 1.2 Magna,15,0,5466.666666666667,0.06683375104427736
Nairobi,2012,70000,Petrol,Manual,Second,19.4,1198.0,86.8,5.0,370000.0,Honda,Brio S Mt,14,0,5000.0,0.07245409015025041
Kisumu,2013,166194,Diesel,Manual,First,19.3,1461.0,84.8,7.0,577200.0,Nissan,Evalia 2013 Xl,13,0,12784.153846153846,0.05804243668720054
Nairobi,2015,58000,Petrol,Manual,First,16.47,1198.0,73.9,5.0,584600.0,Volkswagen,Polo Petrol Trendline 1.2L,11,0,5272.727272727273,0.06168614357262104
Mombasa,2010,77000,Petrol,Manual,Second,20.36,1197.0,78.9,5.0,310800.0,Hyundai,I10 Sportz 1.2,16,0,4812.5,0.06591478696741855
Eldoret,2009,73204,Diesel,Automatic,Third,18.1,1991.0,147.9,4.0,518000.0,Chevrolet,Cruze Ltz At,17,0,4306.117647058823,0.07428427925665496
Kisumu,2007,70000,Petrol,Manual,Second,19.81,1086.0,68.05,5.0,296000.0,Hyundai,I10 Era,19,0,3684.2105263157896,0.06266114180478821
Nairobi,2014,79870,Diesel,Manual,First,20.77,1248.0,88.76,7.0,791800.0,Maruti,Ertiga Vdi,12,0,6655.833333333333,0.07112179487179487
Nairobi,2013,90000,Diesel,Manual,First,25.8,1498.0,98.6,5.0,562400.0,Honda,Amaze S I-Dtech,13,0,6923.076923076923,0.06582109479305741
Nairobi,2016,17000,Petrol,Automatic,First,15.5,1595.0,122.0,5.0,2553000.0,Mercedes-Benz,A Class A180 Sport,10,1,1700.0,0.07648902821316614
Mombasa,2018,46493,Petrol,Manual,First,18.9,1197.0,81.86,5.0,818440.0,Hyundai,Grand I10 1.2 Kappa Magna,8,0,5811.625,0.0683876357560568
Eldoret,2009,68000,Petrol,Manual,Third,20.36,1197.0,78.9,5.0,288600.0,Hyundai,I10 Sportz 1.2,17,0,4000.0,0.06591478696741855
Kisumu,2017,2000,Diesel,Manual,First,28.4,1248.0,74.0,5.0,1213599.9999999998,Maruti,Swift Ddis Zdi Plus,9,0,222.22222222222223,0.05929487179487179
Eldoret,1999,140000,Petrol,Manual,First,13.0,1343.0,90.0,5.0,133200.0,Honda,City 1.3 Exi,27,0,5185.185185185185,0.06701414743112435
Eldoret,2013,255000,Diesel,Manual,Third,12.99,2494.0,100.6,7.0,962000.0,Toyota,Innova 2.5 Gx (Diesel) 7 Seater,13,0,19615.384615384617,0.04033680834001604
Naivasha,2014,45535,Diesel,Automatic,First,23.8,1998.0,112.0,5.0,2872680.0,Mini,Cooper Countryman D High,12,0,3794.5833333333335,0.056056056056056056
Naivasha,2016,39228,Petrol,Manual,First,15.7,1368.0,112.4,5.0,973840.0,Fiat,Linea T-Jet Active,10,0,3922.8,0.08216374269005848
Nairobi,2011,57000,Petrol,Manual,Second,14.49,1399.0,92.7,5.0,310800.0,Chevrolet,Aveo 1.4 Lt,15,0,3800.0,0.06626161543959971
Mombasa,2008,85445,Petrol,Manual,Second,19.81,1086.0,68.05,5.0,296000.0,Hyundai,I10 Era 1.1,18,0,4746.944444444444,0.06266114180478821
Nairobi,2015,54000,Diesel,Manual,First,24.4,1120.0,71.0,5.0,547600.0,Hyundai,Xcent 1.1 Crdi Base,11,0,4909.090909090909,0.06339285714285714
Nairobi,2014,53000,Petrol,Automatic,First,23.1,998.0,67.04,5.0,562400.0,Maruti,Celerio Vxi At,12,0,4416.666666666667,0.06717434869739479
Nyeri,2014,60000,Petrol,Manual,First,20.36,1197.0,78.9,5.0,481000.0,Hyundai,I10 Sportz,12,0,5000.0,0.06591478696741855
Naivasha,2015,65668,Diesel,Manual,First,19.87,1461.0,83.8,5.0,818440.0,Renault,Duster 85Ps Diesel Rxl,11,0,5969.818181818182,0.05735797399041752
Thika,2011,100000,Diesel,Automatic,Second,22.69,1995.0,190.0,5.0,1613200.0,Bmw,3 Series 320D,15,0,6666.666666666667,0.09523809523809523
Kisumu,2018,1800,Petrol,Manual,First,18.9,1197.0,82.0,5.0,754799.9999999999,Hyundai,Grand I10 Sportz,8,0,225.0,0.06850459482038429
Kisumu,2007,96000,Petrol,Manual,Second,0.0,999.0,97.7,5.0,325600.00000000006,Hyundai,Santro Dx,19,0,5052.631578947368,0.0977977977977978
Eldoret,2009,44200,Petrol,Manual,Second,18.0,995.0,62.0,5.0,236800.0,Chevrolet,Spark 1.0 Ls,17,0,2600.0,0.062311557788944726
Thika,2018,14000,Petrol,Manual,First,17.4,1497.0,117.3,5.0,1665000.0,Honda,City I Vtec Vx Option,8,0,1750.0,0.0783567134268537
Mombasa,2013,720000,Diesel,Manual,First,20.54,1598.0,103.6,5.0,873200.0,Volkswagen,Vento Diesel Highline,13,0,55384.61538461538,0.06483103879849812
Nairobi,2012,73000,Diesel,Automatic,First,11.5,2982.0,169.0,7.0,2131200.0,Toyota,Fortuner 4X2 4 Speed At,14,0,5214.285714285715,0.05667337357478203
Nairobi,2011,68000,Petrol,Manual,First,17.0,1497.0,118.0,5.0,532800.0,Honda,City 1.5 S Mt,15,0,4533.333333333333,0.0788243152972612
Nyeri,2017,19543,Diesel,Automatic,First,18.12,1995.0,190.0,5.0,5994000.0,Bmw,5 Series 2013-2017 520D Luxury Line,9,0,2171.4444444444443,0.09523809523809523
Nakuru,2014,38000,Diesel,Automatic,Second,14.16,1968.0,174.3,5.0,5764600.000000001,Audi,Q5 30 Tdi Quattro Premium Plus,12,1,3166.6666666666665,0.08856707317073172
Nairobi,2014,32805,Diesel,Manual,First,23.2,1248.0,73.94,5.0,532800.0,Maruti,Ritz Ldi,12,0,2733.75,0.05924679487179487
Mombasa,2016,44782,Diesel,Automatic,First,21.21,1498.0,103.2,5.0,1053760.0,Volkswagen,Vento 1.5 Tdi Highline At,10,0,4478.2,0.06889185580774367
Mombasa,2016,55700,Diesel,Manual,First,26.0,1498.0,98.6,5.0,1112960.0,Honda,City I Dtec Sv,10,0,5570.0,0.06582109479305741
Nairobi,2012,60000,Diesel,Automatic,Second,15.2,1968.0,140.8,5.0,1531800.0,Audi,A4 New 2.0 Tdi Multitronic,14,1,4285.714285714285,0.07154471544715447
Kisumu,2014,56000,Petrol,Manual,First,15.0,1598.0,103.52,5.0,1036000.0,Skoda,Rapid 1.6 Mpi Elegance,12,0,4666.666666666667,0.06478097622027534
Nairobi,2011,60000,Diesel,Manual,First,11.5,2982.0,171.0,7.0,1605800.0,Toyota,Fortuner 3.0 Diesel,15,0,4000.0,0.05734406438631791
Nairobi,2010,78563,Diesel,Manual,First,16.52,1991.0,123.7,5.0,347800.0,Chevrolet,Optra Magnum 2.0 Lt Bs3,16,0,4910.1875,0.062129583124058266
Nairobi,2014,34669,Petrol,Manual,First,15.1,1196.0,73.0,7.0,429200.0,Maruti,Eeco 7 Seater Standard,12,0,2889.0833333333335,0.061036789297658864
Nairobi,2017,17000,Petrol,Manual,First,20.73,1373.0,91.1,5.0,1132200.0,Maruti,Ciaz Zxi,9,0,1888.888888888889,0.0663510560815732
Nairobi,2016,66000,Diesel,Manual,First,28.09,1248.0,88.5,5.0,947200.0,Maruti,Ciaz Vdi Plus Shvs,10,0,6600.0,0.07091346153846154
Eldoret,2014,102418,Diesel,Manual,First,12.99,2494.0,100.6,7.0,1494800.0,Toyota,Innova 2.5 Le 2014 Diesel 7 Seater,12,0,8534.833333333334,0.04033680834001604
Kisumu,2014,48800,Petrol,Manual,First,19.1,1197.0,85.8,5.0,629000.0,Maruti,Swift Dzire Vxi,12,0,4066.6666666666665,0.07167919799498747
Mombasa,2019,10601,Diesel,Automatic,First,11.36,2755.0,171.5,7.0,2908199.9999999995,Toyota,Innova Crysta 2.8 Gx At,7,0,1514.4285714285713,0.062250453720508164
Eldoret,2017,8200,Diesel,Manual,First,25.0,1396.0,69.0,5.0,651200.0000000001,Tata,Indica V2 Elx,9,0,911.1111111111111,0.0494269340974212
Nyeri,2012,100000,Petrol,Manual,First,18.5,1197.0,82.85,5.0,481000.0,Hyundai,I20 Magna,14,0,7142.857142857143,0.06921470342522974
Eldoret,2012,78000,Diesel,Manual,First,17.8,1399.0,68.0,5.0,414400.0,Ford,Fiesta 1.4 Duratorq Zxi,14,0,5571.428571428572,0.04860614724803431
Kisumu,2015,50000,Diesel,Manual,First,18.2,1248.0,73.74,8.0,636400.0,Chevrolet,Enjoy 1.3 Tcdi Ls 8,11,0,4545.454545454545,0.059086538461538454
Mombasa,2006,89327,Diesel,Manual,Third,17.8,1399.0,68.0,5.0,229400.0,Ford,Fiesta 1.4 Duratorq Exi,20,0,4466.35,0.04860614724803431
Mombasa,2007,98000,Petrol,Manual,Second,10.8,2354.0,152.0,5.0,695600.0,Honda,Cr-V 2.4 Mt,19,0,5157.894736842105,0.06457094307561598
Mombasa,2017,24700,Petrol,Manual,First,18.7,1199.0,88.7,5.0,1046360.0,Honda,Jazz 1.2 Vx I Vtec,9,0,2744.4444444444443,0.07397831526271893
Nairobi,2018,6000,Diesel,Automatic,First,11.0,2987.0,258.0,7.0,11692000.0,Mercedes-Benz,Gls 350D Grand Edition,8,1,750.0,0.08637428858386341
Nairobi,2018,9434,Petrol,Manual,First,18.9,1197.0,81.86,5.0,851000.0,Hyundai,Grand I10 1.2 Kappa Sportz,8,0,1179.25,0.0683876357560568
Nairobi,2012,29000,Petrol,Manual,First,18.5,1197.0,85.8,5.0,481000.0,Maruti,Ritz Vxi,14,0,2071.4285714285716,0.07167919799498747
Naivasha,2017,22440,Diesel,Automatic,First,22.0,1498.0,108.495,5.0,1315720.0,Volkswagen,Ameo 1.5 Tdi Highline At,9,0,2493.3333333333335,0.07242656875834447
Nairobi,2015,73070,Petrol,Manual,First,17.4,1497.0,117.3,5.0,873200.0,Honda,City I Vtec Sv,11,0,6642.727272727273,0.0783567134268537
Kisumu,2016,21771,Petrol,Manual,First,18.7,1199.0,88.7,5.0,732600.0,Honda,Jazz 1.2 S I Vtec,10,0,2177.1,0.07397831526271893
Nairobi,2014,62000,Diesel,Manual,First,17.8,1248.0,75.0,5.0,555000.0,Maruti,Swift Ldi Bsiv,12,0,5166.666666666667,0.06009615384615385
Mombasa,2017,37024,Diesel,Automatic,First,17.01,1582.0,126.2,5.0,1623560.0,Hyundai,Creta 1.6 Crdi At Sx Plus,9,0,4113.777777777777,0.0797724399494311
Mombasa,2014,60336,Diesel,Automatic,Second,14.4,2967.0,241.4,5.0,3691120.0,Audi,A7 2011-2015 3.0 Tdi Quattro,12,1,5028.0,0.08136164475901585
Kisumu,2014,26008,Petrol,Manual,First,21.1,814.0,55.2,5.0,291560.0,Hyundai,Eon D Lite Plus,12,0,2167.3333333333335,0.06781326781326781
Nyeri,2010,90000,Diesel,Manual,Second,20.0,1399.0,68.0,5.0,207200.0,Ford,Figo Diesel Exi,16,0,5625.0,0.04860614724803431
Naivasha,2018,35569,Petrol,Manual,First,17.0,1198.0,73.75,5.0,1075960.0,Volkswagen,Ameo 1.2 Mpi Highline,8,0,4446.125,0.061560934891485806
Kisumu,2013,40000,Diesel,Manual,First,21.64,1461.0,84.8,5.0,592000.0,Renault,Scala Diesel Rxl,13,0,3076.923076923077,0.05804243668720054
Kisumu,2015,45000,Petrol,Manual,First,18.7,1199.0,88.7,5.0,703000.0,Honda,Jazz 1.2 V I Vtec,11,0,4090.909090909091,0.07397831526271893
Nairobi,2015,42000,Petrol,Manual,First,17.0,1197.0,80.0,5.0,754799.9999999999,Hyundai,I20 1.2 Sportz,11,0,3818.181818181818,0.06683375104427736
Naivasha,2012,46913,Diesel,Automatic,First,14.94,2967.0,241.4,5.0,2384280.0,Audi,A4 3.0 Tdi Quattro Premium,14,1,3350.9285714285716,0.08136164475901585
Nairobi,2014,62000,Diesel,Automatic,First,11.18,2696.0,184.0,7.0,1561400.0,Mahindra,Ssangyong Rexton Rx7,12,0,5166.666666666667,0.06824925816023739
Thika,2017,15000,Diesel,Automatic,First,12.9,2755.0,174.5,7.0,4440000.0,Toyota,Fortuner 2.8 2Wd At,9,0,1666.6666666666667,0.0633393829401089
Kisumu,2002,69000,Diesel,Manual,First,18.7,1896.0,66.0,5.0,236800.0,Skoda,Octavia Classic 1.9 Tdi Mt,24,0,2875.0,0.03481012658227848
Kisumu,2012,41367,Diesel,Automatic,First,15.8,2148.0,170.0,5.0,2736519.9999999995,Mercedes-Benz,New C-Class 250 Cdi Classic,14,1,2954.785714285714,0.07914338919925512
Mombasa,2018,15982,Petrol,Manual,First,20.73,1373.0,91.1,5.0,1474080.0000000002,Maruti,Ciaz 1.4 Zeta,8,0,1997.75,0.0663510560815732
Kisumu,2013,99595,Diesel,Manual,Second,22.9,1248.0,74.0,5.0,703000.0,Maruti,Swift Zdi,13,0,7661.153846153846,0.05929487179487179
Nakuru,2002,63000,Diesel,Manual,Third,13.1,2446.0,75.0,10.0,540200.0,Toyota,Qualis Fs B3,24,0,2625.0,0.030662305805396566
Nairobi,2012,49000,Diesel,Automatic,Second,16.73,2495.0,218.0,5.0,2294000.0,Bmw,5 Series 2007-2010 525D Sedan,14,0,3500.0,0.087374749498998
Mombasa,2013,48272,Diesel,Manual,First,10.5,2835.0,116.9,6.0,1749360.0,Mitsubishi,Pajero 2.8 Sfx Bsiii Dual Tone,13,0,3713.230769230769,0.04123456790123457
Nairobi,2008,63000,Petrol,Manual,First,13.4,1794.0,125.0,5.0,303399.99999999994,Toyota,Corolla H2,18,0,3500.0,0.06967670011148272
Thika,2016,77000,Cng,Manual,First,26.6,998.0,58.16,5.0,488400.0,Maruti,Wagon R Lxi Cng,10,0,7700.0,0.05827655310621242
Nairobi,2013,11734,Petrol,Manual,First,16.8,796.0,34.2,8.0,333000.0,Maruti,Omni E Mpi Std Bs Iv,13,0,902.6153846153846,0.04296482412060302
Mombasa,2014,62012,Diesel,Automatic,First,17.68,1968.0,174.33,5.0,2977760.0,Audi,A6 2011-2015 2.0 Tdi,12,1,5167.666666666667,0.08858231707317074
Mombasa,2017,46000,Cng,Manual,First,25.0,1197.0,81.86,5.0,732600.0,Hyundai,Xcent 1.2 Kappa S Option Cng,9,0,5111.111111111111,0.0683876357560568
Naivasha,2016,45449,Diesel,Manual,First,27.3,1498.0,98.6,5.0,1107040.0,Honda,Jazz 1.5 S I Dtec,10,0,4544.9,0.06582109479305741
Nairobi,2004,85000,Petrol,Automatic,Second,10.5,1796.0,157.7,5.0,814000.0,Mercedes-Benz,E-Class 200 Kompressor Elegance,22,1,3863.6363636363635,0.08780623608017817
Nyeri,2005,88000,Petrol,Manual,Second,13.0,1493.0,100.0,5.0,251600.0,Honda,City 1.5 Exi,21,0,4190.476190476191,0.06697923643670463
Mombasa,2013,45330,Diesel,Automatic,First,16.55,1968.0,147.51,5.0,1952120.0,Audi,A4 2.0 Tdi,13,1,3486.923076923077,0.07495426829268292
Nairobi,2012,88000,Petrol,Manual,First,19.1,1197.0,85.8,5.0,569800.0,Maruti,Swift Dzire Vxi,14,0,6285.714285714285,0.07167919799498747
Nairobi,2016,45376,Diesel,Manual,First,28.4,1248.0,73.75,5.0,851000.0,Maruti,Dzire Vdi,10,0,4537.6,0.05909455128205128
Eldoret,2014,81000,Diesel,Manual,First,15.1,2179.0,140.0,7.0,1332000.0,Mahindra,Xuv500 W8 4Wd,12,0,6750.0,0.06424965580541533
Mombasa,2012,83381,Petrol,Manual,First,18.6,1199.0,79.4,5.0,327080.0,Chevrolet,Beat Lt,14,0,5955.785714285715,0.06622185154295246
Mombasa,2017,78526,Diesel,Manual,First,23.0,1498.0,98.96,5.0,1197320.0,Ford,Ecosport 1.5 Diesel Titanium Plus,9,0,8725.111111111111,0.06606141522029373
Naivasha,2017,27313,Diesel,Automatic,First,14.69,2993.0,258.0,5.0,7197240.0,Bmw,5 Series 2013-2017 530D M Sport,9,0,3034.777777777778,0.08620113598396258
Naivasha,2015,42747,Diesel,Automatic,Second,14.16,1968.0,174.3,5.0,5841560.0,Audi,Q5 30 Tdi Quattro Premium Plus,11,1,3886.090909090909,0.08856707317073172
Naivasha,2015,42265,Diesel,Automatic,Second,20.68,1995.0,190.0,5.0,3291520.0,Bmw,X1 Sdrive 20D Xline,11,0,3842.2727272727275,0.09523809523809523
Nairobi,2009,21000,Petrol,Automatic,First,19.2,1197.0,80.0,5.0,384800.0,Hyundai,I10 Magna At,17,0,1235.2941176470588,0.06683375104427736
Thika,2016,55100,Diesel,Automatic,First,17.01,1582.0,126.2,5.0,1776000.0,Hyundai,Creta 1.6 Crdi At Sx Plus,10,0,5510.0,0.0797724399494311
Mombasa,2014,70000,Diesel,Automatic,First,17.11,1968.0,174.33,5.0,2664000.0,Audi,A4 2.0 Tdi 177 Bhp Premium Plus,12,1,5833.333333333333,0.08858231707317074
Nairobi,2007,55000,Petrol,Automatic,Third,10.13,3498.0,364.9,5.0,1478520.0,Mercedes-Benz,S Class 2005 2013 S 350 L,19,1,2894.7368421052633,0.10431675242995997
Kisumu,2012,58235,Petrol,Manual,First,20.36,1197.0,78.9,5.0,362600.00000000006,Hyundai,I10 Magna,14,0,4159.642857142857,0.06591478696741855
Nairobi,2017,26000,Diesel,Manual,First,23.0,1498.0,98.96,5.0,1330520.0,Ford,Ecosport 1.5 Diesel Titanium,9,0,2888.8888888888887,0.06606141522029373
Kisumu,2011,35000,Diesel,Manual,First,20.54,1598.0,103.6,5.0,466200.0,Volkswagen,Vento Diesel Highline,15,0,2333.3333333333335,0.06483103879849812
Nyeri,2017,24000,Diesel,Manual,First,28.4,1248.0,73.75,5.0,1213599.9999999998,Maruti,Dzire Zdi Plus,9,0,2666.6666666666665,0.05909455128205128
Thika,2016,98000,Diesel,Manual,First,15.4,1997.0,120.0,7.0,1702000.0,Mahindra,Scorpio 1.99 S10,10,0,9800.0,0.06009013520280421
Naivasha,2016,44487,Diesel,Manual,First,22.54,1396.0,88.73,5.0,1080400.0,Hyundai,I20 Asta 1.4 Crdi,10,0,4448.7,0.06356017191977077
Mombasa,2008,65000,Petrol,Manual,First,19.7,796.0,46.3,5.0,235320.0,Maruti,Alto Lxi,18,0,3611.1111111111113,0.05816582914572864
Nairobi,2015,34951,Petrol,Manual,Second,20.36,1197.0,78.9,5.0,466200.0,Hyundai,I10 Magna,11,0,3177.3636363636365,0.06591478696741855
Kisumu,2015,52373,Diesel,Manual,Second,15.4,2179.0,120.0,7.0,1258000.0,Mahindra,Scorpio S6 7 Seater,11,0,4761.181818181818,0.05507113354749885
Kisumu,2010,66285,Diesel,Manual,First,19.5,1199.0,75.0,5.0,444000.0,Skoda,Fabia 1.2L Diesel Classic,16,0,4142.8125,0.06255212677231026
Nairobi,2012,66000,Diesel,Automatic,First,15.3,2993.0,258.0,5.0,3108000.0,Bmw,X5 Xdrive 30D,14,0,4714.285714285715,0.08620113598396258
Kisumu,2016,43000,Diesel,Manual,First,27.3,1498.0,98.6,5.0,1147000.0,Honda,Jazz 1.5 S I Dtec,10,0,4300.0,0.06582109479305741
Nairobi,2013,45200,Diesel,Automatic,First,10.0,2148.0,170.0,5.0,3404000.0,Mercedes-Benz,E-Class 2009-2013 E 220 Cdi Avantgarde,13,1,3476.923076923077,0.07914338919925512
Nairobi,2016,41000,Diesel,Automatic,First,16.0,2179.0,140.0,7.0,2035000.0,Mahindra,Xuv500 At W10 Fwd,10,0,4100.0,0.06424965580541533
Mombasa,2017,39430,Petrol,Automatic,First,18.0,1497.0,117.3,5.0,1226919.9999999998,Honda,City I Vtec Cvt Sv,9,0,4381.111111111111,0.0783567134268537
Naivasha,2014,83274,Diesel,Manual,First,22.9,1248.0,74.0,5.0,856920.0,Maruti,Swift Vdi,12,0,6939.5,0.05929487179487179
Naivasha,2017,32324,Diesel,Automatic,First,14.84,2143.0,170.0,5.0,4514000.0,Mercedes-Benz,New C-Class 220 Cdi At,9,1,3591.5555555555557,0.07932804479701354
Nairobi,2011,49999,Petrol,Manual,First,17.0,1497.0,118.0,5.0,562400.0,Honda,City 1.5 S Mt,15,0,3333.266666666667,0.0788243152972612
Nakuru,2014,66000,Diesel,Manual,First,15.3,2956.0,83.8,7.0,658600.0,Tata,Sumo Ex,12,0,5500.0,0.02834912043301759
Nairobi,2012,54000,Petrol,Manual,First,18.5,1197.0,82.85,5.0,488400.0,Hyundai,I20 Magna,14,0,3857.1428571428573,0.06921470342522974
Nyeri,2009,80000,Diesel,Manual,Second,20.4,1248.0,91.2,5.0,259000.0,Fiat,Linea 1.3 Dynamic,17,0,4705.882352941177,0.07307692307692308
Nakuru,2011,72000,Petrol,Automatic,Second,12.9,1799.0,130.0,5.0,814000.0,Honda,Civic 2006-2010 1.8 V At,15,0,4800.0,0.07226236798221233
Eldoret,2017,44865,Diesel,Manual,First,19.67,1582.0,126.2,5.0,1975800.0,Hyundai,Creta 1.6 Sx Plus Diesel,9,0,4985.0,0.0797724399494311
Nairobi,2017,22000,Diesel,Automatic,Second,20.38,1968.0,143.0,5.0,3330000.0,Audi,A3 35 Tdi Technology,9,1,2444.4444444444443,0.07266260162601626
Nairobi,2013,57478,Petrol,Manual,Second,17.0,1591.0,121.3,5.0,777000.0,Hyundai,Verna Vtvt 1.6 Sx Option,13,0,4421.384615384615,0.07624135763670647
Kisumu,2011,75000,Diesel,Manual,First,21.9,1396.0,90.0,5.0,555000.0,Hyundai,I20 1.4 Crdi Magna,15,0,5000.0,0.06446991404011461
Mombasa,2015,50624,Diesel,Manual,First,24.2,1498.0,98.6,7.0,935360.0,Honda,Mobilio S I Dtec,11,0,4602.181818181818,0.06582109479305741
Nakuru,2018,75000,Diesel,Automatic,First,22.32,1582.0,126.32,5.0,1147000.0,Hyundai,Verna 1.6 Sx Crdi (O) At,8,0,9375.0,0.07984829329962073
Mombasa,2006,87000,Petrol,Manual,Second,15.3,1596.0,101.0,5.0,202760.0,Ford,Fiesta 1.6 Zxi Duratec,20,0,4350.0,0.06328320802005012
Nairobi,2010,62000,Petrol,Manual,First,20.36,1197.0,78.9,5.0,310800.0,Hyundai,I10 Sportz 1.2,16,0,3875.0,0.06591478696741855
Kisumu,2016,41372,Diesel,Manual,First,24.3,1248.0,88.5,5.0,1376400.0000000002,Maruti,Vitara Brezza Zdi,10,0,4137.2,0.07091346153846154
Thika,2015,70000,Diesel,Manual,First,12.99,2494.0,100.6,7.0,1776000.0,Toyota,Innova 2.5 Vx (Diesel) 7 Seater,11,0,6363.636363636364,0.04033680834001604
Eldoret,2017,35000,Diesel,Automatic,First,17.9,2143.0,136.0,5.0,3478000.0,Mercedes-Benz,Gla Class 200 D Sport,9,1,3888.8888888888887,0.06346243583761083
Kisumu,2006,71993,Petrol,Manual,First,19.7,796.0,46.3,5.0,266400.0,Maruti,Alto Lxi Bsiii,20,0,3599.65,0.05816582914572864
Mombasa,2013,62000,Diesel,Automatic,Second,14.84,2143.0,170.0,5.0,1850000.0,Mercedes-Benz,New C-Class C 220 Cdi Elegance At,13,1,4769.2307692307695,0.07932804479701354
Nairobi,2015,51000,Diesel,Manual,First,22.9,1248.0,74.0,5.0,701520.0,Maruti,Swift Ldi,11,0,4636.363636363636,0.05929487179487179
Mombasa,2016,26038,Petrol,Manual,First,18.9,1197.0,82.0,5.0,803640.0,Hyundai,Grand I10 Sportz,10,0,2603.8,0.06850459482038429
Mombasa,2018,37713,Diesel,Automatic,Second,12.55,2982.0,168.5,7.0,4679760.0,Toyota,Fortuner 4X4 At,8,0,4714.125,0.05650570087189805
Kisumu,2011,78088,Petrol,Manual,First,12.4,1998.0,132.0,8.0,932400.0,Toyota,Innova 2.0 Gx 8 Str,15,0,5205.866666666667,0.06606606606606606
Mombasa,2017,30453,Diesel,Manual,First,22.77,1498.0,98.59,5.0,1250599.9999999998,Ford,Ecosport 1.5 Tdci Titanium,9,0,3383.6666666666665,0.06581441922563418
Eldoret,2016,54000,Petrol,Manual,First,18.16,1196.0,86.8,5.0,740000.0,Ford,Figo 1.2P Titanium Mt,10,0,5400.0,0.0725752508361204
Mombasa,2011,190000,Diesel,Manual,First,11.5,2982.0,171.0,7.0,1924000.0,Toyota,Fortuner 3.0 Diesel,15,0,12666.666666666666,0.05734406438631791
Kisumu,2012,65097,Petrol,Manual,First,19.1,1197.0,85.8,5.0,695600.0,Maruti,Swift Dzire Vxi,14,0,4649.785714285715,0.07167919799498747
Naivasha,2018,28060,Petrol,Automatic,First,12.05,2979.0,320.0,5.0,13863160.0,Bmw,7 Series 740Li,8,0,3507.5,0.10741859684457872
Eldoret,2012,282000,Petrol,Manual,First,13.14,1798.0,160.0,5.0,488400.0,Skoda,Superb 1.8 Tsi Mt,14,0,20142.85714285714,0.08898776418242492
Nyeri,2009,111000,Petrol,Manual,Second,18.9,1061.0,67.0,5.0,223480.0,Maruti,Wagon R Lxi Minor,17,0,6529.411764705882,0.06314797360980208
Mombasa,2013,63295,Diesel,Manual,First,19.01,1461.0,108.45,5.0,901320.0,Renault,Duster 110Ps Diesel Rxz,13,0,4868.846153846154,0.0742299794661191
Nairobi,2015,35770,Petrol,Manual,First,20.73,1373.0,91.1,5.0,880600.0,Maruti,Ciaz Vxi Plus,11,0,3251.818181818182,0.0663510560815732
Kisumu,2012,125928,Diesel,Manual,First,22.7,1582.0,126.24,5.0,1332000.0,Hyundai,Elantra Crdi Sx,14,0,8994.857142857143,0.07979772439949431
Kisumu,2015,45000,Diesel,Automatic,First,21.66,1498.0,103.52,5.0,629000.0,Skoda,Rapid 1.5 Tdi At Elegance,11,0,4090.909090909091,0.06910547396528705
Kisumu,2013,21000,Diesel,Automatic,First,14.84,2143.0,170.0,5.0,3478000.0,Mercedes-Benz,New C-Class C 220 Cdi Elegance At,13,1,1615.3846153846155,0.07932804479701354
Nairobi,2011,54774,Petrol,Automatic,First,11.7,2354.0,177.6,5.0,939800.0,Honda,Accord 2.4 A/T,15,0,3651.6,0.07544604927782497
Mombasa,2014,41123,Petrol,Manual,First,23.1,998.0,67.04,5.0,503200.0,Maruti,Celerio Vxi,12,0,3426.9166666666665,0.06717434869739479
Nakuru,2017,17465,Petrol,Automatic,First,12.05,2979.0,320.0,5.0,13764000.0,Bmw,7 Series 740Li,9,0,1940.5555555555557,0.10741859684457872
Mombasa,2014,48000,Diesel,Automatic,First,22.69,1995.0,190.0,5.0,3196800.0,Bmw,3 Series 320D Sport,12,0,4000.0,0.09523809523809523
Mombasa,2011,173000,Diesel,Manual,First,20.54,1598.0,103.6,5.0,592000.0,Volkswagen,Vento Diesel Trendline,15,0,11533.333333333334,0.06483103879849812
Eldoret,2018,12000,Diesel,Manual,First,23.4,1248.0,74.0,5.0,814000.0,Maruti,Swift Dzire Tour Ldi,8,0,1500.0,0.05929487179487179
Nairobi,2012,34000,Diesel,Automatic,First,12.39,2179.0,147.51,5.0,2849000.0,Land,Rover Freelander 2 Se,14,1,2428.5714285714284,0.06769619091326295
Kisumu,2012,71360,Diesel,Manual,First,21.9,1396.0,90.0,5.0,584600.0,Hyundai,I20 1.4 Crdi Magna,14,0,5097.142857142857,0.06446991404011461
Nairobi,2012,74000,Diesel,Manual,Second,28.4,1248.0,73.75,5.0,629000.0,Maruti,Dzire Vdi,14,0,5285.714285714285,0.05909455128205128
Mombasa,2018,28937,Diesel,Manual,First,17.1,1956.0,170.0,5.0,2518960.0,Jeep,Compass 2.0 Longitude,8,0,3617.125,0.0869120654396728
Kisumu,2012,82085,Diesel,Manual,First,20.77,1248.0,88.76,7.0,962000.0,Maruti,Ertiga Vdi,14,0,5863.214285714285,0.07112179487179487
Nakuru,2011,68465,Petrol,Manual,First,15.6,1196.0,70.0,5.0,436600.0,Ford,Figo Petrol Zxi,15,0,4564.333333333333,0.05852842809364549
Naivasha,2013,63854,Diesel,Manual,First,21.43,1364.0,86.79,5.0,1053760.0,Toyota,Corolla Altis 1.4 Dg,13,0,4911.846153846154,0.06362903225806452
Mombasa,2018,3000,Diesel,Automatic,First,24.3,1248.0,88.5,5.0,1665000.0,Maruti,Vitara Brezza Zdi Plus Amt Dual Tone,8,0,375.0,0.07091346153846154
Nairobi,2009,65055,Petrol,Manual,First,17.0,1497.0,118.0,5.0,407000.0,Honda,City 1.5 S Mt,17,0,3826.764705882353,0.0788243152972612
Kisumu,2015,120000,Diesel,Manual,First,15.4,2179.0,120.0,7.0,1776000.0,Mahindra,Scorpio S10 4Wd,11,0,10909.09090909091,0.05507113354749885
Nairobi,2014,64241,Petrol,Manual,First,20.14,1197.0,81.86,5.0,543160.0,Hyundai,Xcent 1.2 Vtvt Sx,12,0,5353.416666666667,0.0683876357560568
Eldoret,2001,121000,Diesel,Manual,First,15.0,2148.0,97.7,5.0,740000.0,Mercedes-Benz,E-Class 220 Cdi,25,1,4840.0,0.04548417132216015
Eldoret,2008,2200,Petrol,Manual,First,15.7,1390.0,75.0,5.0,340399.99999999994,Mahindra,Renault Logan 1.4 Glx Petrol,18,0,122.22222222222223,0.0539568345323741
Eldoret,2008,88123,Diesel,Manual,First,18.7,1896.0,66.0,5.0,325600.00000000006,Skoda,Octavia 1.9 Tdi,18,0,4895.722222222223,0.03481012658227848
Eldoret,2014,79000,Diesel,Automatic,First,12.0,2987.0,224.0,7.0,6068000.0,Mercedes-Benz,Gl-Class 2007 2012 350 Cdi Luxury,12,1,6583.333333333333,0.07499163039839303
Nakuru,2016,28143,Diesel,Automatic,First,20.68,1995.0,190.0,5.0,4218000.0,Bmw,X1 Sdrive 20D Xline,10,0,2814.3,0.09523809523809523
Nairobi,2015,23001,Petrol,Manual,First,15.04,1598.0,103.2,5.0,812520.0,Volkswagen,Vento 2013-2015 1.6 Comfortline,11,0,2091.0,0.06458072590738423
Thika,2013,82002,Diesel,Automatic,Second,16.55,1968.0,147.51,5.0,2590000.0,Audi,A4 2.0 Tdi,13,1,6307.846153846154,0.07495426829268292
Nakuru,2009,75000,Diesel,Manual,First,13.8,1399.0,68.0,5.0,294520.0,Ford,Ikon 1.4 Tdci Duratorq,17,0,4411.764705882353,0.04860614724803431
Mombasa,2016,37451,Diesel,Manual,First,22.32,1582.0,126.3,5.0,982720.0,Hyundai,Verna 1.6 Crdi Ex Mt,10,0,3745.1,0.07983565107458912
Kisumu,2017,67000,Diesel,Manual,First,13.68,2393.0,147.8,7.0,2442000.0,Toyota,Innova Crysta 2.4 Vx Mt,9,0,7444.444444444444,0.06176347680735479
Eldoret,2016,25000,Petrol,Manual,First,18.9,1197.0,82.0,5.0,740000.0,Hyundai,Grand I10 Asta Option,10,0,2500.0,0.06850459482038429
Nairobi,2017,12000,Petrol,Manual,First,17.0,1198.0,73.75,5.0,799200.0,Volkswagen,Ameo 1.2 Mpi Comfortline,9,0,1333.3333333333333,0.061560934891485806
Kisumu,2017,25000,Petrol,Manual,First,25.17,799.0,53.3,5.0,442520.0,Renault,Kwid Rxt,9,0,2777.777777777778,0.06670838548185232
Nyeri,2011,95936,Petrol,Manual,First,17.0,1497.0,118.0,5.0,606799.9999999999,Honda,City 1.5 S Mt,15,0,6395.733333333334,0.0788243152972612
Mombasa,2018,5354,Petrol,Automatic,First,18.9,1197.0,81.86,5.0,1000480.0,Hyundai,Grand I10 1.2 Kappa Magna At,8,0,669.25,0.0683876357560568
Mombasa,2016,42000,Petrol,Manual,Second,18.78,999.0,75.0,5.0,814000.0,Volkswagen,Polo 1.0 Mpi Comfortline,10,0,4200.0,0.07507507507507508
Naivasha,2014,44282,Diesel,Manual,First,25.2,1248.0,74.0,5.0,886520.0,Maruti,Swift Vdi Bsiv,12,0,3690.1666666666665,0.05929487179487179
Nairobi,2012,70000,Diesel,Manual,First,21.64,1461.0,84.8,5.0,383320.0,Nissan,Sunny 2011-2014 Diesel Xv,14,0,5000.0,0.05804243668720054
Nairobi,2013,31400,Diesel,Automatic,First,16.36,2179.0,187.7,5.0,3959000.0,Jaguar,Xf 2.2 Litre Luxury,13,1,2415.3846153846152,0.08614043139054611
Eldoret,2016,50000,Diesel,Manual,First,28.09,1248.0,88.5,5.0,1258000.0,Maruti,Ciaz Zdi Shvs,10,0,5000.0,0.07091346153846154
Nakuru,2011,53000,Diesel,Automatic,First,12.8,1968.0,167.6,5.0,3404000.0,Audi,Q5 2008-2012 2.0 Tdi,15,1,3533.3333333333335,0.08516260162601626
Eldoret,2014,21727,Petrol,Manual,First,15.6,1196.0,70.02,5.0,495800.0,Ford,Figo Petrol Zxi,12,0,1810.5833333333333,0.058545150501672236
Nakuru,2012,43000,Diesel,Automatic,Second,11.72,2199.0,194.3,7.0,1591000.0,Hyundai,Santa Fe 4X4 At,14,0,3071.4285714285716,0.08835834470213734
Kisumu,2013,75000,Diesel,Manual,First,12.05,2179.0,120.0,8.0,930920.0,Mahindra,Scorpio Vlx 2Wd Airbag Bsiv,13,0,5769.2307692307695,0.05507113354749885
Nakuru,2014,73557,Diesel,Manual,First,19.6,1461.0,108.45,5.0,1147000.0,Renault,Duster 110Ps Diesel Rxl,12,0,6129.75,0.0742299794661191
Nairobi,2012,44555,Diesel,Automatic,First,15.2,1968.0,140.8,5.0,1998000.0,Audi,A4 New 2.0 Tdi Multitronic,14,1,3182.5,0.07154471544715447
Naivasha,2013,54885,Petrol,Manual,First,15.1,1196.0,73.0,7.0,555000.0,Maruti,Eeco 7 Seater Standard,13,0,4221.923076923077,0.061036789297658864
Nairobi,2011,76000,Diesel,Manual,Second,14.0,2498.0,112.0,7.0,555000.0,Mahindra,Xylo E4,15,0,5066.666666666667,0.04483586869495596
Nyeri,2006,101000,Petrol,Manual,Second,18.9,998.0,67.1,5.0,222000.0,Maruti,Wagon R Lxi,20,0,5050.0,0.06723446893787574
Mombasa,2005,66000,Petrol,Manual,First,14.0,1061.0,64.0,5.0,214600.0,Maruti,Wagon R Lxi Bsiii,21,0,3142.8571428571427,0.060320452403393024
Naivasha,2013,84360,Petrol,Manual,First,15.5,1586.0,103.3,5.0,609760.0,Maruti,Sx4 Zxi Mt Bsiv,13,0,6489.2307692307695,0.06513240857503153
Nairobi,2016,25121,Diesel,Manual,First,13.68,2393.0,147.8,7.0,2532280.0,Toyota,Innova Crysta 2.4 Vx Mt,10,0,2512.1,0.06176347680735479
Eldoret,2015,100000,Diesel,Manual,Second,12.99,2494.0,100.6,7.0,1517000.0,Toyota,Innova 2.5 G (Diesel) 7 Seater,11,0,9090.90909090909,0.04033680834001604
Kisumu,2011,66035,Diesel,Manual,First,22.07,1199.0,73.9,5.0,368520.00000000006,Volkswagen,Polo Diesel Trendline 1.2L,15,0,4402.333333333333,0.06163469557964971
Eldoret,2015,190000,Petrol,Manual,Second,16.78,1496.0,88.73,5.0,569800.0,Toyota,Etios G,11,0,17272.727272727272,0.05931149732620321
Kisumu,2014,85670,Diesel,Manual,First,22.7,1498.0,89.84,5.0,925000.0,Ford,Ecosport 1.5 Dv5 Mt Titanium,12,0,7139.166666666667,0.05997329773030708
Kisumu,2015,35000,Diesel,Manual,First,24.0,1120.0,70.0,5.0,722240.0,Hyundai,Grand I10 Crdi Magna,11,0,3181.818181818182,0.0625
Nairobi,2016,8000,Petrol,Automatic,First,18.0,1497.0,117.3,5.0,1398599.9999999998,Honda,City I Vtec Cvt Sv,10,0,800.0,0.0783567134268537
Kisumu,2007,162000,Diesel,Manual,Second,12.8,2494.0,102.0,8.0,710400.0,Toyota,Innova 2.5 G3,19,0,8526.315789473685,0.0408981555733761
Kisumu,2012,60000,Petrol,Manual,First,21.1,814.0,55.2,5.0,294520.0,Hyundai,Eon Era Plus,14,0,4285.714285714285,0.06781326781326781
Kisumu,2010,70600,Petrol,Manual,First,20.36,1197.0,78.9,5.0,414400.0,Hyundai,I10 Magna 1.2,16,0,4412.5,0.06591478696741855
Nakuru,2011,25000,Petrol,Automatic,Second,12.3,1796.0,185.0,5.0,3256000.0,Mercedes-Benz,E-Class 2009-2013 E 200 Cgi Elegance,15,1,1666.6666666666667,0.10300668151447662
Kisumu,2012,75000,Diesel,Manual,First,15.96,2523.0,62.1,7.0,636400.0,Mahindra,Bolero Sle,14,0,5357.142857142857,0.02461355529131986
Naivasha,2014,85071,Diesel,Automatic,First,20.0,1968.0,138.1,5.0,1443000.0,Skoda,Laura Ambition 2.0 Tdi Cr At,12,0,7089.25,0.07017276422764228
Thika,2015,40000,Petrol,Manual,First,20.4,1197.0,81.8,5.0,873200.0,Maruti,Swift Zxi,11,0,3636.3636363636365,0.0683375104427736
Nairobi,2013,67000,Diesel,Automatic,First,16.55,1968.0,147.51,5.0,2146000.0,Audi,A4 2.0 Tdi,13,1,5153.846153846154,0.07495426829268292
Kisumu,2009,55000,Diesel,Manual,Second,17.8,1399.0,68.0,5.0,355200.0,Ford,Fiesta 1.4 Sxi Tdci Abs,17,0,3235.294117647059,0.04860614724803431
Nairobi,2008,62000,Petrol,Manual,Second,15.0,1586.0,104.68,5.0,312280.0,Maruti,Sx4 Vxi Bsiii,18,0,3444.4444444444443,0.06600252206809584
Naivasha,2017,22526,Petrol,Automatic,First,18.9,1197.0,82.0,5.0,1124800.0,Hyundai,Grand I10 At Asta,9,0,2502.8888888888887,0.06850459482038429
Kisumu,2012,57788,Petrol,Automatic,First,17.16,1197.0,85.8,5.0,532800.0,Maruti,Ritz At,14,0,4127.714285714285,0.07167919799498747
Nyeri,2013,72000,Diesel,Manual,First,10.5,2179.0,120.0,8.0,888000.0,Mahindra,Scorpio 2.6 Crde,13,0,5538.461538461538,0.05507113354749885
Nairobi,2014,83128,Diesel,Manual,First,15.4,2179.0,120.0,7.0,1102600.0,Mahindra,Scorpio S4 7 Seater,12,0,6927.333333333333,0.05507113354749885
Mombasa,2011,75000,Petrol,Manual,First,19.7,796.0,46.3,5.0,310800.0,Maruti,Alto Lxi,15,0,5000.0,0.05816582914572864
Thika,2013,58000,Diesel,Manual,Second,19.01,1461.0,108.45,5.0,769600.0,Renault,Duster 110Ps Diesel Rxz,13,0,4461.538461538462,0.0742299794661191
Kisumu,2009,26000,Diesel,Manual,First,0.0,2498.0,97.7,6.0,1034520.0,Mahindra,Jeep Mm 550 Pe,17,0,1529.4117647058824,0.03911128903122498
Nairobi,2017,1000,Petrol,Manual,First,20.89,1197.0,81.8,5.0,941280.0,Maruti,Ignis 1.2 Alpha,9,0,111.11111111111111,0.0683375104427736
Mombasa,2015,59751,Diesel,Manual,First,12.99,2494.0,100.6,7.0,1719760.0,Toyota,Innova 2.5 Zx Diesel 7 Seater,11,0,5431.909090909091,0.04033680834001604
Mombasa,2015,29966,Diesel,Automatic,Second,16.77,2993.0,261.49,5.0,6452800.0,Bmw,7 Series 730Ld Eminence,11,0,2724.181818181818,0.08736719011025727
Kisumu,2009,65000,Diesel,Manual,Second,13.6,1991.0,142.0,5.0,725200.0000000001,Hyundai,Sonata Embera 2.0L Crdi Mt,17,0,3823.529411764706,0.07132094424912104
Mombasa,2015,75863,Diesel,Manual,First,19.01,1461.0,108.45,5.0,991600.0,Renault,Duster Adventure Edition,11,0,6896.636363636364,0.0742299794661191
Nairobi,2013,54000,Cng,Manual,First,33.54,998.0,67.04,5.0,451400.0,Maruti,Wagon R Cng Lxi,13,0,4153.846153846154,0.06717434869739479
Nakuru,2014,24000,Diesel,Automatic,First,17.11,1968.0,174.33,5.0,3700000.0,Audi,A4 2.0 Tdi 177 Bhp Technology Edition,12,1,2000.0,0.08858231707317074
Naivasha,2018,33218,Diesel,Manual,First,17.1,1956.0,170.0,5.0,2819400.0,Jeep,Compass 2.0 Longitude,8,0,4152.25,0.0869120654396728
Kisumu,2015,33425,Petrol,Manual,First,17.43,1396.0,105.5,5.0,666000.0,Hyundai,Verna 1.4 Vtvt,11,0,3038.6363636363635,0.0755730659025788
Eldoret,2013,47000,Petrol,Manual,First,18.0,1198.0,86.7,5.0,614200.0000000001,Honda,Amaze Vx I-Vtech,13,0,3615.3846153846152,0.07237061769616027
Mombasa,2015,41000,Diesel,Manual,First,19.67,1582.0,126.2,5.0,1761200.0,Hyundai,Creta 1.6 Crdi Sx Option,11,0,3727.2727272727275,0.0797724399494311
Nairobi,2011,62000,Petrol,Manual,First,19.81,1086.0,68.05,5.0,310800.0,Hyundai,I10 Magna 1.1,15,0,4133.333333333333,0.06266114180478821
Nairobi,2016,47035,Diesel,Manual,First,18.49,1493.0,100.0,7.0,1028600.0,Mahindra,Tuv 300 T8,10,0,4703.5,0.06697923643670463
Eldoret,2008,56230,Petrol,Manual,Second,17.5,1298.0,85.8,5.0,355200.0,Maruti,Swift Dzire Vxi,18,0,3123.8888888888887,0.06610169491525424
Mombasa,2007,55000,Petrol,Manual,First,13.2,1495.0,94.0,5.0,392200.0,Hyundai,Accent Gle 1,19,0,2894.7368421052633,0.06287625418060201
Nyeri,2014,70669,Diesel,Manual,First,15.1,2179.0,140.0,7.0,1332000.0,Mahindra,Xuv500 W8 2Wd,12,0,5889.083333333333,0.06424965580541533
Eldoret,2012,69000,Petrol,Manual,First,20.92,998.0,67.1,5.0,310800.0,Maruti,Alto K10 2010-2014 Vxi,14,0,4928.571428571428,0.06723446893787574
Eldoret,2011,65000,Petrol,Manual,Second,18.6,1199.0,79.4,5.0,370000.0,Chevrolet,Beat Lt,15,0,4333.333333333333,0.06622185154295246
Nairobi,2009,30000,Diesel,Automatic,First,12.4,2698.0,179.5,5.0,1324599.9999999998,Audi,A6 2.7 Tdi,17,1,1764.7058823529412,0.06653076352853966
Kisumu,2017,2000,Diesel,Automatic,First,20.7,1496.0,113.98,5.0,5032000.0,Mini,Cooper 5 Door D,9,0,222.22222222222223,0.07618983957219251
Eldoret,2011,24255,Petrol,Manual,First,16.1,1493.0,97.7,5.0,466200.0,Maruti,Swift 1.3 Lxi,15,0,1617.0,0.06543871399866041
Mombasa,2015,40000,Petrol,Manual,First,17.57,1193.0,88.7,5.0,592000.0,Tata,Zest Revotron 1.2T Xms,11,0,3636.3636363636365,0.07435037720033529
Kisumu,2014,40000,Diesel,Manual,First,26.0,1498.0,98.6,5.0,658600.0,Honda,City I Dtec Sv,12,0,3333.3333333333335,0.06582109479305741
Nyeri,2010,26000,Petrol,Manual,First,18.6,1199.0,79.4,5.0,222000.0,Chevrolet,Beat Lt,16,0,1625.0,0.06622185154295246
Nyeri,2011,105000,Diesel,Automatic,Second,16.55,1968.0,140.0,5.0,2146000.0,Audi,A4 2.0 Tdi Multitronic,15,1,7000.0,0.07113821138211382
Kisumu,2015,2800,Diesel,Manual,First,26.1,1498.0,99.0,5.0,1244680.0,Ford,Aspire Titanium Plus Diesel,11,0,254.54545454545453,0.06608811748998665
Nairobi,2014,71000,Diesel,Automatic,Second,19.08,1582.0,126.32,5.0,806600.0,Hyundai,Verna Sx Crdi At,12,0,5916.666666666667,0.07984829329962073
Nairobi,2015,32896,Petrol,Automatic,First,18.0,1497.0,117.3,5.0,1317200.0,Honda,City I Vtec Cvt Vx,11,0,2990.5454545454545,0.0783567134268537
Kisumu,2012,45000,Petrol,Manual,First,20.36,1197.0,78.9,5.0,540200.0,Hyundai,I10 Sportz 1.2,14,0,3214.285714285714,0.06591478696741855
Nakuru,2015,65000,Diesel,Automatic,Second,18.56,1995.0,190.0,5.0,4292000.0,Bmw,X3 Xdrive20D Expedition,11,0,5909.090909090909,0.09523809523809523
Nairobi,2013,45200,Diesel,Automatic,First,16.55,1968.0,147.51,5.0,1998000.0,Audi,A4 2.0 Tdi,13,1,3476.923076923077,0.07495426829268292
Kisumu,2008,82167,Petrol,Automatic,First,10.1,2354.0,152.0,5.0,799200.0,Honda,Cr-V 2.4 At,18,0,4564.833333333333,0.06457094307561598
Naivasha,2016,37429,Petrol,Manual,First,18.9,1197.0,81.86,5.0,871720.0,Hyundai,Grand I10 1.2 Kappa Asta,10,0,3742.9,0.0683876357560568
Kisumu,2016,46000,Diesel,Manual,First,28.09,1248.0,88.5,5.0,1250599.9999999998,Maruti,Ciaz Zdi Plus Shvs,10,0,4600.0,0.07091346153846154
Nairobi,2011,67031,Petrol,Manual,First,17.4,1497.0,117.3,5.0,592000.0,Honda,City I-Vtec V,15,0,4468.733333333334,0.0783567134268537
Nairobi,2013,30000,Diesel,Automatic,First,9.52,2993.0,313.0,4.0,6660000.0,Bmw,6 Series 640D Coupe,13,0,2307.6923076923076,0.10457734714333444
Nairobi,2016,47691,Petrol,Automatic,First,23.1,998.0,67.04,5.0,583120.0,Maruti,Celerio Vxi Amt,10,0,4769.1,0.06717434869739479
Nyeri,2011,32531,Diesel,Automatic,Second,13.73,1995.0,148.0,5.0,1184000.0,Renault,Koleos 2.0 Diesel,15,0,2168.733333333333,0.07418546365914787
Kisumu,2013,71336,Diesel,Manual,First,20.0,1399.0,68.0,5.0,606799.9999999999,Ford,Figo Diesel Zxi,13,0,5487.384615384615,0.04860614724803431
Mombasa,2006,196000,Diesel,Manual,First,12.8,2494.0,102.0,7.0,925000.0,Toyota,Innova 2.5 V Diesel 7-Seater,20,0,9800.0,0.0408981555733761
Kisumu,2015,28193,Diesel,Manual,First,28.4,1248.0,73.75,5.0,777000.0,Maruti,Dzire Vdi,11,0,2563.0,0.05909455128205128
Naivasha,2019,2526,Petrol,Automatic,First,19.0,2996.0,362.07,2.0,12426080.0,Mercedes-Benz,Slc 43 Amg,7,1,360.85714285714283,0.12085113484646194
Naivasha,2004,52146,Petrol,Manual,First,0.0,1493.0,97.7,5.0,285640.0,Hyundai,Santro Lp Zipplus,22,0,2370.2727272727275,0.06543871399866041
Kisumu,2013,85000,Diesel,Automatic,First,16.1,1950.0,194.0,5.0,3108000.0,Mercedes-Benz,E-Class E 220 D,13,1,6538.461538461538,0.09948717948717949
Thika,2015,20780,Petrol,Manual,First,18.9,1197.0,81.86,5.0,636400.0,Hyundai,Grand I10 1.2 Kappa Sportz,11,0,1889.090909090909,0.0683876357560568
Nairobi,2014,43081,Petrol,Manual,First,17.3,1497.0,117.3,7.0,777000.0,Honda,Mobilio S I Vtec,12,0,3590.0833333333335,0.0783567134268537
Nairobi,2010,35000,Petrol,Automatic,Second,11.9,4806.0,550.0,5.0,4736000.0,Porsche,Cayenne Turbo S,16,1,2187.5,0.11444028297960883
Kisumu,2013,36000,Diesel,Manual,First,17.21,1493.0,100.0,7.0,577200.0,Mahindra,Quanto C8,13,0,2769.230769230769,0.06697923643670463
Nairobi,2007,67000,Petrol,Manual,Third,13.4,1794.0,125.0,5.0,325600.00000000006,Toyota,Corolla H5,19,0,3526.315789473684,0.06967670011148272
Nairobi,2016,34079,Diesel,Manual,First,25.32,1198.0,77.0,6.0,547600.0,Mahindra,Kuv 100 Mfalcon D75 K4,10,0,3407.9,0.0642737896494157
Naivasha,2010,77849,Petrol,Automatic,Second,10.9,2497.0,215.0,5.0,1667960.0,Bmw,3 Series 2005-2011 325I Sedan,16,0,4865.5625,0.08610332398878655
Nyeri,2013,86000,Petrol,Manual,First,22.74,796.0,47.3,5.0,356680.0,Maruti,Alto 800 Lxi,13,0,6615.384615384615,0.059422110552763814
Eldoret,2015,110000,Diesel,Automatic,First,15.73,1968.0,174.33,5.0,2812000.0,Audi,Q3 35 Tdi Quattro Premium,11,1,10000.0,0.08858231707317074
Kisumu,2015,116000,Diesel,Manual,Second,23.59,1364.0,67.05,5.0,858400.0,Toyota,Etios Gd,11,0,10545.454545454546,0.04915689149560117
Naivasha,2016,41840,Diesel,Manual,First,15.1,2179.0,140.0,7.0,2000960.0,Mahindra,Xuv500 W8 2Wd,10,0,4184.0,0.06424965580541533
Kisumu,2015,19317,Diesel,Manual,First,13.0,2982.0,168.7,7.0,3626000.0,Toyota,Fortuner 4X2 Mt Trd Sportivo,11,0,1756.090909090909,0.05657276995305164
Eldoret,2014,41000,Cng,Manual,First,24.6,1193.0,55.23,5.0,481000.0,Tata,Indigo Cs Emax Cng Glx,12,0,3416.6666666666665,0.04629505448449287
Mombasa,2017,25601,Diesel,Automatic,First,17.9,2143.0,201.15,5.0,8396040.0,Mercedes-Benz,Gle 250D,9,1,2844.5555555555557,0.09386374241717219
Nyeri,2015,83950,Diesel,Manual,First,19.67,1582.0,126.2,5.0,1472599.9999999998,Hyundai,Creta 1.6 Crdi Sx,11,0,7631.818181818182,0.0797724399494311
Eldoret,2012,60000,Petrol,Automatic,First,16.8,1497.0,118.0,5.0,814000.0,Honda,City 1.5 V At,14,0,4285.714285714285,0.0788243152972612
Kisumu,2015,50000,Diesel,Automatic,First,17.11,1968.0,174.33,5.0,3700000.0,Audi,A4 35 Tdi Premium,11,1,4545.454545454545,0.08858231707317074
Kisumu,2009,37000,Petrol,Manual,First,17.3,993.0,60.0,5.0,148000.0,Maruti,Zen Vxi,17,0,2176.470588235294,0.06042296072507553
Kisumu,2011,76976,Petrol,Manual,Second,19.7,796.0,46.3,5.0,318200.0,Maruti,Alto Lxi,15,0,5131.733333333334,0.05816582914572864
Mombasa,2018,21684,Petrol,Automatic,First,21.4,1197.0,83.1,5.0,1167720.0,Maruti,Baleno Delta Automatic,8,0,2710.5,0.06942355889724311
Nairobi,2015,62000,Diesel,Manual,First,16.0,2179.0,140.0,7.0,1517000.0,Mahindra,Xuv500 W10 2Wd,11,0,5636.363636363636,0.06424965580541533
Nairobi,2007,1261,Petrol,Manual,First,19.0,1194.0,94.68,5.0,888000.0,Ford,Freestyle Titanium Petrol,19,0,66.36842105263158,0.0792964824120603
Naivasha,2017,59450,Petrol,Manual,First,18.6,1197.0,81.86,5.0,1114440.0,Hyundai,Elite I20 Asta Option,9,0,6605.555555555556,0.0683876357560568
Naivasha,2018,24465,Diesel,Automatic,First,19.27,2143.0,167.62,5.0,5838600.000000001,Mercedes-Benz,New C-Class C 220D Avantgarde Edition C,8,1,3058.125,0.07821745216985534
Nairobi,2014,55000,Petrol,Manual,First,17.8,1497.0,117.3,5.0,864320.0,Honda,City I Vtec Sv,12,0,4583.333333333333,0.0783567134268537
Nairobi,2017,2000,Petrol,Manual,First,18.88,1499.0,110.4,5.0,1280200.0,Ford,Ecosport 1.5 Ti Vct Mt Titanium Be,9,0,222.22222222222223,0.07364909939959974
Mombasa,2017,25040,Petrol,Manual,First,21.4,1197.0,83.1,5.0,1145520.0,Maruti,Baleno Alpha 1.2,9,0,2782.222222222222,0.06942355889724311
Nakuru,2008,84000,Petrol,Manual,First,20.36,1197.0,78.9,5.0,370000.0,Hyundai,I10 Sportz,18,0,4666.666666666667,0.06591478696741855
Eldoret,2007,170428,Diesel,Manual,Second,12.8,2494.0,102.0,8.0,843600.0,Toyota,Innova 2.5 G (Diesel) 8 Seater Bs Iv,19,0,8969.894736842105,0.0408981555733761
Nairobi,2016,12573,Petrol,Manual,First,21.4,1197.0,83.1,5.0,858400.0,Maruti,Baleno Delta,10,0,1257.3,0.06942355889724311
Kisumu,2012,88000,Diesel,Automatic,First,12.07,2967.0,241.4,7.0,5402000.0,Audi,Q7 3.0 Tdi Quattro Technology,14,1,6285.714285714285,0.08136164475901585
Nairobi,2012,86000,Diesel,Automatic,Second,13.01,2199.0,194.3,7.0,1406000.0,Hyundai,Santa Fe 2Wd At,14,0,6142.857142857143,0.08835834470213734
Naivasha,2012,51019,Petrol,Manual,First,0.0,999.0,97.7,5.0,515040.0,Hyundai,Santro Gls I - Euro Ii,14,0,3644.214285714286,0.0977977977977978
Nairobi,2013,45000,Petrol,Manual,First,17.0,1497.0,118.0,5.0,673400.0,Honda,City 1.5 V Mt Exclusive,13,0,3461.5384615384614,0.0788243152972612
Nyeri,2012,51000,Diesel,Manual,First,21.9,1396.0,90.0,5.0,577200.0,Hyundai,I20 1.4 Crdi Magna,14,0,3642.8571428571427,0.06446991404011461
Eldoret,2007,92000,Diesel,Manual,First,13.6,2523.0,63.0,7.0,399600.0,Mahindra,Bolero Sle Bsiii,19,0,4842.105263157895,0.02497027348394768
Eldoret,2017,29000,Diesel,Automatic,First,12.9,2755.0,174.5,7.0,4588000.0,Toyota,Fortuner 2.8 2Wd At,9,0,3222.222222222222,0.0633393829401089
Nakuru,2009,70521,Petrol,Automatic,Second,10.9,2497.0,215.0,5.0,1524400.0000000002,Bmw,3 Series 2005-2011 325I Sedan,17,0,4148.294117647059,0.08610332398878655
Kisumu,2010,51000,Diesel,Automatic,First,16.07,1995.0,181.0,5.0,1147000.0,Bmw,3 Series 320D Sedan,16,0,3187.5,0.09072681704260652
Kisumu,2012,52618,Petrol,Manual,First,18.9,998.0,67.1,5.0,473600.0,Maruti,Wagon R Lxi,14,0,3758.4285714285716,0.06723446893787574
Nairobi,2013,68000,Diesel,Manual,First,25.47,1248.0,88.5,7.0,717799.9999999999,Maruti,Ertiga Zdi,13,0,5230.7692307692305,0.07091346153846154
Mombasa,2016,29022,Diesel,Automatic,Second,15.68,1999.0,177.0,5.0,5043840.0,Land,Rover Range Rover Evoque 2.0 Td4 Pure,10,1,2902.2,0.08854427213606804
Mombasa,2017,80000,Diesel,Manual,First,24.52,1248.0,88.5,7.0,1198800.0,Maruti,Ertiga Shvs Vdi,9,0,8888.888888888889,0.07091346153846154
Mombasa,2016,78000,Diesel,Manual,Second,25.0,1396.0,69.01,5.0,347800.0,Tata,Indigo Cs Evx,10,0,7800.0,0.04943409742120344
Eldoret,2012,100000,Petrol,Manual,First,20.92,998.0,67.1,5.0,266400.0,Maruti,Alto K10 Lxi,14,0,7142.857142857143,0.06723446893787574
Naivasha,2015,31412,Petrol,Manual,First,21.1,814.0,55.2,5.0,506160.0,Hyundai,Eon D Lite Plus,11,0,2855.6363636363635,0.06781326781326781
Nairobi,2010,78000,Diesel,Automatic,Second,11.4,2953.0,153.86,7.0,790320.0,Ford,Endeavour 3.0L 4X4 At,16,0,4875.0,0.05210294615645107
Kisumu,2018,14000,Diesel,Automatic,First,12.62,2198.0,158.0,7.0,4734520.0,Ford,Endeavour 2.2 Titanium At 4X2,8,0,1750.0,0.0718835304822566
Nakuru,2011,80000,Diesel,Manual,First,20.54,1598.0,103.6,5.0,703000.0,Volkswagen,Vento Diesel Highline,15,0,5333.333333333333,0.06483103879849812
Nairobi,2014,46738,Petrol,Automatic,First,19.12,1373.0,91.1,5.0,902800.0,Maruti,Ciaz At Zxi,12,0,3894.8333333333335,0.0663510560815732
Naivasha,2013,54884,Petrol,Manual,Second,21.1,814.0,55.2,5.0,546120.0,Hyundai,Eon D Lite Plus,13,0,4221.846153846154,0.06781326781326781
Nairobi,2012,74500,Diesel,Automatic,Second,14.16,1968.0,174.3,5.0,2220000.0,Audi,Q5 2.0 Tdi Premium Plus,14,1,5321.428571428572,0.08856707317073172
Naivasha,2016,67472,Diesel,Manual,First,16.0,2179.0,140.0,7.0,2146000.0,Mahindra,Xuv500 W10 Awd,10,0,6747.2,0.06424965580541533
Kisumu,2013,84000,Diesel,Manual,First,28.4,1248.0,74.0,5.0,836200.0,Maruti,Swift Vdi,13,0,6461.538461538462,0.05929487179487179
Kisumu,2011,77400,Diesel,Manual,First,21.1,1248.0,73.9,5.0,370000.0,Maruti,Ritz Vdi,15,0,5160.0,0.059214743589743594
Nairobi,2017,14470,Diesel,Automatic,First,19.71,2143.0,201.15,5.0,5698000.0,Mercedes-Benz,New C-Class C 250 Cdi Avantgarde,9,1,1607.7777777777778,0.09386374241717219
Kisumu,2014,52108,Diesel,Manual,First,19.01,1461.0,108.45,5.0,812520.0,Renault,Duster 110Ps Diesel Rxz,12,0,4342.333333333333,0.0742299794661191
Kisumu,2013,40000,Petrol,Manual,First,19.1,1197.0,85.8,5.0,525400.0,Maruti,Swift Dzire Vxi,13,0,3076.923076923077,0.07167919799498747
Nyeri,2014,105044,Diesel,Manual,First,12.99,2494.0,100.6,7.0,1591000.0,Toyota,Innova 2.5 Vx (Diesel) 7 Seater,12,0,8753.666666666666,0.04033680834001604
Nairobi,2016,24347,Petrol,Manual,First,15.8,1591.0,121.3,5.0,1628000.0,Hyundai,Creta 1.6 Sx Option,10,0,2434.7,0.07624135763670647
Thika,2014,58000,Diesel,Manual,First,21.79,1248.0,88.73,5.0,666000.0,Maruti,Sx4 Zdi,12,0,4833.333333333333,0.07109775641025641
Mombasa,2014,49663,Diesel,Manual,First,15.1,2179.0,140.0,7.0,1246160.0,Mahindra,Xuv500 W8 2Wd,12,0,4138.583333333333,0.06424965580541533
Nairobi,2017,17000,Petrol,Automatic,First,18.0,1497.0,117.3,5.0,1716800.0,Honda,City I-Vtec Cvt Vx,9,0,1888.888888888889,0.0783567134268537
Mombasa,2016,13418,Diesel,Automatic,First,16.36,2179.0,187.7,5.0,4977240.000000001,Jaguar,Xf 2.2 Litre Luxury,10,1,1341.8,0.08614043139054611
Eldoret,2008,117080,Diesel,Manual,Third,17.8,1399.0,68.0,5.0,333000.0,Ford,Fiesta 1.4 Sxi Tdci Abs,18,0,6504.444444444444,0.04860614724803431
Nairobi,2010,74000,Petrol,Automatic,First,10.8,2497.0,150.0,5.0,1916600.0,Bmw,5 Series 523I Sedan,16,0,4625.0,0.060072086503804564
Kisumu,2010,86514,Diesel,Manual,First,17.8,1248.0,97.7,5.0,629000.0,Maruti,Swift Vdi Bsiv W Abs,16,0,5407.125,0.07828525641025641
Naivasha,2014,66882,Diesel,Automatic,First,17.68,1968.0,174.33,5.0,3702960.0,Audi,A6 2011-2015 2.0 Tdi Premium Plus,12,1,5573.5,0.08858231707317074
Mombasa,2014,41460,Petrol,Manual,First,18.5,1198.0,86.8,5.0,584600.0,Honda,Brio 1.2 Vx Mt,12,0,3455.0,0.07245409015025041
Nairobi,2011,57000,Petrol,Automatic,First,16.8,1497.0,118.0,5.0,651200.0000000001,Honda,City 1.5 V At,15,0,3800.0,0.0788243152972612
Nakuru,2015,34010,Petrol,Manual,Third,16.47,1198.0,73.9,5.0,732600.0,Volkswagen,Polo Petrol Comfortline 1.2L,11,0,3091.818181818182,0.06168614357262104
Eldoret,2010,96813,Diesel,Manual,Second,12.05,2179.0,120.0,8.0,814000.0,Mahindra,Scorpio Sle Bsiii,16,0,6050.8125,0.05507113354749885
Nairobi,2011,84000,Petrol,Manual,First,16.8,1497.0,116.3,5.0,481000.0,Honda,City V Mt,15,0,5600.0,0.07768871075484302
Mombasa,2013,50004,Petrol,Manual,First,15.0,1598.0,103.5,5.0,594959.9999999999,Skoda,Rapid 1.6 Mpi Elegance,13,0,3846.4615384615386,0.06476846057571965
Naivasha,2016,67995,Diesel,Manual,First,16.0,2179.0,140.0,7.0,1736040.0,Mahindra,Xuv500 W6 2Wd,10,0,6799.5,0.06424965580541533
Mombasa,2012,55000,Diesel,Manual,First,15.0,1896.0,105.0,5.0,1406000.0,Volkswagen,Jetta 2007-2011 2.0 Tdi Trendline,14,0,3928.5714285714284,0.055379746835443035
Kisumu,2017,14900,Petrol,Automatic,First,21.4,1197.0,83.1,5.0,1272800.0,Maruti,Baleno Alpha Automatic,9,0,1655.5555555555557,0.06942355889724311
Nyeri,2013,70961,Diesel,Manual,First,25.8,1498.0,98.6,5.0,592000.0,Honda,Amaze Ex I-Dtech,13,0,5458.538461538462,0.06582109479305741
Nairobi,2015,40194,Petrol,Manual,First,15.04,1598.0,103.2,5.0,821400.0,Volkswagen,Vento 1.6 Highline,11,0,3654.0,0.06458072590738423
Kisumu,2015,96000,Petrol,Manual,First,22.74,796.0,47.3,5.0,370000.0,Maruti,Alto 800 Lxi,11,0,8727.272727272728,0.059422110552763814
Nairobi,2017,35000,Diesel,Automatic,First,18.0,2993.0,255.0,7.0,6156800.0,Land,Rover Discovery Hse Luxury 3.0 Td6,9,1,3888.8888888888887,0.08519879719345139
Nairobi,2015,50000,Petrol,Automatic,First,18.0,1497.0,117.3,5.0,1096680.0,Honda,City I Vtec Cvt Vx,11,0,4545.454545454545,0.0783567134268537
Nairobi,2014,50000,Diesel,Manual,First,19.01,1461.0,108.5,5.0,962000.0,Nissan,Terrano Xl 110 Ps,12,0,4166.666666666667,0.07426420260095824
Nairobi,2008,26299,Petrol,Manual,First,19.7,796.0,46.3,5.0,177600.0,Maruti,Alto Lxi,18,0,1461.0555555555557,0.05816582914572864
Nakuru,2015,150386,Diesel,Manual,First,14.24,2755.0,174.5,7.0,3404000.0,Toyota,Fortuner 2.8 4Wd Mt,11,0,13671.454545454546,0.0633393829401089
Kisumu,2012,60000,Diesel,Manual,First,21.9,1396.0,90.0,5.0,405520.0,Hyundai,I20 1.4 Crdi Magna,14,0,4285.714285714285,0.06446991404011461
Kisumu,2013,65000,Diesel,Manual,First,20.0,1399.0,68.0,5.0,577200.0,Ford,Figo Diesel Titanium,13,0,5000.0,0.04860614724803431
Thika,2017,80000,Diesel,Manual,First,24.3,1248.0,88.5,5.0,1184000.0,Maruti,Vitara Brezza Zdi Plus,9,0,8888.888888888889,0.07091346153846154
Mombasa,2012,92000,Diesel,Manual,Third,22.32,1582.0,126.32,5.0,592000.0,Hyundai,Verna 1.6 Sx,14,0,6571.428571428572,0.07984829329962073
Nairobi,2016,13000,Petrol,Automatic,First,12.95,1999.0,152.88,5.0,2627000.0,Hyundai,Tucson 2.0 Dual Vtvt 2Wd At Gl,10,0,1300.0,0.07647823911955978
Naivasha,2013,73278,Diesel,Manual,First,21.1,1248.0,73.9,5.0,747400.0,Maruti,Ritz Vdi,13,0,5636.7692307692305,0.059214743589743594
Nairobi,2011,38000,Petrol,Automatic,First,10.8,1984.0,132.0,5.0,1776000.0,Audi,A4 2.0 Tfsi,15,1,2533.3333333333335,0.06653225806451613
Mombasa,2016,46936,Diesel,Automatic,First,13.0,2143.0,204.0,5.0,4380800.0,Mercedes-Benz,E-Class E250 Cdi Launch Edition,10,1,4693.6,0.09519365375641624
Nyeri,2015,55000,Diesel,Manual,First,19.87,1461.0,83.8,5.0,962000.0,Renault,Duster 85Ps Diesel Rxe,11,0,5000.0,0.05735797399041752
Nairobi,2014,19000,Petrol,Automatic,First,15.5,1198.0,86.7,5.0,703000.0,Honda,Amaze S At I-Vtech,12,0,1583.3333333333333,0.07237061769616027
Naivasha,2016,42259,Diesel,Automatic,First,9.0,1984.0,181.0,5.0,3605280.0,Volvo,S60 D4 Summum,10,1,4225.9,0.09122983870967742
Nairobi,2011,14000,Petrol,Manual,Second,17.5,1197.0,85.8,5.0,473600.0,Maruti,Swift Dzire 1.2 Lxi Bsiv,15,0,933.3333333333334,0.07167919799498747
Kisumu,2016,16956,Petrol,Manual,First,22.5,998.0,67.04,5.0,532800.0,Maruti,Wagon R Vxi,10,0,1695.6,0.06717434869739479
Naivasha,2017,15473,Petrol,Manual,First,16.8,796.0,34.2,5.0,529840.0,Maruti,Omni Mpi Std Bsiv,9,0,1719.2222222222222,0.04296482412060302
Nairobi,2011,75000,Diesel,Manual,First,21.5,1248.0,88.8,5.0,370000.0,Maruti,Sx4 Vdi,15,0,5000.0,0.07115384615384615
Thika,2013,96000,Diesel,Manual,Second,23.5,1498.0,90.0,5.0,518000.0,Ford,Fiesta Titanium 1.5 Tdci,13,0,7384.615384615385,0.06008010680907877
Nairobi,2015,25000,Petrol,Automatic,First,19.16,2494.0,158.2,5.0,3700000.0,Toyota,Camry Hybrid,11,0,2272.7272727272725,0.06343223736968724
Nairobi,2010,38000,Petrol,Manual,Second,22.5,998.0,67.04,5.0,259000.0,Maruti,Wagon R Vxi,16,0,2375.0,0.06717434869739479
Nakuru,2005,54000,Diesel,Automatic,First,11.0,2987.0,198.5,5.0,1480000.0,Mercedes-Benz,E-Class E270 Cdi,21,1,2571.4285714285716,0.06645463675929025
Nyeri,2018,4131,Petrol,Automatic,First,21.4,1197.0,83.1,5.0,1147000.0,Maruti,Baleno Zeta Automatic,8,0,516.375,0.06942355889724311
Kisumu,2016,31700,Petrol,Manual,First,18.7,1199.0,88.7,5.0,954600.0,Honda,Jazz 1.2 Vx I Vtec,10,0,3170.0,0.07397831526271893
Eldoret,2017,66988,Diesel,Automatic,First,15.4,2179.0,120.0,7.0,1480000.0,Mahindra,Scorpio S10 At 4Wd,9,0,7443.111111111111,0.05507113354749885
Nairobi,2014,54230,Petrol,Manual,First,16.47,1198.0,74.0,5.0,666000.0,Volkswagen,Polo 1.2 Mpi Trendline,12,0,4519.166666666667,0.06176961602671119
Kisumu,2015,35000,Petrol,Manual,First,17.0,1197.0,80.0,5.0,503200.0,Hyundai,I20 1.2 Era,11,0,3181.818181818182,0.06683375104427736
Nairobi,2010,62714,Petrol,Automatic,First,12.1,2362.0,164.7,5.0,666000.0,Toyota,Camry W4 (At),16,0,3919.625,0.06972904318374258
Kisumu,2015,45295,Petrol,Manual,First,18.9,998.0,67.1,5.0,636400.0,Maruti,Wagon R Vxi,11,0,4117.727272727273,0.06723446893787574
Eldoret,2018,7000,Diesel,Automatic,First,18.12,1995.0,190.0,5.0,6808000.0,Bmw,5 Series 2013-2017 520D M Sport,8,0,875.0,0.09523809523809523
Mombasa,2016,57000,Petrol,Automatic,First,24.07,998.0,67.1,5.0,503200.0,Maruti,Alto K10 Vxi Ags,10,0,5700.0,0.06723446893787574
Nairobi,2013,40100,Diesel,Automatic,First,14.84,2143.0,170.0,5.0,2146000.0,Mercedes-Benz,New C-Class 220 Cdi At,13,1,3084.6153846153848,0.07932804479701354
Nairobi,2013,56000,Petrol,Manual,First,24.7,796.0,47.3,5.0,310800.0,Maruti,Alto 800 2016-2019 Lxi,13,0,4307.692307692308,0.059422110552763814
Nairobi,2012,15000,Petrol,Manual,First,18.6,1197.0,85.8,5.0,540200.0,Maruti,Swift Vxi,14,0,1071.4285714285713,0.07167919799498747
Kisumu,2014,14000,Petrol,Manual,First,18.2,1199.0,82.5,5.0,444000.0,Chevrolet,Sail Hatchback 1.2 Ls Abs,12,0,1166.6666666666667,0.06880733944954129
Thika,2009,68000,Diesel,Manual,Second,23.0,1396.0,90.0,5.0,584600.0,Hyundai,I20 Asta 1.4 Crdi (Diesel),17,0,4000.0,0.06446991404011461
Nairobi,2012,83000,Diesel,Automatic,First,11.9,2496.0,163.2,5.0,999000.0,Skoda,Superb 2.5 Tdi At,14,0,5928.571428571428,0.06538461538461537
Mombasa,2013,81504,Diesel,Manual,First,21.43,1364.0,87.2,5.0,966440.0,Toyota,Corolla Altis D-4D G,13,0,6269.538461538462,0.06392961876832845
Kisumu,2015,73500,Diesel,Manual,First,13.0,2982.0,168.5,7.0,3256000.0,Toyota,Fortuner 4X2 Manual,11,0,6681.818181818182,0.05650570087189805
Eldoret,2013,52900,Petrol,Automatic,First,14.3,1598.0,103.52,5.0,703000.0,Skoda,Rapid 1.6 Mpi At Elegance,13,0,4069.230769230769,0.06478097622027534
Nairobi,2017,20000,Petrol,Automatic,First,16.5,1198.0,86.8,5.0,886520.0,Honda,Brio 1.2 Vx At,9,0,2222.222222222222,0.07245409015025041
Nyeri,2011,46000,Petrol,Manual,First,16.47,1198.0,73.9,5.0,451400.0,Volkswagen,Polo Petrol Comfortline 1.2L,15,0,3066.6666666666665,0.06168614357262104
Nairobi,2010,65000,Petrol,Manual,First,16.47,1198.0,73.9,5.0,355200.0,Volkswagen,Polo Petrol Comfortline 1.2L,16,0,4062.5,0.06168614357262104
Eldoret,2007,42000,Petrol,Manual,Third,18.2,998.0,67.1,5.0,192400.0,Maruti,Zen Estilo Lxi Bsiii,19,0,2210.5263157894738,0.06723446893787574
Mombasa,2016,36681,Diesel,Manual,First,23.59,1364.0,67.06,5.0,993080.0,Toyota,Etios Cross 1.4L Gd,10,0,3668.1,0.04916422287390029
Thika,2014,67000,Diesel,Manual,Second,15.1,2179.0,140.0,7.0,1065600.0,Mahindra,Xuv500 W8 2Wd,12,0,5583.333333333333,0.06424965580541533
Mombasa,2016,18000,Petrol,Automatic,First,18.9,1197.0,82.0,5.0,799200.0,Hyundai,Grand I10 At Asta,10,0,1800.0,0.06850459482038429
Mombasa,2015,56409,Diesel,Manual,First,22.7,1498.0,89.84,5.0,981240.0,Ford,Ecosport 1.5 Dv5 Mt Titanium Optional,11,0,5128.090909090909,0.05997329773030708
Nairobi,2016,65263,Cng,Manual,First,17.5,1373.0,80.46,7.0,1110000.0,Maruti,Ertiga Vxi Cng,10,0,6526.3,0.05860160233066278
Naivasha,2018,20300,Petrol,Automatic,First,18.0,1497.0,117.3,5.0,2103080.0,Honda,City I-Vtec Cvt Zx,8,0,2537.5,0.0783567134268537
Kisumu,2010,45008,Petrol,Manual,First,17.0,1497.0,118.0,5.0,444000.0,Honda,City 1.5 V Mt,16,0,2813.0,0.0788243152972612
Mombasa,2017,21799,Petrol,Manual,First,23.1,998.0,67.04,5.0,756280.0000000001,Maruti,Celerio Zxi Mt,9,0,2422.1111111111113,0.06717434869739479
Eldoret,2011,57328,Petrol,Manual,First,15.04,1598.0,103.6,5.0,501720.0,Volkswagen,Vento Petrol Highline,15,0,3821.866666666667,0.06483103879849812
Kisumu,2017,35358,Diesel,Automatic,First,11.36,2755.0,171.5,7.0,3402520.0,Toyota,Innova Crysta 2.8 Zx At,9,0,3928.6666666666665,0.062250453720508164
Nairobi,2009,46946,Petrol,Manual,Second,18.5,1197.0,80.0,5.0,347800.0,Hyundai,I20 Magna,17,0,2761.529411764706,0.06683375104427736
Kisumu,2012,39772,Diesel,Manual,First,23.2,1248.0,73.94,5.0,421800.0,Maruti,Ritz Vdi,14,0,2840.8571428571427,0.05924679487179487
Nairobi,2014,58000,Diesel,Automatic,First,17.68,1968.0,174.33,5.0,2738000.0,Audi,A6 2011-2015 2.0 Tdi Premium Plus,12,1,4833.333333333333,0.08858231707317074
Nakuru,2014,52000,Petrol,Manual,First,13.24,1598.0,102.57,5.0,886520.0,Renault,Duster Petrol Rxl,12,0,4333.333333333333,0.06418648310387985
Kisumu,2008,152000,Petrol,Manual,Second,13.5,1799.0,130.0,5.0,444000.0,Honda,Civic 2006-2010 1.8 V Mt,18,0,8444.444444444445,0.07226236798221233
Nyeri,2016,42700,Petrol,Manual,First,23.84,1199.0,84.0,5.0,532800.0,Tata,Tiago 1.2 Revotron Xt,10,0,4270.0,0.07005838198498748
Kisumu,2014,60000,Diesel,Automatic,First,16.55,1968.0,147.51,5.0,3552000.0,Audi,A4 2.0 Tdi,12,1,5000.0,0.07495426829268292
Naivasha,2015,33195,Petrol,Manual,First,19.1,1197.0,85.8,5.0,926480.0,Maruti,Swift Dzire Vxi,11,0,3017.7272727272725,0.07167919799498747
Kisumu,2010,110000,Diesel,Manual,First,14.24,2755.0,174.5,7.0,2027600.0,Toyota,Fortuner 2.8 4Wd Mt,16,0,6875.0,0.0633393829401089
Nairobi,2016,52000,Diesel,Automatic,First,15.26,2143.0,203.2,5.0,5180000.0,Mercedes-Benz,M-Class Ml 250 Cdi,10,1,5200.0,0.09482034531031264
Mombasa,2015,64399,Diesel,Manual,First,21.9,1396.0,90.0,5.0,742959.9999999999,Hyundai,I20 Magna 1.4 Crdi,11,0,5854.454545454545,0.06446991404011461
Nairobi,2015,55000,Petrol,Manual,First,21.5,1197.0,81.8,5.0,458800.0,Maruti,Wagon R Vxi 1.2,11,0,5000.0,0.0683375104427736
Nakuru,2012,50000,Diesel,Manual,First,20.54,1598.0,103.6,5.0,814000.0,Volkswagen,Vento Diesel Highline,14,0,3571.4285714285716,0.06483103879849812
Kisumu,2014,33485,Petrol,Manual,First,19.1,1197.0,85.8,5.0,531320.0,Maruti,Swift Dzire Vxi,12,0,2790.4166666666665,0.07167919799498747
Kisumu,2015,32000,Diesel,Manual,First,20.4,1248.0,91.7,5.0,688200.0000000001,Fiat,Linea Emotion (Diesel),11,0,2909.090909090909,0.0734775641025641
Nakuru,2009,71400,Petrol,Manual,Third,17.0,1497.0,118.0,5.0,562400.0,Honda,City 1.5 V Mt,17,0,4200.0,0.0788243152972612
Kisumu,2016,41713,Diesel,Manual,First,19.67,1582.0,126.2,5.0,1850000.0,Hyundai,Creta 1.6 Sx Plus Diesel,10,0,4171.3,0.0797724399494311
Kisumu,2017,46000,Diesel,Manual,First,25.6,1498.0,98.6,5.0,1909200.0,Honda,City I-Dtec Zx,9,0,5111.111111111111,0.06582109479305741
Kisumu,2015,52950,Petrol,Manual,First,14.0,796.0,35.0,5.0,347800.0,Maruti,Omni 8 Seater Bsiv,11,0,4813.636363636364,0.04396984924623116
Mombasa,2015,29500,Petrol,Manual,First,20.4,1197.0,81.8,5.0,614200.0000000001,Maruti,Swift Lxi Option,11,0,2681.818181818182,0.0683375104427736
Naivasha,2012,63888,Diesel,Automatic,First,14.0,2987.0,224.0,5.0,3341840.0,Mercedes-Benz,M-Class Ml 350 Cdi Corporate,14,1,4563.428571428572,0.07499163039839303
Thika,2016,60000,Petrol,Manual,First,24.7,796.0,47.3,5.0,392200.0,Maruti,Alto 800 2016-2019 Lxi,10,0,6000.0,0.059422110552763814
Nairobi,2010,59196,Petrol,Manual,Second,15.6,1196.0,70.0,5.0,333000.0,Ford,Figo Petrol Titanium,16,0,3699.75,0.05852842809364549
Kisumu,2016,121362,Diesel,Manual,First,13.68,2393.0,147.8,7.0,2368000.0,Toyota,Innova Crysta 2.4 G Mt,10,0,12136.2,0.06176347680735479
Nairobi,2013,78000,Diesel,Automatic,First,18.48,1995.0,177.0,5.0,2886000.0,Bmw,5 Series 2003-2012 520D,13,0,6000.0,0.0887218045112782
Nakuru,2015,59000,Diesel,Automatic,First,13.01,2199.0,194.3,7.0,3108000.0,Hyundai,Santa Fe 4Wd At,11,0,5363.636363636364,0.08835834470213734
Thika,2012,95000,Diesel,Automatic,Second,22.48,1995.0,190.0,5.0,2590000.0,Bmw,5 Series 520D Luxury Line,14,0,6785.714285714285,0.09523809523809523
Kisumu,2010,84000,Diesel,Manual,Second,17.8,1399.0,68.0,5.0,356680.0,Ford,Fiesta Exi 1.4 Tdci Ltd,16,0,5250.0,0.04860614724803431
Nakuru,2012,58253,Diesel,Manual,Second,23.59,1364.0,97.7,5.0,658600.0,Toyota,Etios Gd,14,0,4160.928571428572,0.07162756598240469
Naivasha,2014,64557,Diesel,Automatic,Second,12.7,2179.0,187.7,5.0,4429640.0,Land,Rover Range Rover 2.2L Prestige,12,1,5379.75,0.08614043139054611
Eldoret,2012,24500,Petrol,Manual,Second,18.3,1493.0,97.7,5.0,436600.0,Toyota,Etios Liva V,14,0,1750.0,0.06543871399866041
Kisumu,2009,68078,Petrol,Manual,First,19.7,796.0,46.3,5.0,150960.0,Maruti,Alto Lx,17,0,4004.5882352941176,0.05816582914572864
Nyeri,2009,149706,Diesel,Manual,First,11.5,2982.0,171.0,7.0,1628000.0,Toyota,Fortuner 3.0 Diesel,17,0,8806.235294117647,0.05734406438631791
Eldoret,2004,215750,Diesel,Manual,Second,0.0,2446.0,97.7,10.0,518000.0,Toyota,Qualis Rs E2,22,0,9806.818181818182,0.03994276369582993
Nairobi,2013,25984,Petrol,Manual,First,15.8,1499.0,110.0,5.0,791800.0,Ford,Ecosport 1.5 Ti Vct Mt Titanium,13,0,1998.7692307692307,0.0733822548365577
Nairobi,2017,15544,Petrol,Manual,First,21.4,1197.0,83.1,5.0,836200.0,Maruti,Baleno Sigma 1.2,9,0,1727.111111111111,0.06942355889724311
Nairobi,2015,34000,Diesel,Automatic,First,23.8,1998.0,112.0,5.0,3256000.0,Mini,Cooper Countryman D High,11,0,3090.909090909091,0.056056056056056056
Nairobi,2013,24000,Petrol,Automatic,First,17.01,1591.0,121.4,5.0,880600.0,Hyundai,Verna 1.6 Vtvt Ex At,13,0,1846.1538461538462,0.07630421118793212
Eldoret,2011,95000,Diesel,Manual,Third,20.0,1399.0,68.0,5.0,347800.0,Ford,Figo Diesel Titanium,15,0,6333.333333333333,0.04860614724803431
Eldoret,2014,52000,Diesel,Manual,Second,25.8,1498.0,98.6,5.0,606799.9999999999,Honda,Amaze S I-Dtech,12,0,4333.333333333333,0.06582109479305741
Eldoret,2012,135000,Diesel,Manual,First,19.01,1461.0,108.45,5.0,799200.0,Renault,Duster 110Ps Diesel Rxz,14,0,9642.857142857143,0.0742299794661191
Nairobi,2017,39000,Diesel,Manual,First,23.0,1498.0,98.96,5.0,1250599.9999999998,Ford,Ecosport 1.5 Diesel Titanium,9,0,4333.333333333333,0.06606141522029373
Nyeri,2013,45306,Diesel,Automatic,Second,11.2,2993.0,241.0,4.0,6290000.0,Bmw,X6 Xdrive30D,13,0,3485.076923076923,0.08052121617106582
Nairobi,2010,140000,Diesel,Manual,First,14.24,2755.0,174.5,7.0,1591000.0,Toyota,Fortuner 2.8 4Wd Mt,16,0,8750.0,0.0633393829401089
Eldoret,2010,55000,Lpg,Manual,Second,13.45,1086.0,62.1,5.0,244200.0,Hyundai,Santro Xing Gls Lpg,16,0,3437.5,0.057182320441988954
Mombasa,2015,67415,Diesel,Automatic,First,11.18,2696.0,184.0,7.0,1632440.0,Mahindra,Ssangyong Rexton Rx7,11,0,6128.636363636364,0.06824925816023739
Kisumu,2016,25562,Petrol,Manual,First,23.1,998.0,67.04,5.0,518000.0,Maruti,Celerio Vxi,10,0,2556.2,0.06717434869739479
Nyeri,2016,30292,Petrol,Manual,First,18.6,1197.0,81.83,5.0,932400.0,Hyundai,I20 Sportz 1.2,10,0,3029.2,0.06836257309941521
Nakuru,2014,84056,Petrol,Manual,First,18.88,999.0,123.24,5.0,999000.0,Ford,Ecosport 1.0 Ecoboost Titanium Plus,12,0,7004.666666666667,0.12336336336336336
Nyeri,2017,62691,Diesel,Manual,First,26.21,1248.0,88.5,5.0,1110000.0,Maruti,Ciaz Vdi,9,0,6965.666666666667,0.07091346153846154
Eldoret,2013,87000,Diesel,Automatic,First,17.11,1968.0,174.33,5.0,2294000.0,Audi,A4 2.0 Tdi 177 Bhp Premium Plus,13,1,6692.307692307692,0.08858231707317074
Nairobi,2015,52513,Petrol,Manual,First,18.0,1198.0,86.7,5.0,688200.0000000001,Honda,Amaze S I-Vtech,11,0,4773.909090909091,0.07237061769616027
Mombasa,2016,43983,Petrol,Automatic,First,15.63,1499.0,110.4,5.0,1121840.0,Ford,Ecosport 1.5 Ti Vct At Titanium,10,0,4398.3,0.07364909939959974
Kisumu,2013,90121,Petrol,Manual,First,20.92,998.0,67.1,5.0,325600.00000000006,Maruti,Alto K10 2010-2014 Vxi,13,0,6932.384615384615,0.06723446893787574
Nakuru,2011,50000,Diesel,Automatic,Third,16.77,2967.0,241.38,5.0,3108000.0,Audi,A6 3.0 Tdi Quattro,15,1,3333.3333333333335,0.08135490394337715
Kisumu,2011,42500,Diesel,Automatic,First,18.33,1968.0,167.7,5.0,777000.0,Volkswagen,Passat Diesel Highline 2.0 Tdi,15,0,2833.3333333333335,0.08521341463414633
Mombasa,2016,62192,Diesel,Manual,First,28.4,1248.0,74.0,5.0,772560.0,Maruti,Swift Vdi,10,0,6219.2,0.05929487179487179
Mombasa,2011,128000,Diesel,Manual,Third,19.2,1461.0,65.0,5.0,296000.0,Mahindra,Logan Diesel 1.5 Dls,15,0,8533.333333333334,0.044490075290896644
Mombasa,2018,38394,Petrol,Manual,First,21.56,1462.0,103.25,5.0,1358640.0,Maruti,Ciaz Alpha,8,0,4799.25,0.07062243502051983
Naivasha,2013,37287,Petrol,Manual,First,26.0,624.0,35.0,4.0,257520.0,Tata,Nano Lx,13,0,2868.230769230769,0.05608974358974359
Nairobi,2011,60000,Petrol,Automatic,First,16.8,1497.0,118.0,5.0,658600.0,Honda,City 1.5 V At,15,0,4000.0,0.0788243152972612
Naivasha,2017,39419,Petrol,Manual,First,18.16,1196.0,86.8,5.0,732600.0,Ford,Figo 2015-2019 1.2P Trend Mt,9,0,4379.888888888889,0.0725752508361204
Nairobi,2014,55000,Diesel,Manual,First,22.54,1396.0,88.73,5.0,834720.0,Hyundai,I20 Sportz 1.4 Crdi,12,0,4583.333333333333,0.06356017191977077
Nairobi,2016,7000,Petrol,Manual,First,18.88,1499.0,110.4,5.0,1021200.0,Ford,Ecosport 1.5 Ti Vct Mt Titanium Be,10,0,700.0,0.07364909939959974
Kisumu,2011,85000,Diesel,Automatic,First,16.55,1968.0,147.51,5.0,2064600.0,Audi,A4 2.0 Tdi,15,1,5666.666666666667,0.07495426829268292
Kisumu,2013,51000,Diesel,Automatic,Second,20.58,1995.0,143.0,5.0,2516000.0,Bmw,1 Series 118D Sport Line,13,0,3923.076923076923,0.07167919799498747
Nakuru,2012,90000,Diesel,Manual,Second,13.93,2179.0,138.03,7.0,680799.9999999999,Tata,Safari Dicor 2.2 Lx 4X2,14,0,6428.571428571428,0.06334557136301056
Nyeri,2010,105000,Diesel,Manual,Second,12.05,2179.0,120.0,8.0,771080.0,Mahindra,Scorpio Vlx 4Wd Airbag Bsiv,16,0,6562.5,0.05507113354749885
Naivasha,2017,36458,Petrol,Manual,First,15.29,1591.0,121.3,5.0,1826320.0,Hyundai,Creta 1.6 Sx Plus Dual Tone Petrol,9,0,4050.8888888888887,0.07624135763670647
Mombasa,2006,109000,Petrol,Manual,First,16.9,1497.0,100.0,5.0,222000.0,Honda,City Zx Vtec,20,0,5450.0,0.06680026720106881
Nairobi,2015,49000,Diesel,Automatic,First,17.05,1995.0,184.0,5.0,3402520.0,Bmw,X1 Sdrive 20D Sportline,11,0,4454.545454545455,0.09223057644110276
Nairobi,2011,8000,Petrol,Automatic,First,9.0,3436.0,97.7,2.0,6364000.0,Porsche,Cayman 2009-2012 S Tiptronic,15,1,533.3333333333334,0.02843422584400466
Kisumu,2010,45000,Diesel,Automatic,First,14.7,2993.0,241.4,6.0,5920000.0,Land,Rover Range Rover Sport 2005 2012 Hse,16,1,2812.5,0.08065486134313399
Mombasa,2008,68000,Petrol,Manual,Third,19.7,796.0,46.3,5.0,177600.0,Maruti,Alto Lxi Bsiii,18,0,3777.777777777778,0.05816582914572864
Nairobi,2011,54000,Petrol,Automatic,First,19.2,1197.0,80.0,5.0,429200.0,Hyundai,I10 Asta Sunroof At,15,0,3600.0,0.06683375104427736
Nairobi,2016,28000,Petrol,Automatic,First,14.62,1999.0,149.92,5.0,2057200.0,Hyundai,Elantra 2.0 Sx Option At,10,0,2800.0,0.07499749874937468
Nairobi,2016,38500,Diesel,Manual,Second,28.09,1248.0,88.5,5.0,1161800.0,Maruti,Ciaz Rs Zdi Plus Shvs,10,0,3850.0,0.07091346153846154
Naivasha,2016,17738,Diesel,Automatic,First,15.3,2993.0,258.0,5.0,8058600.0,Bmw,X5 Xdrive 30D,10,0,1773.8,0.08620113598396258
Kisumu,2012,67132,Diesel,Manual,First,13.58,2499.0,78.0,9.0,703000.0,Chevrolet,Tavera Lt 9 Str Bs Iv,14,0,4795.142857142857,0.031212484993997598
Nairobi,2011,47000,Diesel,Manual,First,20.64,1498.0,108.5,5.0,481000.0,Volkswagen,Vento 1.5 Tdi Trendline,15,0,3133.3333333333335,0.07242990654205607
Nairobi,2015,28005,Petrol,Manual,First,17.8,1497.0,117.3,5.0,1050800.0,Honda,City I Vtec V,11,0,2545.909090909091,0.0783567134268537
Kisumu,2017,13000,Petrol,Manual,First,20.4,1197.0,81.8,5.0,688200.0000000001,Maruti,Swift Vxi Bsiv,9,0,1444.4444444444443,0.0683375104427736
Kisumu,2012,67000,Diesel,Manual,First,19.33,1968.0,138.1,5.0,740000.0,Volkswagen,Jetta 2012-2014 2.0L Tdi Comfortline,14,0,4785.714285714285,0.07017276422764228
Nairobi,2015,50000,Petrol,Manual,First,18.6,1197.0,81.83,5.0,732600.0,Hyundai,I20 Sportz 1.2,11,0,4545.454545454545,0.06836257309941521
Nakuru,2014,55000,Diesel,Manual,First,15.1,2179.0,140.0,7.0,1450400.0000000002,Mahindra,Xuv500 W8 2Wd,12,0,4583.333333333333,0.06424965580541533
Naivasha,2019,9312,Diesel,Automatic,First,18.0,2987.0,258.0,5.0,11662400.0,Mercedes-Benz,E-Class E 350 D,7,1,1330.2857142857142,0.08637428858386341
Kisumu,2015,30458,Petrol,Manual,First,23.1,998.0,67.04,5.0,442520.0,Maruti,Celerio Lxi,11,0,2768.909090909091,0.06717434869739479
Nairobi,2014,46000,Petrol,Manual,First,15.04,1598.0,103.2,5.0,658600.0,Volkswagen,Vento 1.6 Highline,12,0,3833.3333333333335,0.06458072590738423
Eldoret,2011,50000,Petrol,Manual,Second,23.9,624.0,37.48,4.0,111000.0,Tata,Nano Xt,15,0,3333.3333333333335,0.06006410256410256
Nairobi,2016,36676,Cng,Manual,First,25.0,1197.0,81.86,5.0,740000.0,Hyundai,Xcent 1.2 Kappa S Option Cng,10,0,3667.6,0.0683876357560568
Mombasa,2014,72563,Diesel,Manual,Second,22.77,1498.0,98.59,5.0,740000.0,Ford,Ecosport 1.5 Tdci Titanium,12,0,6046.916666666667,0.06581441922563418
Eldoret,2015,67000,Petrol,Manual,First,16.1,1493.0,97.7,5.0,695600.0,Maruti,Swift 1.3 Vxi Abs,11,0,6090.909090909091,0.06543871399866041
Naivasha,2015,58239,Petrol,Automatic,First,14.62,1999.0,149.92,5.0,1434120.0,Hyundai,Elantra 2.0 Sx Option At,11,0,5294.454545454545,0.07499749874937468
Naivasha,2015,57934,Diesel,Manual,First,18.2,1248.0,73.74,8.0,814000.0,Chevrolet,Enjoy 1.3 Tcdi Ltz 8,11,0,5266.727272727273,0.059086538461538454
Mombasa,2017,6500000,Diesel,Automatic,First,15.97,2993.0,258.0,5.0,9620000.0,Bmw,X5 Xdrive 30D M Sport,9,0,722222.2222222222,0.08620113598396258
Nyeri,2015,63000,Diesel,Manual,First,20.14,1498.0,88.8,5.0,756280.0000000001,Volkswagen,Polo 1.5 Tdi Highline,11,0,5727.272727272727,0.05927903871829105
Nairobi,2012,27014,Petrol,Manual,First,16.25,1198.0,75.0,5.0,324120.0,Skoda,Fabia 1.2 Mpi Ambition Plus,14,0,1929.5714285714287,0.06260434056761269
Mombasa,2012,90906,Diesel,Manual,First,20.54,1598.0,103.6,5.0,629000.0,Volkswagen,Vento Diesel Comfortline,14,0,6493.285714285715,0.06483103879849812
Kisumu,2013,61202,Diesel,Automatic,First,11.18,2696.0,184.0,7.0,2146000.0,Mahindra,Ssangyong Rexton Rx7,13,0,4707.846153846154,0.06824925816023739
Nairobi,2014,51000,Diesel,Manual,First,19.87,1461.0,83.14,5.0,836200.0,Nissan,Terrano Xl D Option,12,0,4250.0,0.056906228610540725
Thika,2016,88008,Diesel,Automatic,Second,12.9,2755.0,174.5,7.0,3330000.0,Toyota,Fortuner 2.8 2Wd At,10,0,8800.8,0.0633393829401089
Nairobi,2007,55000,Petrol,Manual,Second,16.1,1493.0,97.7,5.0,259000.0,Maruti,Swift 1.3 Vxi,19,0,2894.7368421052633,0.06543871399866041
Nyeri,2004,160000,Petrol,Automatic,Second,11.3,1794.0,125.0,5.0,222000.0,Toyota,Corolla H4,22,0,7272.727272727273,0.06967670011148272
Mombasa,2012,42591,Petrol,Manual,First,20.36,1197.0,78.9,5.0,473600.0,Hyundai,I10 Sportz,14,0,3042.214285714286,0.06591478696741855
Nakuru,2012,67000,Diesel,Manual,First,23.0,1396.0,90.0,5.0,666000.0,Hyundai,I20 1.4 Crdi Sportz,14,0,4785.714285714285,0.06446991404011461
Eldoret,2014,48000,Diesel,Manual,Second,25.8,1498.0,98.6,5.0,666000.0,Honda,Amaze S I-Dtech,12,0,4000.0,0.06582109479305741
Nyeri,2014,97000,Diesel,Automatic,First,22.32,1582.0,126.32,5.0,1184000.0,Hyundai,Verna 1.6 Sx Crdi (O) At,12,0,8083.333333333333,0.07984829329962073
Nairobi,2018,10000,Diesel,Automatic,First,17.9,2143.0,136.0,5.0,4277200.0,Mercedes-Benz,Gla Class 200 D Sport,8,1,1250.0,0.06346243583761083
Naivasha,2015,56900,Diesel,Manual,First,20.14,1498.0,88.8,5.0,606799.9999999999,Volkswagen,Polo 1.5 Tdi Trendline,11,0,5172.727272727273,0.05927903871829105
Kisumu,2006,74483,Petrol,Automatic,First,0.0,999.0,97.7,5.0,340399.99999999994,Hyundai,Santro At,20,0,3724.15,0.0977977977977978
Mombasa,2017,36152,Petrol,Automatic,First,21.4,1197.0,83.1,5.0,1068560.0,Maruti,Baleno Zeta Automatic,9,0,4016.8888888888887,0.06942355889724311
Kisumu,2014,85512,Diesel,Manual,First,22.9,1248.0,74.0,5.0,858400.0,Maruti,Swift Vdi,12,0,7126.0,0.05929487179487179
Mombasa,2013,234000,Diesel,Manual,Second,14.0,2489.0,95.0,8.0,518000.0,Mahindra,Xylo D2 Bsiv,13,0,18000.0,0.03816793893129771
Nakuru,2013,36000,Diesel,Manual,Second,22.7,1498.0,89.84,5.0,939800.0,Ford,Ecosport 1.5 Dv5 Mt Trend,13,0,2769.230769230769,0.05997329773030708
Nairobi,2015,36096,Diesel,Manual,First,15.1,2179.0,140.0,7.0,1309800.0,Mahindra,Xuv500 W8 2Wd,11,0,3281.4545454545455,0.06424965580541533
Kisumu,2010,111111,Petrol,Manual,Second,18.6,1199.0,79.4,5.0,296000.0,Chevrolet,Beat Ls,16,0,6944.4375,0.06622185154295246
Nakuru,2012,73000,Petrol,Manual,First,17.01,1591.0,121.3,5.0,814000.0,Hyundai,Verna 1.6 Vtvt,14,0,5214.285714285715,0.07624135763670647
Kisumu,2014,44300,Petrol,Manual,Second,18.9,1197.0,82.0,5.0,340399.99999999994,Hyundai,Grand I10 Asta,12,0,3691.6666666666665,0.06850459482038429
Nakuru,2014,74500,Diesel,Manual,First,19.01,1461.0,108.45,5.0,1176600.0,Renault,Duster 110Ps Diesel Rxz,12,0,6208.333333333333,0.0742299794661191
Naivasha,2016,21495,Petrol,Manual,First,19.1,1197.0,81.86,5.0,911680.0,Hyundai,Xcent 1.2 Kappa S Option,10,0,2149.5,0.0683876357560568
Nairobi,2012,59000,Petrol,Manual,First,20.36,1197.0,78.9,5.0,421800.0,Hyundai,I10 Sportz,14,0,4214.285714285715,0.06591478696741855
Nairobi,2016,23000,Petrol,Automatic,First,13.7,1991.0,183.0,5.0,3700000.0,Mercedes-Benz,Gla Class 200 Sport Edition,10,1,2300.0,0.09191361125062783
Naivasha,2008,50135,Diesel,Manual,First,15.8,2148.0,170.0,5.0,1533280.0,Mercedes-Benz,New C-Class 220 Cdi Mt,18,1,2785.277777777778,0.07914338919925512
Nairobi,2016,25000,Petrol,Automatic,First,15.04,1991.0,183.0,5.0,3848000.0,Mercedes-Benz,Cla 200 Sport Edition,10,1,2500.0,0.09191361125062783
Kisumu,2013,47000,Diesel,Manual,First,22.32,1582.0,126.32,5.0,643799.9999999999,Hyundai,Verna 1.6 Sx Crdi (O),13,0,3615.3846153846152,0.07984829329962073
Mombasa,2016,150000,Diesel,Manual,First,14.95,2489.0,93.7,9.0,666000.0,Mahindra,Xylo D2 Maxx,10,0,15000.0,0.037645640819606266
Nairobi,2015,53503,Diesel,Manual,First,26.59,1248.0,74.0,5.0,740000.0,Maruti,Swift Dzire Ldi,11,0,4863.909090909091,0.05929487179487179
Thika,2014,47003,Petrol,Manual,First,20.36,1197.0,78.9,5.0,543160.0,Hyundai,I10 Sportz,12,0,3916.9166666666665,0.06591478696741855
Nairobi,2014,80000,Diesel,Manual,First,14.0,2179.0,138.1,7.0,888000.0,Tata,Safari Storme Explorer Edition,12,0,6666.666666666667,0.06337769619091325
Naivasha,2018,20492,Petrol,Manual,First,18.9,1197.0,82.0,5.0,938320.0,Hyundai,Grand I10 Asta,8,0,2561.5,0.06850459482038429
Mombasa,2012,17000,Petrol,Automatic,Second,16.82,1998.0,189.08,4.0,3256000.0,Mini,Cooper Convertible S,14,0,1214.2857142857142,0.09463463463463465
Nairobi,2006,79000,Petrol,Manual,Second,13.4,1794.0,125.0,5.0,247160.0,Toyota,Corolla H5,20,0,3950.0,0.06967670011148272
Kisumu,2014,27000,Petrol,Manual,First,14.28,1798.0,138.03,5.0,1176600.0,Toyota,Corolla Altis G Mt,12,0,2250.0,0.0767686318131257
Mombasa,2018,28786,Petrol,Manual,First,10.4,2393.0,163.5,5.0,1441520.0,Maruti,Grand Vitara 2.4 Mt,8,0,3598.25,0.06832427914751359
Mombasa,2011,143354,Diesel,Manual,Second,16.0,1997.0,140.0,7.0,888000.0,Mahindra,Xuv500 W8 1.99 Mhawk,15,0,9556.933333333332,0.0701051577366049
Mombasa,2008,56000,Petrol,Manual,Second,19.5,1061.0,97.7,5.0,222000.0,Maruti,Estilo Lxi,18,0,3111.1111111111113,0.09208294062205467
Nairobi,2013,21000,Petrol,Automatic,First,17.44,1998.0,189.08,4.0,3182000.0,Mini,Cooper 3 Door S,13,0,1615.3846153846155,0.09463463463463465
Eldoret,2014,29202,Cng,Manual,First,33.54,998.0,67.04,5.0,577200.0,Maruti,Wagon R Cng Lxi,12,0,2433.5,0.06717434869739479
Nyeri,2009,73000,Diesel,Manual,Second,21.1,1248.0,73.9,5.0,347800.0,Maruti,Ritz Vdi,17,0,4294.117647058823,0.059214743589743594
Nairobi,2012,74000,Diesel,Manual,Second,22.07,1199.0,73.9,5.0,392200.0,Volkswagen,Polo Diesel Comfortline 1.2L,14,0,5285.714285714285,0.06163469557964971
Mombasa,2011,65423,Petrol,Manual,First,20.36,1197.0,78.9,5.0,467680.0,Hyundai,I10 Magna,15,0,4361.533333333334,0.06591478696741855
Nyeri,2009,65000,Petrol,Manual,Second,19.0,998.0,66.1,5.0,303399.99999999994,Maruti,A-Star Vxi,17,0,3823.529411764706,0.06623246492985971
Kisumu,2013,83875,Cng,Manual,Second,26.6,998.0,58.16,5.0,436600.0,Maruti,Wagon R Lxi Cng,13,0,6451.923076923077,0.05827655310621242
Kisumu,2014,55277,Petrol,Manual,First,20.51,998.0,67.04,5.0,577200.0,Maruti,Wagon R Stingray Lxi,12,0,4606.416666666667,0.06717434869739479
Naivasha,2017,50808,Diesel,Manual,Second,24.2,1498.0,98.6,7.0,988640.0,Honda,Mobilio S I Dtec,9,0,5645.333333333333,0.06582109479305741
Nyeri,2017,52000,Petrol,Manual,Second,21.1,814.0,55.2,5.0,518000.0,Hyundai,Eon Era Plus,9,0,5777.777777777777,0.06781326781326781
Nairobi,2017,32000,Petrol,Automatic,First,14.84,1598.0,103.52,5.0,1200280.0,Skoda,Rapid 1.6 Mpi At Ambition,9,0,3555.5555555555557,0.06478097622027534
Nairobi,2017,25000,Diesel,Manual,First,28.09,1248.0,88.5,5.0,1228400.0000000002,Maruti,Ciaz Vdi Plus Shvs,9,0,2777.777777777778,0.07091346153846154
Naivasha,2016,23218,Diesel,Automatic,First,15.26,2143.0,203.2,5.0,6750280.0,Mercedes-Benz,M-Class Ml 250 Cdi,10,1,2321.8,0.09482034531031264
Eldoret,2010,84000,Diesel,Automatic,First,20.0,1968.0,138.1,5.0,658600.0,Skoda,Laura Elegance 2.0 Tdi Cr At,16,0,5250.0,0.07017276422764228
Nairobi,2017,40000,Diesel,Manual,First,24.3,1248.0,88.5,5.0,1161800.0,Maruti,Vitara Brezza Vdi Option,9,0,4444.444444444444,0.07091346153846154
Kisumu,2011,17000,Lpg,Manual,First,13.45,1086.0,62.1,5.0,458800.0,Hyundai,Santro Xing Gls Lpg,15,0,1133.3333333333333,0.057182320441988954
Kisumu,2014,25135,Diesel,Manual,First,24.0,1120.0,70.0,5.0,555000.0,Hyundai,Grand I10 Crdi Sportz,12,0,2094.5833333333335,0.0625
Nairobi,2017,65000,Diesel,Manual,First,25.47,1248.0,88.5,7.0,1132200.0,Maruti,Ertiga Vdi,9,0,7222.222222222223,0.07091346153846154
Thika,2013,40000,Petrol,Manual,First,17.0,1197.0,80.0,5.0,725200.0000000001,Hyundai,I20 1.2 Sportz,13,0,3076.923076923077,0.06683375104427736
Naivasha,2018,24500,Diesel,Automatic,First,16.0,2179.0,140.0,7.0,2444960.0,Mahindra,Xuv500 At W10 Fwd,8,0,3062.5,0.06424965580541533
Mombasa,2016,56674,Petrol,Automatic,First,13.7,1798.0,157.75,5.0,2079400.0,Skoda,Superb Elegance 1.8 Tsi At,10,0,5667.4,0.08773637374860957
Mombasa,2016,51950,Petrol,Manual,First,20.73,1373.0,91.1,5.0,999000.0,Maruti,Ciaz Vxi Plus,10,0,5195.0,0.0663510560815732
Kisumu,2016,51000,Diesel,Manual,First,19.67,1582.0,126.2,5.0,1361599.9999999998,Hyundai,Creta 1.6 Crdi Sx,10,0,5100.0,0.0797724399494311
Mombasa,2012,150000,Diesel,Manual,Third,23.59,1364.0,97.7,5.0,444000.0,Toyota,Etios Gd,14,0,10714.285714285714,0.07162756598240469
Mombasa,2008,114750,Petrol,Manual,Second,17.0,1497.0,118.0,5.0,407000.0,Honda,City 1.5 S Mt,18,0,6375.0,0.0788243152972612
Kisumu,2016,107890,Diesel,Manual,First,13.5,2198.0,157.7,7.0,3034000.0,Ford,Endeavour 2.2 Trend Mt 4X4,10,0,10789.0,0.07174704276615104
Eldoret,2012,64000,Diesel,Manual,First,21.9,1396.0,90.0,5.0,629000.0,Hyundai,I20 2015-2017 1.4 Magna Abs,14,0,4571.428571428572,0.06446991404011461
Kisumu,2016,21460,Petrol,Manual,First,17.0,1497.0,121.36,5.0,888000.0,Ford,Ecosport 1.5 Petrol Trend,10,0,2146.0,0.08106880427521711
Naivasha,2015,29634,Petrol,Manual,Second,17.0,1197.0,80.0,5.0,888000.0,Hyundai,I20 1.2 Sportz,11,0,2694.0,0.06683375104427736
Thika,2008,52000,Petrol,Manual,First,16.1,1298.0,88.2,5.0,356680.0,Maruti,Swift Vxi Bsiii,18,0,2888.8888888888887,0.0679506933744222
Kisumu,2015,33000,Petrol,Automatic,First,19.0,1199.0,88.7,5.0,1073000.0,Honda,Jazz V Cvt,11,0,3000.0,0.07397831526271893
Mombasa,2014,89230,Diesel,Manual,First,11.1,2400.0,200.0,7.0,3500200.0,Volvo,Xc90 2007-2015 D5 Awd,12,1,7435.833333333333,0.08333333333333333
Nairobi,2016,27000,Petrol,Manual,First,21.4,1197.0,83.1,5.0,962000.0,Maruti,Baleno Alpha 1.2,10,0,2700.0,0.06942355889724311
Mombasa,2017,72524,Diesel,Automatic,Second,17.9,2143.0,136.0,5.0,2672879.9999999995,Mercedes-Benz,Gla Class 200 Cdi Sport,9,1,8058.222222222223,0.06346243583761083
Kisumu,2016,73000,Petrol,Manual,First,25.17,799.0,53.3,5.0,473600.0,Renault,Kwid Rxt,10,0,7300.0,0.06670838548185232
Naivasha,2017,21740,Petrol,Manual,First,18.16,1196.0,86.8,5.0,950160.0,Ford,Figo 2015-2019 1.2P Titanium Opt Mt,9,0,2415.5555555555557,0.0725752508361204
Nyeri,2015,59000,Diesel,Manual,First,13.0,2982.0,168.5,7.0,3404000.0,Toyota,Fortuner 4X2 Manual,11,0,5363.636363636364,0.05650570087189805
Mombasa,2013,83432,Petrol,Manual,First,17.0,1497.0,118.0,5.0,873200.0,Honda,City 1.5 S Mt,13,0,6417.846153846154,0.0788243152972612
Eldoret,2014,87200,Diesel,Manual,First,15.4,2523.0,75.0,7.0,1147000.0,Mahindra,Scorpio S2 7 Seater,12,0,7266.666666666667,0.029726516052318668
Kisumu,2012,88000,Diesel,Automatic,First,13.2,1995.0,170.0,5.0,2220000.0,Bmw,3 Series 320D,14,0,6285.714285714285,0.08521303258145363
Nyeri,2017,48324,Diesel,Manual,First,24.3,1248.0,88.5,5.0,1332000.0,Maruti,Vitara Brezza Zdi Plus,9,0,5369.333333333333,0.07091346153846154
Nairobi,2011,51000,Petrol,Automatic,First,11.74,1796.0,186.0,5.0,1702000.0,Mercedes-Benz,New C-Class C 200 Cgi Elegance,15,1,3400.0,0.10356347438752785
Kisumu,2012,24000,Petrol,Manual,Second,17.01,1591.0,121.3,5.0,917600.0,Hyundai,Verna 1.6 Vtvt,14,0,1714.2857142857142,0.07624135763670647
Mombasa,2017,20773,Diesel,Manual,First,24.0,1186.0,73.97,5.0,876160.0,Hyundai,Grand I10 1.2 Crdi Sportz,9,0,2308.1111111111113,0.062369308600337264
Kisumu,2016,22000,Diesel,Manual,First,20.14,1498.0,88.0,5.0,930920.0,Volkswagen,Polo 1.5 Tdi Highline,10,0,2200.0,0.05874499332443257
Mombasa,2014,66355,Petrol,Manual,First,18.0,1198.0,86.7,5.0,609760.0,Honda,Amaze S I-Vtech,12,0,5529.583333333333,0.07237061769616027
Eldoret,2007,115800,Petrol,Automatic,Third,10.1,2354.0,152.0,5.0,562400.0,Honda,Cr-V 2.4 At,19,0,6094.736842105263,0.06457094307561598
Thika,2014,41125,Petrol,Manual,First,17.92,1086.0,62.1,5.0,399600.0,Hyundai,Santro Xing Gl Plus,12,0,3427.0833333333335,0.057182320441988954
Naivasha,2017,43812,Diesel,Automatic,First,15.0,2143.0,107.3,5.0,3001440.0,Mercedes-Benz,B Class B200 Cdi,9,1,4868.0,0.050069995333644424
Nairobi,2014,69876,Petrol,Manual,First,18.0,1198.0,86.7,5.0,577200.0,Honda,Amaze S I-Vtech,12,0,5823.0,0.07237061769616027
Eldoret,2014,102000,Diesel,Automatic,Second,12.55,2982.0,168.5,7.0,2442000.0,Toyota,Fortuner 4X2 At,12,0,8500.0,0.05650570087189805
Eldoret,2011,68000,Petrol,Manual,First,17.01,1591.0,121.3,5.0,547600.0,Hyundai,Verna 1.6 Vtvt,15,0,4533.333333333333,0.07624135763670647
Nairobi,2016,12000,Diesel,Automatic,First,10.5,2993.0,271.23,4.0,11692000.0,Jaguar,Xj 3.0L Portfolio,10,1,1200.0,0.09062145005011694
Nairobi,2013,25000,Diesel,Automatic,First,22.69,1995.0,190.0,5.0,2662519.9999999995,Bmw,3 Series 320D,13,0,1923.076923076923,0.09523809523809523
Nyeri,2013,51873,Diesel,Manual,First,21.9,1396.0,88.76,5.0,577200.0,Hyundai,I20 Magna 1.4 Crdi (Diesel),13,0,3990.230769230769,0.06358166189111748
Mombasa,2012,72500,Diesel,Manual,First,18.5,1399.0,68.0,5.0,461760.0,Ford,Figo Diesel Exi Option,14,0,5178.571428571428,0.04860614724803431
Eldoret,2007,83000,Petrol,Manual,First,14.0,1061.0,64.0,5.0,244200.0,Maruti,Wagon R Lxi Bsiii,19,0,4368.421052631579,0.060320452403393024
Kisumu,2015,39871,Petrol,Manual,First,19.1,1197.0,81.86,5.0,518000.0,Hyundai,Xcent 1.2 Kappa S Option,11,0,3624.6363636363635,0.0683876357560568
Mombasa,2015,82000,Diesel,Manual,Second,14.02,2179.0,118.3,7.0,717799.9999999999,Mahindra,Xylo H4,11,0,7454.545454545455,0.05429095915557595
Naivasha,2018,23152,Diesel,Automatic,First,19.27,2143.0,167.62,5.0,5804560.0,Mercedes-Benz,New C-Class C 220D Avantgarde Edition C,8,1,2894.0,0.07821745216985534
Kisumu,2007,71600,Petrol,Manual,Second,20.36,1197.0,78.9,5.0,296000.0,Hyundai,I10 Magna,19,0,3768.4210526315787,0.06591478696741855
Nairobi,2010,122000,Diesel,Manual,Second,11.5,2982.0,171.0,7.0,1546599.9999999998,Toyota,Fortuner 3.0 Diesel,16,0,7625.0,0.05734406438631791
Mombasa,2016,29277,Petrol,Automatic,First,19.16,2494.0,158.2,5.0,3996000.0,Toyota,Camry Hybrid,10,0,2927.7,0.06343223736968724
Kisumu,2011,60000,Diesel,Manual,First,20.0,1399.0,68.0,5.0,333000.0,Ford,Figo Diesel Zxi,15,0,4000.0,0.04860614724803431
Kisumu,2014,42000,Petrol,Manual,First,19.1,1197.0,81.86,5.0,510600.0,Hyundai,Xcent 1.2 Kappa S Option,12,0,3500.0,0.0683876357560568
Mombasa,2016,61823,Petrol,Manual,First,18.6,1197.0,81.83,5.0,908720.0,Hyundai,I20 Sportz 1.2,10,0,6182.3,0.06836257309941521
Nyeri,2012,53000,Lpg,Manual,Second,19.2,1086.0,68.05,5.0,421800.0,Hyundai,I10 Magna Lpg,14,0,3785.714285714286,0.06266114180478821
Mombasa,2015,75000,Cng,Manual,First,24.6,1193.0,55.23,5.0,481000.0,Tata,Indigo Cs Emax Cng Glx,11,0,6818.181818181818,0.04629505448449287
Kisumu,2011,110000,Diesel,Manual,First,28.4,1248.0,73.75,5.0,592000.0,Maruti,Dzire Vdi,15,0,7333.333333333333,0.05909455128205128
Kisumu,2010,38446,Petrol,Manual,First,17.0,1497.0,118.0,5.0,383320.0,Honda,City 1.5 S Mt,16,0,2402.875,0.0788243152972612
Nairobi,2017,33000,Diesel,Manual,First,27.39,1248.0,74.0,5.0,1030080.0,Maruti,Baleno Delta 1.3,9,0,3666.6666666666665,0.05929487179487179
Kisumu,2011,42118,Petrol,Manual,First,18.3,1197.0,97.7,5.0,324120.0,Toyota,Etios Liva G,15,0,2807.866666666667,0.08162071846282373
Nyeri,2016,70000,Petrol,Manual,First,21.1,814.0,55.2,5.0,444000.0,Hyundai,Eon Era Plus,10,0,7000.0,0.06781326781326781
Nairobi,2012,68038,Diesel,Manual,First,20.14,1498.0,88.0,5.0,532800.0,Volkswagen,Polo 1.5 Tdi Highline,14,0,4859.857142857143,0.05874499332443257
Naivasha,2014,55012,Diesel,Manual,Second,25.44,936.0,57.6,5.0,547600.0,Chevrolet,Beat Diesel Ls,12,0,4584.333333333333,0.06153846153846154
Thika,2013,55000,Diesel,Automatic,First,22.48,1995.0,190.0,5.0,3219000.0,Bmw,5 Series 520D Luxury Line,13,0,4230.7692307692305,0.09523809523809523
Nairobi,2017,25000,Diesel,Automatic,First,17.9,2143.0,170.0,5.0,6660000.0,Mercedes-Benz,Glc 220D 4Matic Sport,9,1,2777.777777777778,0.07932804479701354
Naivasha,2011,46808,Petrol,Manual,Second,24.07,998.0,67.1,5.0,472120.0,Maruti,Alto K10 Vxi,15,0,3120.5333333333333,0.06723446893787574
Naivasha,2015,65743,Petrol,Manual,First,20.14,1197.0,81.86,5.0,917600.0,Hyundai,Xcent 1.2 Vtvt S,11,0,5976.636363636364,0.0683876357560568
Naivasha,2013,64466,Petrol,Manual,First,19.81,1086.0,68.05,5.0,586080.0,Hyundai,I10 Magna 1.1,13,0,4958.923076923077,0.06266114180478821
Kisumu,2009,75648,Diesel,Manual,First,13.5,1405.0,97.7,5.0,121360.0,Tata,Indica Dls,17,0,4449.882352941177,0.06953736654804271
Nyeri,2016,80000,Diesel,Manual,First,23.4,1248.0,74.0,5.0,666000.0,Maruti,Swift Dzire Tour Ldi,10,0,8000.0,0.05929487179487179
Nairobi,2017,69000,Diesel,Manual,First,25.4,1186.0,73.97,5.0,525400.0,Hyundai,Xcent 1.2 Crdi E Plus,9,0,7666.666666666667,0.062369308600337264
Mombasa,2014,79200,Diesel,Manual,First,22.71,1461.0,84.8,5.0,814000.0,Nissan,Sunny Diesel Xv,12,0,6600.0,0.05804243668720054
Nairobi,2016,29477,Petrol,Manual,First,15.8,1591.0,121.3,5.0,1517000.0,Hyundai,Creta 1.6 Sx Option,10,0,2947.7,0.07624135763670647
Nairobi,2017,40000,Diesel,Automatic,First,12.9,2755.0,174.5,7.0,4440000.0,Toyota,Fortuner 2.8 2Wd At,9,0,4444.444444444444,0.0633393829401089
Eldoret,2014,25000,Petrol,Manual,Second,18.5,1197.0,85.8,5.0,518000.0,Maruti,Ritz Vxi,12,0,2083.3333333333335,0.07167919799498747
Nairobi,2014,67668,Diesel,Manual,First,23.08,1461.0,63.12,5.0,458800.0,Renault,Pulse Rxl,12,0,5639.0,0.04320328542094456
Kisumu,2010,78000,Petrol,Manual,First,17.5,1198.0,75.0,5.0,481000.0,Skoda,Fabia 1.2 Mpi Ambiente Petrol,16,0,4875.0,0.06260434056761269
Nairobi,2017,30000,Diesel,Manual,First,23.0,1498.0,98.96,5.0,1330520.0,Ford,Ecosport 1.5 Diesel Titanium,9,0,3333.3333333333335,0.06606141522029373
Kisumu,2015,70623,Petrol,Manual,First,15.04,1598.0,103.6,5.0,590520.0,Volkswagen,Vento Petrol Comfortline,11,0,6420.272727272727,0.06483103879849812
Nairobi,2015,54000,Diesel,Manual,Second,19.01,1461.0,108.5,5.0,888000.0,Nissan,Terrano Xv 110 Ps,11,0,4909.090909090909,0.07426420260095824
Nairobi,2015,48000,Diesel,Automatic,First,15.73,1968.0,174.33,5.0,2701000.0,Audi,Q3 2012-2015 35 Tdi Quattro Premium,11,1,4363.636363636364,0.08858231707317074
Nairobi,2012,62000,Diesel,Manual,First,12.99,2494.0,100.0,7.0,1147000.0,Toyota,Innova 2.5 Gx (Diesel) 7 Seater,14,0,4428.571428571428,0.040096230954290296
Nairobi,2017,47000,Petrol,Manual,Second,17.57,1193.0,88.7,5.0,666000.0,Tata,Zest Revotron 1.2T Xe,9,0,5222.222222222223,0.07435037720033529
Nakuru,2014,171000,Diesel,Manual,First,11.5,2982.0,171.0,7.0,2479000.0,Toyota,Fortuner 3.0 Diesel,12,0,14250.0,0.05734406438631791
Eldoret,2012,108000,Diesel,Automatic,First,16.09,1995.0,184.0,5.0,2590000.0,Bmw,X3 Xdrive20D,14,0,7714.285714285715,0.09223057644110276
Mombasa,2016,41000,Diesel,Manual,First,22.7,1598.0,118.0,5.0,1139600.0,Maruti,Sx4 S Cross Ddis 320 Zeta,10,0,4100.0,0.07384230287859825
Eldoret,2012,66000,Petrol,Manual,Second,17.0,1497.0,118.0,5.0,658600.0,Honda,City 1.5 S Mt,14,0,4714.285714285715,0.0788243152972612
Nyeri,2015,144000,Diesel,Manual,First,26.59,1248.0,74.0,5.0,777000.0,Maruti,Swift Dzire Ldi,11,0,13090.90909090909,0.05929487179487179
Mombasa,2017,23806,Diesel,Automatic,First,22.69,1995.0,190.0,5.0,4981679.999999999,Bmw,3 Series 320D M Sport,9,0,2645.1111111111113,0.09523809523809523
Mombasa,2013,89000,Petrol,Automatic,Second,19.34,1198.0,76.0,5.0,414400.0,Nissan,Micra Xv Cvt,13,0,6846.153846153846,0.06343906510851419
Naivasha,2018,38852,Petrol,Automatic,First,21.4,1197.0,83.1,5.0,1253560.0000000002,Maruti,Baleno Zeta Automatic,8,0,4856.5,0.06942355889724311
Naivasha,2018,68737,Diesel,Manual,First,26.21,1248.0,88.5,5.0,1379360.0,Maruti,Ciaz Zdi Plus,8,0,8592.125,0.07091346153846154
Naivasha,2017,23106,Diesel,Automatic,First,17.9,2143.0,136.0,5.0,4059640.0,Mercedes-Benz,Cla 200 Cdi Style,9,1,2567.3333333333335,0.06346243583761083
Nairobi,2015,31250,Diesel,Manual,First,24.5,1498.0,98.6,7.0,962000.0,Honda,Mobilio Rs I Dtec,11,0,2840.909090909091,0.06582109479305741
Nairobi,2014,77795,Diesel,Manual,First,12.99,2494.0,100.6,8.0,1406000.0,Toyota,Innova 2.5 Gx (Diesel) 8 Seater,12,0,6482.916666666667,0.04033680834001604
Mombasa,2015,47759,Diesel,Automatic,First,14.74,2993.0,270.9,5.0,4706400.0,Jaguar,Xf 3.0 Litre S Premium Luxury,11,1,4341.727272727273,0.09051119278316071
Mombasa,2013,67620,Petrol,Manual,Second,17.6,1496.0,88.8,5.0,621600.0,Toyota,Etios Petrol Trd Sportivo,13,0,5201.538461538462,0.059358288770053474
Mombasa,2013,44378,Diesel,Manual,First,25.44,936.0,57.6,5.0,569800.0,Chevrolet,Beat Diesel Ls,13,0,3413.6923076923076,0.06153846153846154
Nairobi,2012,64709,Petrol,Manual,Second,12.8,2354.0,177.6,5.0,888000.0,Honda,Accord 2.4 M/T,14,0,4622.071428571428,0.07544604927782497
Kisumu,2007,76161,Petrol,Manual,First,19.7,796.0,46.3,5.0,244200.0,Maruti,Alto Lxi,19,0,4008.4736842105262,0.05816582914572864
Nakuru,2013,58410,Diesel,Automatic,First,19.3,1968.0,141.0,5.0,2146000.0,Skoda,Octavia Ambition 2.0 Tdi At,13,0,4493.076923076923,0.07164634146341463
Nairobi,2011,72000,Diesel,Manual,First,12.8,2494.0,102.0,7.0,1050800.0,Toyota,Innova 2.5 V Diesel 7-Seater,15,0,4800.0,0.0408981555733761
Mombasa,2016,11000,Diesel,Automatic,First,17.11,1968.0,174.33,5.0,4144000.0,Audi,A4 35 Tdi Premium Sport,10,1,1100.0,0.08858231707317074
Mombasa,2017,45362,Diesel,Manual,First,24.3,1248.0,88.5,5.0,1388240.0000000002,Maruti,Vitara Brezza Zdi Plus Dual Tone,9,0,5040.222222222223,0.07091346153846154
Mombasa,2016,59767,Petrol,Manual,First,18.9,1197.0,82.0,5.0,707440.0,Hyundai,Grand I10 Sportz,10,0,5976.7,0.06850459482038429
Mombasa,2003,70000,Petrol,Manual,Second,13.4,1794.0,125.0,5.0,251600.0,Toyota,Corolla Dx,23,0,3043.478260869565,0.06967670011148272
Naivasha,2019,14233,Diesel,Automatic,First,17.6,2179.0,153.86,7.0,2641800.0000000005,Tata,Hexa Xta,7,0,2033.2857142857142,0.07061037173015146
Eldoret,2010,72000,Petrol,Manual,Second,17.0,1197.0,80.0,5.0,407000.0,Hyundai,I20 2015-2017 1.2 Asta,16,0,4500.0,0.06683375104427736
Nairobi,2014,11000,Petrol,Manual,First,17.01,1591.0,121.3,5.0,880600.0,Hyundai,Verna 1.6 Sx Vtvt,12,0,916.6666666666666,0.07624135763670647
Nairobi,2011,39000,Petrol,Manual,First,14.0,796.0,35.0,5.0,222000.0,Maruti,Omni 8 Seater Bsiv,15,0,2600.0,0.04396984924623116
Mombasa,2019,19855,Petrol,Manual,First,24.7,796.0,47.3,5.0,562400.0,Maruti,Alto 800 2016-2019 Vxi,7,0,2836.4285714285716,0.059422110552763814
Nakuru,2017,20149,Diesel,Automatic,First,19.27,2143.0,167.62,5.0,5698000.0,Mercedes-Benz,New C-Class C 220D Avantgarde Edition C,9,1,2238.777777777778,0.07821745216985534
Nyeri,2011,70000,Petrol,Manual,First,19.81,1086.0,68.05,5.0,318200.0,Hyundai,I10 Era 1.1,15,0,4666.666666666667,0.06266114180478821
Nairobi,2010,62004,Petrol,Automatic,Second,14.67,1798.0,177.46,5.0,555000.0,Skoda,Superb Style 1.8 Tsi At,16,0,3875.25,0.09869855394883204
Nairobi,2016,25500,Diesel,Automatic,First,21.5,1498.0,108.5,5.0,1324599.9999999998,Volkswagen,Vento 1.5 Tdi Highline At,10,0,2550.0,0.07242990654205607
Kisumu,2013,68800,Diesel,Manual,First,17.8,1248.0,97.7,5.0,740000.0,Maruti,Swift Vdi Bsiv,13,0,5292.307692307692,0.07828525641025641
Eldoret,2010,61700,Petrol,Manual,First,14.8,1799.0,130.2,5.0,436600.0,Honda,Civic 2010-2013 1.8 V Mt,16,0,3856.25,0.07237354085603112
Naivasha,2010,59660,Petrol,Automatic,First,12.05,1995.0,154.0,5.0,1552520.0,Bmw,3 Series 320I Sedan,16,0,3728.75,0.07719298245614035
Kisumu,2007,69775,Petrol,Manual,Second,17.92,1086.0,62.1,5.0,273800.0,Hyundai,Santro Xing Gls,19,0,3672.3684210526317,0.057182320441988954
Kisumu,2016,51787,Diesel,Manual,First,17.8,1248.0,97.7,5.0,954600.0,Maruti,Swift Vdi Bsiv,10,0,5178.7,0.07828525641025641
Nyeri,2009,88000,Petrol,Automatic,First,11.1,2354.0,142.0,5.0,777000.0,Honda,Accord 2001-2003 2.3 Vti L At,17,0,5176.470588235294,0.06032285471537808
Kisumu,2014,47052,Diesel,Manual,First,20.77,1248.0,88.76,7.0,886520.0,Maruti,Ertiga Vdi,12,0,3921.0,0.07112179487179487
Mombasa,2015,69749,Diesel,Manual,First,18.6,1388.0,67.0,5.0,565360.0,Ford,Fiesta Classic 1.4 Duratorq Lxi,11,0,6340.818181818182,0.048270893371757925
Kisumu,2012,79000,Diesel,Automatic,First,12.07,2967.0,241.4,7.0,5772000.0,Audi,Q7 3.0 Tdi Quattro Premium Plus,14,1,5642.857142857143,0.08136164475901585
Naivasha,2016,39644,Diesel,Automatic,First,17.11,1968.0,174.33,5.0,3811000.0,Audi,A4 35 Tdi Premium,10,1,3964.4,0.08858231707317074
Kisumu,2012,137800,Diesel,Manual,First,22.3,1248.0,74.0,5.0,325600.00000000006,Tata,Indica Vista Quadrajet Vx,14,0,9842.857142857143,0.05929487179487179
Mombasa,2008,120000,Diesel,Manual,Second,18.1,1493.0,110.0,5.0,296000.0,Hyundai,Verna Crdi Abs,18,0,6666.666666666667,0.07367716008037509
Nairobi,2018,11000,Diesel,Automatic,First,16.1,1950.0,194.0,5.0,8362000.0,Mercedes-Benz,E-Class E 220 D,8,1,1375.0,0.09948717948717949
Nairobi,2014,18600,Diesel,Automatic,Second,22.69,1995.0,190.0,5.0,3108000.0,Bmw,3 Series 320D Luxury Line,12,0,1550.0,0.09523809523809523
Thika,2014,116905,Diesel,Manual,First,24.0,1120.0,70.0,5.0,592000.0,Hyundai,Grand I10 Crdi Asta,12,0,9742.083333333334,0.0625
Naivasha,2011,32824,Petrol,Automatic,First,16.95,1197.0,78.9,5.0,566840.0,Hyundai,I10 Sportz At,15,0,2188.266666666667,0.06591478696741855
Mombasa,2016,19148,Petrol,Manual,First,16.1,1197.0,85.0,5.0,871720.0,Maruti,Swift Vxi Bsiv,10,0,1914.8,0.07101086048454469
Kisumu,2010,35008,Petrol,Manual,First,17.92,1086.0,62.1,5.0,201280.0,Hyundai,Santro Xing Gls,16,0,2188.0,0.057182320441988954
Nairobi,2013,21000,Diesel,Automatic,Second,17.54,2993.0,313.0,4.0,6512000.0,Bmw,6 Series Gran Coupe,13,0,1615.3846153846155,0.10457734714333444
Nairobi,2014,53000,Cng,Manual,First,22.1,1586.0,85.7,5.0,482480.0,Maruti,Sx4 Green Vxi (Cng),12,0,4416.666666666667,0.05403530895334174
Nakuru,2016,36000,Petrol,Manual,First,17.43,1396.0,105.5,5.0,1184000.0,Hyundai,Verna 1.4 Vtvt,10,0,3600.0,0.0755730659025788
Thika,2012,56121,Diesel,Manual,First,23.4,1248.0,74.0,5.0,629000.0,Maruti,Swift Dzire Zdi,14,0,4008.6428571428573,0.05929487179487179
Eldoret,2018,30000,Diesel,Manual,First,28.4,1248.0,74.0,5.0,888000.0,Maruti,Swift Vdi,8,0,3750.0,0.05929487179487179
Mombasa,2016,31021,Diesel,Automatic,First,19.5,1968.0,141.0,5.0,2458280.0,Skoda,Octavia 2.0 Tdi At Style Plus,10,0,3102.1,0.07164634146341463
Naivasha,2013,52600,Diesel,Manual,First,19.6,1461.0,108.45,5.0,1074480.0,Renault,Duster 110Ps Diesel Rxl,13,0,4046.153846153846,0.0742299794661191
Nakuru,2005,60000,Diesel,Manual,First,10.5,2179.0,120.0,8.0,592000.0,Mahindra,Scorpio 2.6 Crde,21,0,2857.1428571428573,0.05507113354749885
Thika,2016,44001,Diesel,Automatic,First,18.12,1995.0,190.0,5.0,5107480.0,Bmw,5 Series 2013-2017 520D Luxury Line,10,0,4400.1,0.09523809523809523
Mombasa,2003,101000,Petrol,Manual,Third,17.3,1061.0,64.0,5.0,140600.0,Maruti,Wagon R Vxi Bsiii,23,0,4391.304347826087,0.060320452403393024
Kisumu,2007,84169,Petrol,Manual,First,14.0,1061.0,64.0,5.0,325600.00000000006,Maruti,Wagon R Lxi Bsiii,19,0,4429.9473684210525,0.060320452403393024
Nairobi,2017,14001,Petrol,Manual,First,18.6,1197.0,81.83,5.0,851000.0,Hyundai,I20 Sportz 1.2,9,0,1555.6666666666667,0.06836257309941521
Eldoret,2005,100000,Cng,Manual,Third,17.0,1086.0,97.7,5.0,177600.0,Hyundai,Santro Xing Xo Cng,21,0,4761.9047619047615,0.08996316758747698
Nairobi,2016,59000,Diesel,Automatic,First,18.0,2993.0,255.0,7.0,5439000.0,Land,Rover Discovery Se 3.0 Td6,10,1,5900.0,0.08519879719345139
Kisumu,2009,29000,Petrol,Automatic,Second,11.7,1796.0,178.0,5.0,1480000.0,Mercedes-Benz,New C-Class 230 Avantgarde,17,1,1705.8823529411766,0.09910913140311804
Mombasa,2014,64158,Diesel,Automatic,First,18.48,1493.0,97.7,5.0,2647720.0,Bmw,5 Series 520D Sedan,12,0,5346.5,0.06543871399866041
Nairobi,2012,38800,Diesel,Manual,First,21.64,1461.0,84.8,5.0,599400.0,Nissan,Sunny 2011-2014 Diesel Xv,14,0,2771.4285714285716,0.05804243668720054
Kisumu,2011,98000,Diesel,Automatic,First,12.07,2967.0,241.4,7.0,3256000.0,Audi,Q7 3.0 Tdi Quattro,15,1,6533.333333333333,0.08136164475901585
Naivasha,2017,20969,Diesel,Automatic,First,17.9,2143.0,136.0,5.0,4124760.0,Mercedes-Benz,Cla 200 Cdi Sport,9,1,2329.8888888888887,0.06346243583761083
Kisumu,2018,2900,Diesel,Manual,First,24.3,1248.0,88.5,5.0,1295000.0,Maruti,Vitara Brezza Zdi,8,0,362.5,0.07091346153846154
Kisumu,2016,69000,Diesel,Manual,First,19.3,1248.0,73.9,5.0,708920.0,Maruti,Swift Dzire Vdi Bsiv,10,0,6900.0,0.059214743589743594
Naivasha,2018,5833,Diesel,Manual,First,21.13,1498.0,108.4,5.0,1764160.0,Skoda,Rapid 1.5 Tdi Ambition,8,0,729.125,0.07236315086782377
Naivasha,2016,28733,Diesel,Automatic,Second,12.07,2967.0,241.4,7.0,7860280.0,Audi,Q7 35 Tdi Quattro Technology,10,1,2873.3,0.08136164475901585
Nyeri,2006,145000,Petrol,Manual,First,18.9,998.0,67.1,5.0,170199.99999999997,Maruti,Wagon R Lxi,20,0,7250.0,0.06723446893787574
Eldoret,2014,71000,Diesel,Manual,First,25.1,1498.0,98.6,5.0,1102600.0,Honda,City I Dtec Vx Option,12,0,5916.666666666667,0.06582109479305741
Nyeri,2017,12000,Petrol,Manual,First,21.1,814.0,55.2,5.0,518000.0,Hyundai,Eon Magna Plus,9,0,1333.3333333333333,0.06781326781326781
Mombasa,2018,21603,Diesel,Automatic,First,13.0,2987.0,265.0,5.0,10382200.000000002,Mercedes-Benz,E-Class 2015-2017 E350 Cdi Avantgrade,8,1,2700.375,0.08871777703381319
Nakuru,2011,65000,Petrol,Manual,Second,0.0,1493.0,97.7,5.0,466200.0,Hyundai,Santro Gls Ii - Euro Ii,15,0,4333.333333333333,0.06543871399866041
Kisumu,2013,58000,Diesel,Automatic,First,13.2,1995.0,170.0,5.0,2886000.0,Bmw,3 Series 320D,13,0,4461.538461538462,0.08521303258145363
Eldoret,2012,39000,Petrol,Automatic,Second,12.05,1995.0,154.0,5.0,2220000.0,Bmw,3 Series 318I Sedan,14,0,2785.714285714286,0.07719298245614035
Naivasha,2017,37712,Diesel,Manual,First,17.45,1493.0,100.0,7.0,1120360.0,Mahindra,Nuvosport N8,9,0,4190.222222222223,0.06697923643670463
Kisumu,2012,68000,Petrol,Manual,First,18.5,1197.0,85.8,5.0,651200.0000000001,Maruti,Ritz Vxi,14,0,4857.142857142857,0.07167919799498747
Mombasa,2016,25000,Diesel,Automatic,First,15.87,2993.0,308.43,5.0,8880000.0,Bmw,X6 Xdrive 40D M Sport,10,0,2500.0,0.10305045105245574
Kisumu,2010,30000,Petrol,Manual,First,18.6,1199.0,79.4,5.0,236800.0,Chevrolet,Beat Lt,16,0,1875.0,0.06622185154295246
Eldoret,2014,68218,Petrol,Manual,First,19.1,1197.0,85.8,5.0,725200.0000000001,Maruti,Swift Dzire Vxi,12,0,5684.833333333333,0.07167919799498747
Nairobi,2014,52000,Diesel,Manual,First,20.77,1248.0,88.8,7.0,880600.0,Maruti,Ertiga Zdi,12,0,4333.333333333333,0.07115384615384615
Naivasha,2015,63591,Diesel,Manual,First,20.45,1461.0,83.8,5.0,791800.0,Renault,Duster 85Ps Diesel Rxl,11,0,5781.0,0.05735797399041752
Kisumu,2014,57937,Petrol,Automatic,First,15.5,1198.0,86.7,5.0,799200.0,Honda,Amaze Vx At I-Vtech,12,0,4828.083333333333,0.07237061769616027
Naivasha,2015,21979,Diesel,Automatic,First,17.11,1968.0,174.33,5.0,3470600.0,Audi,A4 2.0 Tdi Premium Sport Limited Edition,11,1,1998.090909090909,0.08858231707317074
Kisumu,2002,99000,Diesel,Manual,Second,18.7,1896.0,66.0,5.0,281200.0,Skoda,Octavia Ambiente 1.9 Tdi Mt,24,0,4125.0,0.03481012658227848
Eldoret,2016,62000,Diesel,Manual,First,25.8,1498.0,98.6,5.0,902800.0,Honda,Amaze E I-Dtech,10,0,6200.0,0.06582109479305741
Nairobi,2006,127001,Diesel,Manual,First,12.8,2494.0,102.0,8.0,732600.0,Toyota,Innova 2.5 Ev Diesel Ms 8 Str Bsiii,20,0,6350.05,0.0408981555733761
Kisumu,2013,84600,Petrol,Manual,Second,21.1,814.0,55.2,5.0,370000.0,Hyundai,Eon D Lite Plus,13,0,6507.692307692308,0.06781326781326781
Mombasa,2018,30953,Petrol,Manual,First,22.7,799.0,53.64,5.0,515040.0,Datsun,Redi-Go T Option,8,0,3869.125,0.06713391739674593
Mombasa,2012,78000,Diesel,Manual,First,22.9,1248.0,74.0,5.0,651200.0000000001,Maruti,Swift Vdi,14,0,5571.428571428572,0.05929487179487179
Kisumu,2008,85000,Diesel,Manual,First,9.5,2835.0,118.6,6.0,1182520.0,Mitsubishi,Pajero 2.8 Glx Sports,18,0,4722.222222222223,0.0418342151675485
Kisumu,2008,79000,Diesel,Automatic,First,13.1,2400.0,215.0,5.0,1626520.0,Volvo,S80 D5,18,1,4388.888888888889,0.08958333333333333
Nairobi,2014,79000,Diesel,Automatic,First,12.55,2982.0,168.5,7.0,2738000.0,Toyota,Fortuner 4X2 At,12,0,6583.333333333333,0.05650570087189805
Naivasha,2018,48188,Diesel,Manual,First,16.3,1956.0,170.0,5.0,3210120.0,Jeep,Compass 2.0 Limited 4X4,8,0,6023.5,0.0869120654396728
Naivasha,2014,67557,Diesel,Manual,First,23.4,1248.0,74.0,5.0,765160.0,Maruti,Swift Dzire Vdi,12,0,5629.75,0.05929487179487179
Nairobi,2011,103814,Diesel,Manual,Second,22.32,1582.0,126.32,5.0,666000.0,Hyundai,Verna 1.6 Sx,15,0,6920.933333333333,0.07984829329962073
Kisumu,2014,45128,Diesel,Manual,First,12.05,2179.0,120.0,8.0,999000.0,Mahindra,Scorpio Vlx 2Wd Bsiv,12,0,3760.6666666666665,0.05507113354749885
Mombasa,2013,56075,Petrol,Manual,First,19.81,1086.0,68.05,5.0,461760.0,Hyundai,I10 Era,13,0,4313.461538461538,0.06266114180478821
Kisumu,2011,166000,Diesel,Manual,First,12.99,2494.0,100.6,8.0,1221000.0,Toyota,Innova 2.5 G (Diesel) 8 Seater,15,0,11066.666666666666,0.04033680834001604
Naivasha,2017,65367,Diesel,Automatic,First,11.36,2755.0,171.5,7.0,2980720.0,Toyota,Innova Crysta 2.8 Zx At,9,0,7263.0,0.062250453720508164
Kisumu,2013,114708,Diesel,Manual,First,12.99,2494.0,100.0,8.0,1864800.0,Toyota,Innova 2.5 G (Diesel) 8 Seater,13,0,8823.692307692309,0.040096230954290296
Mombasa,2015,35082,Diesel,Manual,First,23.4,1248.0,74.0,5.0,978280.0,Maruti,Swift Dzire Zdi,11,0,3189.2727272727275,0.05929487179487179
Mombasa,2016,38593,Diesel,Automatic,First,17.01,1582.0,126.2,5.0,1958040.0,Hyundai,Creta 1.6 Crdi At Sx Plus,10,0,3859.3,0.0797724399494311
Nairobi,2008,70700,Diesel,Manual,First,12.99,2494.0,100.0,8.0,703000.0,Toyota,Innova 2.5 G (Diesel) 8 Seater Bs Iv,18,0,3927.777777777778,0.040096230954290296
Nairobi,2011,83000,Diesel,Manual,Second,20.54,1598.0,103.6,5.0,429200.0,Volkswagen,Vento Diesel Highline,15,0,5533.333333333333,0.06483103879849812
Kisumu,2015,120000,Diesel,Manual,First,14.8,2499.0,80.0,10.0,814000.0,Chevrolet,Tavera Ls B3 10 Seats Bsiii,11,0,10909.09090909091,0.03201280512204882
Mombasa,2014,91586,Diesel,Automatic,Second,11.18,2696.0,184.0,7.0,1401560.0000000002,Mahindra,Ssangyong Rexton Rx7,12,0,7632.166666666667,0.06824925816023739
Nairobi,2008,38235,Petrol,Manual,First,20.36,1197.0,78.9,5.0,288600.0,Hyundai,I10 Magna,18,0,2124.1666666666665,0.06591478696741855
Kisumu,2011,37000,Petrol,Manual,First,20.36,1197.0,78.9,5.0,325600.00000000006,Hyundai,I10 Sportz 1.2,15,0,2466.6666666666665,0.06591478696741855
Nairobi,2006,50888,Petrol,Manual,First,17.0,1086.0,97.7,5.0,170199.99999999997,Hyundai,Santro Xing Xg Erlx Euro Iii,20,0,2544.4,0.08996316758747698
Nakuru,2013,44000,Petrol,Manual,Second,18.0,1198.0,86.7,5.0,643799.9999999999,Honda,Amaze S I-Vtech,13,0,3384.6153846153848,0.07237061769616027
Eldoret,2016,54000,Petrol,Automatic,First,23.1,998.0,67.04,5.0,666000.0,Maruti,Celerio Zxi At,10,0,5400.0,0.06717434869739479
Mombasa,2013,90000,Petrol,Manual,First,18.9,1197.0,82.0,5.0,525400.0,Hyundai,Grand I10 Asta,13,0,6923.076923076923,0.06850459482038429
Kisumu,2015,35000,Diesel,Manual,First,19.3,1248.0,73.9,5.0,703000.0,Maruti,Swift Dzire Vdi,11,0,3181.818181818182,0.059214743589743594
Naivasha,2012,47324,Petrol,Manual,Second,20.36,1197.0,78.9,5.0,668959.9999999999,Hyundai,I10 Sportz,14,0,3380.285714285714,0.06591478696741855
Nairobi,2012,65148,Diesel,Automatic,First,15.06,1995.0,177.0,5.0,1887000.0,Bmw,X1 Sdrive 20D Exclusive,14,0,4653.428571428572,0.0887218045112782
Naivasha,2014,57773,Diesel,Automatic,Second,17.11,1968.0,174.33,5.0,2965920.0,Audi,A4 2.0 Tdi 177 Bhp Premium Plus,12,1,4814.416666666667,0.08858231707317074
Nakuru,2014,87000,Diesel,Manual,First,20.45,1461.0,83.8,5.0,962000.0,Nissan,Terrano Xl 85 Ps,12,0,7250.0,0.05735797399041752
Mombasa,2007,179032,Diesel,Manual,First,11.56,3200.0,199.3,7.0,1110000.0,Mitsubishi,Montero 3.2 Gls,19,0,9422.736842105263,0.06228125
Nairobi,2016,8000,Petrol,Automatic,First,22.5,998.0,67.0,5.0,614200.0000000001,Maruti,Wagon R Vxi Amt,10,0,800.0,0.06713426853707415
Kisumu,2007,77000,Petrol,Manual,First,13.5,1799.0,130.0,5.0,370000.0,Honda,Civic 2006-2010 1.8 (E) Mt,19,0,4052.6315789473683,0.07226236798221233
Eldoret,2016,20600,Petrol,Manual,First,18.6,1197.0,81.83,5.0,799200.0,Hyundai,I20 2015-2017 Magna 1.2,10,0,2060.0,0.06836257309941521
Nairobi,2016,13198,Petrol,Manual,First,24.07,998.0,67.1,5.0,466200.0,Maruti,Alto K10 Vxi,10,0,1319.8,0.06723446893787574
Nakuru,2015,21000,Diesel,Automatic,Second,12.07,2967.0,241.4,7.0,7770000.0,Audi,Q7 35 Tdi Quattro Technology,11,1,1909.090909090909,0.08136164475901585
Nairobi,2016,38000,Petrol,Manual,First,18.6,1197.0,81.83,5.0,880600.0,Hyundai,I20 Sportz Option 1.2,10,0,3800.0,0.06836257309941521
Naivasha,2019,15379,Petrol,Automatic,First,23.84,1199.0,83.83,5.0,1031560.0,Tata,Tiago Amt 1.2 Revotron Xza,7,0,2197.0,0.06991659716430358
Kisumu,2011,60000,Petrol,Manual,First,20.36,1197.0,78.9,5.0,473600.0,Hyundai,I10 Sportz 1.2,15,0,4000.0,0.06591478696741855
Eldoret,2007,70000,Petrol,Manual,First,0.0,1086.0,97.7,5.0,165760.00000000003,Hyundai,Santro Xing Xp,19,0,3684.2105263157896,0.08996316758747698
Nakuru,2013,75371,Diesel,Manual,First,20.46,1461.0,83.8,5.0,990120.0,Renault,Duster 85Ps Diesel Rxl Optional,13,0,5797.7692307692305,0.05735797399041752
Nakuru,2014,60000,Diesel,Manual,Second,13.49,2179.0,138.03,5.0,873200.0,Tata,Xenon Xt Ex 4X4,12,0,5000.0,0.06334557136301056
Kisumu,2009,30675,Petrol,Manual,First,18.5,1197.0,80.0,5.0,333000.0,Hyundai,I20 Magna,17,0,1804.4117647058824,0.06683375104427736
Kisumu,2013,22000,Diesel,Manual,First,23.4,1248.0,74.0,5.0,666000.0,Maruti,Swift Dzire Vdi,13,0,1692.3076923076924,0.05929487179487179
Eldoret,2015,55000,Petrol,Manual,First,22.0,814.0,55.0,5.0,386280.0,Hyundai,Eon Magna,11,0,5000.0,0.06756756756756757
Nyeri,2010,74213,Diesel,Automatic,First,14.84,2143.0,170.0,5.0,1702000.0,Mercedes-Benz,New C-Class 220 Cdi At,16,1,4638.3125,0.07932804479701354
Nairobi,2016,15000,Petrol,Automatic,First,16.82,1998.0,189.08,4.0,5180000.0,Mini,Cooper Convertible S,10,0,1500.0,0.09463463463463465
Nyeri,2010,57000,Petrol,Manual,First,26.0,624.0,35.0,4.0,74000.0,Tata,Nano Cx,16,0,3562.5,0.05608974358974359
Kisumu,2015,62144,Diesel,Manual,Second,26.21,1248.0,88.5,5.0,851000.0,Maruti,Ciaz Zdi Plus,11,0,5649.454545454545,0.07091346153846154
Eldoret,2017,50000,Diesel,Manual,First,22.0,1582.0,126.2,5.0,1702000.0,Hyundai,Verna Crdi 1.6 Sx Option,9,0,5555.555555555556,0.0797724399494311
Nyeri,2015,38000,Petrol,Manual,First,21.1,814.0,55.2,5.0,407000.0,Hyundai,Eon Era Plus,11,0,3454.5454545454545,0.06781326781326781
Mombasa,2016,30000,Diesel,Automatic,Second,18.12,1995.0,190.0,5.0,4662000.0,Bmw,5 Series 2013-2017 520D Luxury Line,10,0,3000.0,0.09523809523809523
Mombasa,2016,38735,Petrol,Manual,First,19.4,1198.0,86.8,5.0,728160.0,Honda,Brio S Mt,10,0,3873.5,0.07245409015025041
Eldoret,2012,23598,Diesel,Manual,First,23.2,1248.0,73.94,5.0,520960.0,Maruti,Ritz Vdi,14,0,1685.5714285714287,0.05924679487179487
Mombasa,2014,70000,Diesel,Automatic,First,18.88,1995.0,184.0,5.0,2597400.0,Bmw,3 Series 320D Prestige,12,0,5833.333333333333,0.09223057644110276
Eldoret,2016,39000,Diesel,Manual,First,26.59,1248.0,74.0,5.0,858400.0,Maruti,Swift Dzire Ldi,10,0,3900.0,0.05929487179487179
Kisumu,2013,84175,Diesel,Manual,First,23.4,1248.0,74.0,5.0,1028600.0,Maruti,Swift Dzire Vdi,13,0,6475.0,0.05929487179487179
Kisumu,2013,45000,Petrol,Manual,First,16.95,1498.0,97.6,5.0,355200.0,Renault,Scala Rxl,13,0,3461.5384615384614,0.0651535380507343
Nairobi,2013,59302,Diesel,Automatic,First,14.39,1998.0,163.7,5.0,777000.0,Chevrolet,Cruze Ltz At,13,0,4561.692307692308,0.08193193193193192
Thika,2012,55002,Petrol,Manual,First,17.5,1298.0,85.8,5.0,629000.0,Maruti,Swift Dzire Zxi,14,0,3928.714285714286,0.06610169491525424
Nyeri,2008,128813,Diesel,Manual,First,19.09,1396.0,69.0,5.0,222000.0,Tata,Indigo Cs Lx (Tdi) Bs Iii,18,0,7156.277777777777,0.0494269340974212
Nyeri,2016,46522,Diesel,Manual,First,24.0,1120.0,70.0,5.0,666000.0,Hyundai,Grand I10 Crdi Sportz,10,0,4652.2,0.0625
Eldoret,2014,180000,Diesel,Manual,First,22.3,1248.0,74.0,5.0,370000.0,Tata,Indica Vista Quadrajet Ls,12,0,15000.0,0.05929487179487179
Mombasa,2006,89326,Diesel,Manual,Third,17.8,1399.0,68.0,5.0,229400.0,Ford,Fiesta 1.4 Tdci Exi,20,0,4466.3,0.04860614724803431
Eldoret,2016,54000,Diesel,Manual,First,19.87,1461.0,83.8,5.0,962000.0,Renault,Duster 85Ps Diesel Rxe,10,0,5400.0,0.05735797399041752
Eldoret,2012,95000,Diesel,Automatic,Second,18.48,1493.0,97.7,5.0,2664000.0,Bmw,5 Series 520D Sedan,14,0,6785.714285714285,0.06543871399866041
Mombasa,2015,66337,Diesel,Manual,First,24.0,1120.0,70.0,5.0,734080.0,Hyundai,Grand I10 Crdi Sportz Edition,11,0,6030.636363636364,0.0625
Nakuru,2012,60000,Petrol,Manual,First,19.4,1198.0,86.8,5.0,481000.0,Honda,Brio S Mt,14,0,4285.714285714285,0.07245409015025041
Kisumu,2010,38001,Petrol,Automatic,First,12.3,1781.0,163.2,5.0,1258000.0,Audi,A4 1.8 Tfsi,16,1,2375.0625,0.09163391353172375
Nakuru,2014,73000,Petrol,Manual,Second,24.7,796.0,47.3,5.0,407000.0,Maruti,Alto 800 2016-2019 Lxi,12,0,6083.333333333333,0.059422110552763814
Nakuru,2011,61000,Petrol,Manual,Second,16.2,1599.0,103.2,5.0,503200.0,Hyundai,Verna Transform Sx Vtvt,15,0,4066.6666666666665,0.06454033771106941
Kisumu,2013,120000,Diesel,Manual,First,20.77,1248.0,88.8,7.0,1036000.0,Maruti,Ertiga Zdi,13,0,9230.76923076923,0.07115384615384615
Mombasa,2012,71787,Petrol,Manual,First,12.9,1598.0,102.5,5.0,475080.0,Chevrolet,Optra Magnum 1.6 Lt Abs Bs3,14,0,5127.642857142857,0.06414267834793493
Naivasha,2016,11554,Diesel,Manual,First,19.67,1582.0,126.2,5.0,2109000.0,Hyundai,Creta 1.6 Crdi Sx Option,10,0,1155.4,0.0797724399494311
Kisumu,2014,90000,Diesel,Manual,First,20.34,1498.0,103.2,5.0,962000.0,Volkswagen,Vento 1.5 Tdi Highline,12,0,7500.0,0.06889185580774367
Kisumu,2014,48104,Petrol,Manual,First,17.4,1497.0,117.3,5.0,812520.0,Honda,City I Vtec Sv,12,0,4008.6666666666665,0.0783567134268537
Eldoret,2005,91000,Petrol,Manual,Third,16.8,1341.0,83.0,5.0,118400.0,Hyundai,Getz Gls Abs,21,0,4333.333333333333,0.061894108873974646
Mombasa,2007,58815,Petrol,Manual,First,17.0,1086.0,97.7,5.0,294520.0,Hyundai,Santro Xing Xg Erlx Euro Iii,19,0,3095.5263157894738,0.08996316758747698
Naivasha,2015,33931,Petrol,Automatic,Second,18.9,1197.0,82.0,5.0,874680.0,Hyundai,Grand I10 At Asta,11,0,3084.6363636363635,0.06850459482038429
Naivasha,2019,13916,Petrol,Manual,First,18.9,1197.0,81.86,5.0,953120.0,Hyundai,Grand I10 1.2 Kappa Sportz Option,7,0,1988.0,0.0683876357560568
Eldoret,2012,90400,Cng,Manual,First,26.2,998.0,58.2,5.0,429200.0,Maruti,Wagon R Lxi Cng,14,0,6457.142857142857,0.058316633266533066
Nyeri,2015,14000,Petrol,Manual,First,18.9,1197.0,82.0,5.0,680799.9999999999,Hyundai,Grand I10 Sportz,11,0,1272.7272727272727,0.06850459482038429
Eldoret,2007,121000,Diesel,Manual,Second,17.8,1248.0,97.7,5.0,347800.0,Maruti,Swift Vdi Bsiv,19,0,6368.421052631579,0.07828525641025641
Naivasha,2016,17560,Petrol,Manual,First,18.6,1197.0,81.83,5.0,1067080.0,Hyundai,I20 Asta 1.2,10,0,1756.0,0.06836257309941521
Eldoret,2016,60000,Diesel,Manual,First,19.87,1461.0,83.8,5.0,1184000.0,Renault,Duster 85Ps Diesel Rxl,10,0,6000.0,0.05735797399041752
Kisumu,2009,88096,Diesel,Manual,Second,19.3,1248.0,73.9,5.0,518000.0,Maruti,Swift Dzire Vdi,17,0,5182.117647058823,0.059214743589743594
Eldoret,2008,178280,Diesel,Manual,First,12.8,2494.0,102.0,8.0,873200.0,Toyota,Innova 2.5 G (Diesel) 8 Seater Bs Iv,18,0,9904.444444444445,0.0408981555733761
Naivasha,2015,19963,Petrol,Manual,Second,25.4,624.0,37.5,4.0,257520.0,Tata,Nano Twist Xt,11,0,1814.8181818181818,0.06009615384615385
Nairobi,2019,1000,Petrol,Manual,First,18.12,1196.0,86.8,5.0,1006400.0,Ford,Figo 2015-2019 1.2P Sports Edition Mt,7,0,142.85714285714286,0.0725752508361204
Nyeri,2017,8000,Petrol,Manual,First,18.6,1197.0,81.83,5.0,1110000.0,Hyundai,I20 1.2 Asta Option,9,0,888.8888888888889,0.06836257309941521
Eldoret,2016,9200,Petrol,Manual,First,15.4,1497.0,117.3,7.0,1184000.0,Honda,Brv I-Vtec V Mt,10,0,920.0,0.0783567134268537
Kisumu,2015,29000,Diesel,Manual,First,27.4,1498.0,98.6,5.0,886520.0,Honda,Amaze S Diesel,11,0,2636.3636363636365,0.06582109479305741
Nairobi,2017,27000,Diesel,Manual,First,19.67,1582.0,126.2,5.0,1909200.0,Hyundai,Creta 1.6 Crdi Sx,9,0,3000.0,0.0797724399494311
Nairobi,2018,22900,Petrol,Manual,First,21.4,1197.0,83.1,5.0,1036000.0,Maruti,Baleno Zeta 1.2,8,0,2862.5,0.06942355889724311
Kisumu,2014,50000,Diesel,Automatic,First,14.16,1968.0,174.3,5.0,5180000.0,Audi,Q5 2.0 Tdi Technology,12,1,4166.666666666667,0.08856707317073172
Nyeri,2015,60207,Diesel,Manual,First,25.8,1498.0,98.6,5.0,814000.0,Honda,Amaze S I-Dtec,11,0,5473.363636363636,0.06582109479305741
Naivasha,2010,101119,Diesel,Automatic,First,11.0,2993.0,235.0,5.0,2732080.0,Bmw,X5 3.0D,16,0,6319.9375,0.07851653859004344
Nyeri,2010,42000,Petrol,Manual,First,15.6,1196.0,70.0,5.0,355200.0,Ford,Figo Petrol Titanium,16,0,2625.0,0.05852842809364549
Eldoret,2002,93000,Petrol,Manual,Third,18.9,998.0,67.1,5.0,148000.0,Maruti,Wagon R Vxi,24,0,3875.0,0.06723446893787574
Thika,2012,60000,Petrol,Manual,Second,19.81,1086.0,68.05,5.0,392200.0,Hyundai,I10 Era,14,0,4285.714285714285,0.06266114180478821
Mombasa,2015,66122,Diesel,Automatic,First,21.66,1498.0,103.52,5.0,882080.0,Skoda,Rapid 1.5 Tdi At Elegance,11,0,6011.090909090909,0.06910547396528705
Kisumu,2015,25100,Diesel,Automatic,First,17.85,2967.0,300.0,4.0,11100000.0,Porsche,Panamera Diesel,11,1,2281.818181818182,0.10111223458038422
Mombasa,2017,24733,Petrol,Automatic,First,15.04,1991.0,183.0,5.0,4018200.0,Mercedes-Benz,Cla 200 Sport Edition,9,1,2748.1111111111113,0.09191361125062783
Thika,2008,41000,Petrol,Automatic,Second,10.4,2773.0,201.0,5.0,1554000.0,Audi,A6 2.8 Fsi,18,1,2277.777777777778,0.07248467363865849
Mombasa,2015,30000,Petrol,Manual,First,20.73,1373.0,91.1,5.0,991600.0,Maruti,Ciaz Zxi Plus,11,0,2727.2727272727275,0.0663510560815732
Kisumu,2013,36000,Diesel,Manual,First,22.7,1498.0,89.84,5.0,725200.0000000001,Ford,Ecosport 1.5 Dv5 Mt Titanium,13,0,2769.230769230769,0.05997329773030708
Kisumu,2017,40279,Diesel,Manual,First,16.5,1493.0,70.0,7.0,1184000.0,Mahindra,Bolero Mhawk D70 Zlx,9,0,4475.444444444444,0.04688546550569324
Mombasa,2018,46805,Petrol,Manual,First,24.07,998.0,67.1,5.0,537240.0,Maruti,Alto K10 Vxi,8,0,5850.625,0.06723446893787574
Nairobi,2015,60000,Petrol,Manual,First,17.5,1197.0,85.8,5.0,710400.0,Maruti,Swift Dzire 1.2 Vxi Bsiv,11,0,5454.545454545455,0.07167919799498747
Nairobi,2017,100000,Petrol,Manual,First,17.57,1193.0,88.7,5.0,629000.0,Tata,Zest Revotron 1.2T Xe,9,0,11111.111111111111,0.07435037720033529
Kisumu,2014,32986,Petrol,Manual,First,16.1,1493.0,97.7,5.0,627520.0,Maruti,Swift 1.3 Vxi,12,0,2748.8333333333335,0.06543871399866041
Naivasha,2018,51530,Diesel,Automatic,First,10.91,3198.0,197.2,7.0,4479960.0,Ford,Endeavour 3.2 Trend At 4X4,8,0,6441.25,0.0616635397123202
Nyeri,2013,81456,Diesel,Manual,First,15.8,2148.0,170.0,5.0,2109000.0,Mercedes-Benz,New C-Class C 220 Cdi Classic,13,1,6265.846153846154,0.07914338919925512
Thika,2012,37229,Petrol,Automatic,First,16.95,1197.0,78.9,5.0,504680.0,Hyundai,I10 Sportz At,14,0,2659.214285714286,0.06591478696741855
Nairobi,2009,73200,Petrol,Manual,First,17.0,1497.0,118.0,5.0,411440.0,Honda,City 1.5 S Mt,17,0,4305.882352941177,0.0788243152972612
Thika,2015,71826,Diesel,Automatic,First,19.3,1968.0,141.0,5.0,2294000.0,Skoda,Octavia Elegance 2.0 Tdi At,11,0,6529.636363636364,0.07164634146341463
Mombasa,2017,129000,Diesel,Manual,First,25.0,1396.0,69.0,5.0,444000.0,Tata,Indica V2 Els,9,0,14333.333333333334,0.0494269340974212
Eldoret,2012,82000,Petrol,Manual,First,18.9,998.0,67.1,5.0,340399.99999999994,Maruti,Wagon R Vxi Bsii,14,0,5857.142857142857,0.06723446893787574
Mombasa,2017,40459,Diesel,Manual,First,19.67,1582.0,126.2,5.0,1965440.0,Hyundai,Creta 1.6 Crdi Sx,9,0,4495.444444444444,0.0797724399494311
Kisumu,2009,61964,Petrol,Manual,First,19.0,998.0,66.1,5.0,333000.0,Maruti,A-Star Lxi,17,0,3644.9411764705883,0.06623246492985971
Mombasa,2011,15466,Petrol,Manual,First,22.5,998.0,67.04,5.0,497280.0,Maruti,Wagon R Lxi,15,0,1031.0666666666666,0.06717434869739479
Kisumu,2014,23000,Petrol,Manual,First,17.3,1497.0,117.3,7.0,629000.0,Honda,Mobilio E I Vtec,12,0,1916.6666666666667,0.0783567134268537
Naivasha,2012,43766,Petrol,Manual,First,20.36,1197.0,78.9,5.0,636400.0,Hyundai,I10 Magna,14,0,3126.1428571428573,0.06591478696741855
Kisumu,2010,54000,Petrol,Automatic,First,0.0,3597.0,262.6,5.0,888000.0,Skoda,Superb 3.6 V6 Fsi,16,0,3375.0,0.07300528217959411
Naivasha,2018,18521,Diesel,Manual,First,22.54,1396.0,88.73,5.0,1358640.0,Hyundai,I20 1.4 Sportz,8,0,2315.125,0.06356017191977077
Kisumu,2017,26400,Petrol,Manual,First,23.1,998.0,67.04,5.0,738520.0,Maruti,Celerio Zxi Optional,9,0,2933.3333333333335,0.06717434869739479
Eldoret,2011,31900,Petrol,Manual,First,13.4,1798.0,157.8,5.0,555000.0,Skoda,Laura 1.8 Tsi Ambiente,15,0,2126.6666666666665,0.08776418242491658
Mombasa,2010,39000,Diesel,Manual,First,20.0,1399.0,68.0,5.0,370000.0,Ford,Figo Diesel Lxi,16,0,2437.5,0.04860614724803431
Kisumu,2016,45671,Diesel,Manual,First,27.3,1498.0,98.6,5.0,1065600.0,Honda,Jazz 1.5 Vx I Dtec,10,0,4567.1,0.06582109479305741
Thika,2016,39500,Diesel,Automatic,First,15.0,2143.0,204.0,5.0,4366000.0,Mercedes-Benz,E-Class 2015-2017 E250 Edition E,10,1,3950.0,0.09519365375641624
Mombasa,2015,54000,Diesel,Automatic,First,17.9,2143.0,136.0,5.0,2597400.0,Mercedes-Benz,Gla Class 200 Cdi Sport,11,1,4909.090909090909,0.06346243583761083
Mombasa,2012,20000,Diesel,Automatic,First,18.5,1985.0,163.0,5.0,1776000.0,Volvo,S60 D3,14,1,1428.5714285714287,0.08211586901763224
Nakuru,2009,55000,Diesel,Automatic,First,11.8,2967.0,246.7,5.0,1998000.0,Audi,A8 L 3.0 Tdi Quattro,17,1,3235.294117647059,0.08314796090326929
Kisumu,2014,48000,Diesel,Automatic,First,22.32,1582.0,126.32,5.0,754799.9999999999,Hyundai,Verna 1.6 Sx Crdi (O) At,12,0,4000.0,0.07984829329962073
Kisumu,2011,70000,Diesel,Automatic,First,22.69,1995.0,190.0,5.0,1524400.0000000002,Bmw,3 Series 320D,15,0,4666.666666666667,0.09523809523809523
Nairobi,2014,62000,Diesel,Manual,First,22.32,1582.0,126.32,5.0,843600.0,Hyundai,Verna 1.6 Sx,12,0,5166.666666666667,0.07984829329962073
Mombasa,2014,41994,Petrol,Manual,First,22.5,998.0,67.04,5.0,504680.0,Maruti,Wagon R Vxi,12,0,3499.5,0.06717434869739479
Kisumu,2010,108882,Diesel,Manual,Second,20.0,1399.0,68.0,5.0,355200.0,Ford,Figo Diesel Exi,16,0,6805.125,0.04860614724803431
Naivasha,2017,24806,Petrol,Manual,First,18.15,1198.0,82.0,6.0,828800.0,Mahindra,Kuv 100 Mfalcon G80 K2,9,0,2756.222222222222,0.06844741235392321
Eldoret,2006,160000,Diesel,Manual,First,17.0,1405.0,70.0,5.0,148000.0,Tata,Indigo Ls,20,0,8000.0,0.0498220640569395
Kisumu,2017,30000,Diesel,Automatic,First,18.49,1493.0,100.0,7.0,1213599.9999999998,Mahindra,Tuv 300 T8 Amt,9,0,3333.3333333333335,0.06697923643670463
Nakuru,2015,51000,Diesel,Automatic,First,15.17,1968.0,181.0,5.0,4070000.0,Audi,Q3 35 Tdi Quattro Premium Plus,11,1,4636.363636363636,0.09197154471544715
Nyeri,2015,64876,Petrol,Manual,First,21.5,1197.0,81.8,5.0,518000.0,Maruti,Wagon R Vxi 1.2,11,0,5897.818181818182,0.0683375104427736
Mombasa,2016,70536,Cng,Manual,First,31.79,998.0,58.33,5.0,677840.0,Maruti,Celerio Cng Vxi Mt,10,0,7053.6,0.05844689378757515
Naivasha,2017,25299,Diesel,Manual,First,24.3,1248.0,88.5,5.0,1530320.0,Maruti,Vitara Brezza Zdi Plus Dual Tone,9,0,2811.0,0.07091346153846154
Nairobi,2006,89869,Diesel,Manual,First,12.7,2609.0,116.6,8.0,481000.0,Mahindra,Scorpio Dx 2.6 Turbo 8 Str,20,0,4493.45,0.04469145266385588
Nyeri,2007,103515,Diesel,Manual,Third,12.6,1991.0,112.0,7.0,740000.0,Hyundai,Tucson Crdi,19,0,5448.1578947368425,0.0562531391260673
Kisumu,2008,68282,Petrol,Manual,First,17.92,1086.0,62.1,5.0,333000.0,Hyundai,Santro Xing Gls,18,0,3793.4444444444443,0.057182320441988954
Mombasa,2014,60033,Diesel,Automatic,First,18.18,2967.0,250.0,4.0,7624960.0,Porsche,Panamera Diesel 250Hp,12,1,5002.75,0.08426019548365352
Mombasa,2018,51921,Diesel,Manual,First,24.3,1248.0,88.5,5.0,1275759.9999999998,Maruti,Vitara Brezza Vdi Option,8,0,6490.125,0.07091346153846154
Nairobi,2017,18414,Diesel,Manual,First,23.4,1248.0,74.0,5.0,1073000.0,Maruti,Swift Dzire Vdi,9,0,2046.0,0.05929487179487179
Mombasa,2016,40866,Petrol,Manual,First,19.5,1199.0,86.76,5.0,809560.0,Honda,Amaze V Petrol,10,0,4086.6,0.07236030025020851
Eldoret,2014,55001,Diesel,Automatic,First,16.36,2179.0,187.7,5.0,4588000.0,Jaguar,Xf 2.2 Litre Luxury,12,1,4583.416666666667,0.08614043139054611
Mombasa,2017,20469,Petrol,Automatic,First,16.82,1998.0,189.08,4.0,5325039.999999999,Mini,Cooper Convertible S,9,0,2274.3333333333335,0.09463463463463465
Nyeri,2017,8500,Petrol,Manual,First,21.1,814.0,55.2,5.0,506160.0,Hyundai,Eon Era Plus,9,0,944.4444444444445,0.06781326781326781
Thika,2008,45000,Diesel,Automatic,Second,16.77,2967.0,241.38,5.0,1702000.0,Audi,A6 3.0 Tdi Quattro,18,1,2500.0,0.08135490394337715
Eldoret,2016,6000,Petrol,Manual,First,17.19,1197.0,81.86,5.0,1073000.0,Hyundai,I20 Active 1.2 Sx Dual Tone,10,0,600.0,0.0683876357560568
Mombasa,2018,11000,Diesel,Manual,First,28.4,1248.0,74.0,5.0,1184000.0,Maruti,Swift Amt Ddis Vdi,8,0,1375.0,0.05929487179487179
Mombasa,2015,80064,Diesel,Manual,First,22.7,1498.0,89.84,5.0,1084840.0,Ford,Ecosport 1.5 Dv5 Mt Titanium,11,0,7278.545454545455,0.05997329773030708
Kisumu,2016,29930,Petrol,Manual,First,18.9,998.0,67.1,5.0,495800.0,Maruti,Wagon R Vxi Bs Iv With Abs,10,0,2993.0,0.06723446893787574
Nairobi,2013,49105,Diesel,Manual,First,20.34,1498.0,103.2,5.0,651200.0000000001,Volkswagen,Vento 1.5 Tdi Highline,13,0,3777.3076923076924,0.06889185580774367
Kisumu,2012,55000,Petrol,Manual,First,17.6,1496.0,88.7,5.0,442520.0,Toyota,Etios Vx,14,0,3928.5714285714284,0.059291443850267384
Nakuru,2015,23000,Petrol,Manual,First,18.7,1199.0,88.7,5.0,828800.0,Honda,Jazz 1.2 Sv I Vtec,11,0,2090.909090909091,0.07397831526271893
Naivasha,2016,54727,Diesel,Manual,First,20.14,1498.0,88.73,5.0,981240.0,Volkswagen,Crosspolo 1.5 Tdi,10,0,5472.7,0.05923230974632844
Mombasa,2018,31426,Diesel,Manual,First,21.66,1498.0,108.62,5.0,1169200.0,Volkswagen,Ameo 1.5 Tdi Highline,8,0,3928.25,0.07251001335113486
Mombasa,2015,53442,Petrol,Manual,First,16.8,1497.0,116.3,5.0,1036000.0,Honda,City V Mt Exclusive,11,0,4858.363636363636,0.07768871075484302
Kisumu,2014,28000,Petrol,Automatic,First,16.5,1198.0,86.8,5.0,732600.0,Honda,Brio Vx At,12,0,2333.3333333333335,0.07245409015025041
Nairobi,2017,13412,Petrol,Automatic,First,14.3,1598.0,103.52,5.0,1360120.0,Skoda,Rapid 1.6 Mpi At Style,9,0,1490.2222222222222,0.06478097622027534
Kisumu,2011,70000,Diesel,Manual,First,16.8,1493.0,110.0,5.0,754799.9999999999,Hyundai,Verna Crdi,15,0,4666.666666666667,0.07367716008037509
Nyeri,2015,81310,Diesel,Manual,First,21.19,1396.0,88.76,5.0,873200.0,Hyundai,I20 Active S Diesel,11,0,7391.818181818182,0.06358166189111748
Mombasa,2019,13574,Petrol,Automatic,First,21.4,1197.0,83.1,5.0,1407480.0,Maruti,Baleno Alpha Cvt,7,0,1939.142857142857,0.06942355889724311
Nairobi,2008,75000,Petrol,Manual,Second,11.1,2354.0,158.8,5.0,577200.0,Honda,Cr-V 2.4L 4Wd Mt,18,0,4166.666666666667,0.06745964316057775
Naivasha,2014,58310,Petrol,Manual,Second,19.1,1197.0,85.8,5.0,797720.0,Maruti,Swift Dzire Vxi,12,0,4859.166666666667,0.07167919799498747
Eldoret,2009,90000,Diesel,Manual,Second,19.3,1248.0,73.9,5.0,444000.0,Maruti,Swift Dzire Vdi,17,0,5294.117647058823,0.059214743589743594
Nyeri,2012,83000,Diesel,Manual,First,23.4,1248.0,74.0,5.0,636400.0,Maruti,Swift Dzire Zdi,14,0,5928.571428571428,0.05929487179487179
Nyeri,2017,37282,Petrol,Manual,First,20.85,1197.0,83.14,5.0,999000.0,Maruti,Swift Dzire Zxi,9,0,4142.444444444444,0.06945697577276524
Nyeri,2017,23000,Petrol,Manual,First,18.9,1197.0,82.0,5.0,666000.0,Hyundai,Grand I10 Sportz,9,0,2555.5555555555557,0.06850459482038429
Mombasa,2010,82000,Diesel,Manual,First,17.8,1399.0,68.0,5.0,407000.0,Ford,Fiesta 1.4 Zxi Tdci Abs,16,0,5125.0,0.04860614724803431
Mombasa,2016,31000,Diesel,Manual,First,23.9,1582.0,126.2,5.0,1332000.0,Hyundai,Verna 1.6 Crdi S,10,0,3100.0,0.0797724399494311
Nyeri,2001,200000,Petrol,Manual,First,12.0,1493.0,97.7,5.0,103600.0,Maruti,Wagon R Vx,25,0,8000.0,0.06543871399866041
Nairobi,2014,45001,Diesel,Manual,Second,20.0,1399.0,68.05,5.0,377399.99999999994,Ford,Figo Diesel Exi,12,0,3750.0833333333335,0.04864188706218728
Naivasha,2014,50446,Diesel,Manual,First,21.12,1248.0,88.8,5.0,523920.0,Tata,Manza Aqua Quadrajet Bs Iv,12,0,4203.833333333333,0.07115384615384615
Thika,2009,89000,Petrol,Manual,First,13.5,1799.0,130.0,5.0,629000.0,Honda,Civic 2006-2010 1.8 S Mt,17,0,5235.294117647059,0.07226236798221233
Thika,2007,72000,Petrol,Manual,Second,19.7,796.0,46.3,5.0,177600.0,Maruti,Alto Lx Bsiii,19,0,3789.4736842105262,0.05816582914572864
Thika,2013,90000,Diesel,Automatic,First,22.48,1995.0,190.0,5.0,2886000.0,Bmw,5 Series 520D Luxury Line,13,0,6923.076923076923,0.09523809523809523
Nakuru,2015,76000,Diesel,Manual,Second,16.0,2179.0,140.0,7.0,1776000.0,Mahindra,Xuv500 W8 2Wd,11,0,6909.090909090909,0.06424965580541533
Kisumu,2012,78401,Diesel,Manual,First,23.2,1248.0,73.94,5.0,577200.0,Maruti,Ritz Vdi,14,0,5600.071428571428,0.05924679487179487
Mombasa,2017,38426,Diesel,Manual,First,24.3,1248.0,88.5,5.0,1351240.0000000002,Maruti,Vitara Brezza Zdi Plus,9,0,4269.555555555556,0.07091346153846154
Eldoret,2011,45000,Petrol,Manual,First,15.1,1196.0,73.0,7.0,333000.0,Maruti,Eeco 7 Seater Standard,15,0,3000.0,0.061036789297658864
Nairobi,2012,83000,Petrol,Manual,First,17.5,1197.0,85.8,5.0,481000.0,Maruti,Swift Dzire 1.2 Vxi Bsiv,14,0,5928.571428571428,0.07167919799498747
Naivasha,2017,50170,Diesel,Automatic,First,17.01,1582.0,126.2,5.0,2188920.0,Hyundai,Creta 1.6 Crdi At Sx Plus,9,0,5574.444444444444,0.0797724399494311
Nairobi,2010,37822,Petrol,Manual,First,22.5,998.0,67.04,5.0,347800.0,Maruti,Wagon R Lxi,16,0,2363.875,0.06717434869739479
Kisumu,2015,33517,Diesel,Manual,First,27.62,793.0,47.0,5.0,458800.0,Maruti,Celerio Zdi,11,0,3047.0,0.05926860025220681
Nairobi,2014,110000,Diesel,Automatic,First,13.01,2199.0,194.3,7.0,1909200.0,Hyundai,Santa Fe 2Wd At,12,0,9166.666666666666,0.08835834470213734
Kisumu,2017,60000,Petrol,Manual,First,21.1,814.0,55.2,5.0,370000.0,Hyundai,Eon D Lite Plus Option,9,0,6666.666666666667,0.06781326781326781
Nairobi,2013,92408,Petrol,Manual,First,18.5,1197.0,82.85,5.0,540200.0,Hyundai,I20 Sportz 1.2,13,0,7108.307692307692,0.06921470342522974
Nakuru,2014,45000,Petrol,Manual,First,17.1,1591.0,121.3,5.0,1110000.0,Hyundai,Verna 1.6 Sx Vtvt (O),12,0,3750.0,0.07624135763670647
Mombasa,2013,33793,Petrol,Manual,First,18.4,1198.0,86.8,5.0,553520.0,Honda,Brio S Option Mt,13,0,2599.4615384615386,0.07245409015025041
Mombasa,2017,26327,Petrol,Manual,First,20.4,1197.0,81.8,5.0,867280.0,Maruti,Swift Vxi Optional,9,0,2925.222222222222,0.0683375104427736
Naivasha,2018,20604,Diesel,Automatic,First,19.27,2143.0,167.62,5.0,5863759.999999999,Mercedes-Benz,New C-Class C 220D Avantgarde Edition C,8,1,2575.5,0.07821745216985534
Naivasha,2018,61386,Diesel,Manual,First,25.2,1248.0,74.0,5.0,1043400.0,Maruti,Swift Vdi Optional,8,0,7673.25,0.05929487179487179
Nairobi,2018,11500,Diesel,Automatic,First,28.4,1248.0,74.0,5.0,1110000.0,Maruti,Swift Amt Vdi,8,0,1437.5,0.05929487179487179
Mombasa,2012,58000,Diesel,Manual,First,25.44,936.0,57.6,5.0,310800.0,Chevrolet,Beat Diesel Ls,14,0,4142.857142857143,0.06153846153846154
Nairobi,2014,38000,Petrol,Automatic,First,13.7,1798.0,157.75,5.0,1716800.0,Skoda,Superb Elegance 1.8 Tsi At,12,0,3166.6666666666665,0.08773637374860957
Nakuru,2012,49000,Diesel,Automatic,Second,14.84,2143.0,167.62,5.0,2849000.0,Mercedes-Benz,New C-Class C 220 Cdi Be Avantgare,14,1,3500.0,0.07821745216985534
Naivasha,2017,72202,Diesel,Manual,First,13.68,2393.0,147.8,8.0,2652160.0000000005,Toyota,Innova Crysta 2.4 Vx Mt 8S,9,0,8022.444444444444,0.06176347680735479
Kisumu,2016,7000,Petrol,Manual,First,20.36,1197.0,78.9,5.0,532800.0,Hyundai,I10 Sportz,10,0,700.0,0.06591478696741855
Thika,2014,20000,Diesel,Manual,Second,25.8,1498.0,98.6,5.0,666000.0,Honda,Amaze S I-Dtec,12,0,1666.6666666666667,0.06582109479305741
Kisumu,2017,14061,Diesel,Manual,First,21.9,1396.0,88.76,5.0,1095200.0,Hyundai,I20 Magna 1.4 Crdi (Diesel),9,0,1562.3333333333333,0.06358166189111748
Naivasha,2018,30706,Diesel,Automatic,First,11.57,2987.0,254.79,5.0,8774920.0,Mercedes-Benz,Gle 350D,8,1,3838.25,0.08529963173752929
Kisumu,2011,51387,Diesel,Manual,First,12.05,2179.0,120.0,7.0,814000.0,Mahindra,Scorpio 2009-2014 Sle 7S Bsiv,15,0,3425.8,0.05507113354749885
Nakuru,2006,44000,Petrol,Manual,Second,15.3,1341.0,83.0,5.0,259000.0,Hyundai,Getz Gle,20,0,2200.0,0.061894108873974646
Nairobi,2016,12208,Petrol,Manual,First,21.4,1197.0,83.1,5.0,999000.0,Maruti,Baleno Alpha,10,0,1220.8,0.06942355889724311
Mombasa,2011,55000,Diesel,Manual,First,16.52,1991.0,123.7,5.0,584600.0,Chevrolet,Optra Magnum 2.0 Lt,15,0,3666.6666666666665,0.062129583124058266
Nairobi,2011,61600,Petrol,Manual,First,17.1,1591.0,121.3,5.0,621600.0,Hyundai,Verna 1.6 Sx Vtvt (O),15,0,4106.666666666667,0.07624135763670647
Kisumu,2016,28414,Petrol,Manual,First,17.0,1497.0,118.0,5.0,1243200.0,Honda,City 1.5 V Mt,10,0,2841.4,0.0788243152972612
Nairobi,2017,27853,Petrol,Automatic,First,17.21,1197.0,103.5,5.0,1221000.0,Volkswagen,Polo Gt Tsi,9,0,3094.777777777778,0.08646616541353383
Nakuru,2013,55116,Petrol,Manual,First,19.4,1198.0,86.8,5.0,489880.0,Honda,Brio E Mt,13,0,4239.692307692308,0.07245409015025041
Thika,2017,26000,Diesel,Manual,First,26.59,1248.0,74.0,5.0,1110000.0,Maruti,Swift Dzire Vdi,9,0,2888.8888888888887,0.05929487179487179
Eldoret,2012,45496,Petrol,Manual,First,17.0,1497.0,118.0,5.0,703000.0,Honda,City 1.5 V Mt Exclusive,14,0,3249.714285714286,0.0788243152972612
Eldoret,2013,76000,Diesel,Automatic,Second,11.18,2696.0,184.0,7.0,1300919.9999999998,Mahindra,Ssangyong Rexton Rx7,13,0,5846.153846153846,0.06824925816023739
Eldoret,2014,136000,Petrol,Manual,First,13.1,1798.0,157.75,5.0,1406000.0,Skoda,Superb Elegance 1.8 Tsi Mt,12,0,11333.333333333334,0.08773637374860957
Eldoret,2009,100000,Petrol,Manual,First,0.0,1493.0,97.7,5.0,236800.0,Hyundai,Santro Gls Ii - Euro Ii,17,0,5882.35294117647,0.06543871399866041
Kisumu,2010,38127,Petrol,Manual,First,19.7,796.0,46.3,5.0,229400.0,Maruti,Alto Lxi,16,0,2382.9375,0.05816582914572864
Nyeri,2014,82450,Diesel,Manual,First,23.0,1396.0,90.0,5.0,865800.0,Hyundai,I20 Asta (O) 1.4 Crdi (Diesel),12,0,6870.833333333333,0.06446991404011461
Naivasha,2014,62497,Petrol,Manual,First,15.8,1499.0,110.0,5.0,1112960.0,Ford,Ecosport 1.5 Ti Vct Mt Trend,12,0,5208.083333333333,0.0733822548365577
Kisumu,2011,86732,Diesel,Manual,First,23.08,1461.0,63.1,5.0,532800.0,Nissan,Micra Diesel Xv,15,0,5782.133333333333,0.0431895961670089
Mombasa,2016,27969,Petrol,Manual,First,19.4,1198.0,86.8,5.0,700040.0000000001,Honda,Brio E Mt,10,0,2796.9,0.07245409015025041
Nairobi,2013,66372,Diesel,Automatic,First,11.18,2696.0,184.0,7.0,1554000.0,Mahindra,Ssangyong Rexton Rx7,13,0,5105.538461538462,0.06824925816023739
Naivasha,2013,73525,Diesel,Automatic,First,16.46,2993.0,258.0,5.0,5111920.0,Bmw,7 Series 730Ld Sedan,13,0,5655.7692307692305,0.08620113598396258
Mombasa,2018,20689,Petrol,Manual,First,18.9,1197.0,81.86,5.0,898360.0,Hyundai,Grand I10 1.2 Kappa Sportz,8,0,2586.125,0.0683876357560568
Naivasha,2018,25093,Petrol,Manual,First,21.4,1197.0,83.1,5.0,1148480.0,Maruti,Baleno Delta 1.2,8,0,3136.625,0.06942355889724311
Naivasha,2016,49176,Diesel,Manual,First,11.68,2498.0,112.0,8.0,1104080.0,Mahindra,Xylo E8 Abs Bs Iv,10,0,4917.6,0.04483586869495596
Nairobi,2012,87510,Diesel,Manual,First,21.8,1461.0,78.0,5.0,516520.0,Renault,Fluence Diesel E4,14,0,6250.714285714285,0.053388090349075976
Naivasha,2012,38214,Petrol,Manual,Second,18.5,1197.0,80.0,5.0,599400.0,Hyundai,I20 1.2 Magna,14,0,2729.5714285714284,0.06683375104427736
Mombasa,2013,48986,Diesel,Manual,First,10.5,2835.0,107.2,6.0,1758240.0,Mitsubishi,Pajero 2.8 Sfx,13,0,3768.153846153846,0.03781305114638448
Eldoret,2011,88000,Petrol,Automatic,First,14.53,1794.0,138.1,5.0,954600.0,Toyota,Corolla Altis 2008-2013 1.8 Vl At,15,0,5866.666666666667,0.0769788182831661
Eldoret,2015,69002,Diesel,Automatic,First,15.97,2993.0,258.0,5.0,7400000.0,Bmw,X5 X5 M,11,0,6272.909090909091,0.08620113598396258
Eldoret,2011,43706,Petrol,Automatic,First,10.9,2497.0,215.0,5.0,1332000.0,Bmw,3 Series 2005-2011 325I Sedan,15,0,2913.733333333333,0.08610332398878655
Naivasha,2016,58671,Diesel,Automatic,First,17.01,1582.0,126.2,5.0,2109000.0,Hyundai,Creta 1.6 Crdi At Sx Plus,10,0,5867.1,0.0797724399494311
Naivasha,2017,49404,Diesel,Manual,First,18.49,1493.0,100.0,7.0,1089280.0,Mahindra,Tuv 300 2015-2019 T8,9,0,5489.333333333333,0.06697923643670463
Nairobi,2010,72000,Diesel,Manual,First,12.05,2179.0,120.0,8.0,651200.0000000001,Mahindra,Scorpio Vlx 2.2 Mhawk Bsiii,16,0,4500.0,0.05507113354749885
Nairobi,2016,24000,Petrol,Manual,First,25.17,799.0,53.3,5.0,458800.0,Renault,Kwid Rxt,10,0,2400.0,0.06670838548185232
Naivasha,2017,53285,Petrol,Automatic,First,22.5,999.0,67.0,5.0,633440.0,Renault,Kwid 1.0 Rxt Optional Amt,9,0,5920.555555555556,0.06706706706706707
Eldoret,2017,12000,Petrol,Manual,First,16.1,1197.0,85.0,5.0,814000.0,Maruti,Swift Vxi Bsiv,9,0,1333.3333333333333,0.07101086048454469
Kisumu,2012,45000,Diesel,Automatic,First,17.0,1896.0,105.0,5.0,1034520.0,Skoda,Laura 1.9 Tdi At Ambiente,14,0,3214.285714285714,0.055379746835443035
Naivasha,2018,26234,Petrol,Manual,First,24.7,796.0,47.3,5.0,634920.0,Maruti,Alto 800 2016-2019 Vxi,8,0,3279.25,0.059422110552763814
Nairobi,2014,55000,Petrol,Manual,First,18.6,1197.0,85.8,5.0,621600.0,Maruti,Swift Vxi,12,0,4583.333333333333,0.07167919799498747
Eldoret,2012,90000,Diesel,Manual,First,23.0,1396.0,90.0,5.0,608280.0000000001,Hyundai,I20 1.4 Crdi Sportz,14,0,6428.571428571428,0.06446991404011461
Nairobi,2015,48000,Diesel,Automatic,First,15.73,1968.0,174.33,5.0,2775000.0,Audi,Q3 2012-2015 35 Tdi Quattro Premium,11,1,4363.636363636364,0.08858231707317074
Nairobi,2017,19863,Diesel,Automatic,First,11.57,2987.0,254.79,5.0,9612600.0,Mercedes-Benz,Gle 350D,9,1,2207.0,0.08529963173752929
Nairobi,2010,55000,Petrol,Manual,Second,19.81,1086.0,68.05,5.0,235320.0,Hyundai,I10 Era,16,0,3437.5,0.06266114180478821
Kisumu,2016,4800,Petrol,Manual,First,20.51,998.0,67.04,5.0,532800.0,Maruti,Wagon R Lxi Optional,10,0,480.0,0.06717434869739479
Mombasa,2017,38607,Petrol,Manual,Second,17.8,1497.0,117.3,5.0,1164760.0,Honda,City I Vtec V,9,0,4289.666666666667,0.0783567134268537
Nairobi,2018,3958,Petrol,Manual,First,18.9,1197.0,81.86,5.0,821400.0,Hyundai,Grand I10 1.2 Kappa Sportz,8,0,494.75,0.0683876357560568
Nyeri,2014,74000,Diesel,Manual,Second,25.1,1498.0,98.6,5.0,947200.0,Honda,City I Dtec Vx,12,0,6166.666666666667,0.06582109479305741
Nairobi,2009,54540,Petrol,Manual,Third,17.5,1298.0,85.8,5.0,392200.0,Maruti,Swift Dzire Vxi,17,0,3208.235294117647,0.06610169491525424
Nairobi,2015,58400,Petrol,Manual,First,17.5,1298.0,85.8,5.0,814000.0,Maruti,Swift Dzire Zxi,11,0,5309.090909090909,0.06610169491525424
Mombasa,2013,73648,Diesel,Manual,First,15.1,2179.0,140.0,7.0,1081880.0,Mahindra,Xuv500 W8 2Wd,13,0,5665.2307692307695,0.06424965580541533
Nyeri,2016,83000,Diesel,Manual,First,28.09,1248.0,88.5,5.0,1050800.0,Maruti,Ciaz Zdi Plus Shvs,10,0,8300.0,0.07091346153846154
Mombasa,2016,16159,Diesel,Manual,First,22.32,1582.0,126.32,5.0,1158840.0,Hyundai,Verna 1.6 Sx Crdi (O),10,0,1615.9,0.07984829329962073
Nairobi,2005,150000,Diesel,Manual,First,13.1,1493.0,82.0,5.0,125800.0,Hyundai,Accent Crdi,21,0,7142.857142857143,0.05492297387809779
Nairobi,2014,22100,Petrol,Manual,First,19.4,1198.0,86.8,5.0,525400.0,Honda,Brio S Mt,12,0,1841.6666666666667,0.07245409015025041
Naivasha,2017,35043,Petrol,Manual,First,17.19,1197.0,81.86,5.0,1212120.0,Hyundai,I20 Active 1.2 Sx,9,0,3893.6666666666665,0.0683876357560568
Eldoret,2018,24000,Diesel,Automatic,First,18.88,1995.0,184.0,5.0,4144000.0,Bmw,3 Series 320D Sport Line,8,0,3000.0,0.09223057644110276
Mombasa,2015,480000,Diesel,Automatic,First,16.96,1968.0,138.03,5.0,1924000.0,Volkswagen,Jetta 2013-2015 2.0L Tdi Highline At,11,0,43636.36363636364,0.07013719512195123
Mombasa,2011,70000,Petrol,Manual,Second,15.26,1598.0,103.5,5.0,486920.0,Volkswagen,Polo Petrol Highline 1.6L,15,0,4666.666666666667,0.06476846057571965
Eldoret,2015,13769,Petrol,Manual,Second,16.1,1197.0,85.0,5.0,652680.0,Maruti,Swift Vxi Bsiv,11,0,1251.7272727272727,0.07101086048454469
Kisumu,2013,58000,Diesel,Manual,First,19.01,1461.0,108.45,5.0,738520.0,Renault,Duster 110Ps Diesel Rxz,13,0,4461.538461538462,0.0742299794661191
Kisumu,2009,58000,Diesel,Automatic,First,18.56,1995.0,190.0,5.0,2661040.0,Bmw,X3 Xdrive 20D Luxury Line,17,0,3411.764705882353,0.09523809523809523
Naivasha,2018,18705,Diesel,Manual,First,20.5,1248.0,91.72,5.0,1141080.0,Fiat,Avventura Multijet Emotion,8,0,2338.125,0.07349358974358974
Nairobi,2013,32378,Petrol,Manual,First,20.51,998.0,67.04,5.0,414400.0,Maruti,Wagon R Stingray Vxi,13,0,2490.6153846153848,0.06717434869739479
Kisumu,2013,45000,Diesel,Manual,First,22.1,1248.0,76.9,5.0,444000.0,Chevrolet,Sail Hatchback Ls Abs,13,0,3461.5384615384614,0.06161858974358975
Naivasha,2015,36836,Diesel,Manual,First,15.1,2179.0,140.0,7.0,1848520.0,Mahindra,Xuv500 W8 2Wd,11,0,3348.7272727272725,0.06424965580541533
Mombasa,2016,54199,Diesel,Manual,First,23.0,1248.0,88.8,5.0,740000.0,Tata,Zest Quadrajet 1.3,10,0,5419.9,0.07115384615384615
Mombasa,2017,36935,Diesel,Automatic,First,18.56,1995.0,190.0,5.0,4830720.0,Bmw,X3 Xdrive20D Xline,9,0,4103.888888888889,0.09523809523809523
Mombasa,2015,23000,Diesel,Manual,First,25.2,1248.0,74.0,5.0,962000.0,Maruti,Swift Vdi Bsiv,11,0,2090.909090909091,0.05929487179487179
Nakuru,2015,14000,Diesel,Automatic,First,18.12,1995.0,190.0,5.0,5180000.0,Bmw,5 Series 2013-2017 520D Luxury Line,11,0,1272.7272727272727,0.09523809523809523
Mombasa,2015,100073,Diesel,Manual,Second,25.0,1396.0,69.01,5.0,296000.0,Tata,Indigo Cs Evx,11,0,9097.545454545454,0.04943409742120344
Mombasa,2015,59182,Diesel,Manual,First,15.1,2179.0,140.0,7.0,1400080.0000000002,Mahindra,Xuv500 W8 2Wd,11,0,5380.181818181818,0.06424965580541533
Mombasa,2016,72132,Diesel,Automatic,Second,12.07,2967.0,241.4,7.0,5772000.0,Audi,Q7 35 Tdi Quattro Premium Plus,10,1,7213.2,0.08136164475901585
Kisumu,2009,79000,Diesel,Automatic,First,18.48,1995.0,177.0,5.0,2220000.0,Bmw,5 Series 2003-2012 520D,17,0,4647.058823529412,0.0887218045112782
Naivasha,2013,66930,Petrol,Manual,First,17.1,1591.0,121.3,5.0,910200.0,Hyundai,Verna 1.6 Sx Vtvt (O),13,0,5148.461538461538,0.07624135763670647
Eldoret,2015,100000,Diesel,Automatic,Second,13.01,2199.0,194.3,7.0,2146000.0,Hyundai,Santa Fe 4Wd At,11,0,9090.90909090909,0.08835834470213734
Nakuru,2012,43000,Petrol,Manual,First,0.0,1493.0,97.7,5.0,481000.0,Hyundai,Santro Gls Ii - Euro Ii,14,0,3071.4285714285716,0.06543871399866041
Mombasa,2018,27413,Petrol,Automatic,First,20.51,998.0,67.0,5.0,766640.0,Maruti,Wagon R Amt Vxi,8,0,3426.625,0.06713426853707415
Eldoret,2007,90000,Petrol,Manual,Second,17.3,1061.0,64.0,5.0,183520.0,Maruti,Wagon R Lx Bsiii,19,0,4736.8421052631575,0.060320452403393024
Kisumu,2013,40300,Petrol,Manual,First,18.5,1197.0,82.85,5.0,414400.0,Hyundai,I20 Sportz 1.2,13,0,3100.0,0.06921470342522974
Mombasa,2011,73783,Petrol,Automatic,Second,13.7,1798.0,157.75,5.0,774040.0000000001,Skoda,Superb Elegance 1.8 Tsi At,15,0,4918.866666666667,0.08773637374860957
Eldoret,2005,86000,Petrol,Manual,Second,15.3,1341.0,83.0,5.0,66600.0,Hyundai,Getz Gls,21,0,4095.2380952380954,0.061894108873974646
Nairobi,2014,65694,Petrol,Manual,First,18.9,998.0,67.1,5.0,481000.0,Maruti,Wagon R Lxi Bs Iv,12,0,5474.5,0.06723446893787574
Kisumu,2015,23000,Petrol,Manual,First,16.8,796.0,34.2,5.0,222000.0,Maruti,Omni Mpi Cargo Bsiv,11,0,2090.909090909091,0.04296482412060302
Nairobi,2012,51000,Petrol,Manual,First,20.36,1197.0,78.9,5.0,421800.0,Hyundai,I10 Magna 1.2,14,0,3642.8571428571427,0.06591478696741855
Mombasa,2018,18335,Petrol,Manual,First,21.7,999.0,67.0,5.0,666000.0,Renault,Kwid 1.0 Rxt Optional,8,0,2291.875,0.06706706706706707
Nakuru,2014,36000,Diesel,Automatic,First,15.0,2147.0,107.3,5.0,2405000.0,Mercedes-Benz,B Class 2012-2015 B200 Sport Cdi,12,1,3000.0,0.04997671169073125
Nairobi,2017,25000,Petrol,Automatic,First,17.21,1197.0,103.5,5.0,1147000.0,Volkswagen,Polo Gt Tsi,9,0,2777.777777777778,0.08646616541353383
Nakuru,2007,81000,Diesel,Manual,Third,12.05,2179.0,120.0,8.0,643799.9999999999,Mahindra,Scorpio Vlx 4Wd,19,0,4263.1578947368425,0.05507113354749885
Mombasa,2019,21719,Diesel,Automatic,First,12.9,2755.0,174.5,7.0,4903240.000000001,Toyota,Fortuner 2.8 2Wd At,7,0,3102.714285714286,0.0633393829401089
Naivasha,2013,75421,Diesel,Manual,First,25.44,936.0,56.3,5.0,537240.0,Chevrolet,Beat Diesel Lt,13,0,5801.615384615385,0.060149572649572644
Nairobi,2010,80000,Diesel,Manual,First,12.8,2494.0,102.0,8.0,703000.0,Toyota,Innova 2.5 G4 Diesel 8-Seater,16,0,5000.0,0.0408981555733761
Mombasa,2018,10671,Petrol,Manual,First,20.85,1197.0,83.14,5.0,963480.0,Maruti,Swift Dzire Vxi,8,0,1333.875,0.06945697577276524
Kisumu,2018,4126,Petrol,Manual,First,21.7,999.0,67.0,5.0,710400.0,Renault,Kwid Climber 1.0 Mt,8,0,515.75,0.06706706706706707
Kisumu,2017,98500,Diesel,Manual,First,22.95,1248.0,74.0,5.0,888000.0,Tata,Bolt Quadrajet Xm,9,0,10944.444444444445,0.05929487179487179
Naivasha,2016,61578,Petrol,Manual,First,18.9,1197.0,82.0,5.0,947200.0,Hyundai,Grand I10 Asta,10,0,6157.8,0.06850459482038429
Thika,2014,54000,Diesel,Manual,First,20.34,1498.0,103.2,5.0,725200.0000000001,Volkswagen,Vento 1.5 Tdi Highline,12,0,4500.0,0.06889185580774367
Naivasha,2013,70998,Diesel,Automatic,First,17.68,1968.0,174.33,5.0,3044360.0,Audi,A6 2011-2015 2.0 Tdi,13,1,5461.384615384615,0.08858231707317074
Kisumu,2015,40082,Diesel,Manual,First,19.3,1248.0,73.9,5.0,704480.0,Maruti,Swift Dzire Ldi Bsiv,11,0,3643.818181818182,0.059214743589743594
Mombasa,2012,50619,Petrol,Manual,First,18.0,995.0,62.0,5.0,296000.0,Chevrolet,Spark 1.0 Lt,14,0,3615.6428571428573,0.062311557788944726
Naivasha,2009,103905,Diesel,Automatic,First,22.69,1995.0,190.0,5.0,1468160.0,Bmw,3 Series 320D,17,0,6112.058823529412,0.09523809523809523
Mombasa,2018,15334,Petrol,Manual,First,21.1,814.0,55.2,5.0,546120.0,Hyundai,Eon Era Plus,8,0,1916.75,0.06781326781326781
Kisumu,2013,69000,Diesel,Manual,First,23.4,1248.0,74.0,5.0,851000.0,Maruti,Swift Dzire Vdi,13,0,5307.692307692308,0.05929487179487179
Kisumu,2014,75160,Diesel,Manual,First,20.14,1498.0,88.5,5.0,843600.0,Volkswagen,Crosspolo 1.5 Tdi,12,0,6263.333333333333,0.059078771695594126
Naivasha,2014,44753,Petrol,Manual,First,18.0,1198.0,86.7,5.0,731120.0000000001,Honda,Amaze E I-Vtech,12,0,3729.4166666666665,0.07237061769616027
Mombasa,2012,53024,Petrol,Automatic,First,14.4,1598.0,103.6,5.0,634920.0,Volkswagen,Vento Petrol Highline At,14,0,3787.4285714285716,0.06483103879849812
Kisumu,2014,23840,Petrol,Manual,First,20.51,998.0,67.04,5.0,444000.0,Maruti,Wagon R Stingray Vxi,12,0,1986.6666666666667,0.06717434869739479
Kisumu,2014,81298,Diesel,Manual,First,20.14,1498.0,88.8,5.0,962000.0,Volkswagen,Polo 1.5 Tdi Highline,12,0,6774.833333333333,0.05927903871829105
Nyeri,2015,59000,Petrol,Manual,Second,16.47,1198.0,73.9,5.0,725200.0000000001,Volkswagen,Polo Petrol Comfortline 1.2L,11,0,5363.636363636364,0.06168614357262104
Mombasa,2016,51806,Diesel,Manual,First,25.8,1498.0,98.6,5.0,799200.0,Honda,Amaze Sx I-Dtec,10,0,5180.6,0.06582109479305741
Nairobi,2014,56000,Diesel,Automatic,First,18.53,1968.0,187.74,5.0,3552000.0,Audi,A6 35 Tdi Matrix,12,1,4666.666666666667,0.09539634146341464
Mombasa,2019,29279,Diesel,Manual,First,24.7,1047.0,69.0,5.0,1104080.0,Tata,Tigor 1.05 Revotorq Xz Option,7,0,4182.714285714285,0.0659025787965616
Mombasa,2017,33550,Diesel,Automatic,First,21.5,1498.0,108.5,5.0,1420800.0,Volkswagen,Vento 1.5 Tdi Highline At,9,0,3727.777777777778,0.07242990654205607
Kisumu,2014,62000,Diesel,Automatic,First,18.53,1968.0,187.74,5.0,3700000.0,Audi,A6 35 Tdi Matrix,12,1,5166.666666666667,0.09539634146341464
Kisumu,2014,66000,Diesel,Manual,First,19.01,1461.0,108.5,5.0,1006400.0,Nissan,Terrano Xl 110 Ps,12,0,5500.0,0.07426420260095824
Naivasha,2016,46630,Diesel,Automatic,First,21.66,1498.0,103.52,5.0,1271320.0,Skoda,Rapid 1.5 Tdi At Elegance,10,0,4663.0,0.06910547396528705
Kisumu,2016,72566,Diesel,Manual,First,25.83,1498.0,99.0,5.0,782920.0,Ford,Figo Aspire 1.5 Tdci Trend,10,0,7256.6,0.06608811748998665
Eldoret,2011,51482,Diesel,Manual,First,15.42,1405.0,70.0,8.0,370000.0,Tata,Venture Ex,15,0,3432.133333333333,0.0498220640569395
Mombasa,2011,90000,Diesel,Automatic,First,14.84,2143.0,167.62,5.0,2057200.0,Mercedes-Benz,New C-Class C 220 Cdi Be Avantgare,15,1,6000.0,0.07821745216985534
Nyeri,2014,69000,Diesel,Manual,Second,13.0,2982.0,168.5,7.0,2960000.0,Toyota,Fortuner 4X2 Manual,12,0,5750.0,0.05650570087189805
Nairobi,2011,90000,Petrol,Manual,Second,17.0,1497.0,118.0,5.0,503200.0,Honda,City 1.5 V Mt,15,0,6000.0,0.0788243152972612
Nairobi,2015,39000,Petrol,Manual,First,18.6,1197.0,81.83,5.0,814000.0,Hyundai,I20 Asta Option 1.2,11,0,3545.4545454545455,0.06836257309941521
Kisumu,2012,110000,Diesel,Manual,Second,20.54,1598.0,103.6,5.0,540200.0,Volkswagen,Vento Diesel Trendline,14,0,7857.142857142857,0.06483103879849812
Mombasa,2011,68022,Diesel,Manual,First,13.1,2499.0,141.0,7.0,867280.0,Ford,Endeavour 2.5L 4X2 Mt,15,0,4534.8,0.056422569027611044
Naivasha,2018,27852,Petrol,Automatic,First,14.8,1497.0,121.36,5.0,1545120.0,Ford,Ecosport 1.5 Petrol Titanium Plus At,8,0,3481.5,0.08106880427521711
Nakuru,2013,58291,Diesel,Manual,First,17.8,1248.0,97.7,5.0,740000.0,Maruti,Swift Vdi Bsiv,13,0,4483.923076923077,0.07828525641025641
Naivasha,2011,68439,Diesel,Manual,First,23.0,1396.0,90.0,5.0,498760.0,Hyundai,I20 Sportz Diesel,15,0,4562.6,0.06446991404011461
Nairobi,2011,150000,Diesel,Manual,First,12.99,2494.0,100.6,8.0,1028600.0,Toyota,Innova 2.5 Vx (Diesel) 8 Seater,15,0,10000.0,0.04033680834001604
Nairobi,2018,14000,Diesel,Manual,First,21.5,1497.0,108.5,5.0,1465200.0,Tata,Nexon 1.5 Revotorq Xz Plus Dual Tone,8,0,1750.0,0.07247828991315965
Kisumu,2012,71558,Diesel,Manual,First,20.0,1399.0,68.05,5.0,488400.0,Ford,Figo Diesel Titanium,14,0,5111.285714285715,0.04864188706218728
Nairobi,2013,48000,Diesel,Automatic,Second,17.85,2967.0,300.0,4.0,7474000.0,Porsche,Panamera Diesel,13,1,3692.3076923076924,0.10111223458038422
Nyeri,2015,65800,Diesel,Automatic,First,17.01,1582.0,126.2,5.0,1850000.0,Hyundai,Creta 1.6 Crdi At Sx Plus,11,0,5981.818181818182,0.0797724399494311
Kisumu,2014,53000,Diesel,Automatic,First,16.55,1968.0,140.0,5.0,3034000.0,Audi,A4 2.0 Tdi Multitronic,12,1,4416.666666666667,0.07113821138211382
Kisumu,2017,14600,Diesel,Manual,First,16.0,2179.0,140.0,7.0,2146000.0,Mahindra,Xuv500 W8 4Wd,9,0,1622.2222222222222,0.06424965580541533
Nyeri,2017,34429,Diesel,Automatic,First,13.8,2999.0,174.57,7.0,2960000.0,Isuzu,Mux 4Wd,9,0,3825.4444444444443,0.058209403134378127
Nairobi,2014,52000,Diesel,Manual,First,23.4,1248.0,74.0,5.0,777000.0,Maruti,Swift Dzire Vdi,12,0,4333.333333333333,0.05929487179487179
Kisumu,2015,25470,Petrol,Manual,First,20.73,1373.0,91.1,5.0,873200.0,Maruti,Ciaz Zxi,11,0,2315.4545454545455,0.0663510560815732
Eldoret,2013,22000,Petrol,Manual,First,21.1,814.0,55.2,5.0,384800.0,Hyundai,Eon Era Plus,13,0,1692.3076923076924,0.06781326781326781
Mombasa,2007,75000,Diesel,Automatic,First,11.0,2987.0,198.5,5.0,1628000.0,Mercedes-Benz,E-Class 280 Cdi,19,1,3947.3684210526317,0.06645463675929025
Eldoret,2011,95995,Diesel,Automatic,First,18.48,1995.0,177.0,5.0,2294000.0,Bmw,5 Series 2003-2012 520D,15,0,6399.666666666667,0.0887218045112782
Nyeri,2017,26877,Diesel,Manual,First,24.0,1186.0,73.97,5.0,851000.0,Hyundai,Grand I10 1.2 Crdi Sportz Option,9,0,2986.3333333333335,0.062369308600337264
Kisumu,2015,26000,Diesel,Automatic,First,14.47,2993.0,301.73,5.0,11100000.0,Jaguar,Xj 3.0L Portfolio,11,1,2363.6363636363635,0.10081189442031407
Mombasa,2007,140000,Diesel,Manual,Second,17.8,1248.0,75.0,5.0,296000.0,Maruti,Swift Ldi Bsiii,19,0,7368.421052631579,0.06009615384615385
Kisumu,2008,95291,Petrol,Manual,First,17.92,1086.0,62.1,5.0,340399.99999999994,Hyundai,Santro Xing Gls,18,0,5293.944444444444,0.057182320441988954
Kisumu,2009,135000,Diesel,Manual,Second,12.8,2494.0,102.0,8.0,1213599.9999999998,Toyota,Innova 2.5 V Diesel 8-Seater,17,0,7941.176470588235,0.0408981555733761
Kisumu,2015,32000,Petrol,Manual,First,18.6,1197.0,81.83,5.0,710400.0,Hyundai,I20 Sportz 1.2,11,0,2909.090909090909,0.06836257309941521
Nairobi,2008,68333,Diesel,Automatic,Second,11.0,2987.0,198.5,5.0,1258000.0,Mercedes-Benz,E-Class 280 Cdi,18,1,3796.277777777778,0.06645463675929025
Mombasa,2011,72000,Diesel,Manual,First,20.0,1399.0,68.0,5.0,429200.0,Ford,Figo Diesel Zxi,15,0,4800.0,0.04860614724803431
Thika,2012,52100,Diesel,Manual,First,21.43,1364.0,86.79,5.0,962000.0,Toyota,Corolla Altis 1.4 Dg,14,0,3721.4285714285716,0.06362903225806452
Nyeri,2018,10000,Petrol,Manual,First,18.9,1197.0,81.86,5.0,865800.0,Hyundai,Grand I10 1.2 Kappa Sportz,8,0,1250.0,0.0683876357560568
Naivasha,2019,6261,Diesel,Manual,First,16.3,1956.0,170.0,5.0,3538680.0,Jeep,Compass 2.0 Limited 4X4,7,0,894.4285714285714,0.0869120654396728
Naivasha,2019,3906,Petrol,Automatic,First,20.89,1197.0,81.8,5.0,1089280.0,Maruti,Ignis 1.2 Amt Alpha,7,0,558.0,0.0683375104427736
Eldoret,2014,55960,Diesel,Manual,First,11.5,2982.0,171.0,7.0,2553000.0,Toyota,Fortuner 3.0 Diesel,12,0,4663.333333333333,0.05734406438631791
Nyeri,2013,144000,Diesel,Manual,First,20.54,1598.0,103.6,5.0,1036000.0,Volkswagen,Vento Diesel Highline,13,0,11076.923076923076,0.06483103879849812
Nairobi,2017,38000,Diesel,Manual,First,13.68,2393.0,147.8,7.0,2612199.9999999995,Toyota,Innova Crysta 2.4 Vx Mt,9,0,4222.222222222223,0.06176347680735479
Nyeri,2013,51000,Diesel,Manual,First,20.0,1399.0,68.1,5.0,370000.0,Ford,Figo Diesel Celebration Edition,13,0,3923.076923076923,0.04867762687634024
Kisumu,2015,150000,Diesel,Manual,First,23.59,1364.0,67.05,5.0,888000.0,Toyota,Platinum Etios 1.4 Gxd,11,0,13636.363636363636,0.04915689149560117
Nairobi,2018,2500,Diesel,Manual,First,18.06,2523.0,63.0,7.0,1221000.0,Mahindra,Thar Di 4X4,8,0,312.5,0.02497027348394768
Mombasa,2018,41661,Diesel,Automatic,First,12.7,2179.0,187.7,5.0,6634840.0,Land,Rover Range Rover Hse Dynamic,8,1,5207.625,0.08614043139054611
Nairobi,2011,64000,Diesel,Automatic,First,16.07,1995.0,181.0,5.0,1554000.0,Bmw,3 Series 320D Highline,15,0,4266.666666666667,0.09072681704260652
Nakuru,2008,80000,Petrol,Manual,Second,13.2,1495.0,94.0,5.0,281200.0,Hyundai,Accent Gls,18,0,4444.444444444444,0.06287625418060201
Nyeri,2016,30000,Petrol,Automatic,Second,23.1,998.0,67.04,5.0,629000.0,Maruti,Celerio Zxi At,10,0,3000.0,0.06717434869739479
Mombasa,2014,43000,Diesel,Automatic,Second,16.36,2179.0,187.7,5.0,3922000.0,Jaguar,Xf 2.2 Litre Luxury,12,1,3583.3333333333335,0.08614043139054611
Nakuru,2013,90000,Diesel,Automatic,Second,12.4,2698.0,179.5,5.0,3330000.0,Audi,A6 2.7 Tdi,13,1,6923.076923076923,0.06653076352853966
Kisumu,2011,123880,Diesel,Manual,First,23.08,1461.0,63.1,5.0,488400.0,Nissan,Micra Diesel Xv,15,0,8258.666666666666,0.0431895961670089
Nyeri,2015,42000,Petrol,Manual,Second,18.0,1198.0,86.7,5.0,636400.0,Honda,Amaze S I-Vtech,11,0,3818.181818181818,0.07237061769616027
Mombasa,2012,79824,Diesel,Manual,First,19.87,1461.0,83.8,5.0,777000.0,Renault,Duster 85Ps Diesel Rxl Option,14,0,5701.714285714285,0.05735797399041752
Nyeri,2015,75000,Diesel,Manual,First,12.99,2494.0,100.6,8.0,1739000.0,Toyota,Innova 2.5 G (Diesel) 8 Seater,11,0,6818.181818181818,0.04033680834001604
Thika,2014,72411,Petrol,Manual,First,18.0,1198.0,86.7,5.0,629000.0,Honda,Amaze E I-Vtech,12,0,6034.25,0.07237061769616027
Nairobi,2012,63000,Diesel,Automatic,First,14.94,2143.0,204.0,5.0,2104560.0,Mercedes-Benz,New C-Class C 250 Cdi Elegance,14,1,4500.0,0.09519365375641624
Mombasa,2015,53713,Petrol,Manual,First,17.71,1197.0,78.9,5.0,621600.0,Toyota,Etios Liva G,11,0,4883.0,0.06591478696741855
Nairobi,2017,18000,Diesel,Automatic,First,11.36,2755.0,171.5,8.0,2701000.0,Toyota,Innova Crysta 2.8 Gx At 8S,9,0,2000.0,0.062250453720508164
Nakuru,2013,51000,Diesel,Manual,First,15.8,2148.0,170.0,5.0,2738000.0,Mercedes-Benz,New C-Class 200 Cdi Elegance,13,1,3923.076923076923,0.07914338919925512
Mombasa,2008,86700,Petrol,Manual,Second,16.1,1298.0,88.2,5.0,355200.0,Maruti,Swift Vxi Bsiii,18,0,4816.666666666667,0.0679506933744222
Kisumu,2016,29000,Diesel,Manual,First,27.39,1248.0,74.0,5.0,962000.0,Maruti,Baleno Alpha 1.3,10,0,2900.0,0.05929487179487179
Kisumu,2014,56000,Lpg,Manual,First,13.45,1086.0,62.1,5.0,473600.0,Hyundai,Santro Xing Gl Plus Lpg,12,0,4666.666666666667,0.057182320441988954
Nairobi,2015,33000,Petrol,Automatic,First,23.1,998.0,67.04,5.0,590520.0,Maruti,Celerio Vxi At,11,0,3000.0,0.06717434869739479
Mombasa,2014,64394,Diesel,Manual,First,22.7,1498.0,89.84,5.0,806600.0,Ford,Ecosport 1.5 Dv5 Mt Ambiente,12,0,5366.166666666667,0.05997329773030708
Kisumu,2010,76000,Diesel,Manual,First,18.8,1248.0,90.0,5.0,399600.0,Tata,Manza Aura Quadrajet,16,0,4750.0,0.07211538461538461
Nairobi,2016,48719,Diesel,Manual,First,27.3,1498.0,98.6,5.0,925000.0,Honda,Jazz 1.5 Sv I Dtec,10,0,4871.9,0.06582109479305741
Naivasha,2016,59711,Diesel,Manual,First,15.1,2179.0,140.0,7.0,1965440.0,Mahindra,Xuv500 W8 2Wd,10,0,5971.1,0.06424965580541533
Kisumu,2012,83000,Diesel,Manual,First,23.08,1461.0,63.1,5.0,547600.0,Nissan,Micra Diesel Xv Premium,14,0,5928.571428571428,0.0431895961670089
Naivasha,2018,10714,Diesel,Automatic,First,19.27,2143.0,167.62,5.0,5847480.0,Mercedes-Benz,New C-Class C 220D Avantgarde Edition C,8,1,1339.25,0.07821745216985534
Kisumu,2010,127510,Diesel,Manual,Second,19.0,1248.0,90.0,5.0,207200.0,Tata,Manza Aura Plus Quadrajet Bs Iv,16,0,7969.375,0.07211538461538461
Kisumu,2014,35010,Diesel,Manual,First,22.9,1248.0,74.0,5.0,518000.0,Maruti,Swift Vdi,12,0,2917.5,0.05929487179487179
Nyeri,2012,75451,Petrol,Manual,First,17.5,1197.0,85.8,5.0,559440.0,Maruti,Swift Dzire 1.2 Lxi Bsiv,14,0,5389.357142857143,0.07167919799498747
Eldoret,2015,83000,Diesel,Manual,First,19.09,1405.0,69.01,5.0,399600.0,Tata,Indigo Ecs Ls (Tdi) Bs-Iii,11,0,7545.454545454545,0.04911743772241993
Kisumu,2013,38755,Diesel,Manual,First,25.8,1498.0,98.6,5.0,473600.0,Honda,Amaze S I-Dtech,13,0,2981.153846153846,0.06582109479305741
Nairobi,2016,30000,Petrol,Manual,First,20.4,1197.0,81.8,5.0,740000.0,Maruti,Swift Vxi Bsiv,10,0,3000.0,0.0683375104427736
Mombasa,2012,40000,Diesel,Manual,First,20.77,1248.0,88.8,7.0,1036000.0,Maruti,Ertiga Zdi,14,0,2857.1428571428573,0.07115384615384615
Kisumu,2014,19500,Petrol,Manual,Second,18.9,1197.0,82.0,5.0,421800.0,Hyundai,Grand I10 Era,12,0,1625.0,0.06850459482038429
Thika,2016,41000,Petrol,Manual,First,19.69,1198.0,67.04,5.0,629000.0,Nissan,Micra Active Xv,10,0,4100.0,0.05595993322203673
Nakuru,2014,30000,Petrol,Manual,Second,18.9,1197.0,82.0,5.0,725200.0000000001,Hyundai,Grand I10 Asta Option,12,0,2500.0,0.06850459482038429
Kisumu,2017,37000,Diesel,Manual,First,17.1,1956.0,170.0,5.0,2501199.9999999995,Jeep,Compass 2.0 Sport,9,0,4111.111111111111,0.0869120654396728
Nairobi,2014,62000,Diesel,Manual,Second,22.07,1199.0,73.9,5.0,629000.0,Volkswagen,Polo Diesel Comfortline 1.2L,12,0,5166.666666666667,0.06163469557964971
Eldoret,2015,42023,Petrol,Automatic,First,15.5,1198.0,86.7,5.0,642320.0,Honda,Amaze S At I-Vtech,11,0,3820.2727272727275,0.07237061769616027
Kisumu,2012,51001,Diesel,Automatic,First,16.09,1995.0,184.0,5.0,2516000.0,Bmw,X3 Xdrive20D Advantage Edition,14,0,3642.9285714285716,0.09223057644110276
Mombasa,2017,55389,Diesel,Automatic,First,18.88,1995.0,184.0,5.0,4210600.0,Bmw,3 Series 320D Luxury Line,9,0,6154.333333333333,0.09223057644110276
Mombasa,2014,46728,Petrol,Automatic,First,15.6,1497.0,116.3,5.0,910200.0,Honda,City V At,12,0,3894.0,0.07768871075484302
Mombasa,2014,58995,Diesel,Manual,First,12.83,2696.0,162.0,7.0,1369000.0,Mahindra,Ssangyong Rexton Rx5,12,0,4916.25,0.06008902077151335
Nairobi,2015,37857,Diesel,Manual,First,26.59,1248.0,74.0,5.0,717799.9999999999,Maruti,Swift Dzire Ldi,11,0,3441.5454545454545,0.05929487179487179
Nyeri,2014,71000,Diesel,Manual,First,25.2,1248.0,74.0,5.0,710400.0,Maruti,Swift Vdi Bsiv,12,0,5916.666666666667,0.05929487179487179
Eldoret,2012,49024,Petrol,Manual,First,18.4,1198.0,86.8,5.0,340399.99999999994,Honda,Brio S Option Mt,14,0,3501.714285714286,0.07245409015025041
Nairobi,2016,10770,Petrol,Manual,First,18.9,1197.0,82.0,5.0,703000.0,Hyundai,Grand I10 Sportz,10,0,1077.0,0.06850459482038429
Eldoret,2017,72000,Diesel,Manual,First,22.95,1248.0,74.0,5.0,740000.0,Tata,Zest Quadrajet 1.3 75Ps Xm,9,0,8000.0,0.05929487179487179
Nyeri,2015,91000,Petrol,Manual,First,21.1,814.0,55.2,5.0,370000.0,Hyundai,Eon Era Plus,11,0,8272.727272727272,0.06781326781326781
Nairobi,2017,14000,Petrol,Manual,First,18.6,1197.0,81.83,5.0,880600.0,Hyundai,I20 1.2 Spotz,9,0,1555.5555555555557,0.06836257309941521
Nairobi,2014,48000,Diesel,Automatic,Second,9.0,1984.0,181.0,5.0,2368000.0,Volvo,S60 D4 Kinetic,12,1,4000.0,0.09122983870967742
Nairobi,2014,75136,Diesel,Manual,First,22.7,1498.0,89.84,5.0,910200.0,Ford,Ecosport 1.5 Dv5 Mt Titanium Optional,12,0,6261.333333333333,0.05997329773030708
Kisumu,2014,32500,Petrol,Manual,Second,21.1,1197.0,85.8,5.0,599400.0,Maruti,Ritz Vxi,12,0,2708.3333333333335,0.07167919799498747
Kisumu,2010,94500,Diesel,Manual,Second,21.9,1396.0,90.0,5.0,458800.0,Hyundai,I20 1.4 Crdi Magna,16,0,5906.25,0.06446991404011461
Kisumu,2013,34900,Petrol,Manual,First,22.0,1197.0,81.8,5.0,812520.0,Maruti,Dzire Vxi,13,0,2684.6153846153848,0.0683375104427736
Naivasha,2010,42400,Petrol,Automatic,Third,8.0,4806.0,394.3,4.0,6350680.0,Porsche,Panamera 2010 2013 4S,16,1,2650.0,0.08204327923429047
Nyeri,2015,50000,Diesel,Manual,First,17.8,1248.0,75.0,5.0,843600.0,Maruti,Swift Vdi Bsiii W/ Abs,11,0,4545.454545454545,0.06009615384615385
Kisumu,2014,35000,Petrol,Manual,First,19.4,1198.0,86.8,5.0,421800.0,Honda,Brio S Mt,12,0,2916.6666666666665,0.07245409015025041
Nakuru,2012,37000,Petrol,Manual,Second,18.6,1199.0,79.4,5.0,347800.0,Chevrolet,Beat Ls,14,0,2642.8571428571427,0.06622185154295246
Naivasha,2018,32807,Petrol,Automatic,First,13.0,1591.0,121.3,5.0,2184480.0,Hyundai,Creta 1.6 Sx Plus Petrol Automatic,8,0,4100.875,0.07624135763670647
Eldoret,2008,119000,Petrol,Manual,Second,17.7,1497.0,78.0,5.0,333000.0,Honda,City Zx Gxi,18,0,6611.111111111111,0.052104208416833664
Nairobi,2016,12000,Petrol,Manual,First,18.5,1197.0,85.8,5.0,540200.0,Maruti,Ritz Lxi,10,0,1200.0,0.07167919799498747
Nairobi,2016,46727,Diesel,Manual,First,22.77,1498.0,98.59,5.0,1073000.0,Ford,Ecosport 1.5 Tdci Trend,10,0,4672.7,0.06581441922563418
Kisumu,2010,73336,Diesel,Automatic,First,13.2,1995.0,170.0,5.0,1582120.0,Bmw,3 Series 320D,16,0,4583.5,0.08521303258145363
Nairobi,2014,9000,Petrol,Manual,Second,17.01,1591.0,121.3,5.0,814000.0,Hyundai,Verna 1.6 Sx Vtvt,12,0,750.0,0.07624135763670647
Mombasa,2005,240000,Diesel,Manual,Fourth & Above,12.8,2494.0,102.0,8.0,754799.9999999999,Toyota,Innova 2.5 G4 Diesel 8-Seater,21,0,11428.57142857143,0.0408981555733761
Nairobi,2014,25422,Petrol,Manual,First,22.5,998.0,67.04,5.0,481000.0,Maruti,Wagon R Lxi,12,0,2118.5,0.06717434869739479
Nairobi,2018,14000,Diesel,Manual,First,25.47,1248.0,88.5,7.0,1369000.0,Maruti,Ertiga Vdi,8,0,1750.0,0.07091346153846154
Kisumu,2008,66000,Petrol,Manual,First,19.7,796.0,46.3,5.0,251600.0,Maruti,Alto Lxi Bsiii,18,0,3666.6666666666665,0.05816582914572864
Mombasa,2010,55324,Petrol,Manual,First,19.0,998.0,66.1,5.0,424760.0,Maruti,A-Star Vxi,16,0,3457.75,0.06623246492985971
Nakuru,2009,90000,Diesel,Automatic,First,11.0,2993.0,235.0,5.0,2627000.0,Bmw,X5 3.0D,17,0,5294.117647058823,0.07851653859004344
Kisumu,2017,43000,Petrol,Manual,First,18.15,1198.0,82.0,5.0,666000.0,Mahindra,Kuv 100 G80 K6 Plus 5Str,9,0,4777.777777777777,0.06844741235392321
Nakuru,2008,58483,Petrol,Automatic,Second,19.2,1197.0,80.0,5.0,436600.0,Hyundai,I10 Magna At,18,0,3249.0555555555557,0.06683375104427736
Eldoret,2007,93000,Petrol,Automatic,Second,12.9,1799.0,130.0,5.0,384800.0,Honda,Civic 2006-2010 1.8 S At,19,0,4894.736842105263,0.07226236798221233
Kisumu,2010,50000,Petrol,Manual,First,20.36,1197.0,78.9,5.0,444000.0,Hyundai,I10 Sportz 1.2,16,0,3125.0,0.06591478696741855
Thika,2014,78616,Diesel,Automatic,Second,14.84,2143.0,170.0,5.0,2294000.0,Mercedes-Benz,New C-Class C 220 Cdi Elegance At,12,1,6551.333333333333,0.07932804479701354
Eldoret,2011,37000,Petrol,Manual,First,17.6,1496.0,88.73,5.0,414400.0,Toyota,Etios G,15,0,2466.6666666666665,0.05931149732620321
Kisumu,2010,54801,Petrol,Manual,First,17.0,1497.0,118.0,5.0,370000.0,Honda,City 1.5 E Mt,16,0,3425.0625,0.0788243152972612
Nakuru,2014,29000,Diesel,Manual,First,23.4,1248.0,74.0,5.0,851000.0,Maruti,Swift Dzire Vdi,12,0,2416.6666666666665,0.05929487179487179
Eldoret,2010,68000,Petrol,Manual,First,22.0,1197.0,81.8,5.0,414400.0,Maruti,Swift Vxi,16,0,4250.0,0.0683375104427736
Kisumu,2014,58000,Petrol,Manual,First,17.01,1591.0,121.3,5.0,679320.0,Hyundai,Verna 1.6 Ex Vtvt,12,0,4833.333333333333,0.07624135763670647
Eldoret,2012,64290,Diesel,Manual,First,23.2,1248.0,73.94,5.0,540200.0,Maruti,Ritz Vdi,14,0,4592.142857142857,0.05924679487179487
Nairobi,2015,31000,Diesel,Manual,First,13.0,2982.0,168.5,7.0,2937800.0000000005,Toyota,Fortuner 4X2 Manual,11,0,2818.181818181818,0.05650570087189805
Eldoret,2018,16039,Diesel,Manual,First,17.1,1956.0,170.0,5.0,2738000.0,Jeep,Compass 2.0 Limited,8,0,2004.875,0.0869120654396728
Kisumu,2017,19860,Petrol,Manual,First,18.6,1197.0,81.83,5.0,1028600.0,Hyundai,I20 Asta Option 1.2,9,0,2206.6666666666665,0.06836257309941521
Nairobi,2014,48500,Cng,Manual,Second,26.6,998.0,58.16,5.0,421800.0,Maruti,Wagon R Lxi Cng,12,0,4041.6666666666665,0.05827655310621242
Nyeri,2012,75391,Diesel,Manual,First,13.93,2179.0,138.0,7.0,555000.0,Tata,New Safari Dicor 2.2 Ex 4X4 Bs Iv,14,0,5385.071428571428,0.06333180357962367
Nyeri,2008,78000,Diesel,Manual,Second,19.3,1248.0,73.9,5.0,340399.99999999994,Maruti,Swift Dzire Ldi,18,0,4333.333333333333,0.059214743589743594
Kisumu,2016,78000,Diesel,Manual,First,25.0,1396.0,69.01,5.0,340399.99999999994,Tata,Indigo Ecs Els Bs Iv,10,0,7800.0,0.04943409742120344
Kisumu,2016,52000,Diesel,Manual,First,28.4,1248.0,74.0,5.0,880600.0,Maruti,Swift Ldi,10,0,5200.0,0.05929487179487179
Kisumu,2016,30000,Petrol,Automatic,First,23.1,998.0,67.04,5.0,516520.0,Maruti,Celerio Vxi At,10,0,3000.0,0.06717434869739479
Naivasha,2016,19254,Diesel,Automatic,First,14.69,2993.0,258.0,5.0,7059600.0,Bmw,5 Series 2013-2017 530D M Sport,10,0,1925.4,0.08620113598396258
Naivasha,2015,29651,Petrol,Manual,First,16.47,1198.0,74.0,5.0,951640.0,Volkswagen,Polo 1.2 Mpi Highline,11,0,2695.5454545454545,0.06176961602671119
Nakuru,2011,80000,Diesel,Manual,First,13.93,2179.0,138.03,7.0,666000.0,Tata,Safari Dicor 2.2 Lx 4X2,15,0,5333.333333333333,0.06334557136301056
Kisumu,2018,2971,Petrol,Automatic,First,13.6,1598.0,181.0,4.0,5883000.0,Mini,Cooper S Carbon Edition,8,0,371.375,0.1132665832290363
Kisumu,2015,21400,Petrol,Manual,First,15.6,1196.0,70.0,5.0,592000.0,Ford,Figo Petrol Titanium,11,0,1945.4545454545455,0.05852842809364549
Thika,2015,77000,Diesel,Manual,First,26.0,1498.0,98.6,5.0,1033040.0,Honda,City I Dtec V,11,0,7000.0,0.06582109479305741
Nairobi,2006,80000,Diesel,Manual,Second,12.6,1991.0,112.0,7.0,259000.0,Hyundai,Tucson Crdi,20,0,4000.0,0.0562531391260673
Nairobi,2013,81755,Diesel,Manual,First,20.0,1968.0,108.5,5.0,703000.0,Skoda,Laura Ambiente 2.0 Tdi Cr Mt,13,0,6288.846153846154,0.05513211382113821
Kisumu,2016,99593,Diesel,Manual,First,11.5,2982.0,171.0,7.0,3478000.0,Toyota,Fortuner 3.0 Diesel,10,0,9959.3,0.05734406438631791
Kisumu,2014,39791,Diesel,Manual,First,22.32,1582.0,126.32,5.0,1108520.0,Hyundai,Verna 1.6 Sx,12,0,3315.9166666666665,0.07984829329962073
Kisumu,2015,113000,Diesel,Manual,First,15.1,2179.0,140.0,7.0,1605800.0,Mahindra,Xuv500 W6 2Wd,11,0,10272.727272727272,0.06424965580541533
Nairobi,2017,24000,Petrol,Manual,First,25.17,799.0,53.3,5.0,518000.0,Renault,Kwid Rxt,9,0,2666.6666666666665,0.06670838548185232
Nakuru,2015,39000,Petrol,Manual,Second,18.6,1197.0,81.83,5.0,932400.0,Hyundai,I20 Asta 1.2,11,0,3545.4545454545455,0.06836257309941521
Nakuru,2012,37000,Petrol,Automatic,First,15.6,1497.0,116.3,5.0,999000.0,Honda,City V At,14,0,2642.8571428571427,0.07768871075484302
Naivasha,2017,61108,Diesel,Automatic,First,10.91,3198.0,197.0,7.0,4274240.0,Ford,Endeavour 3.2 Titanium At 4X4,9,0,6789.777777777777,0.06160100062539087
Mombasa,2016,61648,Petrol,Automatic,First,13.7,1798.0,157.75,5.0,2106040.0,Skoda,Superb Elegance 1.8 Tsi At,10,0,6164.8,0.08773637374860957
Nairobi,2012,37000,Diesel,Automatic,Third,22.69,1995.0,190.0,5.0,2220000.0,Bmw,3 Series 320D Sport,14,0,2642.8571428571427,0.09523809523809523
Nairobi,2013,53000,Cng,Manual,First,22.8,1373.0,80.9,7.0,858400.0,Maruti,Ertiga Vxi Cng,13,0,4076.923076923077,0.058922068463219235
Nyeri,2013,65000,Diesel,Manual,First,23.2,1248.0,73.94,5.0,555000.0,Maruti,Ritz Ldi,13,0,5000.0,0.05924679487179487
Nyeri,2005,120000,Petrol,Manual,First,0.0,1086.0,97.7,5.0,170199.99999999997,Hyundai,Santro Xing Xp,21,0,5714.285714285715,0.08996316758747698
Nyeri,2011,148009,Diesel,Manual,Second,11.5,2982.0,171.0,7.0,1887000.0,Toyota,Fortuner 3.0 Diesel,15,0,9867.266666666666,0.05734406438631791
Nairobi,2009,53001,Petrol,Manual,First,16.1,1298.0,88.2,5.0,288600.0,Maruti,Swift Lxi Bsiii,17,0,3117.705882352941,0.0679506933744222
Nairobi,2018,22345,Petrol,Manual,First,20.3,1199.0,84.0,5.0,732600.0,Tata,Tigor 1.2 Revotron Xt,8,0,2793.125,0.07005838198498748
Nairobi,2015,50000,Petrol,Automatic,First,18.0,1497.0,117.3,5.0,1221000.0,Honda,City I Vtec Cvt Vx,11,0,4545.454545454545,0.0783567134268537
Kisumu,2013,48183,Diesel,Automatic,First,13.2,1995.0,170.0,5.0,3106520.0,Bmw,3 Series 320D,13,0,3706.3846153846152,0.08521303258145363
Kisumu,2010,93000,Diesel,Automatic,Second,14.21,2143.0,203.0,5.0,2590000.0,Mercedes-Benz,E-Class 2009-2013 E250 Cdi Blue Efficiency,16,1,5812.5,0.09472701819878675
Mombasa,2015,53500,Diesel,Manual,First,28.4,1248.0,74.0,5.0,793280.0,Maruti,Swift Vdi,11,0,4863.636363636364,0.05929487179487179
Nairobi,2014,17585,Petrol,Manual,First,16.02,1373.0,93.7,7.0,939800.0,Maruti,Ertiga Vxi,12,0,1465.4166666666667,0.06824471959213402
Kisumu,2011,36226,Petrol,Manual,First,17.01,1591.0,121.3,5.0,436600.0,Hyundai,Verna 1.6 Vtvt,15,0,2415.0666666666666,0.07624135763670647
Naivasha,2019,25899,Diesel,Automatic,First,12.63,2179.0,147.5,5.0,8243600.0,Land,Rover Discovery Sport Td4 Hse,7,1,3699.8571428571427,0.067691601652134
Kisumu,2009,60170,Petrol,Manual,First,0.0,1086.0,62.0,5.0,170199.99999999997,Hyundai,Santro Xing Gl,17,0,3539.4117647058824,0.0570902394106814
Kisumu,2017,11200,Diesel,Automatic,First,19.27,2143.0,167.62,5.0,5550000.0,Mercedes-Benz,New C-Class C 220 Cdi Style,9,1,1244.4444444444443,0.07821745216985534
Mombasa,2017,49045,Petrol,Manual,First,20.36,1197.0,78.9,5.0,602360.0,Hyundai,I10 Magna 1.2,9,0,5449.444444444444,0.06591478696741855
Kisumu,2012,45000,Diesel,Manual,First,22.07,1199.0,73.9,5.0,442520.0,Volkswagen,Polo Diesel Comfortline 1.2L,14,0,3214.285714285714,0.06163469557964971
Nairobi,2017,40000,Diesel,Manual,First,24.3,1248.0,88.5,5.0,1169200.0,Maruti,Vitara Brezza Vdi Option,9,0,4444.444444444444,0.07091346153846154
Nairobi,2016,36600,Diesel,Manual,First,19.87,1461.0,83.8,5.0,1108520.0,Renault,Duster 85Ps Diesel Rxl,10,0,3660.0,0.05735797399041752
Nyeri,2009,117000,Diesel,Manual,First,18.0,1248.0,75.0,5.0,162800.00000000003,Tata,Indica Vista Aqua 1.3 Quadrajet,17,0,6882.35294117647,0.06009615384615385
Nairobi,2016,16000,Diesel,Automatic,First,11.3,2987.0,254.8,7.0,8288000.0,Mercedes-Benz,Gl-Class 350 Cdi Blue Efficiency,10,1,1600.0,0.08530297957817208
Nairobi,2016,50000,Diesel,Manual,First,25.4,1186.0,73.97,5.0,518000.0,Hyundai,Xcent 1.2 Crdi S,10,0,5000.0,0.062369308600337264
Kisumu,2008,150000,Diesel,Manual,First,18.1,1493.0,110.0,5.0,444000.0,Hyundai,Verna Crdi Sx Abs,18,0,8333.333333333334,0.07367716008037509
Nairobi,2014,11000,Petrol,Manual,First,17.01,1591.0,121.3,5.0,902800.0,Hyundai,Verna 1.6 Sx Vtvt,12,0,916.6666666666666,0.07624135763670647
Nakuru,2010,102016,Petrol,Manual,First,15.6,1196.0,70.0,5.0,333000.0,Ford,Figo Petrol Zxi,16,0,6376.0,0.05852842809364549
Mombasa,2016,38000,Diesel,Manual,First,25.2,1248.0,74.0,5.0,880600.0,Maruti,Swift Vdi Optional,10,0,3800.0,0.05929487179487179
Kisumu,2013,71491,Diesel,Manual,First,23.08,1461.0,63.12,5.0,732600.0,Renault,Pulse Rxl,13,0,5499.307692307692,0.04320328542094456
Nakuru,2015,46354,Petrol,Manual,Second,16.47,1198.0,74.0,5.0,812520.0,Volkswagen,Polo 1.2 Mpi Highline,11,0,4214.0,0.06176961602671119
Nairobi,2019,87000,Diesel,Automatic,First,22.69,1995.0,190.0,5.0,987160.0,Bmw,3 Series 320D Luxury Line,7,0,12428.57142857143,0.09523809523809523
Thika,2015,20765,Petrol,Manual,First,15.0,1598.0,103.52,5.0,925000.0,Skoda,Rapid 1.6 Mpi Active,11,0,1887.7272727272727,0.06478097622027534
Thika,2005,58000,Petrol,Manual,Second,0.0,999.0,97.7,5.0,223480.0,Hyundai,Santro Gs,21,0,2761.904761904762,0.0977977977977978
Naivasha,2014,51076,Diesel,Automatic,First,12.07,2967.0,241.4,7.0,5162240.000000001,Audi,Q7 3.0 Tdi Quattro Premium Plus,12,1,4256.333333333333,0.08136164475901585
Nyeri,2016,84085,Diesel,Manual,First,26.21,1248.0,88.5,5.0,1021200.0,Maruti,Ciaz Vdi Plus,10,0,8408.5,0.07091346153846154
Kisumu,2014,55000,Diesel,Manual,First,25.1,1498.0,98.6,5.0,886520.0,Honda,City I Dtec Vx,12,0,4583.333333333333,0.06582109479305741
Nairobi,2010,73000,Petrol,Automatic,First,10.93,3498.0,272.0,5.0,1539200.0,Mercedes-Benz,E-Class 2009-2013 E350 Petrol,16,1,4562.5,0.07775871926815323
Eldoret,2012,50001,Diesel,Automatic,First,14.57,2967.0,241.38,5.0,4292000.0,Audi,A6 2011-2015 3.0 Tdi Quattro Premium Plus,14,1,3571.5,0.08135490394337715
Naivasha,2016,93166,Diesel,Manual,Second,14.02,2179.0,118.3,7.0,865800.0,Mahindra,Xylo H4,10,0,9316.6,0.05429095915557595
Mombasa,2006,99583,Petrol,Automatic,Third,12.0,1493.0,100.0,5.0,327080.0,Honda,City 1.5 Exi At,20,0,4979.15,0.06697923643670463
Nairobi,2010,72000,Petrol,Manual,First,15.5,1586.0,103.3,5.0,355200.0,Maruti,Sx4 Zxi Mt Bsiv,16,0,4500.0,0.06513240857503153
Eldoret,2009,70000,Petrol,Manual,Third,14.53,1798.0,138.1,5.0,444000.0,Toyota,Corolla Altis G,17,0,4117.64705882353,0.0768075639599555
Eldoret,2012,61000,Petrol,Automatic,Second,14.4,1598.0,103.6,5.0,555000.0,Volkswagen,Vento Petrol Highline At,14,0,4357.142857142857,0.06483103879849812
Eldoret,2015,66510,Petrol,Manual,First,21.1,814.0,55.2,5.0,436600.0,Hyundai,Eon Era Plus,11,0,6046.363636363636,0.06781326781326781
Kisumu,2011,84062,Diesel,Manual,First,20.0,1968.0,108.5,5.0,858400.0,Skoda,Laura Ambition 2.0 Tdi Cr Mt,15,0,5604.133333333333,0.05513211382113821
Kisumu,2012,80799,Diesel,Manual,First,22.9,1248.0,74.0,5.0,725200.0000000001,Maruti,Swift Vdi,14,0,5771.357142857143,0.05929487179487179
Kisumu,2018,5000,Petrol,Automatic,First,14.28,1798.0,138.03,5.0,2508600.0,Toyota,Corolla Altis 1.8 Vl Cvt,8,0,625.0,0.0767686318131257
Kisumu,2013,92000,Diesel,Manual,First,12.99,2494.0,100.0,8.0,1850000.0,Toyota,Innova 2.5 G (Diesel) 8 Seater,13,0,7076.923076923077,0.040096230954290296
Kisumu,2017,53000,Diesel,Manual,First,27.28,1047.0,69.0,5.0,740000.0,Tata,Tiago Wizz 1.05 Revotorq,9,0,5888.888888888889,0.0659025787965616
Nairobi,2015,39822,Petrol,Manual,First,15.41,1598.0,103.52,5.0,692640.0,Skoda,Rapid 1.6 Mpi Ambition,11,0,3620.181818181818,0.06478097622027534
Nairobi,2016,29000,Diesel,Automatic,First,10.91,3198.0,197.0,7.0,4410400.0,Ford,Endeavour 3.2 Titanium At 4X4,10,0,2900.0,0.06160100062539087
Mombasa,2017,24214,Petrol,Manual,Second,25.17,799.0,53.3,5.0,512080.0,Renault,Kwid Rxl,9,0,2690.4444444444443,0.06670838548185232
Eldoret,2012,75000,Diesel,Manual,First,23.0,1396.0,90.0,5.0,592000.0,Hyundai,I20 1.4 Asta Crdi With Avn,14,0,5357.142857142857,0.06446991404011461
Mombasa,2012,77216,Diesel,Manual,Second,17.5,1896.0,106.0,5.0,666000.0,Skoda,Laura Ambiente,14,0,5515.428571428572,0.05590717299578059
Mombasa,2013,74290,Diesel,Manual,First,21.43,1364.0,87.2,5.0,868760.0,Toyota,Corolla Altis Diesel D4Dg,13,0,5714.615384615385,0.06392961876832845
Nairobi,2015,61000,Diesel,Manual,First,15.4,2179.0,120.0,8.0,1406000.0,Mahindra,Scorpio S8 8 Seater,11,0,5545.454545454545,0.05507113354749885
Mombasa,2013,44000,Diesel,Automatic,First,14.16,1968.0,174.3,5.0,4810000.0,Audi,Q5 2.0 Tdi Premium Plus,13,1,3384.6153846153848,0.08856707317073172
Naivasha,2014,74041,Diesel,Manual,First,18.2,1248.0,73.8,8.0,574240.0,Chevrolet,Enjoy Tcdi Ls 8 Seater,12,0,6170.083333333333,0.05913461538461538
Naivasha,2013,85846,Diesel,Automatic,First,22.69,1995.0,190.0,5.0,1935840.0,Bmw,3 Series 320D,13,0,6603.538461538462,0.09523809523809523
Nairobi,2012,52000,Diesel,Manual,First,21.64,1461.0,84.8,5.0,518000.0,Nissan,Sunny 2011-2014 Diesel Xv,14,0,3714.285714285714,0.05804243668720054
Nairobi,2010,47000,Petrol,Manual,Second,12.8,2354.0,177.6,5.0,518000.0,Honda,Accord 2.4 Mt,16,0,2937.5,0.07544604927782497
Nakuru,2010,72010,Diesel,Manual,First,16.8,1493.0,110.0,5.0,658600.0,Hyundai,Verna Crdi,16,0,4500.625,0.07367716008037509
Nyeri,2015,15000,Petrol,Manual,First,16.8,796.0,34.2,8.0,347800.0,Maruti,Omni E Mpi Std Bs Iv,11,0,1363.6363636363637,0.04296482412060302
Kisumu,2015,480000,Petrol,Manual,First,17.4,1497.0,117.3,5.0,740000.0,Honda,City I Vtec Sv,11,0,43636.36363636364,0.0783567134268537
Kisumu,2012,24720,Diesel,Automatic,Second,0.0,2967.0,241.4,5.0,4144000.0,Audi,A7 2011-2015 Sportback,14,1,1765.7142857142858,0.08136164475901585
Mombasa,2007,75000,Petrol,Manual,Second,16.6,1388.0,68.0,5.0,296000.0,Ford,Fiesta 1.4 Zxi Leather,19,0,3947.3684210526317,0.04899135446685879
Nairobi,2015,57000,Diesel,Manual,First,22.54,1396.0,88.73,5.0,939800.0,Hyundai,I20 1.4 Asta,11,0,5181.818181818182,0.06356017191977077
Mombasa,2015,41057,Diesel,Automatic,First,13.0,2143.0,201.1,5.0,3645240.0,Mercedes-Benz,E-Class E250 Cdi Avantgrade,11,1,3732.4545454545455,0.09384041063929072
Eldoret,2012,92000,Cng,Manual,Second,26.2,998.0,58.2,5.0,444000.0,Maruti,Wagon R Lxi Cng,14,0,6571.428571428572,0.058316633266533066
Mombasa,2016,20000,Diesel,Manual,First,22.77,1498.0,98.59,5.0,1169200.0,Ford,Ecosport 1.5 Tdci Trend Plus,10,0,2000.0,0.06581441922563418
Nairobi,2011,52359,Petrol,Manual,First,18.5,1197.0,80.0,5.0,481000.0,Hyundai,I20 1.2 Magna,15,0,3490.6,0.06683375104427736
Nairobi,2016,17000,Petrol,Manual,Second,17.8,1497.0,117.3,5.0,1221000.0,Honda,City I Vtec V,10,0,1700.0,0.0783567134268537
Kisumu,2011,39002,Diesel,Manual,First,23.08,1461.0,63.1,5.0,421800.0,Nissan,Micra Diesel Xv,15,0,2600.133333333333,0.0431895961670089
Eldoret,2010,129986,Diesel,Manual,Second,20.0,1399.0,68.0,5.0,473600.0,Ford,Figo Diesel Exi,16,0,8124.125,0.04860614724803431
Kisumu,2013,45000,Petrol,Manual,First,18.44,1198.0,75.0,5.0,259000.0,Nissan,Micra Xl,13,0,3461.5384615384614,0.06260434056761269
Kisumu,2013,41300,Diesel,Manual,First,17.8,1248.0,97.7,5.0,500240.0,Maruti,Swift Vdi Bsiv,13,0,3176.923076923077,0.07828525641025641
Thika,2009,82002,Petrol,Manual,Second,12.8,2354.0,177.6,5.0,851000.0,Honda,Accord 2.4 Mt,17,0,4823.64705882353,0.07544604927782497
Nairobi,2010,67000,Petrol,Automatic,First,13.7,1798.0,157.75,5.0,695600.0,Skoda,Superb Elegance 1.8 Tsi At,16,0,4187.5,0.08773637374860957
Kisumu,2017,21260,Petrol,Manual,First,14.0,796.0,35.0,5.0,429200.0,Maruti,Omni 8 Seater Bsiv,9,0,2362.222222222222,0.04396984924623116
Thika,2012,55362,Diesel,Manual,First,21.9,1396.0,88.8,5.0,629000.0,Hyundai,I20 Magna Optional 1.4 Crdi,14,0,3954.4285714285716,0.06361031518624642
Mombasa,2017,13000,Diesel,Automatic,First,17.01,1582.0,126.2,5.0,2146000.0,Hyundai,Creta 1.6 Crdi At Sx Plus,9,0,1444.4444444444443,0.0797724399494311
Mombasa,2016,45725,Diesel,Manual,First,25.2,1248.0,74.0,5.0,790320.0,Maruti,Swift Vdi Bsiv,10,0,4572.5,0.05929487179487179
Nyeri,2014,105000,Diesel,Manual,First,25.2,1248.0,74.0,5.0,569800.0,Maruti,Swift Ldi Bsiv,12,0,8750.0,0.05929487179487179
Kisumu,2009,156056,Diesel,Manual,First,12.8,2494.0,102.0,8.0,1258000.0,Toyota,Innova 2.5 G (Diesel) 8 Seater Bs Iv,17,0,9179.764705882353,0.0408981555733761
Nairobi,2016,135000,Diesel,Manual,First,24.4,1120.0,71.0,5.0,621600.0,Hyundai,Xcent 1.1 Crdi Base,10,0,13500.0,0.06339285714285714
Nairobi,2016,67000,Diesel,Manual,First,20.77,1248.0,88.7,7.0,999000.0,Maruti,Ertiga Paseo Vdi,10,0,6700.0,0.07107371794871795
Nyeri,2016,90000,Diesel,Automatic,First,10.91,3198.0,197.2,7.0,3848000.0,Ford,Endeavour 3.2 Trend At 4X4,10,0,9000.0,0.0616635397123202
Naivasha,2019,32251,Diesel,Manual,First,22.54,1396.0,88.73,5.0,1274280.0,Hyundai,I20 1.4 Sportz,7,0,4607.285714285715,0.06356017191977077
Nairobi,2009,47000,Petrol,Manual,First,19.0,998.0,67.1,5.0,216080.0,Maruti,Zen Estilo Lxi Bs Iv,17,0,2764.705882352941,0.06723446893787574
Nairobi,2011,75308,Diesel,Manual,Second,21.1,1248.0,73.9,5.0,414400.0,Maruti,Ritz Vdi,15,0,5020.533333333334,0.059214743589743594
Mombasa,2018,44202,Cng,Manual,First,32.26,998.0,58.2,4.0,592000.0,Maruti,Alto K10 Lxi Cng Optional,8,0,5525.25,0.058316633266533066
Nairobi,2014,58000,Petrol,Manual,First,17.0,1497.0,118.0,5.0,809560.0,Honda,City 1.5 S Mt,12,0,4833.333333333333,0.0788243152972612
Nairobi,2009,60000,Petrol,Manual,First,17.5,1298.0,85.8,5.0,362600.00000000006,Maruti,Swift Dzire Zxi,17,0,3529.4117647058824,0.06610169491525424
Kisumu,2014,45000,Diesel,Automatic,First,17.05,1995.0,184.0,5.0,3182000.0,Bmw,X1 Sdrive 20D Sportline,12,0,3750.0,0.09223057644110276
Nairobi,2010,41195,Petrol,Manual,First,15.0,1368.0,90.0,5.0,204240.0,Tata,Manza Aqua Safire,16,0,2574.6875,0.06578947368421052
Mombasa,2016,89000,Diesel,Manual,First,16.0,2179.0,140.0,7.0,1998000.0,Mahindra,Xuv500 W10 2Wd,10,0,8900.0,0.06424965580541533
Nakuru,2009,60510,Petrol,Automatic,Second,16.95,1197.0,78.9,5.0,458800.0,Hyundai,I10 Sportz At,17,0,3559.4117647058824,0.06591478696741855
Nairobi,2016,8500,Petrol,Manual,First,21.4,1197.0,83.1,5.0,812520.0,Maruti,Baleno Sigma 1.2,10,0,850.0,0.06942355889724311
Mombasa,2017,35981,Diesel,Manual,First,24.3,1248.0,88.5,5.0,1407480.0,Maruti,Vitara Brezza Zdi Plus Dual Tone,9,0,3997.8888888888887,0.07091346153846154
Nairobi,2012,23152,Petrol,Manual,First,15.6,1196.0,70.02,5.0,353720.0,Ford,Figo Petrol Zxi,14,0,1653.7142857142858,0.058545150501672236
Nairobi,2014,74663,Cng,Manual,First,33.54,998.0,67.04,5.0,481000.0,Maruti,Wagon R Cng Lxi,12,0,6221.916666666667,0.06717434869739479
Nairobi,2014,61529,Petrol,Automatic,First,18.19,1197.0,103.5,5.0,836200.0,Volkswagen,Vento Sport 1.2 Tsi At,12,0,5127.416666666667,0.08646616541353383
Thika,2010,91596,Diesel,Manual,First,14.95,2489.0,93.7,7.0,273800.0,Mahindra,Xylo D2 Bs Iii,16,0,5724.75,0.037645640819606266
Mombasa,2019,14298,Petrol,Automatic,First,13.33,2995.0,340.0,5.0,298960.0,Porsche,Cayenne Base,7,1,2042.5714285714287,0.11352253756260434
Kisumu,2013,83327,Diesel,Manual,First,19.3,1248.0,73.9,5.0,858400.0,Maruti,Swift Dzire Vdi,13,0,6409.7692307692305,0.059214743589743594
Kisumu,2017,22857,Petrol,Manual,First,16.2,1199.0,74.0,5.0,1021200.0,Volkswagen,Polo 1.2 Mpi Highline Plus,9,0,2539.6666666666665,0.061718098415346125
Mombasa,2013,34620,Petrol,Manual,Second,17.01,1591.0,121.3,5.0,791800.0,Hyundai,Verna 1.6 Vtvt,13,0,2663.076923076923,0.07624135763670647
Nakuru,2010,56000,Petrol,Manual,First,19.81,1086.0,68.05,5.0,421800.0,Hyundai,I10 Era 1.1,16,0,3500.0,0.06266114180478821
Mombasa,2014,81000,Diesel,Automatic,First,13.0,2143.0,204.0,5.0,3367000.0,Mercedes-Benz,E-Class E250 Cdi Launch Edition,12,1,6750.0,0.09519365375641624
Nyeri,1998,95150,Petrol,Manual,Third,17.3,993.0,60.0,5.0,66600.0,Maruti,Zen Lxi,28,0,3398.214285714286,0.06042296072507553
Naivasha,2013,32776,Petrol,Manual,First,20.36,1197.0,78.9,5.0,686719.9999999999,Hyundai,I10 Sportz,13,0,2521.230769230769,0.06591478696741855
Naivasha,2016,51587,Diesel,Manual,First,25.8,1498.0,98.6,5.0,779960.0,Honda,Amaze S I-Dtech,10,0,5158.7,0.06582109479305741
Nyeri,2016,36000,Diesel,Manual,First,14.1,2179.0,148.0,7.0,1480000.0,Tata,Safari Storme Vx,10,0,3600.0,0.06792106470858192
Nairobi,2015,22000,Petrol,Manual,First,18.5,1198.0,86.8,5.0,584600.0,Honda,Brio 1.2 S Mt,11,0,2000.0,0.07245409015025041
Mombasa,2010,30754,Petrol,Manual,First,17.0,1197.0,80.0,5.0,500240.0,Hyundai,I20 Asta,16,0,1922.125,0.06683375104427736
Naivasha,2018,37109,Petrol,Manual,First,14.69,1390.0,120.33,5.0,2486400.0,Volkswagen,Jetta 2012-2014 1.4 Tsi,8,0,4638.625,0.08656834532374101
Kisumu,2010,45000,Petrol,Manual,First,16.7,1198.0,88.8,5.0,294520.0,Honda,Jazz Select Edition,16,0,2812.5,0.07412353923205342
Naivasha,2017,33284,Petrol,Manual,First,18.9,1197.0,82.0,5.0,864320.0,Hyundai,Grand I10 Sportz,9,0,3698.222222222222,0.06850459482038429
Naivasha,2016,55115,Diesel,Automatic,First,14.74,2993.0,270.9,5.0,5350200.0,Jaguar,Xf Diesel,10,1,5511.5,0.09051119278316071
Kisumu,2014,18000,Diesel,Automatic,First,16.36,2179.0,187.7,5.0,3803600.0,Jaguar,Xf 2.2 Litre Luxury,12,1,1500.0,0.08614043139054611
Naivasha,2013,130790,Diesel,Manual,First,16.0,2179.0,140.0,7.0,1367520.0,Mahindra,Xuv500 W8 2Wd,13,0,10060.76923076923,0.06424965580541533
Nairobi,2015,16607,Diesel,Manual,First,22.7,1598.0,118.0,5.0,1132200.0,Maruti,S Cross Ddis 320 Alpha,11,0,1509.7272727272727,0.07384230287859825
Naivasha,2015,32205,Diesel,Automatic,First,17.11,1968.0,174.33,5.0,3745880.0,Audi,A4 2.0 Tdi 177 Bhp Premium Plus,11,1,2927.7272727272725,0.08858231707317074
Nairobi,2013,67000,Diesel,Manual,First,19.01,1461.0,108.45,5.0,703000.0,Renault,Duster 110Ps Diesel Rxz,13,0,5153.846153846154,0.0742299794661191
Naivasha,2014,57676,Petrol,Manual,First,19.1,1197.0,85.8,5.0,990120.0,Maruti,Swift Dzire Vxi,12,0,4806.333333333333,0.07167919799498747
Nairobi,2012,41000,Petrol,Manual,First,16.47,1198.0,73.9,5.0,458800.0,Volkswagen,Polo Petrol Trendline 1.2L,14,0,2928.5714285714284,0.06168614357262104
Nyeri,2012,65000,Petrol,Manual,First,19.7,796.0,35.0,8.0,229400.0,Maruti,Omni 8 Seater Bsii,14,0,4642.857142857143,0.04396984924623116
Naivasha,2019,12153,Petrol,Automatic,First,18.9,1197.0,81.86,5.0,1012320.0,Hyundai,Grand I10 1.2 Kappa Magna At,7,0,1736.142857142857,0.0683876357560568
Kisumu,2014,16810,Petrol,Manual,First,25.4,624.0,37.5,4.0,236800.0,Tata,Nano Twist Xt,12,0,1400.8333333333333,0.06009615384615385
Mombasa,2017,61221,Petrol,Automatic,First,17.84,1395.0,147.51,5.0,3216040.0,Audi,A4 30 Tfsi Premium Plus,9,1,6802.333333333333,0.10574193548387097
Nairobi,2015,22000,Petrol,Manual,First,16.47,1198.0,74.0,5.0,703000.0,Volkswagen,Polo 1.2 Mpi Highline,11,0,2000.0,0.06176961602671119
Mombasa,2015,63714,Petrol,Manual,First,22.74,796.0,47.3,5.0,362600.00000000006,Maruti,Alto 800 Lxi,11,0,5792.181818181818,0.059422110552763814
Mombasa,2019,14857,Diesel,Automatic,First,20.7,1496.0,113.98,5.0,4669400.0,Mini,Cooper 5 Door D,7,0,2122.4285714285716,0.07618983957219251
Nairobi,2012,69000,Diesel,Automatic,Second,15.2,1968.0,140.8,5.0,1517000.0,Audi,A4 New 2.0 Tdi Multitronic,14,1,4928.571428571428,0.07154471544715447
Naivasha,2019,14648,Diesel,Manual,First,12.62,2198.0,158.0,7.0,4049280.0,Ford,Endeavour Titanium 4X2,7,0,2092.5714285714284,0.0718835304822566
Kisumu,2013,100000,Petrol,Manual,Second,15.8,1499.0,110.0,5.0,962000.0,Ford,Ecosport 1.5 Ti Vct Mt Titanium,13,0,7692.307692307692,0.0733822548365577
Nyeri,2016,22000,Petrol,Manual,First,18.9,1197.0,82.0,5.0,629000.0,Hyundai,Grand I10 Magna,10,0,2200.0,0.06850459482038429
Nairobi,2014,10000,Petrol,Manual,First,18.2,1199.0,82.4,5.0,814000.0,Chevrolet,Sail 1.2 Ls,12,0,833.3333333333334,0.06872393661384488
Kisumu,2015,107000,Petrol,Manual,First,20.85,1197.0,83.14,5.0,592000.0,Maruti,Swift Dzire Lxi,11,0,9727.272727272728,0.06945697577276524
Mombasa,2017,48198,Petrol,Manual,First,17.57,1193.0,88.7,5.0,688200.0000000001,Tata,Zest Revotron 1.2T Xm,9,0,5355.333333333333,0.07435037720033529
Nairobi,2015,15000,Diesel,Automatic,First,19.27,2143.0,170.0,5.0,4218000.0,Mercedes-Benz,New C-Class C 220 Cdi Avantgarde,11,1,1363.6363636363637,0.07932804479701354
Naivasha,2014,80073,Diesel,Manual,First,17.3,1998.0,163.7,5.0,1052280.0,Chevrolet,Cruze Ltz,12,0,6672.75,0.08193193193193192
Kisumu,2013,85388,Diesel,Manual,First,21.1,1248.0,73.9,5.0,577200.0,Maruti,Ritz Vdi,13,0,6568.307692307692,0.059214743589743594
Nyeri,2017,14700,Petrol,Manual,First,18.9,1197.0,81.86,5.0,828800.0,Hyundai,Grand I10 1.2 Kappa Sportz Option,9,0,1633.3333333333333,0.0683876357560568
Eldoret,2012,150000,Diesel,Manual,Third,28.4,1248.0,73.75,5.0,333000.0,Maruti,Dzire Ldi,14,0,10714.285714285714,0.05909455128205128
Kisumu,2011,34994,Diesel,Manual,First,22.32,1582.0,126.32,5.0,577200.0,Hyundai,Verna 1.6 Sx,15,0,2332.9333333333334,0.07984829329962073
Naivasha,2014,82536,Diesel,Automatic,First,14.74,2993.0,270.9,5.0,4237240.0,Jaguar,Xf Diesel,12,1,6878.0,0.09051119278316071
Nairobi,2013,82000,Petrol,Automatic,First,13.7,1798.0,157.75,5.0,1073000.0,Skoda,Superb Elegance 1.8 Tsi At,13,0,6307.692307692308,0.08773637374860957
Eldoret,2006,52000,Petrol,Manual,Second,18.9,998.0,67.1,5.0,296000.0,Maruti,Wagon R Lxi,20,0,2600.0,0.06723446893787574
Nairobi,2011,20000,Petrol,Manual,First,16.47,1198.0,73.9,5.0,518000.0,Volkswagen,Polo Petrol Highline 1.2L,15,0,1333.3333333333333,0.06168614357262104
Kisumu,2011,55000,Petrol,Manual,First,14.8,1799.0,130.2,5.0,740000.0,Honda,Civic 2010-2013 1.8 S Mt,15,0,3666.6666666666665,0.07237354085603112
Thika,2015,47001,Cng,Manual,First,20.0,1196.0,63.0,5.0,550560.0,Maruti,Eeco Cng 5 Seater Ac,11,0,4272.818181818182,0.052675585284280936
Mombasa,2014,52000,Petrol,Manual,First,22.5,998.0,67.04,5.0,510600.0,Maruti,Wagon R Vxi,12,0,4333.333333333333,0.06717434869739479
Kisumu,2013,43284,Diesel,Manual,First,23.4,1248.0,74.0,5.0,666000.0,Maruti,Swift Dzire Vdi,13,0,3329.5384615384614,0.05929487179487179
Naivasha,2018,23875,Petrol,Automatic,First,13.0,1591.0,121.3,5.0,2125280.0,Hyundai,Creta 1.6 Sx Plus Petrol Automatic,8,0,2984.375,0.07624135763670647
Nakuru,2016,51866,Petrol,Manual,First,18.9,1197.0,82.0,5.0,814000.0,Hyundai,Grand I10 Asta,10,0,5186.6,0.06850459482038429
Nairobi,2013,69000,Diesel,Manual,First,23.08,1461.0,63.1,5.0,444000.0,Nissan,Micra Diesel Xv Premium,13,0,5307.692307692308,0.0431895961670089
Naivasha,2017,62788,Petrol,Manual,First,18.9,1197.0,81.86,5.0,899840.0,Hyundai,Grand I10 1.2 Kappa Asta,9,0,6976.444444444444,0.0683876357560568
Mombasa,2013,150000,Diesel,Manual,First,20.54,1598.0,103.6,5.0,740000.0,Volkswagen,Vento Diesel Highline,13,0,11538.461538461539,0.06483103879849812
Mombasa,2015,47566,Diesel,Automatic,First,12.55,2982.0,168.5,7.0,2997000.0,Toyota,Fortuner 4X2 At,11,0,4324.181818181818,0.05650570087189805
Mombasa,2002,67000,Petrol,Manual,Third,0.0,999.0,97.7,5.0,177600.0,Hyundai,Santro Gs Zipdrive - Euro Ii,24,0,2791.6666666666665,0.0977977977977978
Eldoret,2018,20300,Diesel,Automatic,First,11.36,2755.0,171.5,7.0,2664000.0,Toyota,Innova Crysta 2.8 Gx At,8,0,2537.5,0.062250453720508164
Eldoret,2015,48300,Diesel,Automatic,First,20.0,2143.0,107.3,5.0,2590000.0,Mercedes-Benz,A Class A180 Cdi,11,1,4390.909090909091,0.050069995333644424
Eldoret,2013,30000,Petrol,Manual,First,21.1,814.0,55.2,5.0,310800.0,Hyundai,Eon D Lite,13,0,2307.6923076923076,0.06781326781326781
Nakuru,2012,36000,Diesel,Manual,Second,22.7,1582.0,126.24,5.0,1110000.0,Hyundai,Elantra Crdi Sx,14,0,2571.4285714285716,0.07979772439949431
Mombasa,2015,27641,Diesel,Automatic,Second,20.7,1496.0,113.98,4.0,3665960.0,Mini,Cooper 3 Door D,11,0,2512.818181818182,0.07618983957219251
Nakuru,2015,60000,Diesel,Manual,First,19.64,1461.0,108.45,5.0,1280200.0,Renault,Duster 110Ps Diesel Rxz Option,11,0,5454.545454545455,0.0742299794661191
Mombasa,2019,9000,Diesel,Automatic,First,10.91,3198.0,197.0,7.0,5254000.0,Ford,Endeavour 3.2 Titanium At 4X4,7,0,1285.7142857142858,0.06160100062539087
Nairobi,2014,60750,Petrol,Manual,First,14.28,1798.0,138.03,5.0,1554000.0,Toyota,Corolla Altis Gl Mt,12,0,5062.5,0.0767686318131257
Nairobi,2018,9000,Diesel,Manual,First,14.0,2179.0,155.0,7.0,1924000.0,Mahindra,Xuv500 W7,8,0,1125.0,0.07113354749885269
Kisumu,2012,41100,Diesel,Automatic,First,16.77,2993.0,261.49,5.0,3922000.0,Bmw,7 Series 730Ld Design Pure Excellence Cbu,14,0,2935.714285714286,0.08736719011025727
Thika,2004,60000,Petrol,Manual,Second,17.3,1061.0,64.0,5.0,207200.0,Maruti,Wagon R Lx Bsiii,22,0,2727.2727272727275,0.060320452403393024
Mombasa,2017,38424,Petrol,Manual,First,17.8,1497.0,117.3,5.0,1111480.0,Honda,City I Vtec Sv,9,0,4269.333333333333,0.0783567134268537
Nairobi,2014,50000,Diesel,Manual,First,22.9,1248.0,74.0,5.0,636400.0,Maruti,Swift Vdi,12,0,4166.666666666667,0.05929487179487179
Nairobi,2015,19000,Petrol,Automatic,First,18.0,1497.0,117.3,5.0,1324599.9999999998,Honda,City I-Vtec Cvt Vx,11,0,1727.2727272727273,0.0783567134268537
Mombasa,2015,58734,Diesel,Manual,First,20.77,1248.0,88.76,7.0,1022680.0,Maruti,Ertiga Vdi,11,0,5339.454545454545,0.07112179487179487
Naivasha,2016,65257,Diesel,Manual,First,19.01,1461.0,108.45,5.0,1443000.0,Renault,Duster 110Ps Diesel Rxz,10,0,6525.7,0.0742299794661191
Nyeri,2010,130000,Diesel,Manual,Second,19.3,1248.0,73.9,5.0,592000.0,Maruti,Swift Dzire Vdi,16,0,8125.0,0.059214743589743594
Kisumu,2011,79000,Diesel,Manual,First,23.2,1248.0,73.94,5.0,540200.0,Maruti,Ritz Vdi,15,0,5266.666666666667,0.05924679487179487
Mombasa,2013,78000,Diesel,Manual,First,15.1,2179.0,140.0,7.0,1591000.0,Mahindra,Xuv500 W8 4Wd,13,0,6000.0,0.06424965580541533
Mombasa,2015,49133,Petrol,Manual,First,19.4,1198.0,86.8,5.0,667480.0,Honda,Brio S Mt,11,0,4466.636363636364,0.07245409015025041
Naivasha,2016,22769,Diesel,Automatic,First,0.0,2987.0,165.0,5.0,7284560.0,Mercedes-Benz,M-Class Ml 350 4Matic,10,1,2276.9,0.055239370605959154
Naivasha,2014,54448,Diesel,Manual,First,21.02,1248.0,88.8,5.0,547600.0,Tata,Manza Club Class Quadrajet90 Ls,12,0,4537.333333333333,0.07115384615384615
Kisumu,2014,158793,Diesel,Manual,First,12.8,2494.0,102.0,7.0,1922520.0,Toyota,Innova 2.5 V Diesel 7-Seater,12,0,13232.75,0.0408981555733761
Nairobi,2015,62088,Petrol,Manual,First,18.6,1197.0,85.8,5.0,614200.0000000001,Maruti,Swift Vxi,11,0,5644.363636363636,0.07167919799498747
Kisumu,2012,14800,Petrol,Manual,First,17.01,1591.0,121.3,5.0,651200.0000000001,Hyundai,Verna 1.6 Ex Vtvt,14,0,1057.142857142857,0.07624135763670647
Kisumu,2015,26000,Petrol,Manual,First,17.3,1497.0,117.3,7.0,629000.0,Honda,Mobilio S I Vtec,11,0,2363.6363636363635,0.0783567134268537
Nairobi,2017,32005,Petrol,Manual,First,18.0,1198.0,86.7,5.0,629000.0,Honda,Amaze S I-Vtech,9,0,3556.1111111111113,0.07237061769616027
Nyeri,2017,35000,Petrol,Automatic,First,18.0,1497.0,117.3,5.0,1139600.0,Honda,City I-Vtec Cvt Vx,9,0,3888.8888888888887,0.0783567134268537
Eldoret,2015,52000,Diesel,Automatic,First,12.7,2179.0,187.7,5.0,5883000.0,Land,Rover Range Rover 2.2L Dynamic,11,1,4727.272727272727,0.08614043139054611
Nairobi,2017,11000,Petrol,Manual,First,17.4,1497.0,117.3,5.0,1258000.0,Honda,City I-Vtec V,9,0,1222.2222222222222,0.0783567134268537
Nyeri,2008,62000,Petrol,Automatic,First,9.5,2997.0,231.1,5.0,1036000.0,Mercedes-Benz,E-Class 280 Elegance,18,1,3444.4444444444443,0.07711044377711045
Mombasa,2002,65134,Petrol,Manual,Third,13.8,1299.0,70.0,5.0,118400.0,Ford,Ikon 1.3 Flair,24,0,2713.9166666666665,0.05388760585065435
Nairobi,2013,71000,Diesel,Manual,First,13.0,2982.0,168.5,7.0,2257000.0,Toyota,Fortuner 4X2 Manual,13,0,5461.538461538462,0.05650570087189805
Kisumu,2008,51366,Petrol,Manual,First,19.0,998.0,66.1,5.0,333000.0,Maruti,A-Star Vxi,18,0,2853.6666666666665,0.06623246492985971
Kisumu,2016,46300,Diesel,Manual,First,14.07,1948.0,83.1,7.0,717799.9999999999,Tata,Sumo Ex,10,0,4630.0,0.04265913757700205
Naivasha,2012,60908,Petrol,Automatic,Second,15.6,1497.0,116.3,5.0,950160.0,Honda,City V At,14,0,4350.571428571428,0.07768871075484302
Mombasa,2012,93450,Diesel,Manual,Second,23.19,1461.0,63.12,5.0,370000.0,Nissan,Micra Xv D,14,0,6675.0,0.04320328542094456
Kisumu,2011,104000,Diesel,Automatic,First,19.08,1582.0,126.32,5.0,851000.0,Hyundai,Verna Sx Crdi At,15,0,6933.333333333333,0.07984829329962073
Eldoret,2003,52000,Petrol,Manual,First,16.1,796.0,37.0,4.0,74000.0,Maruti,800 Std,23,0,2260.8695652173915,0.04648241206030151
Naivasha,2015,42999,Diesel,Manual,First,15.1,2179.0,140.0,7.0,1704960.0,Mahindra,Xuv500 W8 4Wd,11,0,3909.0,0.06424965580541533
Nairobi,2014,90000,Diesel,Manual,First,21.5,1248.0,88.8,5.0,666000.0,Maruti,Sx4 Vdi,12,0,7500.0,0.07115384615384615
Nakuru,2013,72000,Petrol,Automatic,First,15.0,1396.0,98.6,5.0,703000.0,Hyundai,I20 Sportz At 1.4,13,0,5538.461538461538,0.07063037249283667
Naivasha,2019,54321,Diesel,Manual,First,19.67,1582.0,126.2,5.0,2003920.0,Hyundai,Creta 1.6 Crdi Sx,7,0,7760.142857142857,0.0797724399494311
Mombasa,2015,59630,Diesel,Automatic,First,13.0,2143.0,201.1,5.0,3464680.0,Mercedes-Benz,E-Class E250 Cdi Avantgrade,11,1,5420.909090909091,0.09384041063929072
Kisumu,2013,116000,Diesel,Automatic,Second,12.55,2982.0,168.5,7.0,2849000.0,Toyota,Fortuner 4X2 At,13,0,8923.076923076924,0.05650570087189805
Thika,2015,34000,Diesel,Automatic,First,9.0,1984.0,181.0,5.0,2960000.0,Volvo,S60 D4 Kinetic,11,1,3090.909090909091,0.09122983870967742
Nairobi,2011,70000,Diesel,Automatic,First,14.21,2143.0,203.0,5.0,1924000.0,Mercedes-Benz,E-Class 2009-2013 E250 Cdi Avantgarde,15,1,4666.666666666667,0.09472701819878675
Mombasa,2010,80000,Petrol,Manual,First,10.2,2354.0,180.0,5.0,590520.0,Honda,Accord 2.4 Elegance M/T,16,0,5000.0,0.07646559048428207
Eldoret,2015,110000,Diesel,Manual,First,25.8,1498.0,98.6,5.0,688200.0000000001,Honda,Amaze S I-Dtech,11,0,10000.0,0.06582109479305741
Thika,2013,56454,Diesel,Manual,First,28.4,1248.0,73.75,5.0,688200.0000000001,Maruti,Dzire Zdi,13,0,4342.615384615385,0.05909455128205128
Kisumu,2013,60000,Petrol,Manual,First,18.6,1197.0,85.8,5.0,466200.0,Maruti,Swift Lxi,13,0,4615.384615384615,0.07167919799498747
Nairobi,2013,56000,Petrol,Automatic,First,14.53,1798.0,138.1,5.0,1221000.0,Toyota,Corolla Altis G Hv At,13,0,4307.692307692308,0.0768075639599555
Nakuru,2012,63000,Diesel,Automatic,Second,11.49,4367.0,335.3,5.0,9620000.0,Land,Rover Range Rover Vogue Se 4.4 Sdv8,14,1,4500.0,0.07678039844286697
Mombasa,2012,63000,Diesel,Manual,First,22.9,1248.0,74.0,5.0,666000.0,Maruti,Swift Vdi,14,0,4500.0,0.05929487179487179
Kisumu,2017,15050,Diesel,Manual,First,16.3,1956.0,170.0,5.0,2590000.0,Jeep,Compass 2.0 Limited Option 4X4,9,0,1672.2222222222222,0.0869120654396728
Nairobi,2016,29401,Petrol,Manual,First,20.4,1197.0,81.8,5.0,637879.9999999999,Maruti,Swift Vxi Bsiv,10,0,2940.1,0.0683375104427736
Mombasa,2016,25238,Petrol,Manual,First,18.7,1199.0,88.7,5.0,917600.0,Honda,Jazz 1.2 Sv I Vtec,10,0,2523.8,0.07397831526271893
Mombasa,2011,79000,Diesel,Manual,First,23.59,1364.0,97.7,5.0,691160.0,Toyota,Etios Gd,15,0,5266.666666666667,0.07162756598240469
Mombasa,2011,58752,Petrol,Manual,First,16.47,1198.0,73.9,5.0,491360.0,Volkswagen,Polo Petrol Trendline 1.2L,15,0,3916.8,0.06168614357262104
Nairobi,2011,62000,Petrol,Automatic,First,12.9,1799.0,130.0,5.0,555000.0,Honda,Civic 2006-2010 1.8 V At,15,0,4133.333333333333,0.07226236798221233
Nakuru,2013,132000,Petrol,Manual,First,16.78,1496.0,88.73,5.0,695600.0,Toyota,Etios G Sp,13,0,10153.846153846154,0.05931149732620321
Mombasa,2016,51000,Petrol,Manual,First,17.01,1591.0,121.3,5.0,962000.0,Hyundai,Verna 1.6 Sx Vtvt,10,0,5100.0,0.07624135763670647
Kisumu,2009,185200,Diesel,Manual,First,12.8,2494.0,102.0,8.0,1073000.0,Toyota,Innova 2.5 G4 Diesel 8-Seater,17,0,10894.117647058823,0.0408981555733761
Naivasha,2016,61717,Diesel,Manual,First,22.7,1598.0,118.0,5.0,1323120.0,Maruti,Sx4 S Cross Ddis 320 Zeta,10,0,6171.7,0.07384230287859825
Kisumu,2018,8896,Petrol,Manual,First,19.0,1194.0,94.68,5.0,1086320.0,Ford,Freestyle Titanium Plus Petrol,8,0,1112.0,0.0792964824120603
Nairobi,2016,17000,Petrol,Manual,First,21.4,1197.0,83.1,5.0,1021200.0,Maruti,Baleno Alpha 1.2,10,0,1700.0,0.06942355889724311
Nairobi,2016,31378,Petrol,Manual,First,18.2,1199.0,88.7,5.0,873200.0,Honda,Jazz V,10,0,3137.8,0.07397831526271893
Eldoret,2013,114000,Diesel,Automatic,First,22.32,1582.0,126.3,5.0,999000.0,Hyundai,Verna 1.6 Crdi Ex At,13,0,8769.23076923077,0.07983565107458912
Thika,2014,81000,Diesel,Manual,First,25.8,1498.0,98.6,5.0,606799.9999999999,Honda,Amaze Vx I-Dtec,12,0,6750.0,0.06582109479305741
Nairobi,2017,31000,Diesel,Automatic,First,18.51,1968.0,147.51,5.0,3996000.0,Audi,Q3 30 Tdi Premium Fwd,9,1,3444.4444444444443,0.07495426829268292
Nairobi,2014,35000,Petrol,Manual,First,15.0,1598.0,103.52,5.0,666000.0,Skoda,Rapid 2013-2016 1.6 Mpi Ambition,12,0,2916.6666666666665,0.06478097622027534
Kisumu,2013,60001,Diesel,Automatic,First,17.11,1968.0,174.33,5.0,2146000.0,Audi,A4 2.0 Tdi 177 Bhp Premium Plus,13,1,4615.461538461538,0.08858231707317074
Nyeri,2014,75074,Diesel,Manual,First,23.4,1248.0,74.0,5.0,777000.0,Maruti,Swift Dzire Vdi,12,0,6256.166666666667,0.05929487179487179
Kisumu,2012,80000,Diesel,Manual,Second,22.3,1248.0,74.0,5.0,177600.0,Tata,Indica Vista Quadrajet Ls,14,0,5714.285714285715,0.05929487179487179
Nyeri,2006,147350,Diesel,Manual,Second,12.99,2494.0,100.6,8.0,732600.0,Toyota,Innova 2.5 G (Diesel) 8 Seater,20,0,7367.5,0.04033680834001604
Kisumu,2013,60000,Diesel,Manual,First,19.64,1461.0,108.45,5.0,1110000.0,Renault,Duster 110Ps Diesel Rxz Plus,13,0,4615.384615384615,0.0742299794661191
Kisumu,2015,7501,Petrol,Automatic,First,10.0,2996.0,333.0,4.0,7104000.0,Mercedes-Benz,E-Class E400 Cabriolet,11,1,681.9090909090909,0.11114819759679573
Nairobi,2015,58000,Diesel,Manual,First,25.8,1498.0,98.6,5.0,658600.0,Honda,Amaze S I-Dtech,11,0,5272.727272727273,0.06582109479305741
Naivasha,2018,29277,Diesel,Automatic,First,11.57,2987.0,254.79,5.0,8828200.0,Mercedes-Benz,Gle 350D,8,1,3659.625,0.08529963173752929
Mombasa,2015,57034,Diesel,Manual,First,23.2,1248.0,73.94,5.0,648240.0,Maruti,Ritz Vdi,11,0,5184.909090909091,0.05924679487179487
Mombasa,2016,40810,Diesel,Manual,First,28.09,1248.0,88.5,5.0,1169200.0,Maruti,Ciaz Zdi Plus Shvs,10,0,4081.0,0.07091346153846154
Nakuru,2008,35268,Petrol,Manual,Second,0.0,1086.0,62.0,5.0,278240.0,Hyundai,Santro Xing Gl,18,0,1959.3333333333333,0.0570902394106814
Nairobi,2008,81000,Diesel,Automatic,Second,18.48,1493.0,97.7,5.0,1554000.0,Bmw,5 Series 520D Sedan,18,0,4500.0,0.06543871399866041
Naivasha,2018,34630,Petrol,Automatic,First,21.4,1197.0,83.1,5.0,1078920.0,Maruti,Baleno Delta Cvt,8,0,4328.75,0.06942355889724311
Kisumu,2012,45122,Diesel,Manual,First,23.5,1498.0,88.7,5.0,888000.0,Ford,Fiesta Diesel Titanium Plus,14,0,3223.0,0.05921228304405875
Mombasa,2011,126000,Diesel,Manual,Third,16.0,2179.0,140.0,7.0,991600.0,Mahindra,Xuv500 W8 2Wd,15,0,8400.0,0.06424965580541533
Nyeri,2009,63000,Petrol,Manual,First,19.7,796.0,46.3,5.0,222000.0,Maruti,Alto Lxi,17,0,3705.8823529411766,0.05816582914572864
Mombasa,2016,32298,Diesel,Automatic,First,20.7,1496.0,113.98,4.0,3522400.0,Mini,Cooper 3 Door D,10,0,3229.8,0.07618983957219251
Mombasa,2014,63288,Diesel,Manual,First,15.1,2179.0,140.0,7.0,1149960.0,Mahindra,Xuv500 W8 4Wd,12,0,5274.0,0.06424965580541533
Naivasha,2012,43337,Petrol,Manual,First,17.92,1086.0,62.1,5.0,491360.0,Hyundai,Santro Xing Gls,14,0,3095.5,0.057182320441988954
Mombasa,2015,46561,Diesel,Manual,First,22.9,1248.0,74.0,5.0,731120.0000000001,Maruti,Swift Vdi,11,0,4232.818181818182,0.05929487179487179
Nairobi,2013,34000,Diesel,Automatic,Second,20.0,2143.0,107.3,5.0,1628000.0,Mercedes-Benz,A Class A180 Cdi,13,1,2615.3846153846152,0.050069995333644424
Kisumu,2016,48000,Petrol,Manual,First,25.17,799.0,53.3,5.0,503200.0,Renault,Kwid Rxt,10,0,4800.0,0.06670838548185232
Mombasa,2013,56263,Diesel,Manual,First,22.9,1248.0,74.0,5.0,617160.0,Maruti,Swift Vdi,13,0,4327.923076923077,0.05929487179487179
Kisumu,2005,84060,Petrol,Manual,Second,17.3,993.0,60.0,5.0,185000.0,Maruti,Zen Lxi,21,0,4002.8571428571427,0.06042296072507553
Nairobi,2016,9000,Petrol,Automatic,First,18.9,1197.0,82.0,5.0,806600.0,Hyundai,Grand I10 Magna At,10,0,900.0,0.06850459482038429
Nyeri,2012,79000,Diesel,Manual,First,21.12,1248.0,88.8,5.0,383320.0,Tata,Manza Aura Quadrajet Bs Iv,14,0,5642.857142857143,0.07115384615384615
Eldoret,2015,87900,Diesel,Manual,First,16.0,2179.0,140.0,7.0,1777480.0,Mahindra,Xuv500 W10 Awd,11,0,7990.909090909091,0.06424965580541533
Nairobi,2010,72425,Petrol,Manual,Second,17.5,1197.0,85.8,5.0,362600.00000000006,Maruti,Swift Dzire 1.2 Vxi Bsiv,16,0,4526.5625,0.07167919799498747
Nakuru,2015,38000,Diesel,Automatic,First,15.73,1968.0,174.33,5.0,4292000.0,Audi,Q3 35 Tdi Quattro Premium Plus,11,1,3454.5454545454545,0.08858231707317074
Kisumu,2008,83000,Diesel,Manual,Second,17.8,1399.0,97.7,5.0,355200.0,Ford,Fiesta 1.4 Sxi Tdci,18,0,4611.111111111111,0.06983559685489636
Kisumu,2010,107000,Diesel,Automatic,First,14.84,2143.0,170.0,5.0,1774520.0,Mercedes-Benz,New C-Class C 220 Cdi Elegance At,16,1,6687.5,0.07932804479701354
Nairobi,2015,51000,Petrol,Automatic,First,18.0,1497.0,117.3,5.0,1169200.0,Honda,City I Vtec Cvt Vx,11,0,4636.363636363636,0.0783567134268537
Eldoret,2010,140000,Diesel,Manual,Third,12.8,2494.0,102.0,7.0,925000.0,Toyota,Innova 2.5 Gx 7 Str,16,0,8750.0,0.0408981555733761
Eldoret,2011,48000,Petrol,Manual,Second,18.6,1199.0,79.4,5.0,266400.0,Chevrolet,Beat Lt,15,0,3200.0,0.06622185154295246
Nairobi,2013,62000,Cng,Manual,First,26.6,998.0,58.16,5.0,414400.0,Maruti,Wagon R Lxi Cng,13,0,4769.2307692307695,0.05827655310621242
Nairobi,2015,31000,Petrol,Manual,First,18.7,1199.0,88.7,5.0,725200.0000000001,Honda,Jazz 1.2 S I Vtec,11,0,2818.181818181818,0.07397831526271893
Nyeri,2010,75055,Petrol,Manual,First,18.06,1198.0,75.0,5.0,333000.0,Nissan,Micra Xl Primo,16,0,4690.9375,0.06260434056761269
Naivasha,2017,51210,Petrol,Automatic,First,19.12,1373.0,91.1,5.0,1315720.0,Maruti,Ciaz At Zxi,9,0,5690.0,0.0663510560815732
Nairobi,2012,87000,Diesel,Automatic,First,12.55,2982.0,168.5,7.0,2220000.0,Toyota,Fortuner 4X2 At,14,0,6214.285714285715,0.05650570087189805
Kisumu,2018,17000,Diesel,Manual,First,26.1,1498.0,99.0,5.0,836200.0,Ford,Aspire Ambiente Diesel,8,0,2125.0,0.06608811748998665
Nyeri,2014,57000,Diesel,Manual,First,20.77,1248.0,88.8,7.0,1036000.0,Maruti,Ertiga Zdi,12,0,4750.0,0.07115384615384615
Kisumu,2016,9370,Petrol,Manual,First,22.74,796.0,47.3,5.0,436600.0,Maruti,Alto 800 Lxi,10,0,937.0,0.059422110552763814
Mombasa,2013,53226,Petrol,Manual,First,19.4,1198.0,86.8,5.0,488400.0,Honda,Brio V Mt,13,0,4094.3076923076924,0.07245409015025041
Kisumu,2010,120000,Diesel,Manual,Second,16.2,1493.0,110.0,5.0,518000.0,Hyundai,Verna Transform Crdi Vgt Sx Abs,16,0,7500.0,0.07367716008037509
Nyeri,2007,75055,Petrol,Manual,First,12.8,1493.0,100.0,5.0,340399.99999999994,Honda,City 1.5 Gxi,19,0,3950.2631578947367,0.06697923643670463
Naivasha,2017,37247,Diesel,Manual,First,19.67,1582.0,126.2,5.0,2026120.0,Hyundai,Creta 1.6 Crdi Sx,9,0,4138.555555555556,0.0797724399494311
Nairobi,2013,64000,Diesel,Manual,First,23.59,1364.0,67.06,5.0,458800.0,Toyota,Etios Liva Gd,13,0,4923.076923076923,0.04916422287390029
Nairobi,2014,12000,Petrol,Manual,First,13.44,2359.0,198.25,5.0,1887000.0,Hyundai,Sonata Transform 2.4 Gdi Mt,12,0,1000.0,0.08403984739296312
Eldoret,2017,40158,Diesel,Manual,First,19.67,1582.0,126.2,5.0,2035000.0,Hyundai,Creta 1.6 Crdi Sx Option,9,0,4462.0,0.0797724399494311
Mombasa,2017,11000,Petrol,Manual,First,18.7,1199.0,88.7,5.0,999000.0,Honda,Jazz 1.2 Sv I Vtec,9,0,1222.2222222222222,0.07397831526271893
Mombasa,2014,70010,Diesel,Manual,First,20.54,1598.0,103.6,5.0,777000.0,Volkswagen,Vento Diesel Comfortline,12,0,5834.166666666667,0.06483103879849812
Nairobi,2015,82000,Diesel,Manual,First,16.0,2179.0,140.0,7.0,1295000.0,Mahindra,Xuv500 W6 2Wd,11,0,7454.545454545455,0.06424965580541533
Mombasa,2017,57259,Diesel,Manual,First,18.49,1493.0,100.0,7.0,1312759.9999999998,Mahindra,Tuv 300 2015-2019 T8,9,0,6362.111111111111,0.06697923643670463
Nakuru,2010,84000,Petrol,Automatic,Second,11.1,2354.0,142.0,5.0,962000.0,Honda,Accord 2001-2003 2.3 Vti L At,16,0,5250.0,0.06032285471537808
Eldoret,2012,168000,Diesel,Manual,First,20.77,1248.0,88.76,7.0,666000.0,Maruti,Ertiga Vdi,14,0,12000.0,0.07112179487179487
Kisumu,2012,73670,Diesel,Manual,First,12.83,2696.0,162.0,7.0,1850000.0,Mahindra,Ssangyong Rexton Rx5,14,0,5262.142857142857,0.06008902077151335
Nairobi,2014,89540,Diesel,Automatic,First,12.55,2982.0,168.5,7.0,2486400.0,Toyota,Fortuner 4X2 At,12,0,7461.666666666667,0.05650570087189805
Kisumu,2016,85423,Diesel,Manual,First,20.77,1248.0,88.8,7.0,1295000.0,Maruti,Ertiga Zdi,10,0,8542.3,0.07115384615384615
Eldoret,2013,48823,Diesel,Automatic,First,19.5,1582.0,126.24,5.0,1258000.0,Hyundai,Elantra Crdi Sx At,13,0,3755.6153846153848,0.07979772439949431
Kisumu,2011,35082,Petrol,Manual,First,20.36,1197.0,78.9,5.0,327080.0,Hyundai,I10 Magna 1.2,15,0,2338.8,0.06591478696741855
Nyeri,2012,126000,Petrol,Manual,First,16.8,796.0,34.2,5.0,236800.0,Maruti,Omni Mpi Std Bsiv,14,0,9000.0,0.04296482412060302
Nairobi,2016,19000,Petrol,Automatic,First,15.5,1198.0,86.7,5.0,925000.0,Honda,Amaze Vx At I-Vtech,10,0,1900.0,0.07237061769616027
Nairobi,2007,69000,Petrol,Automatic,Second,12.9,1799.0,130.0,5.0,333000.0,Honda,Civic 2006-2010 1.8 V At,19,0,3631.5789473684213,0.07226236798221233
Mombasa,2019,29836,Diesel,Automatic,First,17.9,2143.0,136.0,5.0,3811000.0,Mercedes-Benz,Cla 200 Cdi Sport,7,1,4262.285714285715,0.06346243583761083
Thika,2010,48002,Petrol,Manual,Second,13.14,1798.0,157.8,5.0,999000.0,Skoda,Superb 1.8 Tfsi Mt,16,0,3000.125,0.08776418242491658
Thika,2015,52324,Diesel,Manual,First,28.09,1248.0,88.5,5.0,925000.0,Maruti,Ciaz Zdi Plus Shvs,11,0,4756.727272727273,0.07091346153846154
Nairobi,2013,65000,Diesel,Manual,First,22.7,1498.0,89.84,5.0,754799.9999999999,Ford,Ecosport 1.5 Dv5 Mt Titanium Optional,13,0,5000.0,0.05997329773030708
Nairobi,2009,66000,Diesel,Automatic,Second,8.7,2987.0,224.34,5.0,1591000.0,Mercedes-Benz,M-Class Ml 320 Cdi,17,1,3882.3529411764707,0.07510545698024775
Kisumu,2016,75700,Diesel,Manual,First,24.0,1120.0,70.0,5.0,843600.0,Hyundai,Grand I10 Crdi Sportz,10,0,7570.0,0.0625
Nakuru,2013,43000,Diesel,Manual,First,20.5,1598.0,105.0,5.0,880600.0,Volkswagen,Vento Diesel Breeze,13,0,3307.6923076923076,0.06570713391739674
Mombasa,2012,42706,Diesel,Manual,First,25.44,936.0,56.3,5.0,355200.0,Chevrolet,Beat Diesel Lt,14,0,3050.4285714285716,0.060149572649572644
Nairobi,2013,35000,Diesel,Manual,First,17.21,1493.0,100.0,7.0,516520.0,Mahindra,Quanto C6,13,0,2692.3076923076924,0.06697923643670463
Kisumu,2011,54348,Petrol,Automatic,First,19.2,1197.0,80.0,5.0,592000.0,Hyundai,I10 Asta 1.2 At With Sunroof,15,0,3623.2,0.06683375104427736
Nairobi,2013,84000,Diesel,Manual,First,23.59,1364.0,67.04,5.0,569800.0,Toyota,Etios Liva 1.4 Gd,13,0,6461.538461538462,0.04914956011730206
Nairobi,2010,63298,Petrol,Automatic,First,14.53,1794.0,138.1,5.0,584600.0,Toyota,Corolla Altis 2008-2013 1.8 Vl At,16,0,3956.125,0.0769788182831661
Nyeri,2013,75049,Petrol,Manual,Second,20.36,1197.0,78.9,5.0,444000.0,Hyundai,I10 Magna 1.2,13,0,5773.0,0.06591478696741855
Mombasa,2018,24237,Petrol,Manual,First,18.16,1196.0,86.8,5.0,991600.0,Ford,Figo Aspire 1.2 Ti-Vct Titanium,8,0,3029.625,0.0725752508361204
Naivasha,2016,22767,Petrol,Manual,First,18.5,1197.0,85.8,5.0,908720.0,Maruti,Ritz Zxi,10,0,2276.7,0.07167919799498747
Nakuru,2012,58000,Petrol,Automatic,Second,15.0,1396.0,98.6,5.0,651200.0000000001,Hyundai,I20 Sportz At 1.4,14,0,4142.857142857143,0.07063037249283667
Eldoret,2017,57000,Diesel,Manual,First,26.59,1248.0,74.0,5.0,629000.0,Maruti,Swift Dzire Ldi,9,0,6333.333333333333,0.05929487179487179
Mombasa,2010,50161,Petrol,Automatic,First,8.77,4395.0,402.0,5.0,3837640.0,Bmw,7 Series 2007-2012 750Li,16,0,3135.0625,0.09146757679180888
Kisumu,2016,45000,Diesel,Manual,First,22.7,1598.0,118.0,5.0,1036000.0,Maruti,S Cross Ddis 320 Alpha,10,0,4500.0,0.07384230287859825
Naivasha,2017,68319,Diesel,Automatic,First,12.55,2982.0,168.5,7.0,3717760.0,Toyota,Fortuner 4X4 At,9,0,7591.0,0.05650570087189805
Mombasa,2017,30711,Petrol,Manual,First,20.3,998.0,68.05,5.0,658600.0,Hyundai,Eon 1.0 Magna Plus Option O,9,0,3412.3333333333335,0.06818637274549098
Kisumu,2011,38277,Diesel,Manual,First,21.9,1396.0,90.0,5.0,355200.0,Hyundai,I20 1.4 Crdi Magna,15,0,2551.8,0.06446991404011461
Eldoret,2012,115000,Diesel,Manual,Second,20.54,1598.0,103.6,5.0,640840.0,Volkswagen,Vento Diesel Highline,14,0,8214.285714285714,0.06483103879849812
Naivasha,2017,46849,Petrol,Automatic,First,18.5,1197.0,83.14,5.0,1025640.0,Maruti,Swift Dzire Vxi At,9,0,5205.444444444444,0.06945697577276524
Thika,2014,64000,Diesel,Manual,First,21.9,1396.0,90.0,5.0,629000.0,Hyundai,I20 Magna 1.4 Crdi,12,0,5333.333333333333,0.06446991404011461
Eldoret,2010,130923,Diesel,Automatic,First,14.21,2143.0,203.0,5.0,1850000.0,Mercedes-Benz,E-Class 2009-2013 E250 Cdi Blue Efficiency,16,1,8182.6875,0.09472701819878675
Mombasa,2015,15000,Petrol,Manual,First,18.9,1197.0,82.0,5.0,725200.0000000001,Hyundai,Grand I10 Sportz,11,0,1363.6363636363637,0.06850459482038429
Nairobi,2014,32720,Diesel,Manual,First,23.0,1396.0,90.0,5.0,666000.0,Hyundai,I20 1.4 Crdi Sportz,12,0,2726.6666666666665,0.06446991404011461
Nyeri,2016,12500,Petrol,Manual,First,25.17,799.0,53.3,5.0,444000.0,Renault,Kwid Rxt,10,0,1250.0,0.06670838548185232
Mombasa,2015,59800,Petrol,Automatic,First,16.9,1197.0,82.0,5.0,858400.0,Hyundai,Xcent 1.2 Kappa At Sx Option,11,0,5436.363636363636,0.06850459482038429
Eldoret,2011,54211,Petrol,Manual,First,15.04,1598.0,103.6,5.0,492840.0,Volkswagen,Vento Petrol Highline,15,0,3614.0666666666666,0.06483103879849812
Mombasa,2015,62242,Diesel,Automatic,First,14.39,1998.0,163.7,5.0,979760.0,Chevrolet,Cruze Ltz At,11,0,5658.363636363636,0.08193193193193192
Nairobi,2015,54000,Diesel,Manual,Second,19.01,1461.0,108.5,5.0,851000.0,Nissan,Terrano Xl 110 Ps,11,0,4909.090909090909,0.07426420260095824
Kisumu,2012,65000,Diesel,Manual,First,22.32,1582.0,126.32,5.0,917600.0,Hyundai,Verna 1.6 Sx,14,0,4642.857142857143,0.07984829329962073
Mombasa,2015,55000,Petrol,Automatic,First,23.1,998.0,67.04,5.0,518000.0,Maruti,Celerio Vxi Amt,11,0,5000.0,0.06717434869739479
Eldoret,2010,71000,Petrol,Manual,First,18.9,998.0,67.1,5.0,296000.0,Maruti,Wagon R Lxi,16,0,4437.5,0.06723446893787574
Mombasa,2012,70000,Diesel,Manual,First,21.9,1396.0,88.8,5.0,592000.0,Hyundai,I20 Magna Optional 1.4 Crdi,14,0,5000.0,0.06361031518624642
Nairobi,2011,53000,Petrol,Automatic,First,12.3,1781.0,163.2,5.0,1406000.0,Audi,A4 1.8 Tfsi,15,1,3533.3333333333335,0.09163391353172375
Nairobi,2013,43000,Diesel,Automatic,First,17.05,1995.0,184.0,5.0,2590000.0,Bmw,X1 Sdrive20D,13,0,3307.6923076923076,0.09223057644110276
Nairobi,2015,54000,Petrol,Automatic,First,14.3,1598.0,103.52,5.0,904280.0,Skoda,Rapid 1.6 Mpi At Elegance Plus,11,0,4909.090909090909,0.06478097622027534
Thika,2014,51000,Petrol,Manual,First,20.36,1197.0,78.9,5.0,555000.0,Hyundai,I10 Magna,12,0,4250.0,0.06591478696741855
Kisumu,2007,78000,Diesel,Manual,Second,10.5,2835.0,107.2,6.0,917600.0,Mitsubishi,Pajero 2.8 Glx Crz,19,0,4105.263157894737,0.03781305114638448
Nairobi,2014,25000,Diesel,Manual,First,26.0,1498.0,98.6,5.0,910200.0,Honda,City I Dtec Sv,12,0,2083.3333333333335,0.06582109479305741
Eldoret,2012,12600,Petrol,Manual,First,20.92,998.0,67.1,5.0,355200.0,Maruti,Alto K10 2010-2014 Vxi,14,0,900.0,0.06723446893787574
Eldoret,2009,80000,Diesel,Manual,Fourth & Above,17.8,1248.0,75.0,5.0,318200.0,Maruti,Swift Ldi Bsiii,17,0,4705.882352941177,0.06009615384615385
Kisumu,2016,21000,Petrol,Manual,First,18.9,1197.0,82.0,5.0,555000.0,Hyundai,Grand I10 Magna,10,0,2100.0,0.06850459482038429
Nairobi,2011,32000,Petrol,Manual,Second,15.6,1196.0,70.0,5.0,318200.0,Ford,Figo Petrol Zxi,15,0,2133.3333333333335,0.05852842809364549
Nakuru,2015,50000,Petrol,Manual,First,18.9,1197.0,81.86,5.0,703000.0,Hyundai,Grand I10 Sportz Edition,11,0,4545.454545454545,0.0683876357560568
Nairobi,2010,47500,Petrol,Manual,First,15.5,1586.0,103.3,5.0,362600.00000000006,Maruti,Sx4 Vxi Bsiv,16,0,2968.75,0.06513240857503153
Nairobi,2017,7500,Petrol,Manual,First,17.4,1497.0,117.3,5.0,1650200.0,Honda,City I-Vtec Vx,9,0,833.3333333333334,0.0783567134268537
Nyeri,2016,68163,Diesel,Automatic,First,19.6,1461.0,108.45,5.0,1317200.0,Renault,Duster 110Ps Diesel Rxz Amt,10,0,6816.3,0.0742299794661191
Thika,2014,61000,Diesel,Manual,First,25.8,1498.0,98.6,5.0,643799.9999999999,Honda,Amaze S I-Dtech,12,0,5083.333333333333,0.06582109479305741
Nyeri,2015,100000,Diesel,Manual,Second,12.99,2494.0,100.6,7.0,1776000.0,Toyota,Innova 2.5 Z Diesel 7 Seater,11,0,9090.90909090909,0.04033680834001604
Nairobi,2009,61500,Diesel,Automatic,Second,16.07,1995.0,181.0,5.0,1258000.0,Bmw,3 Series 320D Highline,17,0,3617.6470588235293,0.09072681704260652
Mombasa,2017,42883,Petrol,Manual,First,19.81,1086.0,68.05,5.0,631959.9999999999,Hyundai,I10 Magna 1.1 Itech Se,9,0,4764.777777777777,0.06266114180478821
Nyeri,2012,97000,Diesel,Manual,Second,20.45,1461.0,83.8,5.0,629000.0,Renault,Duster 85Ps Diesel Rxl Optional With Nav,14,0,6928.571428571428,0.05735797399041752
Nakuru,2010,39525,Petrol,Automatic,First,11.3,2360.0,170.0,5.0,1369000.0,Mitsubishi,Outlander 2.4,16,0,2470.3125,0.07203389830508475
Mombasa,2017,35384,Diesel,Manual,First,24.3,1248.0,88.5,5.0,1274280.0,Maruti,Vitara Brezza Ldi,9,0,3931.5555555555557,0.07091346153846154
Kisumu,2010,46000,Diesel,Automatic,First,11.8,2987.0,261.0,7.0,4144000.0,Mercedes-Benz,R-Class R350 Cdi 4Matic,16,1,2875.0,0.08737864077669903
Naivasha,2018,32189,Diesel,Manual,First,23.0,1498.0,98.96,5.0,1369000.0,Ford,Ecosport 1.5 Diesel Titanium,8,0,4023.625,0.06606141522029373
Mombasa,2016,27000,Diesel,Automatic,First,19.08,1582.0,126.2,5.0,1272800.0,Hyundai,Verna 1.6 Crdi At Sx Option,10,0,2700.0,0.0797724399494311
Naivasha,2018,22734,Petrol,Manual,First,16.47,1198.0,74.0,5.0,1114440.0,Volkswagen,Polo 1.2 Mpi Highline,8,0,2841.75,0.06176961602671119
Nairobi,2014,58002,Diesel,Manual,First,19.64,1461.0,108.45,5.0,851000.0,Renault,Duster 110Ps Diesel Rxl,12,0,4833.5,0.0742299794661191
Mombasa,2012,31500,Petrol,Automatic,First,16.5,1198.0,86.8,5.0,614200.0000000001,Honda,Brio S Option At,14,0,2250.0,0.07245409015025041
Naivasha,2017,30933,Petrol,Manual,First,18.16,1196.0,86.8,5.0,864320.0,Ford,Figo 2015-2019 1.2P Titanium Mt,9,0,3437.0,0.0725752508361204
Kisumu,2012,27090,Diesel,Automatic,First,18.53,1968.0,187.74,5.0,2442000.0,Audi,A6 2.0 Tdi Design Edition,14,1,1935.0,0.09539634146341464
Nairobi,2015,29500,Diesel,Automatic,First,15.97,2993.0,258.0,7.0,6364000.0,Bmw,X5 2014-2019 Xdrive 30D Design Pure Experience 7 Seater,11,0,2681.818181818182,0.08620113598396258
Eldoret,2013,45000,Petrol,Manual,First,20.36,1197.0,78.9,5.0,525400.0,Hyundai,I10 Sportz Option,13,0,3461.5384615384614,0.06591478696741855
Kisumu,2018,11691,Petrol,Manual,First,18.6,1197.0,81.83,5.0,1317200.0,Hyundai,I20 1.2 Asta Option,8,0,1461.375,0.06836257309941521
Kisumu,2006,121000,Diesel,Manual,Second,16.4,1896.0,90.0,5.0,370000.0,Skoda,Octavia L And K 1.9 Tdi Mt,20,0,6050.0,0.04746835443037975
Kisumu,2010,118077,Diesel,Manual,First,16.2,1493.0,110.0,5.0,569800.0,Hyundai,Verna Transform Sx Vgt Crdi,16,0,7379.8125,0.07367716008037509
Mombasa,2012,36300,Petrol,Automatic,Third,17.1,1591.0,121.4,5.0,1110000.0,Hyundai,Verna 1.6 Sx Vtvt (O) At,14,0,2592.8571428571427,0.07630421118793212
Nairobi,2005,90000,Petrol,Manual,Second,15.3,1341.0,61.0,5.0,266400.0,Hyundai,Getz Gvs,21,0,4285.714285714285,0.04548844146159582
Mombasa,2010,78000,Diesel,Manual,First,20.0,1399.0,68.0,5.0,333000.0,Ford,Figo Diesel Exi,16,0,4875.0,0.04860614724803431
Nairobi,2015,42000,Diesel,Automatic,First,17.68,1968.0,174.33,5.0,3589000.0,Audi,A6 2011-2015 35 Tdi Technology,11,1,3818.181818181818,0.08858231707317074
Nairobi,2015,27000,Petrol,Manual,First,16.47,1198.0,74.0,5.0,643799.9999999999,Volkswagen,Polo 1.2 Mpi Highline,11,0,2454.5454545454545,0.06176961602671119
Kisumu,2012,22000,Diesel,Automatic,First,17.05,1995.0,184.0,5.0,1702000.0,Bmw,X1 Sdrive20D,14,0,1571.4285714285713,0.09223057644110276
Kisumu,2014,49000,Petrol,Manual,First,17.4,1497.0,117.3,5.0,703000.0,Honda,City I Vtec Sv,12,0,4083.3333333333335,0.0783567134268537
Kisumu,2012,42600,Diesel,Manual,First,23.0,1396.0,90.0,5.0,738520.0,Hyundai,I20 Sportz Option Diesel,14,0,3042.8571428571427,0.06446991404011461
Naivasha,2018,12794,Petrol,Automatic,First,19.0,1199.0,88.7,5.0,1354200.0,Honda,Jazz 1.2 V Cvt I Vtec,8,0,1599.25,0.07397831526271893
Nyeri,2006,125000,Petrol,Manual,Fourth & Above,16.1,1493.0,97.7,5.0,347800.0,Maruti,Swift 1.3 Vxi,20,0,6250.0,0.06543871399866041
Kisumu,2014,88046,Petrol,Automatic,First,10.1,2354.0,152.0,5.0,2070520.0,Honda,Cr-V 2.4 At,12,0,7337.166666666667,0.06457094307561598
Nakuru,2014,8000,Diesel,Automatic,Second,20.0,2143.0,107.3,5.0,2923000.0,Mercedes-Benz,A Class A180 Cdi,12,1,666.6666666666666,0.050069995333644424
Naivasha,2018,82739,Diesel,Automatic,First,16.0,2179.0,140.0,7.0,2481960.0,Mahindra,Xuv500 At W10 Awd,8,0,10342.375,0.06424965580541533
Nakuru,2006,193000,Diesel,Manual,Third,13.6,2523.0,63.0,7.0,370000.0,Mahindra,Bolero Slx 2Wd,20,0,9650.0,0.02497027348394768
Nairobi,2013,7000,Petrol,Automatic,First,17.97,1498.0,99.6,5.0,540200.0,Renault,Scala Rxl At,13,0,538.4615384615385,0.0664886515353805
Thika,2012,60000,Diesel,Automatic,Second,12.35,2179.0,187.74,5.0,3478000.0,Land,Rover Freelander 2 Hse Sd4,14,1,4285.714285714285,0.08615878843506196
Eldoret,2017,38000,Petrol,Manual,First,22.74,796.0,47.3,5.0,460280.0,Maruti,Alto 800 Vxi,9,0,4222.222222222223,0.059422110552763814
Mombasa,2013,56344,Petrol,Manual,First,17.6,1496.0,88.73,5.0,676360.0,Toyota,Etios G,13,0,4334.153846153846,0.05931149732620321
Nairobi,2014,17858,Petrol,Manual,First,17.0,1197.0,80.0,5.0,787360.0,Hyundai,I20 Sportz Option,12,0,1488.1666666666667,0.06683375104427736
Kisumu,2012,53000,Petrol,Manual,First,20.36,1197.0,78.9,5.0,473600.0,Hyundai,I10 Sportz,14,0,3785.714285714286,0.06591478696741855
Mombasa,2016,67906,Diesel,Manual,First,25.2,1248.0,74.0,5.0,833240.0,Maruti,Swift Vdi Bsiv,10,0,6790.6,0.05929487179487179
Kisumu,2015,19000,Petrol,Manual,First,21.1,814.0,55.2,5.0,444000.0,Hyundai,Eon Magna Plus,11,0,1727.2727272727273,0.06781326781326781
Nairobi,2010,67000,Diesel,Automatic,Second,22.69,1995.0,190.0,5.0,1369000.0,Bmw,3 Series 320D,16,0,4187.5,0.09523809523809523
Nairobi,2011,80000,Diesel,Manual,First,23.57,1396.0,70.0,5.0,177600.0,Tata,Indigo Xl Classic Dicor,15,0,5333.333333333333,0.050143266475644696
Nairobi,2015,61000,Petrol,Manual,First,22.74,796.0,47.3,5.0,318200.0,Maruti,Alto 800 Lxi,11,0,5545.454545454545,0.059422110552763814
Eldoret,2010,39000,Diesel,Manual,First,22.07,1199.0,73.9,5.0,451400.0,Volkswagen,Polo Diesel Highline 1.2L,16,0,2437.5,0.06163469557964971
Thika,2014,59000,Petrol,Automatic,First,14.28,1798.0,138.03,5.0,1702000.0,Toyota,Corolla Altis Vl At,12,0,4916.666666666667,0.0767686318131257
Kisumu,2008,80931,Petrol,Manual,First,17.92,1086.0,62.1,5.0,340399.99999999994,Hyundai,Santro Xing Gls,18,0,4496.166666666667,0.057182320441988954
Kisumu,2016,34000,Petrol,Manual,First,20.4,1197.0,81.8,5.0,732600.0,Maruti,Swift Zxi,10,0,3400.0,0.0683375104427736
Kisumu,2013,130000,Diesel,Manual,First,21.64,1461.0,84.8,5.0,703000.0,Renault,Scala Diesel Rxl,13,0,10000.0,0.05804243668720054
Naivasha,2018,52380,Diesel,Manual,First,24.3,1248.0,88.5,5.0,1502200.0,Maruti,Vitara Brezza Zdi Plus,8,0,6547.5,0.07091346153846154
Kisumu,2011,44000,Petrol,Manual,First,18.06,1198.0,75.0,5.0,392200.0,Nissan,Micra Xv,15,0,2933.3333333333335,0.06260434056761269
Kisumu,2015,84000,Diesel,Manual,First,20.0,1399.0,68.05,5.0,562400.0,Ford,Figo Diesel Exi,11,0,7636.363636363636,0.04864188706218728
Mombasa,2017,41697,Petrol,Automatic,First,13.1,1997.0,141.1,5.0,2468640.0,Honda,Cr-V 2.0 At,9,0,4633.0,0.07065598397596394
Eldoret,2014,163000,Diesel,Manual,First,19.01,1461.0,108.5,5.0,740000.0,Nissan,Terrano Xv 110 Ps,12,0,13583.333333333334,0.07426420260095824
Mombasa,2011,42000,Petrol,Manual,Second,17.71,1197.0,78.9,5.0,555000.0,Toyota,Etios Liva 1.2 G,15,0,2800.0,0.06591478696741855
Nyeri,2013,129000,Diesel,Manual,Third,21.27,1396.0,88.76,5.0,608280.0000000001,Hyundai,I20 Asta 1.4 Crdi,13,0,9923.076923076924,0.06358166189111748
Mombasa,2015,32200,Petrol,Manual,Second,18.16,1196.0,86.8,5.0,629000.0,Ford,Figo Aspire 1.2 Ti-Vct Ambiente,11,0,2927.2727272727275,0.0725752508361204
Nairobi,2004,129000,Diesel,Manual,First,10.5,2835.0,107.2,6.0,510600.0,Mitsubishi,Pajero 2.8 Glx Crz,22,0,5863.636363636364,0.03781305114638448
Nakuru,2014,40000,Diesel,Automatic,First,17.11,1968.0,174.33,5.0,3330000.0,Audi,A4 2.0 Tdi 177 Bhp Premium Plus,12,1,3333.3333333333335,0.08858231707317074
Nairobi,2006,150000,Petrol,Manual,First,12.4,1998.0,132.0,8.0,666000.0,Toyota,Innova 2.0 E,20,0,7500.0,0.06606606606606606
Nyeri,2007,140000,Petrol,Manual,First,15.26,1150.0,74.9,5.0,133200.0,Chevrolet,Aveo U-Va 1.2 Ls,19,0,7368.421052631579,0.0651304347826087
Kisumu,2006,63181,Petrol,Manual,First,15.3,1341.0,83.0,5.0,273800.0,Hyundai,Getz Gls,20,0,3159.05,0.061894108873974646
Kisumu,2013,39575,Diesel,Manual,First,25.8,1498.0,98.6,5.0,481000.0,Honda,Amaze S I-Dtech,13,0,3044.230769230769,0.06582109479305741
Eldoret,2010,63600,Diesel,Manual,Second,17.8,1248.0,97.7,5.0,458800.0,Maruti,Swift Vdi Bsiv W Abs,16,0,3975.0,0.07828525641025641
Naivasha,2014,70374,Diesel,Manual,First,22.7,1498.0,89.84,5.0,1086320.0,Ford,Ecosport 1.5 Dv5 Mt Titanium Optional,12,0,5864.5,0.05997329773030708
Kisumu,2015,26256,Diesel,Manual,First,20.14,1498.0,88.5,5.0,629000.0,Volkswagen,Crosspolo 1.5 Tdi,11,0,2386.909090909091,0.059078771695594126
Nairobi,2016,13460,Petrol,Manual,First,18.6,1197.0,81.86,5.0,954600.0,Hyundai,Elite I20 Petrol Sportz,10,0,1346.0,0.0683876357560568
Mombasa,2011,122000,Diesel,Manual,Second,12.8,2494.0,102.0,8.0,1591000.0,Toyota,Innova 2.5 V Diesel 8-Seater,15,0,8133.333333333333,0.0408981555733761
Kisumu,2015,58589,Diesel,Automatic,First,15.26,2143.0,203.2,5.0,4107000.0,Mercedes-Benz,M-Class Ml 250 Cdi,11,1,5326.272727272727,0.09482034531031264
Nyeri,2005,115000,Petrol,Manual,Second,17.3,1061.0,64.0,5.0,146520.0,Maruti,Wagon R Lx Bsiii,21,0,5476.190476190476,0.060320452403393024
Eldoret,2016,75000,Diesel,Automatic,First,12.62,2198.0,158.0,7.0,3552000.0,Ford,Endeavour 2.2 Trend At 4X2,10,0,7500.0,0.0718835304822566
Nyeri,2016,30292,Petrol,Manual,First,18.6,1197.0,81.86,5.0,902800.0,Hyundai,Elite I20 Petrol Sportz,10,0,3029.2,0.0683876357560568
Thika,2017,32248,Petrol,Manual,First,17.5,1199.0,88.7,5.0,1221000.0,Honda,Wrv I-Vtec Vx,9,0,3583.1111111111113,0.07397831526271893
Nakuru,2013,74000,Petrol,Manual,First,16.47,1198.0,73.9,5.0,688200.0000000001,Volkswagen,Polo Petrol Highline 1.2L,13,0,5692.307692307692,0.06168614357262104
Nairobi,2014,56100,Petrol,Manual,First,13.7,1997.0,153.86,5.0,1443000.0,Honda,Cr-V 2.0L 2Wd Mt,12,0,4675.0,0.0770455683525288
Nakuru,2014,61325,Petrol,Manual,First,18.9,1197.0,81.86,5.0,651200.0000000001,Hyundai,Grand I10 1.2 Kappa Asta,12,0,5110.416666666667,0.0683876357560568
Kisumu,2014,33000,Petrol,Manual,First,19.1,1197.0,85.8,5.0,590520.0,Maruti,Swift Dzire Vxi,12,0,2750.0,0.07167919799498747
Naivasha,2016,18090,Diesel,Automatic,First,16.2,2993.0,258.0,5.0,6768040.0,Bmw,5 Series 2003-2012 530D,10,0,1809.0,0.08620113598396258
Mombasa,2014,71390,Diesel,Manual,First,22.7,1498.0,89.84,5.0,779960.0,Ford,Ecosport 1.5 Dv5 Mt Ambiente,12,0,5949.166666666667,0.05997329773030708
Nairobi,2014,41000,Cng,Manual,First,26.2,998.0,58.2,5.0,518000.0,Maruti,Wagon R Lxi Cng,12,0,3416.6666666666665,0.058316633266533066
Thika,2016,67000,Diesel,Manual,First,26.0,1498.0,98.6,5.0,1073000.0,Honda,City I Dtec V,10,0,6700.0,0.06582109479305741
Mombasa,2008,99000,Diesel,Manual,Second,17.0,1405.0,70.0,5.0,236800.0,Tata,Indigo Ls,18,0,5500.0,0.0498220640569395
Eldoret,2014,142000,Diesel,Manual,Second,19.01,1461.0,108.45,5.0,888000.0,Renault,Duster 110Ps Diesel Rxl,12,0,11833.333333333334,0.0742299794661191
Mombasa,2010,26966,Petrol,Manual,First,20.36,1197.0,78.9,5.0,444000.0,Hyundai,I10 Sportz,16,0,1685.375,0.06591478696741855
Nairobi,2015,27628,Petrol,Manual,First,18.7,1199.0,88.7,5.0,732600.0,Honda,Jazz 1.2 Sv I Vtec,11,0,2511.6363636363635,0.07397831526271893
Kisumu,2016,82497,Diesel,Manual,First,23.65,1248.0,88.5,5.0,1330520.0,Maruti,Sx4 S Cross Ddis 200 Zeta,10,0,8249.7,0.07091346153846154
Nairobi,2007,86000,Petrol,Manual,Third,11.9,2354.0,144.0,5.0,273800.0,Honda,Accord Vti-L Mt,19,0,4526.315789473684,0.06117247238742566
Naivasha,2016,26981,Petrol,Manual,First,16.47,1198.0,73.9,5.0,911680.0,Volkswagen,Polo Petrol Comfortline 1.2L,10,0,2698.1,0.06168614357262104
Kisumu,2010,110471,Diesel,Manual,First,21.1,1248.0,73.9,5.0,518000.0,Maruti,Ritz Vdi,16,0,6904.4375,0.059214743589743594
Nyeri,2014,69000,Petrol,Manual,First,19.5,1199.0,88.76,5.0,666000.0,Honda,Amaze S Petrol,12,0,5750.0,0.07402835696413679
Kisumu,2017,12000,Petrol,Manual,First,18.6,1197.0,81.83,5.0,1147000.0,Hyundai,I20 1.2 Asta Option,9,0,1333.3333333333333,0.06836257309941521
Kisumu,2014,77500,Diesel,Manual,First,20.45,1461.0,83.8,5.0,976800.0,Renault,Duster 85Ps Diesel Rxl,12,0,6458.333333333333,0.05735797399041752
Mombasa,2014,48031,Petrol,Manual,First,18.9,1197.0,82.0,5.0,737040.0000000001,Hyundai,Grand I10 Magna,12,0,4002.5833333333335,0.06850459482038429
Mombasa,2008,170000,Diesel,Automatic,Third,16.07,1995.0,181.0,5.0,1443000.0,Bmw,3 Series 320D Highline,18,0,9444.444444444445,0.09072681704260652
Nairobi,2014,69565,Diesel,Manual,First,22.7,1498.0,89.84,5.0,821400.0,Ford,Ecosport 1.5 Dv5 Mt Trend,12,0,5797.083333333333,0.05997329773030708
Kisumu,2016,45492,Diesel,Automatic,First,21.5,1498.0,108.5,5.0,1524400.0000000002,Volkswagen,Vento 1.5 Tdi Highline At,10,0,4549.2,0.07242990654205607
Mombasa,2011,85000,Petrol,Automatic,Second,11.7,2354.0,177.6,5.0,1110000.0,Honda,Accord 2.4 At,15,0,5666.666666666667,0.07544604927782497
Kisumu,2008,55902,Petrol,Manual,First,14.49,1399.0,92.7,5.0,266400.0,Chevrolet,Aveo 1.4,18,0,3105.6666666666665,0.06626161543959971
Kisumu,2017,18500,Petrol,Manual,First,16.2,1199.0,74.0,5.0,925000.0,Volkswagen,Polo 1.2 Mpi Highline Plus,9,0,2055.5555555555557,0.061718098415346125
Kisumu,2015,129750,Diesel,Manual,Second,14.95,2489.0,93.7,7.0,1006400.0,Mahindra,Xylo D4 Bs Iii,11,0,11795.454545454546,0.037645640819606266
Kisumu,2009,50902,Petrol,Automatic,First,19.2,1197.0,80.0,5.0,444000.0,Hyundai,I10 Magna At,17,0,2994.235294117647,0.06683375104427736
Naivasha,2015,84725,Diesel,Manual,First,15.1,2179.0,140.0,7.0,1716800.0,Mahindra,Xuv500 W8 4Wd,11,0,7702.272727272727,0.06424965580541533
Nairobi,2013,40000,Diesel,Manual,Second,22.7,1582.0,126.24,5.0,1028600.0,Hyundai,Elantra Crdi Sx,13,0,3076.923076923077,0.07979772439949431
Nairobi,2010,60000,Petrol,Manual,Third,14.3,1798.0,160.0,5.0,518000.0,Volkswagen,Passat 1.8 Tsi Mt,16,0,3750.0,0.08898776418242492
Naivasha,2014,33496,Petrol,Manual,First,18.9,1197.0,81.86,5.0,814000.0,Hyundai,Grand I10 1.2 Kappa Sportz,12,0,2791.3333333333335,0.0683876357560568
Nairobi,2015,25000,Petrol,Manual,First,18.6,1197.0,81.83,5.0,836200.0,Hyundai,I20 Asta Option 1.2,11,0,2272.7272727272725,0.06836257309941521
Thika,2013,71000,Diesel,Manual,First,18.2,1248.0,73.8,8.0,481000.0,Chevrolet,Enjoy Tcdi Ls 8 Seater,13,0,5461.538461538462,0.05913461538461538
Naivasha,2015,20826,Petrol,Automatic,First,14.3,1598.0,103.6,5.0,1142560.0,Skoda,Rapid 1.6 Mpi At Ambition Plus Alloy,11,0,1893.2727272727273,0.06483103879849812
Eldoret,2016,42244,Diesel,Manual,First,19.67,1582.0,126.2,5.0,1776000.0,Hyundai,Creta 1.6 Crdi Sx,10,0,4224.4,0.0797724399494311
Nyeri,2013,98598,Diesel,Manual,First,25.44,936.0,57.6,5.0,229400.0,Chevrolet,Beat Diesel Ps,13,0,7584.461538461538,0.06153846153846154
Nairobi,2011,62100,Diesel,Manual,First,11.5,2982.0,171.0,7.0,1591000.0,Toyota,Fortuner 3.0 Diesel,15,0,4140.0,0.05734406438631791
Naivasha,2016,44238,Petrol,Manual,First,18.6,1197.0,81.83,5.0,994560.0,Hyundai,I20 Sportz Option 1.2,10,0,4423.8,0.06836257309941521
Naivasha,2012,91743,Diesel,Automatic,First,12.07,2967.0,241.4,7.0,4225400.0,Audi,Q7 3.0 Tdi Quattro,14,1,6553.071428571428,0.08136164475901585
Nakuru,2013,19828,Diesel,Automatic,Second,17.85,2967.0,300.0,4.0,11100000.0,Porsche,Panamera Diesel,13,1,1525.2307692307693,0.10111223458038422
Kisumu,2016,36891,Petrol,Manual,First,17.8,1497.0,117.3,5.0,1552520.0,Honda,City I Vtec Vx,10,0,3689.1,0.0783567134268537
Kisumu,2012,90049,Diesel,Manual,First,17.21,1493.0,100.0,7.0,562400.0,Mahindra,Quanto C4,14,0,6432.071428571428,0.06697923643670463
Thika,2012,74002,Diesel,Automatic,First,16.55,1968.0,140.0,5.0,2738000.0,Audi,A4 2.0 Tdi Multitronic,14,1,5285.857142857143,0.07113821138211382
Kisumu,2013,41000,Petrol,Automatic,First,12.37,2359.0,198.25,5.0,888000.0,Hyundai,Sonata Transform 2.4 Gdi At,13,0,3153.846153846154,0.08403984739296312
Kisumu,2012,83678,Diesel,Manual,First,22.32,1582.0,126.32,5.0,814000.0,Hyundai,Verna 1.6 Sx,14,0,5977.0,0.07984829329962073
Eldoret,2010,91000,Petrol,Manual,First,18.9,998.0,67.1,5.0,340399.99999999994,Maruti,Wagon R Lxi Bs Iv,16,0,5687.5,0.06723446893787574
Nyeri,2016,50000,Diesel,Manual,First,24.52,1248.0,88.5,7.0,1287599.9999999998,Maruti,Ertiga Shvs Zdi Plus,10,0,5000.0,0.07091346153846154
Nairobi,2015,58000,Diesel,Manual,First,24.4,1120.0,71.01,5.0,732600.0,Hyundai,Xcent 1.1 Crdi S Option,11,0,5272.727272727273,0.06340178571428572
Nyeri,2012,80000,Diesel,Manual,First,22.9,1248.0,74.0,5.0,629000.0,Maruti,Swift Vdi,14,0,5714.285714285715,0.05929487179487179
Mombasa,2017,41290,Diesel,Manual,Second,16.0,2179.0,140.0,7.0,1619120.0,Mahindra,Xuv500 W6 2Wd,9,0,4587.777777777777,0.06424965580541533
Nairobi,2013,65000,Diesel,Automatic,First,22.48,1995.0,190.0,5.0,3146480.0,Bmw,5 Series 520D Luxury Line,13,0,5000.0,0.09523809523809523
Nakuru,2016,16471,Petrol,Manual,Second,14.28,1798.0,138.03,5.0,1702000.0,Toyota,Corolla Altis 1.8 G,10,0,1647.1,0.0767686318131257
Eldoret,2015,54339,Diesel,Manual,Second,22.54,1396.0,88.73,5.0,888000.0,Hyundai,I20 Asta 1.4 Crdi,11,0,4939.909090909091,0.06356017191977077
Kisumu,2016,24025,Petrol,Manual,First,18.15,1198.0,82.0,6.0,606799.9999999999,Mahindra,Kuv 100 Mfalcon G80 K2,10,0,2402.5,0.06844741235392321
Kisumu,2013,24027,Petrol,Manual,First,24.7,796.0,47.3,5.0,297479.99999999994,Maruti,Alto 800 2016-2019 Lxi,13,0,1848.2307692307693,0.059422110552763814
Kisumu,2010,59270,Petrol,Manual,First,15.7,1172.0,67.0,5.0,384800.0,Fiat,Punto Evo 1.2 Emotion,16,0,3704.375,0.05716723549488054
Kisumu,2012,40000,Petrol,Manual,First,18.9,998.0,67.1,5.0,347800.0,Maruti,Wagon R Vxi Bs Iv,14,0,2857.1428571428573,0.06723446893787574
Nakuru,2012,155566,Diesel,Manual,Second,9.5,2835.0,118.6,6.0,1354200.0,Mitsubishi,Pajero 4X4 Lhd,14,0,11111.857142857143,0.0418342151675485
Mombasa,2013,42320,Petrol,Manual,First,19.4,1198.0,86.8,5.0,429200.0,Honda,Brio Ex Mt,13,0,3255.3846153846152,0.07245409015025041
Naivasha,2017,24153,Diesel,Manual,Second,22.54,1396.0,88.73,5.0,1358640.0,Hyundai,I20 Asta Option 1.4 Crdi,9,0,2683.6666666666665,0.06356017191977077
Nairobi,2016,27000,Petrol,Automatic,First,13.0,1591.0,121.3,5.0,1694600.0,Hyundai,Creta 1.6 Sx Plus Petrol Automatic,10,0,2700.0,0.07624135763670647
Kisumu,2012,92000,Cng,Manual,Second,26.83,796.0,38.4,5.0,310800.0,Maruti,Alto Green Lxi (Cng),14,0,6571.428571428572,0.04824120603015075
Mombasa,2017,61795,Petrol,Manual,First,17.8,1198.0,86.7,5.0,818440.0,Honda,Amaze S I-Vtec,9,0,6866.111111111111,0.07237061769616027
Mombasa,2016,13500,Petrol,Manual,First,18.15,1198.0,82.0,6.0,555000.0,Mahindra,Kuv 100 Mfalcon G80 K6 Plus,10,0,1350.0,0.06844741235392321
Eldoret,2018,4500,Petrol,Automatic,First,18.0,1497.0,117.3,5.0,1850000.0,Honda,City I-Vtec Cvt Vx,8,0,562.5,0.0783567134268537
Nairobi,2017,23000,Diesel,Automatic,First,16.0,2179.0,140.0,7.0,2294000.0,Mahindra,Xuv500 At W10 Fwd,9,0,2555.5555555555557,0.06424965580541533
Eldoret,2011,65400,Petrol,Manual,First,0.0,1086.0,97.7,5.0,310800.0,Hyundai,Santro Gls I - Euro I,15,0,4360.0,0.08996316758747698
Nairobi,2013,80578,Diesel,Automatic,Second,14.84,2143.0,170.0,5.0,2146000.0,Mercedes-Benz,New C-Class 220 Cdi At,13,1,6198.307692307692,0.07932804479701354
Naivasha,2017,42646,Diesel,Automatic,First,19.6,1461.0,108.45,5.0,1844080.0,Renault,Duster 110Ps Diesel Rxz Amt,9,0,4738.444444444444,0.0742299794661191
Nakuru,2014,30000,Petrol,Manual,Second,16.47,1198.0,74.0,5.0,777000.0,Volkswagen,Polo 1.2 Mpi Comfortline,12,0,2500.0,0.06176961602671119
Nairobi,2012,90000,Diesel,Automatic,First,18.48,1493.0,97.7,5.0,2146000.0,Bmw,5 Series 520D Sedan,14,0,6428.571428571428,0.06543871399866041
Nakuru,2009,98000,Diesel,Automatic,Second,13.5,2987.0,282.0,5.0,3700000.0,Mercedes-Benz,S Class 2005 2013 S 350 Cdi,17,1,5764.705882352941,0.09440910612654838
Mombasa,2012,66400,Petrol,Manual,First,0.0,1493.0,97.7,5.0,393680.0,Hyundai,Santro Gls Ii - Euro Ii,14,0,4742.857142857143,0.06543871399866041
Kisumu,2012,50000,Diesel,Automatic,First,12.9,2993.0,271.23,4.0,6660000.0,Jaguar,Xj 3.0L Premium Luxury,14,1,3571.4285714285716,0.09062145005011694
Nyeri,2015,63310,Diesel,Manual,First,28.4,1248.0,74.0,5.0,754799.9999999999,Maruti,Swift Vdi,11,0,5755.454545454545,0.05929487179487179
Nairobi,2014,66000,Diesel,Manual,First,25.8,1498.0,98.6,5.0,518000.0,Honda,Amaze S I-Dtech,12,0,5500.0,0.06582109479305741
Thika,2011,74000,Diesel,Automatic,Second,16.07,1995.0,181.0,5.0,1850000.0,Bmw,3 Series 320D Highline,15,0,4933.333333333333,0.09072681704260652
Kisumu,2012,93000,Diesel,Manual,First,23.5,1396.0,88.7,5.0,821400.0,Hyundai,Verna 1.4 Ex,14,0,6642.857142857143,0.06353868194842408
Nairobi,2015,70000,Diesel,Automatic,First,11.5,2982.0,169.0,7.0,2883040.0,Toyota,Fortuner 4X2 4 Speed At,11,0,6363.636363636364,0.05667337357478203
Thika,2012,48772,Petrol,Manual,First,18.6,1197.0,85.8,5.0,578680.0,Maruti,Swift Vxi,14,0,3483.714285714286,0.07167919799498747
Mombasa,2010,66000,Petrol,Manual,First,18.6,1199.0,79.4,5.0,324120.0,Chevrolet,Beat Ls,16,0,4125.0,0.06622185154295246
Naivasha,2017,27417,Petrol,Automatic,First,18.9,1197.0,82.0,5.0,1019720.0,Hyundai,Grand I10 Asta Option At,9,0,3046.3333333333335,0.06850459482038429
Naivasha,2011,51593,Petrol,Manual,Second,15.6,1196.0,70.0,5.0,513560.0,Ford,Figo Petrol Zxi,15,0,3439.5333333333333,0.05852842809364549
Nairobi,2008,86340,Petrol,Automatic,Second,9.1,2349.0,97.7,5.0,481000.0,Nissan,Teana 230Jm,18,0,4796.666666666667,0.041592166879523204
Eldoret,2010,75000,Petrol,Manual,First,16.1,1298.0,88.2,5.0,421800.0,Maruti,Swift Vxi Bsiii,16,0,4687.5,0.0679506933744222
Naivasha,2016,39237,Diesel,Automatic,First,17.11,1968.0,174.33,5.0,3794720.0,Audi,A4 35 Tdi Premium,10,1,3923.7,0.08858231707317074
Mombasa,2018,11966,Petrol,Manual,First,16.8,1497.0,116.3,5.0,1521439.9999999998,Honda,City V Mt,8,0,1495.75,0.07768871075484302
Kisumu,2015,37000,Petrol,Manual,First,18.2,1199.0,88.7,5.0,932400.0,Honda,Jazz V,11,0,3363.6363636363635,0.07397831526271893
Mombasa,2014,70920,Diesel,Manual,First,20.14,1498.0,88.8,5.0,703000.0,Volkswagen,Polo 1.5 Tdi Highline,12,0,5910.0,0.05927903871829105
Kisumu,2013,65280,Diesel,Manual,First,19.87,1461.0,83.14,5.0,858400.0,Nissan,Terrano Xl D Option,13,0,5021.538461538462,0.056906228610540725
Kisumu,2016,62000,Diesel,Automatic,First,12.51,2179.0,187.7,7.0,6586000.0,Land,Rover Discovery Sport Sd4 Hse Luxury 7S,10,1,6200.0,0.08614043139054611
Mombasa,2014,44525,Petrol,Manual,First,18.5,1197.0,82.9,5.0,688200.0000000001,Hyundai,I20 Magna Optional 1.2,12,0,3710.4166666666665,0.06925647451963242
Nyeri,2009,86863,Petrol,Manual,First,17.0,1497.0,118.0,5.0,532800.0,Honda,City 1.5 E Mt,17,0,5109.588235294118,0.0788243152972612
Kisumu,2015,102626,Diesel,Manual,First,16.0,2179.0,140.0,7.0,1813000.0,Mahindra,Xuv500 W10 Awd,11,0,9329.636363636364,0.06424965580541533
Nyeri,2017,45000,Diesel,Manual,First,16.3,1956.0,170.0,5.0,2960000.0,Jeep,Compass 2.0 Limited Option 4X4,9,0,5000.0,0.0869120654396728
Nyeri,2017,22000,Diesel,Manual,First,16.0,2179.0,140.0,7.0,2368000.0,Mahindra,Xuv500 W10 Awd,9,0,2444.4444444444443,0.06424965580541533
Naivasha,2011,108905,Diesel,Automatic,Second,11.79,2179.0,120.0,8.0,919080.0,Mahindra,Scorpio Vlx 4Wd Airbag At Bsiv,15,0,7260.333333333333,0.05507113354749885
Kisumu,2016,12800,Petrol,Manual,First,19.44,1198.0,67.0,7.0,481000.0,Datsun,Go Plus T,10,0,1280.0,0.055926544240400666
Kisumu,2016,32000,Diesel,Manual,First,15.4,2179.0,120.0,7.0,1443000.0,Mahindra,Scorpio S6 Plus 7 Seater,10,0,3200.0,0.05507113354749885
Nairobi,2014,39000,Petrol,Automatic,First,15.5,1198.0,86.7,5.0,658600.0,Honda,Amaze S At I-Vtech,12,0,3250.0,0.07237061769616027
Eldoret,2017,42000,Diesel,Manual,First,25.6,1498.0,98.6,5.0,1776000.0,Honda,City I-Dtec Zx,9,0,4666.666666666667,0.06582109479305741
Mombasa,2008,73000,Petrol,Manual,First,14.4,1396.0,65.0,5.0,118400.0,Tata,Indigo Gle,18,0,4055.5555555555557,0.04656160458452722
Mombasa,2018,48000,Diesel,Manual,First,24.0,1186.0,73.97,5.0,880600.0,Hyundai,Grand I10 1.2 Crdi Sportz,8,0,6000.0,0.062369308600337264
Eldoret,2015,18000,Cng,Manual,First,33.44,796.0,40.3,4.0,444000.0,Maruti,Alto 800 2016-2019 Cng Lxi,11,0,1636.3636363636363,0.050628140703517586
Kisumu,2014,19000,Petrol,Manual,First,17.43,1396.0,105.5,5.0,777000.0,Hyundai,Verna 1.4 Cx Vtvt,12,0,1583.3333333333333,0.0755730659025788
Naivasha,2019,33598,Diesel,Manual,First,13.68,2393.0,147.8,7.0,3285600.0,Toyota,Innova Crysta 2.4 Vx Mt,7,0,4799.714285714285,0.06176347680735479
Nyeri,2012,63000,Diesel,Automatic,First,17.05,1995.0,184.0,5.0,1998000.0,Bmw,X1 Sdrive20D,14,0,4500.0,0.09223057644110276
Mombasa,2015,48000,Diesel,Automatic,First,16.96,1968.0,138.03,5.0,1998000.0,Volkswagen,Jetta 2013-2015 2.0L Tdi Highline At,11,0,4363.636363636364,0.07013719512195123
Nairobi,2014,66000,Diesel,Manual,First,20.0,1399.0,68.05,5.0,513560.0,Ford,Figo Diesel Zxi,12,0,5500.0,0.04864188706218728
Thika,2013,80000,Diesel,Automatic,Second,11.18,2696.0,184.0,7.0,1406000.0,Mahindra,Ssangyong Rexton Rx7,13,0,6153.846153846154,0.06824925816023739
Mombasa,2011,37000,Petrol,Manual,First,15.04,1598.0,103.6,5.0,710400.0,Volkswagen,Vento Petrol Highline,15,0,2466.6666666666665,0.06483103879849812
Mombasa,2016,35058,Petrol,Manual,First,15.0,1598.0,103.52,5.0,967920.0,Skoda,Rapid 1.6 Mpi Ambition With Alloy Wheel,10,0,3505.8,0.06478097622027534
Nairobi,2012,52000,Petrol,Manual,First,16.47,1198.0,73.9,5.0,458800.0,Volkswagen,Polo Petrol Comfortline 1.2L,14,0,3714.285714285714,0.06168614357262104
Kisumu,2015,61313,Diesel,Manual,First,23.65,1248.0,88.5,5.0,1182520.0,Maruti,S Cross Ddis 200 Delta,11,0,5573.909090909091,0.07091346153846154
Kisumu,2009,45000,Petrol,Manual,Second,14.53,1798.0,138.1,5.0,488400.0,Toyota,Corolla Altis G,17,0,2647.0588235294117,0.0768075639599555
Nakuru,2015,74000,Diesel,Manual,First,20.77,1248.0,88.8,7.0,1295000.0,Maruti,Ertiga Zdi,11,0,6727.272727272727,0.07115384615384615
Kisumu,2013,89000,Petrol,Automatic,First,19.2,1197.0,80.0,5.0,620120.0000000001,Hyundai,I10 Asta Sunroof At,13,0,6846.153846153846,0.06683375104427736
Mombasa,2019,13414,Diesel,Automatic,First,17.9,2143.0,136.0,5.0,4553960.0,Mercedes-Benz,Cla 200 Cdi Sport,7,1,1916.2857142857142,0.06346243583761083
Nyeri,2006,95000,Petrol,Manual,Second,16.9,1497.0,100.0,5.0,312280.0,Honda,City Zx Vtec,20,0,4750.0,0.06680026720106881
Nyeri,2018,15900,Petrol,Manual,First,18.15,1198.0,82.0,6.0,925000.0,Mahindra,Kuv 100 G80 K8,8,0,1987.5,0.06844741235392321
Nairobi,2011,151000,Diesel,Manual,First,11.5,2982.0,171.0,7.0,1687200.0,Toyota,Fortuner 3.0 Diesel,15,0,10066.666666666666,0.05734406438631791
Nakuru,2011,65000,Petrol,Manual,First,17.0,1497.0,118.0,5.0,769600.0,Honda,City 1.5 V Mt,15,0,4333.333333333333,0.0788243152972612
Naivasha,2017,36824,Diesel,Automatic,First,18.53,1968.0,187.74,5.0,5896320.000000001,Audi,A6 35 Tdi Matrix,9,1,4091.5555555555557,0.09539634146341464
Naivasha,2013,65287,Diesel,Manual,First,20.0,1399.0,68.05,5.0,658600.0,Ford,Figo Diesel Zxi,13,0,5022.076923076923,0.04864188706218728
Kisumu,2014,52000,Diesel,Automatic,First,17.9,2143.0,136.0,5.0,2886000.0,Mercedes-Benz,Gla Class 200 Cdi,12,1,4333.333333333333,0.06346243583761083
Kisumu,2007,33000,Petrol,Manual,First,15.26,1150.0,74.9,5.0,259000.0,Chevrolet,Aveo U-Va 1.2 Ls,19,0,1736.842105263158,0.0651304347826087
Kisumu,2016,71000,Diesel,Manual,First,25.83,1498.0,99.0,5.0,754799.9999999999,Ford,Figo 2015-2019 1.5D Titanium Mt,10,0,7100.0,0.06608811748998665
Nairobi,2013,71000,Diesel,Automatic,First,22.7,1582.0,126.2,5.0,1006400.0,Hyundai,Elantra Crdi Sx At,13,0,5461.538461538462,0.0797724399494311
Kisumu,2016,20000,Petrol,Automatic,First,21.4,1197.0,83.1,5.0,849520.0,Maruti,Baleno Zeta Cvt,10,0,2000.0,0.06942355889724311
Kisumu,2010,71000,Petrol,Manual,First,16.1,1197.0,85.0,5.0,488400.0,Maruti,Swift Lxi Bsiv,16,0,4437.5,0.07101086048454469
Kisumu,2010,29000,Diesel,Automatic,First,9.9,3498.0,271.72,4.0,4736000.0,Mercedes-Benz,Cls-Class 2006-2010 350 Cdi,16,1,1812.5,0.07767867352773014
Thika,2016,27000,Diesel,Automatic,First,21.76,1995.0,190.0,5.0,5180000.0,Bmw,3 Series Luxury Line,10,0,2700.0,0.09523809523809523
Mombasa,2017,19000,Diesel,Automatic,First,28.4,1248.0,73.75,5.0,1317200.0,Maruti,Dzire Amt Zdi Plus,9,0,2111.1111111111113,0.05909455128205128
Nairobi,2011,58000,Petrol,Manual,Second,17.01,1591.0,121.3,5.0,592000.0,Hyundai,Verna 1.6 Sx Vtvt,15,0,3866.6666666666665,0.07624135763670647
Mombasa,2018,42203,Diesel,Manual,First,17.1,1956.0,170.0,5.0,2880080.0,Jeep,Compass 2.0 Longitude,8,0,5275.375,0.0869120654396728
Kisumu,2009,94000,Diesel,Automatic,First,11.4,1991.0,142.0,5.0,777000.0,Hyundai,Sonata Embera 2.0L Crdi At,17,0,5529.411764705882,0.07132094424912104
Nairobi,2013,52000,Cng,Manual,Second,15.1,1196.0,73.0,5.0,384800.0,Maruti,Eeco 5 Str With Ac Plus Htr Cng,13,0,4000.0,0.061036789297658864
Kisumu,2018,4900,Diesel,Manual,First,21.5,1497.0,108.5,5.0,1364560.0000000002,Tata,Nexon 1.5 Revotorq Xz Plus Dual Tone,8,0,612.5,0.07247828991315965
Nyeri,2013,70000,Petrol,Manual,First,21.1,814.0,55.2,5.0,266400.0,Hyundai,Eon Era Plus,13,0,5384.615384615385,0.06781326781326781
Kisumu,2005,100000,Diesel,Manual,Second,13.5,1405.0,97.7,5.0,192400.0,Tata,Indica Dls,21,0,4761.9047619047615,0.06953736654804271
Mombasa,2015,65266,Diesel,Automatic,First,14.69,2993.0,258.0,5.0,4699000.0,Bmw,5 Series 2013-2017 530D M Sport,11,0,5933.272727272727,0.08620113598396258
Nairobi,2014,54569,Diesel,Manual,First,20.77,1248.0,88.76,7.0,886520.0,Maruti,Ertiga Vdi,12,0,4547.416666666667,0.07112179487179487
Mombasa,2015,51361,Petrol,Manual,First,18.0,1198.0,86.7,5.0,731120.0000000001,Honda,Amaze E I-Vtech,11,0,4669.181818181818,0.07237061769616027
Nyeri,2007,125000,Petrol,Manual,Third,16.6,1388.0,68.0,5.0,222000.0,Ford,Fiesta 1.4 Duratec Zxi,19,0,6578.9473684210525,0.04899135446685879
Nakuru,2008,66000,Petrol,Manual,Third,13.5,1799.0,130.0,5.0,481000.0,Honda,Civic 2006-2010 1.8 V Mt,18,0,3666.6666666666665,0.07226236798221233
Kisumu,2007,65047,Lpg,Manual,First,17.3,1061.0,57.5,5.0,288600.0,Maruti,Wagon R Lx Duo Bsiii,19,0,3423.5263157894738,0.05419415645617342
Nairobi,2014,22281,Diesel,Manual,First,20.77,1248.0,88.8,7.0,962000.0,Maruti,Ertiga Zdi,12,0,1856.75,0.07115384615384615
Nairobi,2013,63210,Diesel,Manual,First,24.0,1120.0,70.0,5.0,549080.0,Hyundai,Grand I10 Crdi Sportz,13,0,4862.307692307692,0.0625
Eldoret,2018,31000,Petrol,Manual,First,20.14,1197.0,81.86,5.0,740000.0,Hyundai,Xcent 1.2 Vtvt E Plus,8,0,3875.0,0.0683876357560568
Thika,2008,60000,Petrol,Manual,First,19.81,1086.0,68.05,5.0,294520.0,Hyundai,I10 Era,18,0,3333.3333333333335,0.06266114180478821
Nairobi,2017,32006,Petrol,Manual,First,18.0,1198.0,86.7,5.0,629000.0,Honda,Amaze S I-Vtech,9,0,3556.222222222222,0.07237061769616027
Thika,2009,78000,Diesel,Automatic,First,12.4,2698.0,179.5,5.0,1184000.0,Audi,A6 2.7 Tdi,17,1,4588.235294117647,0.06653076352853966
Nairobi,2011,9489,Petrol,Manual,First,20.36,1197.0,78.9,5.0,436600.0,Hyundai,I10 Magna 1.2 Itech Se,15,0,632.6,0.06591478696741855
Eldoret,2018,5000,Petrol,Manual,First,25.17,799.0,53.3,5.0,518000.0,Renault,Kwid Rxt Optional,8,0,625.0,0.06670838548185232
Nyeri,2012,60000,Diesel,Automatic,Second,15.2,1968.0,140.8,5.0,2368000.0,Audi,A4 New 2.0 Tdi Multitronic,14,1,4285.714285714285,0.07154471544715447
Nyeri,2015,50000,Petrol,Manual,First,22.74,796.0,47.3,5.0,407000.0,Maruti,Alto 800 Lxi Airbag,11,0,4545.454545454545,0.059422110552763814
Nairobi,2015,53000,Petrol,Manual,First,17.8,1497.0,117.3,5.0,1028600.0,Honda,City I Vtec Vx Option,11,0,4818.181818181818,0.0783567134268537
Nairobi,2011,64000,Petrol,Automatic,Second,11.74,1796.0,186.0,5.0,1850000.0,Mercedes-Benz,New C-Class C250 Avantgarde,15,1,4266.666666666667,0.10356347438752785
Naivasha,2017,43827,Diesel,Automatic,First,13.22,2967.0,241.4,5.0,5450840.0,Audi,Q5 3.0 Tdi Quattro Technology,9,1,4869.666666666667,0.08136164475901585
Eldoret,2011,36431,Petrol,Manual,First,16.2,1199.0,74.0,5.0,399600.0,Volkswagen,Polo 1.2 Mpi Comfortline,15,0,2428.733333333333,0.061718098415346125
Nairobi,2017,35000,Diesel,Manual,First,21.38,1396.0,88.7,5.0,1465200.0,Hyundai,Creta 1.4 E Plus Diesel,9,0,3888.8888888888887,0.06353868194842408
Mombasa,2011,94832,Petrol,Manual,First,17.0,1497.0,118.0,5.0,566840.0,Honda,City 1.5 V Mt,15,0,6322.133333333333,0.0788243152972612
Naivasha,2012,88381,Petrol,Manual,First,17.0,1497.0,118.0,5.0,777000.0,Honda,City 1.5 S Mt,14,0,6312.928571428572,0.0788243152972612
Kisumu,2016,45194,Diesel,Manual,First,22.7,1598.0,118.0,5.0,1147000.0,Maruti,S Cross Ddis 320 Alpha,10,0,4519.4,0.07384230287859825
Nairobi,2010,66000,Petrol,Manual,Second,16.51,1586.0,103.2,5.0,364080.0,Maruti,Sx4 Vxi Bsiv,16,0,4125.0,0.06506935687263557
Kisumu,2014,38578,Diesel,Manual,First,23.4,1248.0,74.0,5.0,586080.0,Maruti,Swift Dzire Vdi,12,0,3214.8333333333335,0.05929487179487179
Mombasa,2015,40000,Diesel,Manual,First,20.77,1248.0,88.8,7.0,1221000.0,Maruti,Ertiga Zdi,11,0,3636.3636363636365,0.07115384615384615
Naivasha,2018,20632,Petrol,Manual,First,18.6,1197.0,81.83,5.0,1121840.0,Hyundai,I20 1.2 Spotz,8,0,2579.0,0.06836257309941521
Kisumu,2014,73042,Diesel,Manual,First,24.0,1120.0,70.0,5.0,590520.0,Hyundai,Grand I10 Crdi Magna,12,0,6086.833333333333,0.0625
Nairobi,2014,54257,Petrol,Manual,First,17.4,1497.0,117.3,5.0,925000.0,Honda,City I Vtec Sv,12,0,4521.416666666667,0.0783567134268537
Kisumu,2013,93000,Diesel,Manual,First,20.5,1598.0,103.5,5.0,740000.0,Skoda,Rapid 1.6 Tdi Elegance,13,0,7153.846153846154,0.06476846057571965
Kisumu,2005,102000,Diesel,Automatic,Second,11.0,2987.0,198.5,5.0,688200.0000000001,Mercedes-Benz,E-Class E270 Cdi,21,1,4857.142857142857,0.06645463675929025
Naivasha,2016,28881,Diesel,Automatic,First,13.01,2199.0,194.3,7.0,3162760.0,Hyundai,Santa Fe 4Wd At,10,0,2888.1,0.08835834470213734
Kisumu,2007,52195,Petrol,Manual,First,19.7,796.0,46.3,5.0,259000.0,Maruti,Alto Lxi,19,0,2747.1052631578946,0.05816582914572864
Naivasha,2018,20422,Diesel,Manual,First,12.4,2499.0,134.0,5.0,2381320.0,Isuzu,D-Max V-Cross 4X4,8,0,2552.75,0.053621448579431776
Kisumu,2012,38000,Diesel,Manual,First,24.8,1396.0,88.7,5.0,606799.9999999999,Hyundai,Verna 1.4 Crdi Gl,14,0,2714.285714285714,0.06353868194842408
Naivasha,2015,92885,Diesel,Manual,First,20.0,1399.0,68.0,5.0,526880.0,Ford,Figo Diesel Zxi,11,0,8444.09090909091,0.04860614724803431
Eldoret,2010,43000,Petrol,Manual,Second,17.0,1497.0,118.0,5.0,623080.0,Honda,City 1.5 S Mt,16,0,2687.5,0.0788243152972612
Naivasha,2016,70478,Diesel,Manual,First,17.8,1248.0,97.7,5.0,1015280.0,Maruti,Swift Vdi Bsiv W Abs,10,0,7047.8,0.07828525641025641
Nairobi,2015,57000,Diesel,Manual,First,23.9,1582.0,126.2,5.0,976800.0,Hyundai,Verna 1.6 Crdi S,11,0,5181.818181818182,0.0797724399494311
Naivasha,2018,32434,Petrol,Automatic,First,13.0,1591.0,121.3,5.0,2123800.0,Hyundai,Creta 1.6 Sx Plus Petrol Automatic,8,0,4054.25,0.07624135763670647
Kisumu,2017,32000,Diesel,Manual,First,22.7,1498.0,89.84,5.0,1406000.0,Ford,Ecosport 1.5 Dv5 Mt Titanium,9,0,3555.5555555555557,0.05997329773030708
Nairobi,2011,59000,Diesel,Automatic,First,11.2,2993.0,241.0,4.0,3241200.0,Bmw,X6 Xdrive30D,15,0,3933.3333333333335,0.08052121617106582
Naivasha,2016,76467,Diesel,Automatic,First,18.12,1995.0,190.0,5.0,4506600.0,Bmw,5 Series 2013-2017 520D Luxury Line,10,0,7646.7,0.09523809523809523
Kisumu,2016,100000,Diesel,Manual,First,25.83,1498.0,99.0,5.0,754799.9999999999,Ford,Figo Aspire 1.5 Tdci Ambiente,10,0,10000.0,0.06608811748998665
Eldoret,2013,37086,Petrol,Automatic,First,17.0,1591.0,121.3,5.0,805120.0,Hyundai,Verna Vtvt 1.6 At Ex,13,0,2852.769230769231,0.07624135763670647
Nyeri,2010,135000,Diesel,Manual,First,13.8,1399.0,68.0,5.0,236800.0,Ford,Ikon 1.4 Tdci Duratorq,16,0,8437.5,0.04860614724803431
Mombasa,2014,54862,Diesel,Automatic,First,17.68,1968.0,174.33,5.0,2467160.0000000005,Audi,A6 2011-2015 2.0 Tdi,12,1,4571.833333333333,0.08858231707317074
Kisumu,2010,67758,Petrol,Manual,First,10.8,2354.0,97.7,5.0,1406000.0,Honda,Cr-V Sport,16,0,4234.875,0.04150382327952422
Eldoret,2012,56200,Petrol,Automatic,First,15.0,1396.0,98.6,5.0,569800.0,Hyundai,I20 2015-2017 Sportz At 1.4,14,0,4014.285714285714,0.07063037249283667
Mombasa,2011,169006,Diesel,Manual,First,14.24,2755.0,174.5,7.0,1574720.0,Toyota,Fortuner 2.8 4Wd Mt,15,0,11267.066666666668,0.0633393829401089
Nakuru,2016,20229,Petrol,Manual,First,25.17,799.0,53.3,5.0,518000.0,Renault,Kwid Rxt,10,0,2022.9,0.06670838548185232
Mombasa,2008,62000,Petrol,Manual,Third,18.0,995.0,62.0,5.0,162800.00000000003,Chevrolet,Spark 1.0 Lt,18,0,3444.4444444444443,0.062311557788944726
Kisumu,2011,51500,Petrol,Manual,Second,16.2,1599.0,103.2,5.0,384800.0,Hyundai,Verna Transform Vtvt,15,0,3433.3333333333335,0.06454033771106941
Kisumu,2012,69000,Diesel,Automatic,First,18.88,1995.0,184.0,5.0,2738000.0,Bmw,3 Series 320D Sport Line,14,0,4928.571428571428,0.09223057644110276
Nakuru,2004,167000,Petrol,Manual,First,0.0,1086.0,97.7,5.0,199800.0,Hyundai,Santro Xing Xp,22,0,7590.909090909091,0.08996316758747698
Kisumu,2015,62476,Diesel,Manual,First,26.59,1248.0,74.0,5.0,1176600.0,Maruti,Swift Dzire Vdi,11,0,5679.636363636364,0.05929487179487179
Nyeri,2017,60500,Diesel,Manual,First,25.4,1186.0,73.97,5.0,812520.0,Hyundai,Xcent 1.2 Crdi E Plus,9,0,6722.222222222223,0.062369308600337264
Nairobi,2017,17978,Petrol,Automatic,First,19.0,1199.0,88.7,5.0,1028600.0,Honda,Jazz V Cvt,9,0,1997.5555555555557,0.07397831526271893
Nyeri,2008,300000,Diesel,Manual,First,17.0,1405.0,70.0,5.0,148000.0,Tata,Indigo Ls,18,0,16666.666666666668,0.0498220640569395
Mombasa,2013,123000,Diesel,Manual,Second,17.8,1399.0,67.0,5.0,658600.0,Ford,Fiesta Classic 1.4 Duratorq Clxi,13,0,9461.538461538461,0.04789135096497498
Kisumu,2016,45296,Diesel,Manual,First,25.1,1248.0,88.5,5.0,1034520.0,Maruti,S-Cross Alpha Ddis 200 Sh,10,0,4529.6,0.07091346153846154
Naivasha,2008,77325,Petrol,Manual,First,15.6,1586.0,104.68,5.0,519480.0,Maruti,Sx4 Zxi With Leather Bsiii,18,0,4295.833333333333,0.06600252206809584
Mombasa,2018,25858,Petrol,Automatic,First,21.4,1197.0,83.1,5.0,1115920.0,Maruti,Baleno Zeta Automatic,8,0,3232.25,0.06942355889724311
Nakuru,2016,120000,Diesel,Manual,First,23.2,1248.0,73.94,5.0,540200.0,Maruti,Ritz Ldi,10,0,12000.0,0.05924679487179487
Thika,2016,22000,Diesel,Automatic,First,19.5,1582.0,126.24,5.0,2368000.0,Hyundai,Elantra Crdi Sx At,10,0,2200.0,0.07979772439949431
Kisumu,2012,11000,Petrol,Manual,First,16.2,995.0,62.1,5.0,207200.0,Chevrolet,Spark 1.0 Lt,14,0,785.7142857142857,0.06241206030150754
Nairobi,2017,3900,Petrol,Manual,First,18.6,1197.0,81.83,5.0,954600.0,Hyundai,I20 1.2 Spotz,9,0,433.3333333333333,0.06836257309941521
Kisumu,2016,106092,Diesel,Manual,First,24.4,1120.0,71.0,5.0,651200.0000000001,Hyundai,Xcent 1.1 Crdi Base,10,0,10609.2,0.06339285714285714
Nairobi,2015,27000,Petrol,Automatic,First,19.0,1199.0,88.7,5.0,880600.0,Honda,Jazz 1.2 V Cvt I Vtec,11,0,2454.5454545454545,0.07397831526271893
Thika,2013,11000,Petrol,Manual,First,19.4,1198.0,86.8,5.0,577200.0,Honda,Brio S Mt,13,0,846.1538461538462,0.07245409015025041
Naivasha,2016,39753,Diesel,Automatic,First,13.0,2143.0,201.1,5.0,5221440.0,Mercedes-Benz,E-Class E250 Cdi Avantgrade,10,1,3975.3,0.09384041063929072
Eldoret,2017,39800,Diesel,Manual,First,17.6,2179.0,153.86,7.0,2109000.0,Tata,Hexa Xt,9,0,4422.222222222223,0.07061037173015146
Eldoret,2017,73000,Diesel,Manual,First,24.4,1120.0,71.0,5.0,666000.0,Hyundai,Xcent 1.1 Crdi Base,9,0,8111.111111111111,0.06339285714285714
Eldoret,2015,55000,Diesel,Manual,First,22.7,1498.0,89.84,5.0,1110000.0,Ford,Ecosport 1.5 Dv5 Mt Titanium Optional,11,0,5000.0,0.05997329773030708
Naivasha,2017,18351,Petrol,Automatic,First,21.9,624.0,37.48,4.0,504680.0,Tata,Nano Xta,9,0,2039.0,0.06006410256410256
Eldoret,2013,45000,Petrol,Manual,Second,19.4,1198.0,86.8,5.0,481000.0,Honda,Brio Vx,13,0,3461.5384615384614,0.07245409015025041
Kisumu,2016,112200,Diesel,Manual,First,24.52,1248.0,88.5,7.0,1228400.0000000002,Maruti,Ertiga Shvs Zdi Plus,10,0,11220.0,0.07091346153846154
Nakuru,2010,29000,Petrol,Manual,First,20.36,1197.0,78.9,5.0,510600.0,Hyundai,I10 Sportz 1.2,16,0,1812.5,0.06591478696741855
Kisumu,2007,57309,Petrol,Manual,First,17.0,1086.0,97.7,5.0,310800.0,Hyundai,Santro Xing Xo,19,0,3016.2631578947367,0.08996316758747698
Nairobi,2015,53392,Diesel,Manual,First,16.0,2179.0,140.0,7.0,1768600.0,Mahindra,Xuv500 W10 2Wd,11,0,4853.818181818182,0.06424965580541533
Kisumu,2010,71000,Diesel,Manual,First,20.54,1598.0,103.6,5.0,629000.0,Volkswagen,Vento Diesel Highline,16,0,4437.5,0.06483103879849812
Kisumu,2014,93000,Diesel,Manual,First,14.0,2179.0,138.1,7.0,1221000.0,Tata,Safari Storme 2012-2015 Vx,12,0,7750.0,0.06337769619091325
Kisumu,2010,119000,Petrol,Manual,First,10.2,2354.0,180.0,5.0,880600.0,Honda,Accord 2.4 Elegance M/T,16,0,7437.5,0.07646559048428207
Naivasha,2016,42225,Petrol,Manual,First,15.1,1196.0,73.0,7.0,636400.0,Maruti,Eeco 7 Seater Standard,10,0,4222.5,0.061036789297658864
Thika,2012,65000,Diesel,Manual,First,22.9,1248.0,74.0,5.0,577200.0,Maruti,Swift Vdi,14,0,4642.857142857143,0.05929487179487179
Eldoret,2016,27809,Petrol,Automatic,First,21.4,1197.0,83.1,5.0,948680.0,Maruti,Baleno Zeta Automatic,10,0,2780.9,0.06942355889724311
Naivasha,2015,65100,Diesel,Manual,First,15.1,2179.0,140.0,7.0,1237280.0,Mahindra,Xuv500 W8 2Wd,11,0,5918.181818181818,0.06424965580541533
Mombasa,2014,51000,Petrol,Manual,First,19.1,1197.0,82.0,5.0,569800.0,Hyundai,Xcent 1.2 Kappa S,12,0,4250.0,0.06850459482038429
Kisumu,2017,10000,Diesel,Automatic,First,19.27,2143.0,167.62,5.0,5328000.0,Mercedes-Benz,New C-Class C 220 Cdi Style,9,1,1111.111111111111,0.07821745216985534
Kisumu,2011,54895,Petrol,Manual,First,13.14,1798.0,160.0,5.0,1110000.0,Skoda,Superb 1.8 Tsi Mt,15,0,3659.6666666666665,0.08898776418242492
Kisumu,2015,80768,Diesel,Manual,First,20.14,1498.0,88.73,5.0,843600.0,Volkswagen,Crosspolo 1.5 Tdi,11,0,7342.545454545455,0.05923230974632844
Mombasa,2019,12076,Petrol,Manual,First,20.89,1197.0,81.8,5.0,814000.0,Maruti,Ignis 1.2 Delta,7,0,1725.142857142857,0.0683375104427736
Mombasa,2016,49000,Diesel,Manual,First,25.2,1248.0,74.0,5.0,873200.0,Maruti,Swift Vdi Bsiv,10,0,4900.0,0.05929487179487179
Nairobi,2015,42366,Petrol,Manual,First,17.8,1497.0,117.3,5.0,1147000.0,Honda,City I Vtec Vx Option,11,0,3851.4545454545455,0.0783567134268537
Thika,2010,68000,Diesel,Automatic,First,11.5,2993.0,235.0,5.0,2664000.0,Bmw,5 Series 530D Highline Sedan,16,0,4250.0,0.07851653859004344
Kisumu,2008,122397,Diesel,Manual,First,17.5,1896.0,106.0,5.0,651200.0000000001,Skoda,Laura Ambiente,18,0,6799.833333333333,0.05590717299578059
Naivasha,2017,50534,Petrol,Automatic,First,17.21,1197.0,103.5,5.0,1223960.0,Volkswagen,Polo Gt Tsi,9,0,5614.888888888889,0.08646616541353383
Thika,2014,55300,Diesel,Manual,First,19.87,1461.0,83.8,5.0,703000.0,Renault,Duster 85Ps Diesel Rxl,12,0,4608.333333333333,0.05735797399041752
Kisumu,2008,73095,Petrol,Automatic,First,16.8,1497.0,118.0,5.0,562400.0,Honda,City 1.5 S At,18,0,4060.8333333333335,0.0788243152972612
Thika,2011,51100,Diesel,Manual,First,20.54,1598.0,103.6,5.0,503200.0,Volkswagen,Vento Diesel Highline,15,0,3406.6666666666665,0.06483103879849812
Eldoret,2016,13436,Petrol,Manual,Second,18.9,1197.0,82.0,5.0,695600.0,Hyundai,Grand I10 Sportz,10,0,1343.6,0.06850459482038429
Eldoret,2008,76000,Petrol,Manual,Second,16.6,1388.0,68.0,5.0,220520.0,Ford,Fiesta 1.4 Zxi Duratec,18,0,4222.222222222223,0.04899135446685879
Nairobi,2016,63141,Diesel,Manual,Second,24.4,1120.0,71.0,5.0,666000.0,Hyundai,Xcent 1.1 Crdi S,10,0,6314.1,0.06339285714285714
Kisumu,2014,74885,Diesel,Manual,First,25.8,1498.0,98.6,5.0,799200.0,Honda,Amaze Vx I-Dtec,12,0,6240.416666666667,0.06582109479305741
Kisumu,2016,14000,Petrol,Automatic,First,18.0,1497.0,117.3,5.0,1702000.0,Honda,City I Vtec Cvt Vx,10,0,1400.0,0.0783567134268537
Eldoret,2012,56000,Diesel,Manual,Second,20.4,1461.0,108.5,5.0,518000.0,Renault,Fluence 1.5,14,0,4000.0,0.07426420260095824
Thika,2010,46000,Diesel,Automatic,First,22.48,1995.0,190.0,5.0,2442000.0,Bmw,5 Series 520D Luxury Line,16,0,2875.0,0.09523809523809523
Nairobi,2012,51800,Petrol,Manual,First,15.5,1586.0,103.3,5.0,577200.0,Maruti,Sx4 Zxi Mt Bsiv,14,0,3700.0,0.06513240857503153
Kisumu,2007,81000,Petrol,Automatic,First,16.4,1497.0,78.0,5.0,481000.0,Honda,City Zx Cvt,19,0,4263.1578947368425,0.052104208416833664
Mombasa,2018,17370,Petrol,Manual,First,17.0,1198.0,73.75,5.0,864320.0,Volkswagen,Ameo 1.2 Mpi Comfortline,8,0,2171.25,0.061560934891485806
Kisumu,2016,18456,Petrol,Manual,First,17.0,1198.0,73.75,5.0,851000.0,Volkswagen,Ameo 1.2 Mpi Comfortline,10,0,1845.6,0.061560934891485806
Nairobi,2010,59000,Diesel,Automatic,First,16.55,1968.0,140.0,5.0,1480000.0,Audi,A4 2.0 Tdi Multitronic,16,1,3687.5,0.07113821138211382
Nairobi,2006,141537,Petrol,Manual,Second,18.9,998.0,67.1,5.0,155400.0,Maruti,Wagon R Vxi,20,0,7076.85,0.06723446893787574
Nairobi,2013,51000,Diesel,Automatic,First,19.08,1582.0,126.32,5.0,834720.0,Hyundai,Verna Sx Crdi At,13,0,3923.076923076923,0.07984829329962073
Naivasha,2019,29311,Diesel,Automatic,First,17.9,2143.0,170.0,5.0,7543560.0,Mercedes-Benz,Glc 220D 4Matic Style,7,1,4187.285714285715,0.07932804479701354
Nairobi,2016,31000,Diesel,Automatic,First,21.76,1995.0,190.0,5.0,4432600.0,Bmw,3 Series Luxury Line,10,0,3100.0,0.09523809523809523
Nairobi,2014,80000,Diesel,Manual,Second,24.2,1498.0,98.6,7.0,717799.9999999999,Honda,Mobilio V Option I Dtec,12,0,6666.666666666667,0.06582109479305741
Kisumu,2016,33000,Diesel,Automatic,First,17.01,1582.0,126.2,5.0,2146000.0,Hyundai,Creta 1.6 Crdi At Sx Plus,10,0,3300.0,0.0797724399494311
Kisumu,2011,71556,Petrol,Manual,First,17.0,1497.0,118.0,5.0,814000.0,Honda,City 1.5 S Mt,15,0,4770.4,0.0788243152972612
Nakuru,2011,85000,Diesel,Manual,First,17.8,1399.0,68.0,5.0,473600.0,Ford,Fiesta 1.4 Tdci Exi,15,0,5666.666666666667,0.04860614724803431
Mombasa,2016,91000,Diesel,Manual,First,26.59,1248.0,74.0,5.0,666000.0,Maruti,Swift Dzire Ldi,10,0,9100.0,0.05929487179487179
Naivasha,2015,73187,Diesel,Automatic,First,13.0,2143.0,204.0,5.0,4546560.0,Mercedes-Benz,E-Class E250 Cdi Launch Edition,11,1,6653.363636363636,0.09519365375641624
Nyeri,2009,232000,Diesel,Manual,First,11.5,1991.0,147.9,7.0,518000.0,Chevrolet,Captiva Lt,17,0,13647.058823529413,0.07428427925665496
Nakuru,2007,127079,Diesel,Manual,First,12.8,2494.0,102.0,7.0,1034520.0,Toyota,Innova 2.5 V Diesel 7-Seater,19,0,6688.368421052632,0.0408981555733761
Mombasa,2014,58816,Diesel,Manual,First,17.21,1493.0,100.0,7.0,510600.0,Mahindra,Quanto C8,12,0,4901.333333333333,0.06697923643670463
Mombasa,2015,63818,Petrol,Manual,First,17.4,1497.0,117.3,5.0,972360.0,Honda,City I Vtec V,11,0,5801.636363636364,0.0783567134268537
Kisumu,2014,40000,Diesel,Automatic,First,17.11,1968.0,174.33,5.0,2590000.0,Audi,A4 2.0 Tdi 177 Bhp Premium Plus,12,1,3333.3333333333335,0.08858231707317074
Nairobi,2013,77445,Diesel,Manual,First,22.07,1199.0,73.9,5.0,555000.0,Volkswagen,Polo Diesel Comfortline 1.2L,13,0,5957.307692307692,0.06163469557964971
Eldoret,2017,14000,Petrol,Automatic,First,14.8,1497.0,121.36,5.0,1478520.0,Ford,Ecosport 1.5 Petrol Titanium Plus At,9,0,1555.5555555555557,0.08106880427521711
Kisumu,2012,85122,Diesel,Manual,First,12.99,2494.0,100.0,7.0,1213599.9999999998,Toyota,Innova 2.5 G (Diesel) 7 Seater Bs Iv,14,0,6080.142857142857,0.040096230954290296
Nyeri,2005,123000,Petrol,Manual,Third,13.0,1493.0,100.0,5.0,162800.00000000003,Honda,City 1.5 Exi,21,0,5857.142857142857,0.06697923643670463
Mombasa,2015,61000,Cng,Manual,First,22.1,1586.0,85.7,5.0,575720.0,Maruti,Sx4 Green Vxi (Cng),11,0,5545.454545454545,0.05403530895334174
Mombasa,2015,63714,Petrol,Manual,First,24.7,796.0,47.3,5.0,362600.00000000006,Maruti,Alto 800 2016-2019 Lxi Optional,11,0,5792.181818181818,0.059422110552763814
Eldoret,2009,53000,Diesel,Automatic,First,8.7,2987.0,224.34,5.0,2035000.0,Mercedes-Benz,M-Class Ml 320 Cdi,17,1,3117.6470588235293,0.07510545698024775
Kisumu,2017,60000,Diesel,Manual,First,26.59,1248.0,74.0,5.0,444000.0,Maruti,Swift Dzire Ldi,9,0,6666.666666666667,0.05929487179487179
Thika,2017,33000,Diesel,Manual,First,24.3,1248.0,88.5,5.0,1369000.0,Maruti,Vitara Brezza Zdi Plus Dual Tone,9,0,3666.6666666666665,0.07091346153846154
Nairobi,2013,31000,Diesel,Automatic,First,13.2,2400.0,215.0,5.0,2612199.9999999995,Volvo,S60 D5 Summum,13,1,2384.6153846153848,0.08958333333333333
Nairobi,2014,79000,Diesel,Automatic,First,12.55,2982.0,168.5,7.0,2701000.0,Toyota,Fortuner 4X2 At,12,0,6583.333333333333,0.05650570087189805
Mombasa,2013,67914,Diesel,Manual,First,23.0,1396.0,90.0,5.0,510600.0,Hyundai,I20 Sportz Option Diesel,13,0,5224.153846153846,0.06446991404011461
Nakuru,2015,58970,Diesel,Automatic,First,17.11,1968.0,174.33,5.0,3515000.0,Audi,A4 35 Tdi Premium,11,1,5360.909090909091,0.08858231707317074
Nairobi,2013,60000,Diesel,Manual,Second,19.64,1461.0,108.5,5.0,806600.0,Nissan,Terrano Xv D Pre,13,0,4615.384615384615,0.07426420260095824
Naivasha,2017,35225,Petrol,Automatic,First,23.1,998.0,67.04,5.0,777000.0,Maruti,Celerio Zxi Amt,9,0,3913.8888888888887,0.06717434869739479
Nairobi,2005,69496,Petrol,Manual,First,15.9,1298.0,97.7,5.0,162800.00000000003,Maruti,Esteem Vxi,21,0,3309.3333333333335,0.07526964560862866
Nairobi,2012,62282,Petrol,Automatic,First,16.95,1197.0,78.9,5.0,429200.0,Hyundai,I10 Sportz At,14,0,4448.714285714285,0.06591478696741855
Kisumu,2010,80000,Diesel,Automatic,First,22.69,1995.0,190.0,5.0,2101600.0,Bmw,3 Series 320D,16,0,5000.0,0.09523809523809523
Mombasa,2018,43698,Petrol,Manual,First,18.9,1197.0,82.0,5.0,858400.0,Hyundai,Grand I10 Sportz,8,0,5462.25,0.06850459482038429
Naivasha,2017,28052,Petrol,Automatic,First,18.9,1197.0,82.0,5.0,1068560.0,Hyundai,Grand I10 Asta Option At,9,0,3116.8888888888887,0.06850459482038429
Naivasha,2016,29091,Petrol,Manual,First,18.9,1197.0,81.86,5.0,720760.0,Hyundai,Grand I10 1.2 Kappa Sportz,10,0,2909.1,0.0683876357560568
Nairobi,2013,63000,Petrol,Manual,First,16.47,1198.0,74.0,5.0,488400.0,Volkswagen,Polo 1.2 Mpi Comfortline,13,0,4846.153846153846,0.06176961602671119
Kisumu,2007,91000,Petrol,Manual,Second,17.7,1497.0,78.0,5.0,444000.0,Honda,City Zx Exi,19,0,4789.473684210527,0.052104208416833664
Kisumu,2014,30000,Diesel,Automatic,First,17.9,2143.0,136.0,5.0,3848000.0,Mercedes-Benz,Gla Class 200 Cdi,12,1,2500.0,0.06346243583761083
Kisumu,2017,24571,Petrol,Manual,First,14.0,796.0,35.0,5.0,429200.0,Maruti,Omni 8 Seater Bsiv,9,0,2730.1111111111113,0.04396984924623116
Nakuru,2014,45000,Petrol,Automatic,First,15.74,1591.0,121.3,5.0,1110000.0,Hyundai,Verna 1.6 Sx Vtvt At,12,0,3750.0,0.07624135763670647
Kisumu,2015,24617,Petrol,Manual,First,22.74,796.0,47.3,5.0,349280.0,Maruti,Alto 800 Lxi,11,0,2237.909090909091,0.059422110552763814
Naivasha,2017,26927,Diesel,Manual,First,24.3,1248.0,88.5,5.0,1685720.0,Maruti,Vitara Brezza Zdi Plus Dual Tone,9,0,2991.8888888888887,0.07091346153846154
Mombasa,2013,87736,Diesel,Manual,First,15.1,2179.0,140.0,7.0,1038960.0,Mahindra,Xuv500 W8 2Wd,13,0,6748.923076923077,0.06424965580541533
Nairobi,2016,35299,Diesel,Manual,First,24.3,1248.0,88.5,5.0,1184000.0,Maruti,Vitara Brezza Zdi,10,0,3529.9,0.07091346153846154
Mombasa,2017,51612,Petrol,Manual,First,18.6,1197.0,81.83,5.0,1052280.0,Hyundai,I20 1.2 Spotz,9,0,5734.666666666667,0.06836257309941521
Nairobi,1998,55300,Diesel,Automatic,First,10.0,1796.0,157.7,5.0,577200.0,Mercedes-Benz,E-Class 250 D W 210,28,1,1975.0,0.08780623608017817
Kisumu,2009,65090,Petrol,Manual,First,19.7,796.0,46.3,5.0,318200.0,Maruti,Alto Lxi,17,0,3828.823529411765,0.05816582914572864
Kisumu,2013,40000,Petrol,Manual,First,18.0,1198.0,86.7,5.0,481000.0,Honda,Amaze S I-Vtech,13,0,3076.923076923077,0.07237061769616027
Mombasa,2015,38467,Diesel,Automatic,First,12.65,2993.0,255.0,5.0,10457680.0,Land,Rover Range Rover Sport Hse,11,1,3497.0,0.08519879719345139
Nairobi,2013,71904,Diesel,Manual,First,24.0,1120.0,70.0,5.0,682280.0000000001,Hyundai,Grand I10 Crdi Magna,13,0,5531.076923076923,0.0625
Nairobi,2008,87000,Petrol,Manual,First,13.5,1799.0,130.0,5.0,347800.0,Honda,Civic 2006-2010 1.8 S Mt,18,0,4833.333333333333,0.07226236798221233
Mombasa,2014,33000,Diesel,Manual,Second,24.0,1120.0,70.0,5.0,599400.0,Hyundai,Grand I10 Crdi Magna,12,0,2750.0,0.0625
Nyeri,2009,22100,Petrol,Manual,Second,16.1,796.0,37.0,4.0,118400.0,Maruti,800 Ac Uniq,17,0,1300.0,0.04648241206030151
Kisumu,2014,59589,Diesel,Manual,First,23.59,1364.0,67.1,5.0,828800.0,Toyota,Etios Liva Diesel,12,0,4965.75,0.04919354838709677
Nairobi,2015,44000,Diesel,Manual,First,22.54,1396.0,88.73,5.0,791800.0,Hyundai,I20 Magna 1.4 Crdi,11,0,4000.0,0.06356017191977077
Nairobi,2017,12000,Petrol,Manual,First,24.07,998.0,67.1,5.0,481000.0,Maruti,Alto K10 Vxi,9,0,1333.3333333333333,0.06723446893787574
Eldoret,2012,66000,Diesel,Automatic,Second,17.05,1995.0,184.0,5.0,1702000.0,Bmw,X1 Sdrive20D,14,0,4714.285714285715,0.09223057644110276
Eldoret,2016,38009,Petrol,Automatic,First,23.1,998.0,67.04,5.0,629000.0,Maruti,Celerio Vxi At,10,0,3800.9,0.06717434869739479
Nairobi,2009,35000,Petrol,Automatic,Second,13.7,1798.0,157.75,5.0,658600.0,Skoda,Superb Elegance 1.8 Tsi At,17,0,2058.823529411765,0.08773637374860957
Eldoret,2009,70000,Diesel,Manual,First,14.0,2498.0,112.0,7.0,421800.0,Mahindra,Xylo E4,17,0,4117.64705882353,0.04483586869495596
Nairobi,2014,86000,Diesel,Manual,First,15.1,2179.0,140.0,7.0,1161800.0,Mahindra,Xuv500 W8 2Wd,12,0,7166.666666666667,0.06424965580541533
Eldoret,2016,32000,Petrol,Manual,First,19.1,1197.0,85.8,5.0,784400.0,Maruti,Swift Dzire Vxi,10,0,3200.0,0.07167919799498747
Nairobi,2017,15000,Petrol,Manual,First,18.88,999.0,123.24,5.0,1184000.0,Ford,Ecosport 1.0 Ecoboost Platinum Edition,9,0,1666.6666666666667,0.12336336336336336
Naivasha,2014,69918,Diesel,Manual,First,21.43,1364.0,87.2,5.0,1395640.0,Toyota,Corolla Altis Diesel D4Dg,12,0,5826.5,0.06392961876832845
Eldoret,2012,39000,Petrol,Manual,First,18.5,1197.0,80.0,5.0,407000.0,Hyundai,I20 2015-2017 1.2 Magna,14,0,2785.714285714286,0.06683375104427736
Nairobi,2018,1011,Diesel,Manual,First,20.37,1461.0,108.45,5.0,1998000.0,Renault,Captur 1.5 Diesel Platine Mono,8,0,126.375,0.0742299794661191
Kisumu,2009,85000,Diesel,Automatic,First,11.0,2987.0,198.5,5.0,1478520.0,Mercedes-Benz,E-Class 280 Cdi,17,1,5000.0,0.06645463675929025
Mombasa,2017,46663,Petrol,Manual,First,21.1,998.0,100.0,5.0,1028600.0,Maruti,Baleno Rs 1.0 Petrol,9,0,5184.777777777777,0.10020040080160321
Mombasa,2015,27000,Petrol,Automatic,First,17.97,1498.0,99.6,5.0,999000.0,Nissan,Sunny 2011-2014 Xl At Special Edition,11,0,2454.5454545454545,0.0664886515353805
Mombasa,2015,15000,Petrol,Automatic,First,18.9,1197.0,82.0,5.0,814000.0,Hyundai,Grand I10 At Asta,11,0,1363.6363636363637,0.06850459482038429
Mombasa,2018,10575,Petrol,Manual,First,21.56,1462.0,103.25,5.0,1358640.0,Maruti,Ciaz Zeta,8,0,1321.875,0.07062243502051983
Nyeri,2014,12500,Petrol,Manual,First,19.1,1197.0,82.0,5.0,614200.0000000001,Hyundai,Xcent 1.2 Kappa S,12,0,1041.6666666666667,0.06850459482038429
Thika,2012,52000,Diesel,Manual,First,22.32,1582.0,126.32,5.0,962000.0,Hyundai,Verna 1.6 Sx Crdi (O),14,0,3714.285714285714,0.07984829329962073
Mombasa,2015,49818,Petrol,Manual,First,21.5,1197.0,81.8,5.0,608280.0000000001,Maruti,Wagon R Vxi 1.2,11,0,4528.909090909091,0.0683375104427736
Kisumu,2008,90000,Diesel,Manual,Second,16.8,1493.0,110.0,5.0,333000.0,Hyundai,Verna Crdi,18,0,5000.0,0.07367716008037509
Mombasa,2015,52207,Petrol,Manual,First,17.71,1197.0,78.9,5.0,674879.9999999999,Toyota,Etios Liva G,11,0,4746.090909090909,0.06591478696741855
Eldoret,2013,167362,Diesel,Manual,First,11.68,2498.0,112.0,7.0,592000.0,Mahindra,Xylo E4 Abs Bs Iii,13,0,12874.0,0.04483586869495596
Naivasha,2015,49894,Diesel,Manual,First,23.59,1364.0,67.06,5.0,779960.0,Toyota,Etios Liva Gd,11,0,4535.818181818182,0.04916422287390029
Mombasa,2019,13024,Diesel,Manual,First,18.06,2523.0,63.0,7.0,1348280.0,Mahindra,Thar Di 4X4,7,0,1860.5714285714287,0.02497027348394768
Eldoret,2010,128000,Diesel,Manual,Second,14.42,1995.0,147.6,5.0,917600.0,Nissan,X-Trail Slx Mt,16,0,8000.0,0.07398496240601503
Mombasa,2017,26023,Diesel,Automatic,First,11.36,2755.0,171.5,7.0,2955560.0,Toyota,Innova Crysta 2.8 Zx At,9,0,2891.4444444444443,0.062250453720508164
Nairobi,2016,42784,Diesel,Manual,First,21.38,1396.0,88.7,5.0,1505160.0,Hyundai,Creta 1.4 Crdi S,10,0,4278.4,0.06353868194842408
Eldoret,2014,115000,Diesel,Manual,First,28.4,1248.0,74.0,5.0,666000.0,Maruti,Swift Vdi,12,0,9583.333333333334,0.05929487179487179
Mombasa,2019,30529,Diesel,Manual,First,23.9,1582.0,126.2,5.0,2113440.0,Hyundai,Verna 1.6 Crdi Sx Option,7,0,4361.285714285715,0.0797724399494311
Mombasa,2012,14814,Petrol,Manual,Second,19.7,796.0,46.3,5.0,365560.00000000006,Maruti,Alto Lxi Bsiii,14,0,1058.142857142857,0.05816582914572864
Thika,2016,58000,Diesel,Manual,First,23.65,1248.0,88.5,5.0,1169200.0,Maruti,S Cross Ddis 200 Alpha,10,0,5800.0,0.07091346153846154
Kisumu,2011,68128,Petrol,Manual,First,21.1,814.0,55.2,5.0,340399.99999999994,Hyundai,Eon Era,15,0,4541.866666666667,0.06781326781326781
Kisumu,2013,63220,Petrol,Manual,First,13.24,1598.0,102.5,5.0,962000.0,Nissan,Terrano Xl,13,0,4863.076923076923,0.06414267834793493
Kisumu,2016,30000,Petrol,Manual,First,21.1,814.0,55.2,5.0,481000.0,Hyundai,Eon Era,10,0,3000.0,0.06781326781326781
Nakuru,2017,27768,Diesel,Manual,First,20.65,1248.0,88.7,5.0,865800.0,Tata,Zest Quadrajet 1.3 Xt,9,0,3085.3333333333335,0.07107371794871795
Kisumu,2014,53000,Diesel,Automatic,Second,14.21,2143.0,203.0,5.0,4292000.0,Mercedes-Benz,E-Class 2009-2013 E250 Cdi Elegance,12,1,4416.666666666667,0.09472701819878675
Naivasha,2014,87652,Diesel,Automatic,Second,14.16,1968.0,174.3,5.0,3805080.0,Audi,Q5 2.0 Tdi Premium Plus,12,1,7304.333333333333,0.08856707317073172
Mombasa,2008,94873,Petrol,Manual,Second,15.3,1596.0,101.0,5.0,273800.0,Ford,Fiesta 1.6 Zxi Leather,18,0,5270.722222222223,0.06328320802005012
Nairobi,2015,56000,Diesel,Automatic,First,18.88,1995.0,184.0,5.0,3367000.0,Bmw,3 Series 320D Prestige,11,0,5090.909090909091,0.09223057644110276
Mombasa,2018,18678,Petrol,Manual,First,21.1,998.0,100.0,5.0,1231360.0,Maruti,Baleno Rs 1.0 Petrol,8,0,2334.75,0.10020040080160321
Nairobi,2014,30000,Diesel,Automatic,First,14.21,2143.0,203.0,5.0,3848000.0,Mercedes-Benz,E-Class 2009-2013 E250 Cdi Blue Efficiency,12,1,2500.0,0.09472701819878675
Nairobi,2012,129000,Diesel,Automatic,First,12.8,2953.0,97.7,5.0,1036000.0,Ford,Endeavour Hurricane Le,14,0,9214.285714285714,0.03308499830680664
Kisumu,2013,59000,Petrol,Manual,First,20.36,1197.0,78.9,5.0,510600.0,Hyundai,I10 Sportz 1.2,13,0,4538.461538461538,0.06591478696741855
Nairobi,2017,13000,Petrol,Manual,First,18.9,1197.0,82.0,5.0,762200.0000000001,Hyundai,Grand I10 Asta Option,9,0,1444.4444444444443,0.06850459482038429
Mombasa,2014,74325,Petrol,Manual,First,19.4,1198.0,86.8,5.0,519480.0,Honda,Brio S Mt,12,0,6193.75,0.07245409015025041
Kisumu,2015,45000,Diesel,Manual,First,21.9,1396.0,88.76,5.0,510600.0,Hyundai,I20 Magna 1.4 Crdi (Diesel),11,0,4090.909090909091,0.06358166189111748
Eldoret,2013,57000,Petrol,Manual,First,16.47,1198.0,73.9,5.0,555000.0,Volkswagen,Polo Petrol Highline 1.2L,13,0,4384.615384615385,0.06168614357262104
Eldoret,2001,125943,Petrol,Manual,Second,13.0,1493.0,100.0,5.0,214600.0,Honda,City 1.5 Exi,25,0,5037.72,0.06697923643670463
Nairobi,2008,80000,Diesel,Manual,First,18.7,1896.0,66.0,5.0,325600.00000000006,Skoda,Octavia Ambiente 1.9 Tdi,18,0,4444.444444444444,0.03481012658227848
Kisumu,2010,154000,Diesel,Manual,First,13.1,2499.0,141.0,7.0,1182520.0,Ford,Endeavour 2.5L 4X2,16,0,9625.0,0.056422569027611044
Nakuru,2013,62000,Diesel,Manual,Second,18.3,1991.0,147.9,5.0,999000.0,Chevrolet,Cruze Ltz,13,0,4769.2307692307695,0.07428427925665496
Kisumu,2013,27000,Petrol,Automatic,First,14.0,1493.0,97.7,5.0,1774520.0,Honda,Cr-V At With Sun Roof,13,0,2076.923076923077,0.06543871399866041
Kisumu,2014,45000,Diesel,Manual,First,24.2,1498.0,98.6,7.0,740000.0,Honda,Mobilio V I Dtec,12,0,3750.0,0.06582109479305741
Eldoret,2012,105000,Diesel,Manual,Second,20.77,1248.0,88.76,7.0,873200.0,Maruti,Ertiga Vdi,14,0,7500.0,0.07112179487179487
Nairobi,2013,26000,Petrol,Manual,First,18.9,1197.0,82.0,5.0,555000.0,Hyundai,Grand I10 Sportz,13,0,2000.0,0.06850459482038429
Nairobi,2014,30900,Diesel,Automatic,First,14.74,2993.0,270.9,5.0,4366000.0,Jaguar,Xf 3.0 Litre S Premium Luxury,12,1,2575.0,0.09051119278316071
Mombasa,2014,48000,Petrol,Manual,First,18.0,1198.0,86.7,5.0,703000.0,Honda,Amaze Vx I-Vtech,12,0,4000.0,0.07237061769616027
Eldoret,2011,112719,Diesel,Automatic,First,12.4,2698.0,179.5,5.0,1702000.0,Audi,A6 2.7 Tdi,15,1,7514.6,0.06653076352853966
Mombasa,2017,5000,Petrol,Manual,First,18.6,1197.0,81.83,5.0,1028600.0,Hyundai,I20 1.2 Spotz,9,0,555.5555555555555,0.06836257309941521
Nairobi,2016,16000,Petrol,Manual,First,17.0,1198.0,73.75,5.0,799200.0,Volkswagen,Ameo 1.2 Mpi Highline Plus 16,10,0,1600.0,0.061560934891485806
Nyeri,2011,63000,Petrol,Automatic,First,13.4,1997.0,135.1,5.0,703000.0,Renault,Fluence 2.0,15,0,4200.0,0.06765147721582374
Mombasa,2011,28300,Petrol,Manual,First,24.07,998.0,67.1,5.0,318200.0,Maruti,Alto K10 Vxi,15,0,1886.6666666666667,0.06723446893787574
Nyeri,2005,49000,Petrol,Manual,First,19.7,796.0,46.3,5.0,133200.0,Maruti,Alto Std,21,0,2333.3333333333335,0.05816582914572864
Kisumu,2016,12501,Petrol,Manual,First,20.51,998.0,67.04,5.0,518000.0,Maruti,Wagon R Vxi Bs Iv,10,0,1250.1,0.06717434869739479
Mombasa,2016,56628,Diesel,Manual,First,20.4,1248.0,92.0,5.0,865800.0,Fiat,Linea 1.3 Emotion,10,0,5662.8,0.07371794871794872
Eldoret,2010,105000,Diesel,Manual,First,19.3,1248.0,73.9,5.0,466200.0,Maruti,Swift Dzire Vdi Bsiv,16,0,6562.5,0.059214743589743594
Eldoret,2016,52126,Diesel,Manual,First,21.64,1461.0,84.8,5.0,888000.0,Renault,Scala Diesel Rxl,10,0,5212.6,0.05804243668720054
Kisumu,2010,38000,Petrol,Manual,First,18.5,1197.0,80.0,5.0,330040.0,Hyundai,I20 Magna,16,0,2375.0,0.06683375104427736
Nakuru,2016,50000,Petrol,Manual,First,19.1,1197.0,82.0,5.0,370000.0,Hyundai,Xcent 1.2 Kappa Sx Option,10,0,5000.0,0.06850459482038429
Mombasa,2015,50230,Petrol,Manual,First,18.9,998.0,67.1,5.0,572760.0,Maruti,Wagon R Lxi,11,0,4566.363636363636,0.06723446893787574
Thika,2014,31000,Diesel,Manual,First,15.1,2179.0,140.0,7.0,1406000.0,Mahindra,Xuv500 W8 2Wd,12,0,2583.3333333333335,0.06424965580541533
Nairobi,2014,79000,Diesel,Automatic,First,12.55,2982.0,168.5,7.0,2627000.0,Toyota,Fortuner 4X2 At,12,0,6583.333333333333,0.05650570087189805
Nairobi,2012,130000,Diesel,Manual,First,19.64,1461.0,108.45,5.0,555000.0,Renault,Duster 110Ps Diesel Rxz Plus,14,0,9285.714285714286,0.0742299794661191
Mombasa,2010,115000,Petrol,Manual,Second,17.92,1086.0,62.1,5.0,222000.0,Hyundai,Santro Xing Gls,16,0,7187.5,0.057182320441988954
Eldoret,2013,41500,Petrol,Manual,Second,17.01,1591.0,121.3,5.0,740000.0,Hyundai,Verna 1.6 Sx Vtvt,13,0,3192.3076923076924,0.07624135763670647
Eldoret,2014,54385,Diesel,Automatic,Second,15.06,1995.0,177.0,5.0,2516000.0,Bmw,X1 Sdrive 20D Exclusive,12,0,4532.083333333333,0.0887218045112782
Mombasa,2011,56361,Petrol,Automatic,First,12.9,1799.0,130.0,5.0,648240.0,Honda,Civic 2006-2010 1.8 V At,15,0,3757.4,0.07226236798221233
Nairobi,2018,22000,Petrol,Automatic,First,15.26,1798.0,187.74,5.0,6142000.0,Audi,A6 35 Tfsi Matrix,8,1,2750.0,0.10441601779755284
Kisumu,2017,8000,Petrol,Manual,First,20.51,998.0,67.04,5.0,444000.0,Maruti,Wagon R Lxi Bs Iv,9,0,888.8888888888889,0.06717434869739479
Naivasha,2018,28741,Diesel,Manual,First,24.3,1248.0,88.5,5.0,1628000.0,Maruti,Vitara Brezza Zdi Plus Dual Tone,8,0,3592.625,0.07091346153846154
Eldoret,2012,117236,Diesel,Automatic,Second,11.8,2720.0,190.0,7.0,2072000.0,Land,Rover Discovery 3 Tdv6 Diesel Automatic,14,1,8374.0,0.06985294117647059
Eldoret,2016,30500,Diesel,Automatic,First,26.59,1248.0,74.0,5.0,1132200.0,Maruti,Dzire New,10,0,3050.0,0.05929487179487179
Kisumu,2018,5000,Petrol,Manual,First,17.0,1591.0,121.3,5.0,1287599.9999999998,Hyundai,Verna Vtvt 1.6 Sx,8,0,625.0,0.07624135763670647
Kisumu,2016,42000,Diesel,Manual,First,25.47,1248.0,88.5,7.0,1465200.0,Maruti,Ertiga Zdi Plus,10,0,4200.0,0.07091346153846154
Nairobi,2010,32773,Petrol,Manual,First,13.2,1495.0,94.0,5.0,303399.99999999994,Hyundai,Accent Gle,16,0,2048.3125,0.06287625418060201
Kisumu,2016,19008,Petrol,Manual,First,17.0,1197.0,80.0,5.0,777000.0,Hyundai,I20 1.2 Sportz,10,0,1900.8,0.06683375104427736
Mombasa,2012,32542,Petrol,Manual,First,17.0,1591.0,121.3,5.0,853960.0,Hyundai,Verna Vtvt 1.6 Sx,14,0,2324.4285714285716,0.07624135763670647
Kisumu,2010,94753,Petrol,Manual,First,19.7,796.0,46.3,5.0,288600.0,Maruti,Alto Lx,16,0,5922.0625,0.05816582914572864
Thika,2011,70000,Diesel,Manual,Second,12.05,2179.0,120.0,8.0,1102600.0,Mahindra,Scorpio Vlx,15,0,4666.666666666667,0.05507113354749885
Nairobi,2012,68347,Petrol,Manual,First,18.9,998.0,67.1,5.0,384800.0,Maruti,Wagon R Lxi,14,0,4881.928571428572,0.06723446893787574
Thika,2011,72000,Petrol,Manual,Second,17.0,1197.0,80.0,5.0,481000.0,Hyundai,I20 1.2 Sportz,15,0,4800.0,0.06683375104427736
Kisumu,2010,75014,Diesel,Manual,First,21.1,1248.0,73.9,5.0,569800.0,Maruti,Ritz Vdi,16,0,4688.375,0.059214743589743594
Nairobi,2013,65000,Diesel,Automatic,Second,13.73,1995.0,148.0,5.0,1110000.0,Renault,Koleos 2.0 Diesel,13,0,5000.0,0.07418546365914787
Mombasa,2012,55598,Diesel,Automatic,First,22.69,1995.0,190.0,5.0,1702000.0,Bmw,3 Series 320D,14,0,3971.285714285714,0.09523809523809523
Eldoret,2013,50000,Petrol,Manual,First,19.4,1198.0,86.8,5.0,481000.0,Honda,Brio V Mt,13,0,3846.153846153846,0.07245409015025041
Mombasa,2003,44200,Petrol,Manual,Second,11.7,1997.0,134.0,5.0,222000.0,Hyundai,Sonata Gold,23,0,1921.7391304347825,0.0671006509764647
Nyeri,2014,65000,Diesel,Manual,First,19.3,1248.0,73.9,5.0,785880.0,Maruti,Swift Dzire Vdi,12,0,5416.666666666667,0.059214743589743594
Kisumu,2013,49000,Diesel,Manual,First,16.0,2179.0,140.0,7.0,1332000.0,Mahindra,Xuv500 W8 4Wd,13,0,3769.230769230769,0.06424965580541533
Kisumu,2016,7200,Petrol,Manual,First,19.81,1086.0,68.05,5.0,531320.0,Hyundai,I10 Sportz 1.1L,10,0,720.0,0.06266114180478821
Mombasa,2016,43152,Petrol,Manual,First,20.73,1373.0,91.1,5.0,1087800.0,Maruti,Ciaz Zxi Plus,10,0,4315.2,0.0663510560815732
Eldoret,2013,112000,Diesel,Manual,First,12.8,2494.0,102.0,8.0,1776000.0,Toyota,Innova 2.5 V Diesel 8-Seater,13,0,8615.384615384615,0.0408981555733761
Naivasha,2017,23540,Petrol,Manual,First,18.9,1197.0,82.0,5.0,890960.0,Hyundai,Grand I10 Sportz,9,0,2615.5555555555557,0.06850459482038429
Naivasha,2008,82160,Diesel,Manual,First,16.52,1991.0,123.7,5.0,380359.99999999994,Chevrolet,Optra Magnum 2.0 Ls Bsiii,18,0,4564.444444444444,0.062129583124058266
Eldoret,2013,57000,Diesel,Manual,First,12.83,2696.0,162.0,7.0,1842600.0,Mahindra,Ssangyong Rexton Rx5,13,0,4384.615384615385,0.06008902077151335
Naivasha,2015,39335,Diesel,Manual,First,15.1,2179.0,140.0,7.0,1869240.0,Mahindra,Xuv500 W8 2Wd,11,0,3575.909090909091,0.06424965580541533
Nakuru,2014,62000,Petrol,Manual,Second,17.4,1497.0,117.3,5.0,1147000.0,Honda,City I Vtec Sv,12,0,5166.666666666667,0.0783567134268537
Nairobi,2014,60000,Diesel,Manual,First,22.7,1498.0,89.84,5.0,814000.0,Ford,Ecosport 1.5 Dv5 Mt Titanium,12,0,5000.0,0.05997329773030708
Kisumu,2015,35000,Petrol,Manual,First,18.6,1197.0,81.83,5.0,655640.0,Hyundai,I20 Sportz 1.2,11,0,3181.818181818182,0.06836257309941521
Mombasa,2016,32345,Diesel,Automatic,First,17.9,2143.0,136.0,5.0,3627480.0,Mercedes-Benz,Cla 200 Cdi Sport,10,1,3234.5,0.06346243583761083
Thika,2014,47000,Petrol,Manual,First,22.0,814.0,55.0,5.0,392200.0,Hyundai,Eon Magna,12,0,3916.6666666666665,0.06756756756756757
Nairobi,2012,65537,Cng,Manual,Second,33.44,796.0,40.3,4.0,310800.0,Maruti,Alto 800 2016-2019 Cng Lxi,14,0,4681.214285714285,0.050628140703517586
Nairobi,2011,36000,Petrol,Manual,First,17.6,1496.0,88.7,5.0,473600.0,Toyota,Etios G Safety,15,0,2400.0,0.059291443850267384
Mombasa,2016,75000,Diesel,Manual,First,23.4,1248.0,74.0,5.0,629000.0,Maruti,Swift Dzire Tour Ldi,10,0,7500.0,0.05929487179487179
Kisumu,2008,38000,Petrol,Manual,First,19.7,796.0,46.3,5.0,162800.00000000003,Maruti,Alto Lxi,18,0,2111.1111111111113,0.05816582914572864
Mombasa,2015,57818,Petrol,Manual,First,23.1,998.0,67.04,5.0,636400.0,Maruti,Celerio Zxi,11,0,5256.181818181818,0.06717434869739479
Kisumu,2015,45000,Diesel,Manual,First,22.7,1498.0,89.84,5.0,1317200.0,Ford,Ecosport 1.5 Dv5 Mt Titanium Optional,11,0,4090.909090909091,0.05997329773030708
Nyeri,2015,75055,Diesel,Manual,First,19.01,1461.0,108.5,5.0,962000.0,Nissan,Terrano Xv 110 Ps Limited Edition,11,0,6823.181818181818,0.07426420260095824
Nairobi,2009,65462,Petrol,Automatic,Third,11.1,2354.0,142.0,5.0,518000.0,Honda,Accord Vti-L At,17,0,3850.705882352941,0.06032285471537808
Kisumu,2008,76206,Diesel,Manual,First,17.8,1248.0,75.0,5.0,629000.0,Maruti,Swift Ldi Bsiii,18,0,4233.666666666667,0.06009615384615385
Mombasa,2018,25948,Diesel,Automatic,First,16.0,2179.0,140.0,7.0,2436080.0,Mahindra,Xuv500 At W10 Fwd,8,0,3243.5,0.06424965580541533
Nairobi,2016,28500,Petrol,Manual,First,18.7,1199.0,88.7,5.0,880600.0,Honda,Jazz 1.2 Vx I Vtec,10,0,2850.0,0.07397831526271893
Nairobi,2015,28004,Petrol,Manual,First,17.8,1497.0,117.3,5.0,1050800.0,Honda,City I Vtec V,11,0,2545.818181818182,0.0783567134268537
Kisumu,2011,25000,Petrol,Manual,Second,15.7,1172.0,67.0,5.0,185000.0,Fiat,Grande Punto 1.2 Dynamic,15,0,1666.6666666666667,0.05716723549488054
Kisumu,2010,40000,Petrol,Manual,Second,19.5,1061.0,97.7,5.0,370000.0,Maruti,Estilo Lxi,16,0,2500.0,0.09208294062205467
Eldoret,2013,82543,Petrol,Manual,First,16.02,1373.0,93.7,7.0,814000.0,Maruti,Ertiga Zxi,13,0,6349.461538461538,0.06824471959213402
Mombasa,2013,30000,Petrol,Manual,First,18.44,1198.0,75.0,5.0,481000.0,Nissan,Micra Xl,13,0,2307.6923076923076,0.06260434056761269
Kisumu,2010,27800,Petrol,Manual,First,17.0,1497.0,118.0,5.0,740000.0,Honda,City 1.5 V Mt,16,0,1737.5,0.0788243152972612
Naivasha,2016,33415,Petrol,Manual,First,16.78,1496.0,88.73,5.0,973840.0,Toyota,Etios Vx,10,0,3341.5,0.05931149732620321
Nairobi,2013,38000,Diesel,Automatic,First,18.88,1995.0,184.0,5.0,2886000.0,Bmw,3 Series 320D Luxury Line,13,0,2923.076923076923,0.09223057644110276
Mombasa,2017,41981,Petrol,Manual,First,18.7,1199.0,88.7,5.0,908720.0,Honda,Jazz 1.2 Sv I Vtec,9,0,4664.555555555556,0.07397831526271893
Nyeri,2013,77084,Diesel,Manual,First,28.4,1248.0,73.75,5.0,732600.0,Maruti,Dzire Vdi,13,0,5929.538461538462,0.05909455128205128
Kisumu,2013,71803,Diesel,Manual,First,20.5,1598.0,103.5,5.0,851000.0,Skoda,Rapid 1.6 Tdi Elegance,13,0,5523.307692307692,0.06476846057571965
Kisumu,2013,73314,Diesel,Manual,First,15.1,2179.0,140.0,7.0,976800.0,Mahindra,Xuv500 W6 2Wd,13,0,5639.538461538462,0.06424965580541533
Naivasha,2015,69053,Petrol,Automatic,First,18.9,1197.0,82.0,5.0,846560.0,Hyundai,Grand I10 At Asta,11,0,6277.545454545455,0.06850459482038429
Nairobi,2009,79782,Petrol,Manual,Second,17.0,1497.0,118.0,5.0,384800.0,Honda,City 1.5 V Mt,17,0,4693.058823529412,0.0788243152972612
Kisumu,2010,250000,Diesel,Manual,Second,12.8,2494.0,102.0,7.0,962000.0,Toyota,Innova 2.5 Gx 7 Str,16,0,15625.0,0.0408981555733761
Eldoret,2011,90000,Diesel,Manual,Second,15.1,2179.0,140.0,7.0,902800.0,Mahindra,Xuv500 W8 2Wd,15,0,6000.0,0.06424965580541533
Kisumu,2010,130000,Diesel,Manual,First,19.3,1248.0,73.9,5.0,569800.0,Maruti,Swift Dzire Vdi,16,0,8125.0,0.059214743589743594
Eldoret,2013,65000,Petrol,Manual,Second,15.04,1598.0,103.6,5.0,666000.0,Volkswagen,Vento Petrol Highline,13,0,5000.0,0.06483103879849812
Naivasha,2013,46496,Diesel,Manual,First,23.59,1364.0,97.7,5.0,784400.0,Toyota,Etios Gd,13,0,3576.6153846153848,0.07162756598240469
Nakuru,2013,76000,Diesel,Automatic,Second,16.55,1968.0,147.51,5.0,2701000.0,Audi,A4 2.0 Tdi,13,1,5846.153846153846,0.07495426829268292
Thika,2012,28002,Petrol,Manual,First,16.02,1373.0,93.7,7.0,851000.0,Maruti,Ertiga Lxi,14,0,2000.142857142857,0.06824471959213402
Nairobi,2010,63000,Cng,Manual,Second,14.53,1798.0,138.0,5.0,495800.0,Toyota,Corolla Altis 1.8 G Cng,16,0,3937.5,0.07675194660734148
Nyeri,2010,70000,Petrol,Manual,Second,16.1,796.0,37.0,4.0,133200.0,Maruti,800 Ac,16,0,4375.0,0.04648241206030151
Kisumu,2011,66276,Petrol,Manual,First,17.0,1497.0,118.0,5.0,814000.0,Honda,City 1.5 V Mt,15,0,4418.4,0.0788243152972612
Kisumu,2014,45000,Petrol,Manual,First,19.1,1197.0,85.8,5.0,590520.0,Maruti,Swift Dzire Vxi,12,0,3750.0,0.07167919799498747
Nairobi,2014,67000,Petrol,Automatic,First,19.16,2494.0,158.2,5.0,2775000.0,Toyota,Camry Hybrid,12,0,5583.333333333333,0.06343223736968724
Kisumu,2014,43068,Diesel,Manual,First,24.0,1120.0,70.0,5.0,518000.0,Hyundai,Grand I10 Crdi Sportz,12,0,3589.0,0.0625
Mombasa,2016,40000,Diesel,Automatic,First,11.36,2755.0,171.5,8.0,2434600.0,Toyota,Innova Crysta 2.8 Gx At 8S,10,0,4000.0,0.062250453720508164
Naivasha,2011,50436,Petrol,Manual,First,20.36,1197.0,78.9,5.0,540200.0,Hyundai,I10 Magna,15,0,3362.4,0.06591478696741855
Nakuru,2014,21000,Petrol,Automatic,First,18.9,1197.0,82.0,5.0,799200.0,Hyundai,Grand I10 At Asta,12,0,1750.0,0.06850459482038429
Nairobi,2018,2000,Diesel,Manual,First,27.39,1248.0,74.0,5.0,1287599.9999999998,Maruti,Baleno Alpha Diesel,8,0,250.0,0.05929487179487179
Nairobi,2016,14500,Petrol,Automatic,First,14.67,1798.0,177.46,5.0,3071000.0,Skoda,Superb Style 1.8 Tsi At,10,0,1450.0,0.09869855394883204
Kisumu,2010,68782,Diesel,Automatic,First,14.84,2143.0,170.0,5.0,1850000.0,Mercedes-Benz,New C-Class 220 Cdi At,16,1,4298.875,0.07932804479701354
Kisumu,2011,35888,Diesel,Manual,First,21.1,1248.0,73.9,5.0,279720.0,Maruti,Ritz Vdi,15,0,2392.5333333333333,0.059214743589743594
Kisumu,2015,168205,Diesel,Manual,First,23.4,1248.0,74.0,5.0,592000.0,Maruti,Swift Dzire Tour Ldi,11,0,15291.363636363636,0.05929487179487179
Nairobi,2012,47000,Petrol,Manual,First,14.8,1799.0,130.2,5.0,584600.0,Honda,Civic 2010-2013 1.8 V Mt,14,0,3357.1428571428573,0.07237354085603112
Kisumu,2015,93700,Diesel,Manual,First,24.52,1248.0,88.5,7.0,1161800.0,Maruti,Ertiga Shvs Vdi,11,0,8518.181818181818,0.07091346153846154
Kisumu,2014,45000,Diesel,Manual,First,22.7,1582.0,126.24,5.0,1036000.0,Hyundai,Elantra Crdi Sx,12,0,3750.0,0.07979772439949431
Kisumu,2016,55547,Diesel,Automatic,First,12.55,2982.0,168.5,7.0,3698520.0,Toyota,Fortuner 4X2 At,10,0,5554.7,0.05650570087189805
Nairobi,2013,69000,Petrol,Automatic,First,17.21,1197.0,103.6,5.0,666000.0,Volkswagen,Polo Gt Tsi,13,0,5307.692307692308,0.08654970760233918
Eldoret,2005,88000,Diesel,Manual,Third,18.7,1896.0,66.0,5.0,185000.0,Skoda,Octavia Classic 1.9 Tdi Mt,21,0,4190.476190476191,0.03481012658227848
Nairobi,2014,32400,Diesel,Manual,First,20.14,1498.0,88.8,5.0,584600.0,Volkswagen,Polo 1.5 Tdi Trendline,12,0,2700.0,0.05927903871829105
Eldoret,2012,79000,Petrol,Manual,Second,17.92,1086.0,62.1,5.0,236800.0,Hyundai,Santro Xing Gl Plus,14,0,5642.857142857143,0.057182320441988954
Kisumu,2004,110000,Petrol,Manual,First,13.2,1495.0,94.0,5.0,88800.0,Hyundai,Accent Gle,22,0,5000.0,0.06287625418060201
Naivasha,2014,45407,Petrol,Manual,Second,21.1,814.0,55.2,5.0,501720.0,Hyundai,Eon D Lite Plus,12,0,3783.9166666666665,0.06781326781326781
Kisumu,2011,136490,Diesel,Manual,First,12.8,2494.0,102.0,7.0,1450400.0000000002,Toyota,Innova 2.5 V Diesel 7-Seater,15,0,9099.333333333334,0.0408981555733761
Nairobi,2017,19000,Diesel,Manual,First,26.8,1248.0,74.0,5.0,874680.0,Maruti,Ignis 1.3 Zeta,9,0,2111.1111111111113,0.05929487179487179
Nairobi,2017,19416,Petrol,Manual,First,21.56,1462.0,103.25,5.0,1221000.0,Maruti,Ciaz Alpha,9,0,2157.3333333333335,0.07062243502051983
Nairobi,2012,15500,Petrol,Manual,First,17.5,1298.0,85.8,5.0,555000.0,Maruti,Swift Dzire Vxi,14,0,1107.142857142857,0.06610169491525424
Kisumu,2017,12538,Petrol,Automatic,First,18.0,1497.0,117.3,5.0,1850000.0,Honda,City I Vtec Cvt Vx,9,0,1393.111111111111,0.0783567134268537
Nakuru,2015,62588,Diesel,Manual,First,17.8,1248.0,97.7,5.0,880600.0,Maruti,Swift Vdi Bsiv W Abs,11,0,5689.818181818182,0.07828525641025641
Nairobi,2015,44328,Petrol,Manual,First,19.4,1198.0,86.8,5.0,562400.0,Honda,Brio S Mt,11,0,4029.818181818182,0.07245409015025041
Nairobi,2014,63000,Diesel,Manual,First,23.59,1364.0,67.04,5.0,643799.9999999999,Toyota,Etios Liva Gd,12,0,5250.0,0.04914956011730206
Kisumu,2015,100000,Diesel,Automatic,First,13.5,2400.0,215.0,5.0,4810000.0,Volvo,Xc60 D5,11,1,9090.90909090909,0.08958333333333333
Kisumu,2015,103000,Petrol,Manual,First,15.64,1193.0,64.08,5.0,444000.0,Tata,Indigo Cs Egvx,11,0,9363.636363636364,0.053713327745180214
Eldoret,2016,50296,Diesel,Automatic,Second,11.36,2755.0,171.5,7.0,2812000.0,Toyota,Innova Crysta 2.8 Zx At,10,0,5029.6,0.062250453720508164
Eldoret,2013,95500,Diesel,Manual,First,20.54,1598.0,103.6,5.0,740000.0,Volkswagen,Vento Diesel Highline,13,0,7346.153846153846,0.06483103879849812
Eldoret,2014,72100,Diesel,Manual,First,22.7,1498.0,89.84,5.0,806600.0,Ford,Ecosport 1.5 Dv5 Mt Titanium,12,0,6008.333333333333,0.05997329773030708
Nairobi,2010,19119,Petrol,Manual,First,18.9,998.0,67.1,5.0,399600.0,Maruti,Wagon R Vxi,16,0,1194.9375,0.06723446893787574
Nairobi,2006,30000,Petrol,Manual,First,13.0,2987.0,210.0,5.0,1591000.0,Mercedes-Benz,S-Class 320 L,20,1,1500.0,0.07030465349849348
Kisumu,2015,75600,Diesel,Manual,First,20.14,1498.0,88.8,5.0,858400.0,Volkswagen,Polo 1.5 Tdi Highline,11,0,6872.727272727273,0.05927903871829105
Eldoret,2007,137000,Petrol,Manual,Second,15.3,1193.0,65.3,5.0,140600.0,Tata,Indica Gls Bs Iv,19,0,7210.526315789473,0.05473595976529757
Nyeri,2002,53500,Petrol,Manual,Second,16.1,796.0,37.0,4.0,93240.0,Maruti,800 Std Bsiii,24,0,2229.1666666666665,0.04648241206030151
Mombasa,2018,26101,Diesel,Manual,First,17.1,1956.0,170.0,5.0,2597400.0,Jeep,Compass 2.0 Longitude,8,0,3262.625,0.0869120654396728
Eldoret,2016,7000,Petrol,Manual,First,24.07,998.0,67.1,5.0,444000.0,Maruti,Alto K10 Lxi Optional,10,0,700.0,0.06723446893787574
Nakuru,2013,50000,Diesel,Automatic,First,19.3,1968.0,141.0,5.0,2220000.0,Skoda,Octavia Elegance 2.0 Tdi At,13,0,3846.153846153846,0.07164634146341463
Kisumu,2016,30000,Diesel,Manual,First,26.59,1248.0,74.0,5.0,888000.0,Maruti,Swift Dzire Vdi Optional,10,0,3000.0,0.05929487179487179
Nairobi,2016,38151,Diesel,Manual,First,28.09,1248.0,88.5,5.0,1132200.0,Maruti,Ciaz Vdi Plus Shvs,10,0,3815.1,0.07091346153846154
Nyeri,2009,116000,Diesel,Manual,Second,15.8,2148.0,170.0,5.0,1258000.0,Mercedes-Benz,New C-Class C 220 Cdi Classic,17,1,6823.529411764706,0.07914338919925512
Kisumu,2013,22000,Diesel,Manual,First,20.0,1399.0,68.0,5.0,333000.0,Ford,Figo Diesel Zxi,13,0,1692.3076923076924,0.04860614724803431
Nairobi,2010,60000,Petrol,Automatic,Second,14.53,1798.0,138.1,5.0,688200.0000000001,Toyota,Corolla Altis Vl,16,0,3750.0,0.0768075639599555
Nairobi,2016,38000,Diesel,Manual,First,22.7,1598.0,118.0,5.0,1161800.0,Maruti,Sx4 S Cross Ddis 320 Zeta,10,0,3800.0,0.07384230287859825
Naivasha,2011,51928,Petrol,Manual,First,15.6,1196.0,70.0,5.0,512080.0,Ford,Figo Petrol Zxi,15,0,3461.866666666667,0.05852842809364549
Nairobi,2018,3000,Petrol,Automatic,First,19.0,1199.0,88.7,5.0,1221000.0,Honda,Jazz Exclusive Cvt,8,0,375.0,0.07397831526271893
Eldoret,2006,67196,Petrol,Manual,First,17.3,993.0,60.0,5.0,185000.0,Maruti,Zen Lxi - Bs Iii,20,0,3359.8,0.06042296072507553
Nakuru,2012,100000,Diesel,Manual,Third,11.5,2982.0,171.0,7.0,2368000.0,Toyota,Fortuner 3.0 Diesel,14,0,7142.857142857143,0.05734406438631791
Nyeri,2015,65218,Diesel,Manual,First,26.21,1248.0,88.5,5.0,1095200.0,Maruti,Ciaz Zdi Plus,11,0,5928.909090909091,0.07091346153846154
Mombasa,2016,53886,Petrol,Manual,First,25.17,799.0,53.3,5.0,454360.0,Renault,Kwid Rxt,10,0,5388.6,0.06670838548185232
Naivasha,2011,50058,Petrol,Automatic,First,19.2,1197.0,80.0,5.0,568320.0,Hyundai,I10 Magna At,15,0,3337.2,0.06683375104427736
Eldoret,2016,64000,Petrol,Automatic,First,23.1,998.0,67.04,5.0,621600.0,Maruti,Celerio Zxi At Optional,10,0,6400.0,0.06717434869739479
Mombasa,2018,41641,Diesel,Manual,First,21.38,1396.0,88.7,5.0,1601360.0,Hyundai,Creta 1.4 E Plus Diesel,8,0,5205.125,0.06353868194842408
Kisumu,2016,44345,Diesel,Manual,First,27.3,1498.0,98.6,5.0,902800.0,Honda,Jazz 1.5 Sv I Dtec,10,0,4434.5,0.06582109479305741
Kisumu,2011,45501,Petrol,Manual,First,17.0,1497.0,118.0,5.0,458800.0,Honda,City 1.5 S Mt,15,0,3033.4,0.0788243152972612
Mombasa,2001,104000,Petrol,Manual,Third,13.7,1468.0,85.8,5.0,148000.0,Mitsubishi,Lancer 1.5 Sfxi,25,0,4160.0,0.05844686648501362
Naivasha,2012,50297,Petrol,Manual,First,16.95,1498.0,97.6,5.0,694120.0000000001,Nissan,Sunny Xe P,14,0,3592.6428571428573,0.0651535380507343
Nairobi,2011,87000,Petrol,Automatic,First,11.7,2354.0,177.6,5.0,799200.0,Honda,Accord 2.4 At,15,0,5800.0,0.07544604927782497
Nairobi,2016,120000,Diesel,Manual,First,15.1,2179.0,140.0,7.0,1776000.0,Mahindra,Xuv500 W8 2Wd,10,0,12000.0,0.06424965580541533
Nairobi,2018,17000,Petrol,Manual,First,18.6,1197.0,81.83,5.0,962000.0,Hyundai,I20 1.2 Magna Executive,8,0,2125.0,0.06836257309941521
Mombasa,2014,100000,Diesel,Manual,First,23.08,1461.0,63.1,5.0,444000.0,Nissan,Micra Diesel Xl,12,0,8333.333333333334,0.0431895961670089
Mombasa,2015,50979,Petrol,Automatic,First,19.12,1373.0,91.1,5.0,1021200.0,Maruti,Ciaz At Zxi,11,0,4634.454545454545,0.0663510560815732
Mombasa,2011,41000,Diesel,Manual,First,20.54,1598.0,103.6,5.0,592000.0,Volkswagen,Vento Diesel Trendline,15,0,2733.3333333333335,0.06483103879849812
Mombasa,2011,24000,Petrol,Manual,First,17.0,1197.0,80.0,5.0,629000.0,Hyundai,I20 Asta,15,0,1600.0,0.06683375104427736
Kisumu,2008,44738,Petrol,Manual,First,14.53,1798.0,138.1,5.0,754799.9999999999,Toyota,Corolla Altis G,18,0,2485.4444444444443,0.0768075639599555
Kisumu,2014,37298,Diesel,Manual,First,25.1,1498.0,98.6,5.0,725200.0000000001,Honda,City I Dtec Vx,12,0,3108.1666666666665,0.06582109479305741
Eldoret,2014,42000,Petrol,Manual,Second,20.4,1197.0,81.8,5.0,532800.0,Maruti,Swift Vxi Bsiv,12,0,3500.0,0.0683375104427736
Eldoret,2016,45000,Diesel,Automatic,First,14.21,2143.0,203.0,5.0,5032000.0,Mercedes-Benz,E-Class 2009-2013 E250 Cdi Elegance,10,1,4500.0,0.09472701819878675
Nairobi,2015,102000,Diesel,Manual,First,12.99,2494.0,100.6,7.0,1221000.0,Toyota,Innova 2.5 G (Diesel) 7 Seater,11,0,9272.727272727272,0.04033680834001604
Eldoret,2011,70000,Petrol,Manual,First,16.1,1298.0,88.2,5.0,192400.0,Maruti,Swift Lxi Bsiii,15,0,4666.666666666667,0.0679506933744222
Naivasha,2018,27467,Diesel,Automatic,First,19.27,2143.0,167.62,5.0,5779399.999999999,Mercedes-Benz,New C-Class C 220D Avantgarde Edition C,8,1,3433.375,0.07821745216985534
Kisumu,2015,15305,Petrol,Manual,First,18.9,1197.0,82.0,5.0,555000.0,Hyundai,Grand I10 Asta,11,0,1391.3636363636363,0.06850459482038429
Nairobi,2010,70000,Petrol,Manual,First,18.9,998.0,67.1,5.0,310800.0,Maruti,Wagon R Lxi Bs Iv,16,0,4375.0,0.06723446893787574
Kisumu,2016,36778,Diesel,Manual,First,22.77,1498.0,98.59,5.0,1302400.0000000002,Ford,Ecosport 1.5 Tdci Titanium,10,0,3677.8,0.06581441922563418
Naivasha,2015,25845,Petrol,Manual,First,16.47,1198.0,74.0,5.0,864320.0,Volkswagen,Polo 1.2 Mpi Comfortline,11,0,2349.5454545454545,0.06176961602671119
Mombasa,2018,33858,Petrol,Automatic,First,17.01,1591.0,121.3,5.0,1336439.9999999998,Hyundai,Verna 1.6 Vtvt At Sx,8,0,4232.25,0.07624135763670647
Thika,2017,12000,Petrol,Automatic,Second,24.04,999.0,67.0,5.0,481000.0,Renault,Kwid Amt Rxl,9,0,1333.3333333333333,0.06706706706706707
Naivasha,2013,33709,Petrol,Automatic,First,16.5,1198.0,86.8,5.0,725200.0000000001,Honda,Brio S Option At,13,0,2593.0,0.07245409015025041
Mombasa,2018,32709,Petrol,Manual,First,18.16,1196.0,86.8,5.0,956080.0,Ford,Figo Aspire 1.2 Ti-Vct Titanium,8,0,4088.625,0.0725752508361204
Nakuru,2014,72000,Diesel,Manual,Second,11.5,2982.0,171.0,7.0,2738000.0,Toyota,Fortuner 3.0 Diesel,12,0,6000.0,0.05734406438631791
Thika,2013,31000,Diesel,Manual,First,25.0,1396.0,69.01,5.0,399600.0,Tata,Indigo Ecs Elx Bs Iv,13,0,2384.6153846153848,0.04943409742120344
Mombasa,2016,70000,Diesel,Manual,First,25.83,1498.0,99.0,5.0,680799.9999999999,Ford,Figo 2015-2019 1.5D Ambiente Mt,10,0,7000.0,0.06608811748998665
Nyeri,2014,61000,Diesel,Manual,First,23.4,1248.0,74.0,5.0,791800.0,Maruti,Swift Dzire Vdi,12,0,5083.333333333333,0.05929487179487179
Eldoret,2011,72000,Diesel,Manual,First,23.08,1461.0,63.1,5.0,340399.99999999994,Nissan,Micra Diesel Xv Primo,15,0,4800.0,0.0431895961670089
Nairobi,2016,49000,Diesel,Automatic,First,19.3,1968.0,141.0,5.0,2286600.0,Skoda,Octavia Style Plus 2.0 Tdi At,10,0,4900.0,0.07164634146341463
Kisumu,2014,42939,Diesel,Automatic,First,16.96,1968.0,138.03,5.0,1848520.0,Volkswagen,Jetta 2013-2015 2.0L Tdi Highline At,12,0,3578.25,0.07013719512195123
Naivasha,2016,32545,Diesel,Automatic,First,12.07,2967.0,241.4,7.0,7216480.0,Audi,Q7 35 Tdi Quattro Technology,10,1,3254.5,0.08136164475901585
Eldoret,2011,54000,Petrol,Manual,First,17.0,1197.0,80.0,5.0,473600.0,Hyundai,I20 1.2 Sportz,15,0,3600.0,0.06683375104427736
Nairobi,2012,76000,Diesel,Automatic,First,16.07,1995.0,181.0,4.0,1295000.0,Bmw,3 Series 320D Corporate Edition,14,0,5428.571428571428,0.09072681704260652
Kisumu,2015,27000,Diesel,Manual,First,21.19,1396.0,88.73,5.0,886520.0,Hyundai,I20 Active 1.4 Sx Dual Tone,11,0,2454.5454545454545,0.06356017191977077
Mombasa,2005,120000,Diesel,Manual,Second,12.7,2609.0,116.6,8.0,429200.0,Mahindra,Scorpio 2.6 Dx,21,0,5714.285714285715,0.04469145266385588
Kisumu,2012,125000,Petrol,Automatic,First,10.5,3197.0,97.7,5.0,2664000.0,Audi,A4 3.2 Fsi Tiptronic Quattro,14,1,8928.57142857143,0.03055989990616203
Kisumu,2011,37000,Diesel,Manual,First,20.0,1399.0,68.05,5.0,266400.0,Ford,Figo Diesel Exi,15,0,2466.6666666666665,0.04864188706218728
Nairobi,2012,42000,Petrol,Manual,First,9.8,2354.0,180.0,5.0,925000.0,Honda,Accord 2.4 Inspire M/T,14,0,3000.0,0.07646559048428207
Nakuru,2013,60000,Diesel,Manual,First,21.9,1396.0,88.76,5.0,806600.0,Hyundai,I20 Sportz 1.4 Crdi,13,0,4615.384615384615,0.06358166189111748
Nairobi,2018,3000,Diesel,Automatic,First,16.36,2179.0,187.7,5.0,7770000.0,Jaguar,Xf 2.2 Litre Luxury,8,1,375.0,0.08614043139054611
Nairobi,2013,44000,Petrol,Automatic,First,17.1,1591.0,121.4,5.0,828800.0,Hyundai,Verna 1.6 Sx Vtvt (O) At,13,0,3384.6153846153848,0.07630421118793212
Kisumu,2014,37000,Petrol,Manual,First,17.4,1497.0,117.3,5.0,954600.0,Honda,City I Vtec Vx Option,12,0,3083.3333333333335,0.0783567134268537
Nairobi,2012,50000,Petrol,Manual,First,18.5,1197.0,82.85,5.0,547600.0,Hyundai,I20 Asta Optional With Sunroof 1.2,14,0,3571.4285714285716,0.06921470342522974
Mombasa,2013,58581,Petrol,Manual,First,19.4,1198.0,86.8,5.0,516520.0,Honda,Brio S Mt,13,0,4506.2307692307695,0.07245409015025041
Kisumu,2013,25500,Diesel,Manual,First,21.9,1396.0,88.76,5.0,525400.0,Hyundai,I20 Sportz 1.4 Crdi,13,0,1961.5384615384614,0.06358166189111748
Nairobi,2017,25000,Petrol,Manual,First,10.4,2393.0,163.5,5.0,1332000.0,Maruti,Grand Vitara 2.4 Mt,9,0,2777.777777777778,0.06832427914751359
Kisumu,2011,53766,Petrol,Manual,First,19.0,998.0,66.1,5.0,399600.0,Maruti,A-Star Vxi,15,0,3584.4,0.06623246492985971
Eldoret,2011,45271,Diesel,Manual,First,20.3,1493.0,97.7,5.0,384800.0,Fiat,Punto 1.3 Emotion,15,0,3018.0666666666666,0.06543871399866041
Mombasa,2006,68000,Petrol,Manual,First,19.7,796.0,46.3,5.0,222000.0,Maruti,Alto Lxi,20,0,3400.0,0.05816582914572864
Nyeri,2017,40000,Diesel,Manual,First,16.0,2179.0,140.0,7.0,2353200.0,Mahindra,Xuv500 W10 2Wd,9,0,4444.444444444444,0.06424965580541533
Kisumu,2013,73212,Diesel,Manual,First,22.9,1248.0,74.0,5.0,769600.0,Maruti,Swift Rs Vdi,13,0,5631.692307692308,0.05929487179487179
Nairobi,2014,69000,Diesel,Automatic,First,17.05,1995.0,184.0,5.0,2405000.0,Bmw,X1 Sdrive20D,12,0,5750.0,0.09223057644110276
Nairobi,2007,61932,Diesel,Automatic,Second,14.3,1968.0,140.0,5.0,489880.0,Volkswagen,Passat 2.0 Pd Dsg,19,0,3259.5789473684213,0.07113821138211382
Nakuru,2012,52000,Diesel,Automatic,First,16.09,1995.0,184.0,5.0,3552000.0,Bmw,X3 Xdrive20D,14,0,3714.285714285714,0.09223057644110276
Kisumu,2011,150000,Petrol,Manual,First,18.5,1197.0,85.8,5.0,370000.0,Maruti,Ritz Vxi,15,0,10000.0,0.07167919799498747
Nyeri,2013,70933,Diesel,Manual,Second,21.9,1396.0,88.76,5.0,577200.0,Hyundai,I20 Sportz 1.4 Crdi,13,0,5456.384615384615,0.06358166189111748
Kisumu,2013,115195,Diesel,Manual,First,25.2,1248.0,74.0,5.0,569800.0,Maruti,Swift Vdi Bsiv,13,0,8861.153846153846,0.05929487179487179
Nairobi,2011,62148,Petrol,Manual,First,11.7,1796.0,178.0,5.0,1302400.0000000002,Mercedes-Benz,New C-Class 200 Kompressor,15,1,4143.2,0.09910913140311804
Mombasa,2009,32000,Petrol,Manual,Second,14.28,1798.0,138.03,5.0,732600.0,Toyota,Corolla Altis 1.8 Gl,17,0,1882.3529411764705,0.0767686318131257
Kisumu,2014,58000,Diesel,Manual,First,22.32,1582.0,126.32,5.0,851000.0,Hyundai,Verna 1.6 Sx Crdi (O),12,0,4833.333333333333,0.07984829329962073
Mombasa,2014,68598,Diesel,Manual,First,19.01,1461.0,108.45,5.0,913160.0,Renault,Duster 110Ps Diesel Rxz,12,0,5716.5,0.0742299794661191
Mombasa,2010,84072,Diesel,Manual,First,17.8,1248.0,75.0,5.0,510600.0,Maruti,Swift Ldi Bsiii,16,0,5254.5,0.06009615384615385
Nyeri,2016,51264,Petrol,Manual,First,24.07,998.0,67.1,5.0,473600.0,Maruti,Alto K10 Vxi,10,0,5126.4,0.06723446893787574
Naivasha,2017,21363,Petrol,Automatic,First,13.0,1591.0,121.3,5.0,1996520.0,Hyundai,Creta 1.6 Sx Plus Petrol Automatic,9,0,2373.6666666666665,0.07624135763670647
Nairobi,2016,40000,Petrol,Automatic,First,15.04,1991.0,183.0,5.0,3626000.0,Mercedes-Benz,Cla 200 Cgi Sport,10,1,4000.0,0.09191361125062783
Kisumu,2015,35000,Petrol,Automatic,First,10.1,2354.0,152.0,5.0,2175600.0,Honda,Cr-V 2.4 4Wd At,11,0,3181.818181818182,0.06457094307561598
Kisumu,2014,55000,Diesel,Manual,First,22.7,1498.0,89.84,5.0,888000.0,Ford,Ecosport 1.5 Dv5 Mt Trend,12,0,4583.333333333333,0.05997329773030708
Naivasha,2016,43252,Diesel,Automatic,First,13.0,2143.0,204.0,5.0,5058640.0,Mercedes-Benz,E-Class 2015-2017 E250 Cdi Avantgarde,10,1,4325.2,0.09519365375641624
Nairobi,2014,42000,Diesel,Manual,First,24.0,1120.0,70.0,5.0,518000.0,Hyundai,Grand I10 Crdi Magna,12,0,3500.0,0.0625
Kisumu,2006,69000,Petrol,Manual,First,16.6,1388.0,68.0,5.0,318200.0,Ford,Fiesta 1.4 Duratec Zxi,20,0,3450.0,0.04899135446685879
Kisumu,2018,14000,Diesel,Automatic,First,17.6,1582.0,126.2,5.0,1665000.0,Hyundai,Creta 1.6 Sx Automatic Diesel,8,0,1750.0,0.0797724399494311
Nairobi,2010,70000,Petrol,Manual,First,19.0,998.0,66.1,5.0,296000.0,Maruti,A-Star Lxi,16,0,4375.0,0.06623246492985971
Mombasa,2015,35314,Diesel,Manual,First,23.2,1248.0,73.94,5.0,631959.9999999999,Maruti,Ritz Ldi,11,0,3210.3636363636365,0.05924679487179487
Mombasa,2017,38691,Petrol,Manual,First,17.8,1497.0,117.3,5.0,1136640.0,Honda,City I Vtec Sv,9,0,4299.0,0.0783567134268537
Naivasha,2017,72717,Diesel,Manual,First,12.99,2494.0,100.6,7.0,2148960.0,Toyota,Innova 2.5 Gx (Diesel) 7 Seater,9,0,8079.666666666667,0.04033680834001604
Nairobi,2011,82000,Petrol,Automatic,Second,11.8,3498.0,272.0,7.0,2493800.0000000005,Mercedes-Benz,R-Class R350 4Matic Long,15,1,5466.666666666667,0.07775871926815323
Nairobi,2015,44000,Diesel,Manual,First,21.14,1498.0,103.52,5.0,851000.0,Skoda,Rapid 1.5 Tdi Elegance,11,0,4000.0,0.06910547396528705
Nairobi,2017,27000,Petrol,Manual,First,15.8,1499.0,110.0,5.0,1228400.0000000002,Ford,Ecosport 1.5 Ti Vct Mt Titanium,9,0,3000.0,0.0733822548365577
Mombasa,2014,18500,Petrol,Automatic,First,23.1,998.0,67.04,5.0,584600.0,Maruti,Celerio Vxi At,12,0,1541.6666666666667,0.06717434869739479
Nairobi,2014,45000,Petrol,Manual,First,15.04,1598.0,103.6,5.0,710400.0,Volkswagen,Vento Petrol Highline,12,0,3750.0,0.06483103879849812
Thika,2011,173000,Diesel,Automatic,First,13.5,2400.0,215.0,5.0,1776000.0,Volvo,Xc60 D5,15,1,11533.333333333334,0.08958333333333333
Thika,2017,42000,Diesel,Manual,First,23.59,1364.0,67.04,5.0,925000.0,Toyota,Etios Cross 1.4 Gd,9,0,4666.666666666667,0.04914956011730206
Nyeri,2012,90000,Diesel,Manual,First,19.4,1405.0,70.0,5.0,370000.0,Tata,Indica Vista Tdi Lx,14,0,6428.571428571428,0.0498220640569395
Eldoret,2014,82329,Petrol,Automatic,First,18.0,1497.0,117.3,5.0,1110000.0,Honda,City I Vtec Cvt Vx,12,0,6860.75,0.0783567134268537
Nairobi,2010,80302,Petrol,Manual,First,17.0,1497.0,118.0,5.0,518000.0,Honda,City 1.5 V Mt,16,0,5018.875,0.0788243152972612
Kisumu,2005,105000,Diesel,Manual,First,18.7,1896.0,66.0,5.0,294520.0,Skoda,Octavia Rider Classic 1.9 Tdi,21,0,5000.0,0.03481012658227848
Kisumu,2009,60000,Petrol,Manual,First,14.53,1798.0,138.0,5.0,333000.0,Toyota,Corolla 1.8 J,17,0,3529.4117647058824,0.07675194660734148
Nairobi,2014,70000,Petrol,Manual,First,16.78,1496.0,88.73,5.0,481000.0,Toyota,Etios G,12,0,5833.333333333333,0.05931149732620321
Nakuru,2016,45000,Diesel,Automatic,First,17.05,1995.0,184.0,5.0,4218000.0,Bmw,X1 Sdrive20D,10,0,4500.0,0.09223057644110276
Kisumu,2006,44000,Petrol,Automatic,First,16.4,1497.0,78.0,5.0,222000.0,Honda,City Zx Cvt,20,0,2200.0,0.052104208416833664
Nairobi,2017,25500,Diesel,Manual,First,22.54,1396.0,88.73,5.0,1036000.0,Hyundai,I20 Sportz 1.4 Crdi,9,0,2833.3333333333335,0.06356017191977077
Nairobi,2014,68000,Diesel,Automatic,First,13.0,2987.0,261.5,5.0,4070000.0,Mercedes-Benz,E-Class E350 Cdi,12,1,5666.666666666667,0.0875460328088383
Thika,2015,61786,Diesel,Manual,First,19.67,1582.0,126.2,5.0,1554000.0,Hyundai,Creta 1.6 Crdi Sx Option,11,0,5616.909090909091,0.0797724399494311
Nyeri,2014,65000,Diesel,Automatic,Second,15.73,1968.0,174.33,5.0,3182000.0,Audi,Q3 2012-2015 2.0 Tdi Quattro Premium Plus,12,1,5416.666666666667,0.08858231707317074
Nairobi,2016,77000,Diesel,Automatic,First,12.63,2179.0,147.5,5.0,5180000.0,Land,Rover Discovery Sport Td4 Hse,10,1,7700.0,0.067691601652134
Kisumu,2015,34000,Diesel,Automatic,First,21.66,1498.0,103.52,5.0,1182520.0,Skoda,Rapid 1.5 Tdi At Elegance Plus,11,0,3090.909090909091,0.06910547396528705
Naivasha,2015,59751,Petrol,Automatic,First,23.1,998.0,67.04,5.0,722240.0,Maruti,Celerio Vxi At,11,0,5431.909090909091,0.06717434869739479
Nairobi,2013,23312,Petrol,Automatic,First,11.05,2894.0,444.0,4.0,5994000.0,Audi,Rs5 Coupe,13,1,1793.2307692307693,0.15342087076710437
Nairobi,2015,30000,Petrol,Manual,First,20.73,1373.0,91.1,5.0,969400.0,Maruti,Ciaz Zxi Plus,11,0,2727.2727272727275,0.0663510560815732
Naivasha,2015,60146,Diesel,Automatic,First,14.16,1968.0,174.3,5.0,4386720.0,Audi,Q5 2.0 Tdi Premium Plus,11,1,5467.818181818182,0.08856707317073172
Naivasha,2013,44731,Diesel,Manual,Second,20.0,1399.0,68.0,5.0,642320.0,Ford,Figo Diesel Titanium,13,0,3440.846153846154,0.04860614724803431
Mombasa,2014,43316,Petrol,Manual,First,18.88,999.0,123.37,5.0,920560.0,Ford,Ecosport 1.0 Ecoboost Titanium,12,0,3609.6666666666665,0.12349349349349349
Nairobi,2009,92000,Petrol,Manual,Second,17.0,1497.0,118.0,5.0,333000.0,Honda,City 1.5 S Mt,17,0,5411.764705882353,0.0788243152972612
Kisumu,2015,50000,Diesel,Automatic,First,16.36,2179.0,187.7,5.0,5624000.0,Jaguar,Xf 2.2 Litre Luxury,11,1,4545.454545454545,0.08614043139054611
Nairobi,2008,69000,Petrol,Manual,Second,20.4,1197.0,81.8,5.0,318200.0,Maruti,Swift Vxi Bsiv,18,0,3833.3333333333335,0.0683375104427736
Naivasha,2014,60280,Diesel,Automatic,First,22.48,1995.0,190.0,5.0,3322600.0,Bmw,5 Series 520D Luxury Line,12,0,5023.333333333333,0.09523809523809523
Naivasha,2017,48161,Diesel,Automatic,First,15.0,2143.0,107.3,5.0,3088760.0,Mercedes-Benz,B Class B200 Cdi,9,1,5351.222222222223,0.050069995333644424
Nairobi,2013,41000,Petrol,Manual,First,19.4,1198.0,86.8,5.0,458800.0,Honda,Brio S Mt,13,0,3153.846153846154,0.07245409015025041
Nairobi,2016,6000,Petrol,Manual,First,18.6,1197.0,81.83,5.0,880600.0,Hyundai,I20 Sportz 1.2,10,0,600.0,0.06836257309941521
Nairobi,2006,133000,Diesel,Manual,Second,16.8,1405.0,68.0,5.0,127280.0,Tata,Indica V2 Dlg Tc,20,0,6650.0,0.048398576512455514
Nairobi,2010,76000,Diesel,Manual,First,11.5,2982.0,171.0,7.0,1369000.0,Toyota,Fortuner 3.0 Diesel,16,0,4750.0,0.05734406438631791
Nairobi,2011,15590,Petrol,Manual,First,19.81,1086.0,68.05,5.0,333000.0,Hyundai,I10 Sportz 1.1L,15,0,1039.3333333333333,0.06266114180478821
Mombasa,2016,69681,Petrol,Manual,First,17.0,1197.0,80.0,5.0,907240.0,Hyundai,I20 1.2 Sportz Option,10,0,6968.1,0.06683375104427736
Mombasa,2006,70362,Petrol,Manual,Second,15.4,1590.0,97.7,5.0,267880.0,Maruti,Baleno Lxi - Bsiii,20,0,3518.1,0.061446540880503144
Eldoret,2014,49112,Petrol,Automatic,Second,15.5,1198.0,86.7,5.0,560920.0,Honda,Amaze S At I-Vtech,12,0,4092.6666666666665,0.07237061769616027
Kisumu,2017,25000,Diesel,Automatic,First,13.33,2993.0,255.0,5.0,23680000.0,Land,Rover Range Rover 3.0 Diesel Lwb Vogue,9,1,2777.777777777778,0.08519879719345139
Nairobi,2011,74000,Diesel,Manual,First,23.59,1364.0,97.7,5.0,532800.0,Toyota,Etios Liva Gd,15,0,4933.333333333333,0.07162756598240469
Eldoret,2013,15200,Petrol,Automatic,Second,16.95,1197.0,78.9,5.0,569800.0,Hyundai,I10 Sportz 1.2 At,13,0,1169.2307692307693,0.06591478696741855
Kisumu,2013,86300,Diesel,Manual,First,22.07,1199.0,73.9,5.0,666000.0,Volkswagen,Polo Diesel Trendline 1.2L,13,0,6638.461538461538,0.06163469557964971
Naivasha,2018,26731,Petrol,Manual,First,21.1,998.0,100.0,5.0,1274280.0,Maruti,Baleno Rs Petrol,8,0,3341.375,0.10020040080160321
Thika,2016,74000,Diesel,Manual,First,21.9,1396.0,88.76,5.0,962000.0,Hyundai,I20 Sportz 1.4 Crdi,10,0,7400.0,0.06358166189111748
Mombasa,2005,83929,Petrol,Automatic,First,11.3,1794.0,125.0,5.0,384800.0,Toyota,Corolla H4,21,0,3996.6190476190477,0.06967670011148272
Eldoret,2015,65000,Diesel,Manual,First,12.99,2494.0,100.6,7.0,2220000.0,Toyota,Innova 2.5 Vx (Diesel) 7 Seater,11,0,5909.090909090909,0.04033680834001604
Eldoret,2017,20000,Petrol,Automatic,First,23.1,998.0,67.04,5.0,695600.0,Maruti,Celerio Vxi At Optional,9,0,2222.222222222222,0.06717434869739479
Kisumu,2015,122086,Diesel,Automatic,First,19.3,1968.0,141.0,5.0,1922520.0,Skoda,Octavia Elegance 2.0 Tdi At,11,0,11098.727272727272,0.07164634146341463
Mombasa,2018,35442,Petrol,Manual,First,17.3,1497.0,117.3,7.0,1083360.0,Honda,Mobilio S I Vtec,8,0,4430.25,0.0783567134268537
Nairobi,2015,62542,Diesel,Manual,Second,23.9,1582.0,126.2,5.0,962000.0,Hyundai,Verna 1.6 Crdi Sx,11,0,5685.636363636364,0.0797724399494311
Naivasha,2012,26671,Petrol,Manual,Second,17.0,1497.0,118.0,5.0,839160.0,Honda,City 1.5 S Mt,14,0,1905.0714285714287,0.0788243152972612
Mombasa,2014,83500,Diesel,Manual,Second,19.68,1399.0,67.0,5.0,444000.0,Ford,Classic 1.4 Duratorq Titanium,12,0,6958.333333333333,0.04789135096497498
Nairobi,2015,46166,Diesel,Manual,Second,26.21,1248.0,88.5,5.0,814000.0,Maruti,Ciaz Zdi,11,0,4196.909090909091,0.07091346153846154
Eldoret,2015,25200,Petrol,Manual,First,18.9,998.0,67.1,5.0,495800.0,Maruti,Wagon R Vxi Bs Iv,11,0,2290.909090909091,0.06723446893787574
Naivasha,2015,35463,Diesel,Automatic,First,14.94,2967.0,241.4,5.0,3702960.0,Audi,A4 3.0 Tdi Quattro,11,1,3223.909090909091,0.08136164475901585
Naivasha,2017,23249,Petrol,Automatic,First,19.16,2487.0,175.67,5.0,3864280.0,Toyota,Camry Hybrid 2.5,9,0,2583.222222222222,0.07063530357860875
Naivasha,2016,40310,Petrol,Manual,First,18.6,1197.0,81.83,5.0,1049320.0,Hyundai,I20 Asta 1.2,10,0,4031.0,0.06836257309941521
Nairobi,2012,82069,Cng,Manual,First,21.4,1586.0,103.3,5.0,392200.0,Maruti,Sx4 Green Vxi (Cng),14,0,5862.071428571428,0.06513240857503153
Nairobi,2018,10000,Petrol,Manual,First,18.9,1197.0,81.86,5.0,962000.0,Hyundai,Grand I10 1.2 Kappa Asta,8,0,1250.0,0.0683876357560568
Mombasa,2012,94000,Diesel,Manual,First,22.07,1199.0,73.9,5.0,666000.0,Volkswagen,Polo Diesel Trendline 1.2L,14,0,6714.285714285715,0.06163469557964971
Mombasa,2016,45000,Diesel,Automatic,First,15.97,2993.0,258.0,5.0,8436000.0,Bmw,X5 Xdrive 30D M Sport,10,0,4500.0,0.08620113598396258
Mombasa,2012,52818,Petrol,Manual,First,16.47,1198.0,73.9,5.0,565360.0,Volkswagen,Polo Petrol Comfortline 1.2L,14,0,3772.714285714286,0.06168614357262104
Nyeri,2013,61238,Diesel,Manual,First,20.45,1461.0,83.8,5.0,777000.0,Renault,Duster 85Ps Diesel Rxe,13,0,4710.615384615385,0.05735797399041752
Naivasha,2016,54253,Petrol,Automatic,First,14.67,1798.0,177.46,5.0,2487879.9999999995,Skoda,Superb Style 1.8 Tsi At,10,0,5425.3,0.09869855394883204
Nairobi,2013,71000,Diesel,Automatic,First,14.16,1968.0,174.3,5.0,3182000.0,Audi,Q5 2.0 Tdi,13,1,5461.538461538462,0.08856707317073172
Kisumu,2017,20000,Diesel,Manual,First,27.39,1248.0,74.0,5.0,1258000.0,Maruti,Baleno Delta 1.3,9,0,2222.222222222222,0.05929487179487179
Nairobi,2013,75000,Petrol,Manual,First,16.47,1198.0,73.9,5.0,481000.0,Volkswagen,Polo Petrol Comfortline 1.2L,13,0,5769.2307692307695,0.06168614357262104
Naivasha,2019,11827,Diesel,Automatic,First,13.5,2477.0,175.56,6.0,4012280.0,Mitsubishi,Pajero Sport 4X4 At,7,0,1689.5714285714287,0.07087605974969721
Nairobi,2015,51579,Petrol,Manual,First,20.73,1373.0,91.1,5.0,880600.0,Maruti,Ciaz Vxi Plus,11,0,4689.0,0.0663510560815732
Mombasa,2015,65178,Diesel,Manual,First,19.87,1461.0,83.8,5.0,1004920.0,Renault,Duster 85Ps Diesel Rxl Option,11,0,5925.272727272727,0.05735797399041752
Nairobi,2016,25350,Petrol,Manual,First,21.1,814.0,55.2,5.0,377399.99999999994,Hyundai,Eon D Lite Plus Option,10,0,2535.0,0.06781326781326781
Eldoret,2008,92000,Petrol,Manual,Second,10.8,2354.0,152.0,5.0,547600.0,Honda,Cr-V 2.4 Mt,18,0,5111.111111111111,0.06457094307561598
Nakuru,2014,45000,Petrol,Manual,Second,17.01,1591.0,121.3,5.0,999000.0,Hyundai,Verna 1.6 Sx Vtvt,12,0,3750.0,0.07624135763670647
Kisumu,2015,46000,Petrol,Manual,First,14.28,1798.0,138.03,5.0,1028600.0,Toyota,Corolla Altis Js Mt,11,0,4181.818181818182,0.0767686318131257
Mombasa,2011,79940,Petrol,Manual,First,15.5,1586.0,103.3,5.0,411440.0,Maruti,Sx4 Zxi Mt Bsiv,15,0,5329.333333333333,0.06513240857503153
Naivasha,2016,28851,Petrol,Manual,First,16.47,1198.0,73.9,5.0,914640.0,Volkswagen,Polo Petrol Comfortline 1.2L,10,0,2885.1,0.06168614357262104
Nakuru,2015,63000,Diesel,Automatic,First,14.16,1968.0,174.3,5.0,5328000.0,Audi,Q5 30 Tdi Quattro Premium Plus,11,1,5727.272727272727,0.08856707317073172
Naivasha,2012,77283,Petrol,Manual,First,17.0,1497.0,118.0,5.0,859880.0,Honda,City 1.5 V Mt,14,0,5520.214285714285,0.0788243152972612
Eldoret,2014,38958,Petrol,Manual,First,22.5,998.0,67.04,5.0,504680.0,Maruti,Wagon R Vxi,12,0,3246.5,0.06717434869739479
Nakuru,2018,8900,Diesel,Automatic,First,13.5,2477.0,175.56,6.0,3922000.0,Mitsubishi,Pajero Sport 4X4 At,8,0,1112.5,0.07087605974969721
Kisumu,2015,38000,Petrol,Automatic,First,14.7,1798.0,177.5,5.0,2368000.0,Skoda,Octavia Elegance 1.8 Tsi At,11,0,3454.5454545454545,0.09872080088987764
Mombasa,2017,44887,Diesel,Manual,First,19.67,1582.0,126.2,5.0,1795240.0,Hyundai,Creta 1.6 Crdi Sx Option,9,0,4987.444444444444,0.0797724399494311
Kisumu,2009,85000,Petrol,Manual,Second,19.7,796.0,46.3,5.0,266400.0,Maruti,Alto Lxi Bsiii,17,0,5000.0,0.05816582914572864
Eldoret,2013,100000,Petrol,Manual,First,16.8,1497.0,116.3,5.0,925000.0,Honda,City V Mt,13,0,7692.307692307692,0.07768871075484302
Mombasa,2016,26239,Petrol,Manual,First,22.7,799.0,53.0,5.0,407000.0,Datsun,Redi-Go S,10,0,2623.9,0.06633291614518148
Eldoret,2011,97000,Diesel,Manual,First,17.67,1968.0,138.08,5.0,888000.0,Skoda,Yeti Ambition 4Wd,15,0,6466.666666666667,0.07016260162601627
Nairobi,2013,28000,Petrol,Automatic,First,14.8,1595.0,120.7,5.0,1710880.0,Mercedes-Benz,B Class B180,13,1,2153.846153846154,0.07567398119122257
Nairobi,2014,20364,Petrol,Automatic,Second,17.21,1197.0,103.6,5.0,769600.0,Volkswagen,Polo Gt Tsi,12,0,1697.0,0.08654970760233918
Naivasha,2014,64637,Diesel,Manual,First,22.77,1498.0,98.59,5.0,1112960.0,Ford,Ecosport 1.5 Tdci Titanium,12,0,5386.416666666667,0.06581441922563418
Naivasha,2017,15731,Petrol,Manual,First,15.29,1591.0,121.3,5.0,1848520.0,Hyundai,Creta 1.6 Sx Plus Dual Tone Petrol,9,0,1747.888888888889,0.07624135763670647
Naivasha,2019,56251,Diesel,Manual,First,14.24,2755.0,174.5,7.0,5301360.0,Toyota,Fortuner 2.8 2Wd Mt,7,0,8035.857142857143,0.0633393829401089
Mombasa,2017,28000,Petrol,Manual,First,20.85,1197.0,83.14,5.0,925000.0,Maruti,Swift Dzire Zxi,9,0,3111.1111111111113,0.06945697577276524
Naivasha,2015,20045,Petrol,Manual,First,17.0,1197.0,80.0,5.0,920560.0,Hyundai,I20 1.2 Asta With Avn,11,0,1822.2727272727273,0.06683375104427736
Nakuru,2016,34004,Petrol,Manual,First,15.4,1497.0,117.3,7.0,1186960.0,Honda,Br-V I-Vtec S Mt,10,0,3400.4,0.0783567134268537
Nairobi,2014,21000,Petrol,Manual,First,23.1,998.0,67.04,5.0,555000.0,Maruti,Celerio Zxi,12,0,1750.0,0.06717434869739479
Nairobi,2009,68001,Petrol,Automatic,Second,10.93,3498.0,272.0,5.0,1739000.0,Mercedes-Benz,E-Class 2009-2013 E350 Petrol,17,1,4000.0588235294117,0.07775871926815323
Kisumu,2012,31000,Petrol,Manual,First,20.36,1197.0,78.9,5.0,333000.0,Hyundai,I10 Magna 1.2 Itech Se,14,0,2214.285714285714,0.06591478696741855
Nairobi,2013,8950,Petrol,Manual,First,17.71,1197.0,78.9,5.0,525400.0,Toyota,Etios Liva V,13,0,688.4615384615385,0.06591478696741855
Naivasha,2017,43477,Diesel,Automatic,First,15.0,2143.0,204.0,5.0,5646200.0,Mercedes-Benz,E-Class 2015-2017 E250 Edition E,9,1,4830.777777777777,0.09519365375641624
Thika,2015,20000,Petrol,Manual,First,21.1,814.0,55.2,5.0,393680.0,Hyundai,Eon D Lite Plus,11,0,1818.1818181818182,0.06781326781326781
Nairobi,2014,47200,Cng,Manual,First,33.54,998.0,67.04,5.0,421800.0,Maruti,Wagon R Cng Lxi,12,0,3933.3333333333335,0.06717434869739479
Nakuru,2011,60000,Petrol,Manual,First,17.0,1497.0,118.0,5.0,732600.0,Honda,City 1.5 S Mt,15,0,4000.0,0.0788243152972612
Mombasa,2003,111000,Petrol,Automatic,First,13.0,2987.0,210.0,5.0,962000.0,Mercedes-Benz,S-Class 280 At,23,1,4826.086956521739,0.07030465349849348
Eldoret,2016,52000,Diesel,Manual,Second,25.0,1396.0,69.01,5.0,355200.0,Tata,Indigo Cs Evx,10,0,5200.0,0.04943409742120344
Eldoret,2016,26000,Petrol,Manual,First,15.29,1591.0,121.3,5.0,1850000.0,Hyundai,Creta 1.6 Vtvt S,10,0,2600.0,0.07624135763670647
Eldoret,2013,32425,Petrol,Manual,First,20.51,998.0,67.04,5.0,444000.0,Maruti,Wagon R Lxi Bs Iv,13,0,2494.230769230769,0.06717434869739479
Mombasa,2017,54758,Diesel,Manual,First,28.4,1248.0,73.75,5.0,987160.0,Maruti,Dzire Vdi,9,0,6084.222222222223,0.05909455128205128
Naivasha,2008,59833,Petrol,Manual,Fourth & Above,13.8,1299.0,70.0,5.0,291560.0,Ford,Ikon 1.3 Flair,18,0,3324.0555555555557,0.05388760585065435
Kisumu,2013,30000,Petrol,Manual,First,16.47,1198.0,73.9,5.0,414400.0,Volkswagen,Polo Petrol Comfortline 1.2L,13,0,2307.6923076923076,0.06168614357262104
Nyeri,2011,40496,Petrol,Manual,First,20.36,1197.0,78.9,5.0,392200.0,Hyundai,I10 Magna 1.2,15,0,2699.733333333333,0.06591478696741855
Mombasa,2014,45000,Diesel,Manual,First,18.2,1248.0,73.74,8.0,703000.0,Chevrolet,Enjoy 1.3 Tcdi Ltz 8,12,0,3750.0,0.059086538461538454
Nairobi,2003,75000,Diesel,Automatic,Second,0.0,1493.0,97.7,5.0,2384280.0,Land,Rover Range Rover 3.0 D,23,1,3260.8695652173915,0.06543871399866041
Nakuru,2011,34000,Petrol,Automatic,Second,10.5,1796.0,157.7,5.0,2812000.0,Mercedes-Benz,E-Class 200 Kompressor Elegance,15,1,2266.6666666666665,0.08780623608017817
Nakuru,2012,62000,Diesel,Manual,First,17.8,1248.0,75.0,5.0,666000.0,Maruti,Swift Vdi Bsiii,14,0,4428.571428571428,0.06009615384615385
Kisumu,2012,123600,Diesel,Manual,First,15.1,2179.0,140.0,7.0,1221000.0,Mahindra,Xuv500 W8 4Wd,14,0,8828.57142857143,0.06424965580541533
Eldoret,2014,80102,Petrol,Manual,First,17.71,1197.0,78.9,5.0,518000.0,Toyota,Etios Liva G,12,0,6675.166666666667,0.06591478696741855
Eldoret,2013,55000,Diesel,Manual,First,15.1,2179.0,140.0,7.0,1258000.0,Mahindra,Xuv500 W8 4Wd,13,0,4230.7692307692305,0.06424965580541533
Kisumu,2015,48200,Petrol,Manual,First,15.29,1591.0,121.3,5.0,1332000.0,Hyundai,Creta 1.6 Vtvt S,11,0,4381.818181818182,0.07624135763670647
Kisumu,2014,90000,Diesel,Manual,First,26.0,1498.0,98.6,5.0,999000.0,Honda,City I Dtec Sv,12,0,7500.0,0.06582109479305741
Kisumu,2014,123900,Diesel,Manual,First,19.3,1248.0,73.9,5.0,799200.0,Maruti,Swift Dzire Vdi,12,0,10325.0,0.059214743589743594
Nairobi,2015,13008,Petrol,Manual,First,20.51,998.0,67.04,5.0,518000.0,Maruti,Wagon R Lxi Bs Iv,11,0,1182.5454545454545,0.06717434869739479
Kisumu,2012,60500,Petrol,Manual,First,21.1,814.0,55.2,5.0,384800.0,Hyundai,Eon Era Plus,14,0,4321.428571428572,0.06781326781326781
Nakuru,2017,53841,Diesel,Automatic,First,11.36,2755.0,171.5,7.0,3034000.0,Toyota,Innova Crysta 2.8 Zx At,9,0,5982.333333333333,0.062250453720508164
Mombasa,2017,47183,Petrol,Manual,Second,15.8,1591.0,121.3,5.0,1673880.0,Hyundai,Creta 1.6 Sx Option,9,0,5242.555555555556,0.07624135763670647
Kisumu,2018,10000,Petrol,Manual,First,20.51,998.0,67.04,5.0,666000.0,Maruti,Wagon R Vxi Plus,8,0,1250.0,0.06717434869739479
Mombasa,2015,45000,Diesel,Automatic,First,11.3,2987.0,254.8,7.0,8288000.0,Mercedes-Benz,Gl-Class 350 Cdi Blue Efficiency,11,1,4090.909090909091,0.08530297957817208
Mombasa,2017,3923,Petrol,Manual,First,23.1,998.0,67.04,5.0,769600.0,Maruti,Celerio Vxi,9,0,435.8888888888889,0.06717434869739479
Nairobi,2011,85000,Diesel,Manual,First,12.05,2179.0,120.0,8.0,777000.0,Mahindra,Scorpio Sle Bsiv,15,0,5666.666666666667,0.05507113354749885
Mombasa,2018,6279,Petrol,Manual,First,22.7,799.0,53.64,5.0,532800.0,Datsun,Redi-Go T Option,8,0,784.875,0.06713391739674593
Eldoret,2014,74500,Diesel,Manual,First,21.2,1248.0,75.0,5.0,488400.0,Fiat,Grande Punto Evo 1.3 Active,12,0,6208.333333333333,0.06009615384615385
Kisumu,2013,42000,Diesel,Manual,First,22.7,1582.0,126.24,5.0,865800.0,Hyundai,Elantra Crdi Sx,13,0,3230.769230769231,0.07979772439949431
Nairobi,2014,56510,Petrol,Manual,First,19.1,1197.0,85.8,5.0,577200.0,Maruti,Swift Dzire Lxi,12,0,4709.166666666667,0.07167919799498747
Nairobi,2009,88000,Diesel,Automatic,First,16.55,1968.0,140.0,5.0,1181040.0,Audi,A4 2.0 Tdi Multitronic,17,1,5176.470588235294,0.07113821138211382
Nairobi,2014,36631,Petrol,Automatic,First,16.5,1198.0,86.8,5.0,636400.0,Honda,Brio Vx At,12,0,3052.5833333333335,0.07245409015025041
Kisumu,2011,34000,Petrol,Manual,First,18.9,998.0,67.1,5.0,333000.0,Maruti,Wagon R Lxi Bs Iv,15,0,2266.6666666666665,0.06723446893787574
Thika,2013,49000,Petrol,Manual,First,19.81,1086.0,68.05,5.0,473600.0,Hyundai,I10 Magna 1.1,13,0,3769.230769230769,0.06266114180478821
Kisumu,2012,65254,Diesel,Manual,First,22.32,1582.0,126.32,5.0,969400.0,Hyundai,Verna 1.6 Sx,14,0,4661.0,0.07984829329962073
Nakuru,2014,95000,Diesel,Manual,Second,22.32,1582.0,126.32,5.0,1021200.0,Hyundai,Verna 1.6 Sx,12,0,7916.666666666667,0.07984829329962073
Mombasa,2009,83000,Diesel,Manual,First,23.2,1248.0,73.94,5.0,436600.0,Maruti,Ritz Vdi,17,0,4882.35294117647,0.05924679487179487
Naivasha,2017,101065,Diesel,Manual,First,20.5,1582.0,126.2,5.0,1694600.0,Hyundai,Creta 1.6 Sx Option Diesel,9,0,11229.444444444445,0.0797724399494311
Mombasa,2017,15134,Petrol,Manual,First,21.4,1197.0,83.1,5.0,942760.0,Maruti,Baleno Delta,9,0,1681.5555555555557,0.06942355889724311
Nyeri,2011,72000,Diesel,Manual,First,22.32,1582.0,126.3,5.0,740000.0,Hyundai,Verna 1.6 Crdi,15,0,4800.0,0.07983565107458912
Mombasa,2012,120000,Diesel,Manual,Second,22.3,1248.0,74.0,5.0,384800.0,Tata,Indica Vista Quadrajet Vx,14,0,8571.42857142857,0.05929487179487179
Kisumu,2010,45000,Petrol,Manual,First,18.5,1197.0,80.0,5.0,281200.0,Hyundai,I20 1.2 Magna,16,0,2812.5,0.06683375104427736
Mombasa,2015,54996,Diesel,Automatic,First,17.85,2967.0,300.0,4.0,9020600.0,Porsche,Panamera Diesel,11,1,4999.636363636364,0.10111223458038422
Naivasha,2017,22874,Petrol,Manual,First,15.1,1196.0,73.0,5.0,657120.0000000001,Maruti,Eeco Smiles 5 Seater Ac,9,0,2541.5555555555557,0.061036789297658864
Mombasa,2012,58000,Diesel,Automatic,Second,22.69,1995.0,190.0,5.0,2264400.0,Bmw,3 Series 320D Sport,14,0,4142.857142857143,0.09523809523809523
Mombasa,2016,86000,Diesel,Manual,Second,25.47,1248.0,88.5,7.0,1213599.9999999998,Maruti,Ertiga Vdi,10,0,8600.0,0.07091346153846154
Thika,2014,69000,Petrol,Automatic,First,16.9,1197.0,81.86,5.0,777000.0,Hyundai,Xcent 1.2 Kappa At S Option,12,0,5750.0,0.0683876357560568
Eldoret,2016,55001,Petrol,Automatic,Second,16.93,1197.0,103.2,5.0,1258000.0,Volkswagen,Vento 1.2 Tsi Highline At,10,0,5500.1,0.0862155388471178
Mombasa,2015,28000,Diesel,Automatic,First,15.73,1968.0,174.33,5.0,3515000.0,Audi,Q3 35 Tdi Quattro Premium,11,1,2545.4545454545455,0.08858231707317074
Nairobi,2013,53213,Petrol,Manual,First,19.81,1086.0,68.05,5.0,405520.0,Hyundai,I10 Magna 1.1,13,0,4093.3076923076924,0.06266114180478821
Naivasha,2016,44340,Diesel,Automatic,First,16.96,1968.0,138.03,5.0,2046840.0,Volkswagen,Jetta 2013-2015 2.0L Tdi Highline At,10,0,4434.0,0.07013719512195123
Nairobi,2017,16900,Petrol,Manual,First,21.1,998.0,100.0,5.0,1034520.0,Maruti,Baleno Rs 1.0 Petrol,9,0,1877.7777777777778,0.10020040080160321
Nyeri,2009,57000,Petrol,Manual,First,19.81,1086.0,68.05,5.0,333000.0,Hyundai,I10 Era,17,0,3352.9411764705883,0.06266114180478821
Kisumu,2013,83165,Diesel,Manual,First,12.8,2494.0,102.0,8.0,1700520.0,Toyota,Innova 2.5 G4 Diesel 8-Seater,13,0,6397.307692307692,0.0408981555733761
Naivasha,2012,24735,Petrol,Manual,Second,18.6,1199.0,79.4,5.0,424760.0,Chevrolet,Beat Lt,14,0,1766.7857142857142,0.06622185154295246
Kisumu,2005,65175,Diesel,Manual,First,12.8,2494.0,102.0,8.0,481000.0,Toyota,Innova 2.5 G3,21,0,3103.5714285714284,0.0408981555733761
Eldoret,2009,60000,Petrol,Manual,Second,9.8,2354.0,180.0,5.0,518000.0,Honda,Accord 2.4 Inspire M/T,17,0,3529.4117647058824,0.07646559048428207
Mombasa,2017,60357,Diesel,Manual,First,25.32,1198.0,77.0,6.0,664520.0,Mahindra,Kuv 100 Mfalcon D75 K4 Plus,9,0,6706.333333333333,0.0642737896494157
Nyeri,2011,77000,Diesel,Manual,First,22.07,1199.0,73.9,5.0,429200.0,Volkswagen,Polo Diesel Trendline 1.2L,15,0,5133.333333333333,0.06163469557964971
Naivasha,2014,85301,Petrol,Manual,First,12.4,1998.0,132.0,8.0,1829280.0,Toyota,Innova 2.0 Gx 8 Str,12,0,7108.416666666667,0.06606606606606606
Nairobi,2011,50000,Diesel,Automatic,First,11.79,2179.0,120.0,8.0,888000.0,Mahindra,Scorpio Vlx At Airbag Bsiv,15,0,3333.3333333333335,0.05507113354749885
Mombasa,2010,58000,Diesel,Automatic,First,16.46,2993.0,258.0,5.0,4588000.0,Bmw,7 Series 730Ld Sedan,16,0,3625.0,0.08620113598396258
Kisumu,2015,39000,Diesel,Manual,First,25.6,1498.0,98.6,5.0,812520.0,Honda,City I-Dtec Sv,11,0,3545.4545454545455,0.06582109479305741
Naivasha,2015,46190,Diesel,Manual,First,22.07,1199.0,73.9,5.0,867280.0,Volkswagen,Polo Diesel Comfortline 1.2L,11,0,4199.090909090909,0.06163469557964971
Nairobi,2015,83000,Diesel,Manual,First,16.0,2179.0,140.0,7.0,1332000.0,Mahindra,Xuv500 W8 2Wd,11,0,7545.454545454545,0.06424965580541533
Nyeri,2016,33000,Petrol,Manual,First,16.09,1598.0,103.5,5.0,1139600.0,Volkswagen,Vento 1.6 Highline,10,0,3300.0,0.06476846057571965
Naivasha,2017,27279,Petrol,Manual,First,17.4,1497.0,117.3,5.0,1401560.0000000002,Honda,City I Vtec V,9,0,3031.0,0.0783567134268537
Nakuru,2014,53900,Diesel,Automatic,First,14.16,1968.0,174.3,5.0,4292000.0,Audi,Q5 2.0 Tdi Premium Plus,12,1,4491.666666666667,0.08856707317073172
Mombasa,2012,63998,Petrol,Automatic,First,17.0,1497.0,118.0,5.0,802160.0,Honda,City 1.5 V At Exclusive,14,0,4571.285714285715,0.0788243152972612
Naivasha,2016,57932,Petrol,Manual,First,20.4,1197.0,81.8,5.0,945720.0,Maruti,Swift Vxi Bsiv,10,0,5793.2,0.0683375104427736
Nyeri,2015,25000,Petrol,Manual,First,22.74,796.0,47.3,5.0,407000.0,Maruti,Alto 800 Lxi,11,0,2272.7272727272725,0.059422110552763814
Mombasa,2011,169000,Diesel,Manual,First,20.0,1399.0,68.0,5.0,370000.0,Ford,Figo Diesel Titanium,15,0,11266.666666666666,0.04860614724803431
Nairobi,2012,53000,Petrol,Manual,First,17.92,1086.0,62.1,5.0,347800.0,Hyundai,Santro Xing Gl Plus,14,0,3785.714285714286,0.057182320441988954
Naivasha,2015,43053,Petrol,Manual,First,18.9,998.0,67.1,5.0,688200.0000000001,Maruti,Wagon R Vxi,11,0,3913.909090909091,0.06723446893787574
Thika,2014,75000,Diesel,Manual,First,26.0,1498.0,98.6,5.0,888000.0,Honda,City I Dtec Sv,12,0,6250.0,0.06582109479305741
Eldoret,2012,89000,Petrol,Manual,Second,16.8,1497.0,116.3,5.0,518000.0,Honda,City V Mt Avn,14,0,6357.142857142857,0.07768871075484302
Kisumu,2014,75578,Diesel,Manual,First,25.1,1498.0,98.6,5.0,1036000.0,Honda,City I Dtec Vx,12,0,6298.166666666667,0.06582109479305741
Nakuru,2014,46676,Petrol,Manual,First,17.0,1591.0,121.3,5.0,1147000.0,Hyundai,Verna Vtvt 1.6 Sx,12,0,3889.6666666666665,0.07624135763670647
Mombasa,2014,51349,Petrol,Manual,First,24.07,998.0,67.1,5.0,433640.0,Maruti,Alto K10 Lxi,12,0,4279.083333333333,0.06723446893787574
Kisumu,2014,34233,Diesel,Automatic,First,14.21,2143.0,203.0,5.0,3330000.0,Mercedes-Benz,E-Class 2009-2013 E250 Cdi Avantgarde,12,1,2852.75,0.09472701819878675
Naivasha,2014,39626,Diesel,Automatic,First,11.2,2993.0,241.0,4.0,6017679.999999999,Bmw,X6 Xdrive30D,12,0,3302.1666666666665,0.08052121617106582
Eldoret,2008,82500,Petrol,Manual,First,14.0,1061.0,64.0,5.0,259000.0,Maruti,Wagon R Lxi Bsiii,18,0,4583.333333333333,0.060320452403393024
Kisumu,2015,63000,Diesel,Manual,Second,19.72,1461.0,108.45,5.0,1213599.9999999998,Renault,Duster Rxz Awd,11,0,5727.272727272727,0.0742299794661191
Nairobi,2011,77001,Diesel,Manual,First,12.05,2179.0,120.0,8.0,664520.0,Mahindra,Scorpio Vlx 2.2 Mhawk Airbag Bsiv,15,0,5133.4,0.05507113354749885
Mombasa,2016,43000,Diesel,Automatic,First,10.91,3198.0,197.2,7.0,3922000.0,Ford,Endeavour 3.2 Trend At 4X4,10,0,4300.0,0.0616635397123202
Kisumu,2011,61111,Petrol,Manual,First,19.0,998.0,67.1,5.0,384800.0,Maruti,Zen Estilo Lxi Bs Iv,15,0,4074.0666666666666,0.06723446893787574
Nakuru,2005,79000,Petrol,Manual,Second,17.0,1493.0,97.7,5.0,244200.0,Hyundai,Santro Xing Xg,21,0,3761.904761904762,0.06543871399866041
Kisumu,2011,43000,Petrol,Manual,First,20.36,1197.0,78.9,5.0,368520.00000000006,Hyundai,I10 Asta,15,0,2866.6666666666665,0.06591478696741855
Kisumu,2013,47000,Petrol,Automatic,First,16.5,1198.0,86.8,5.0,799200.0,Honda,Brio Vx At,13,0,3615.3846153846152,0.07245409015025041
Nyeri,2017,34000,Petrol,Automatic,First,20.51,998.0,67.0,5.0,643799.9999999999,Maruti,Wagon R Amt Vxi,9,0,3777.777777777778,0.06713426853707415
Naivasha,2018,22060,Diesel,Automatic,First,18.51,1968.0,147.51,5.0,4844039.999999999,Audi,Q3 30 Tdi Premium Fwd,8,1,2757.5,0.07495426829268292
Mombasa,2012,63000,Diesel,Automatic,First,0.0,2987.0,165.0,5.0,3848000.0,Mercedes-Benz,M-Class Ml 350 4Matic,14,1,4500.0,0.055239370605959154
Nyeri,2011,80000,Petrol,Manual,First,18.9,998.0,67.1,5.0,370000.0,Maruti,Wagon R Lxi,15,0,5333.333333333333,0.06723446893787574
Mombasa,2015,13506,Diesel,Automatic,First,18.25,1968.0,187.74,5.0,3205680.0,Audi,A4 35 Tdi Premium Plus,11,1,1227.8181818181818,0.09539634146341464
Nairobi,2016,16000,Petrol,Manual,First,25.17,799.0,53.3,5.0,442520.0,Renault,Kwid Rxt Optional,10,0,1600.0,0.06670838548185232
Kisumu,2016,31006,Petrol,Manual,First,24.7,796.0,47.3,5.0,386280.0,Maruti,Alto 800 2016-2019 Vxi,10,0,3100.6,0.059422110552763814
Nairobi,2013,91200,Diesel,Manual,First,12.99,2494.0,100.0,8.0,1221000.0,Toyota,Innova 2.5 Gx (Diesel) 8 Seater,13,0,7015.384615384615,0.040096230954290296
Eldoret,2015,43000,Petrol,Automatic,First,14.53,1794.0,138.1,5.0,1850000.0,Toyota,Corolla Altis 2008-2013 1.8 Vl At,11,0,3909.090909090909,0.0769788182831661
Kisumu,2015,45000,Diesel,Manual,First,25.83,1498.0,99.0,5.0,814000.0,Ford,Figo 2015-2019 1.5D Titanium Plus Mt,11,0,4090.909090909091,0.06608811748998665
Naivasha,2014,28637,Petrol,Manual,First,19.4,1198.0,86.8,5.0,818440.0,Honda,Brio S Mt,12,0,2386.4166666666665,0.07245409015025041
Eldoret,2004,69870,Petrol,Manual,Second,14.2,1597.0,92.0,5.0,162800.00000000003,Ford,Ikon 1.6 Zxi Nxt,22,0,3175.909090909091,0.057608015028177834
Nairobi,2014,84000,Diesel,Manual,First,12.05,2179.0,120.0,7.0,1013800.0,Mahindra,Scorpio 2009-2014 Lx 2Wd 7S,12,0,7000.0,0.05507113354749885
Naivasha,2007,84143,Petrol,Manual,First,13.0,2987.0,210.0,5.0,2529320.0,Mercedes-Benz,S-Class 320 L,19,1,4428.578947368421,0.07030465349849348
Nairobi,2012,77000,Diesel,Manual,Second,12.05,2179.0,120.0,8.0,729640.0,Mahindra,Scorpio Sle Bsiv,14,0,5500.0,0.05507113354749885
Thika,2012,75000,Diesel,Automatic,Second,12.39,2179.0,147.51,5.0,2590000.0,Land,Rover Freelander 2 Se,14,1,5357.142857142857,0.06769619091326295
Nairobi,2011,76155,Petrol,Manual,First,18.6,1199.0,79.4,5.0,288600.0,Chevrolet,Beat Ls,15,0,5077.0,0.06622185154295246
Nakuru,2014,98000,Diesel,Manual,First,22.9,1248.0,74.0,5.0,902800.0,Maruti,Swift Zdi,12,0,8166.666666666667,0.05929487179487179
Nairobi,2008,48233,Petrol,Manual,Second,13.4,1794.0,125.0,5.0,266400.0,Toyota,Corolla H2,18,0,2679.6111111111113,0.06967670011148272
Nakuru,2015,63000,Diesel,Automatic,First,13.22,2967.0,241.4,5.0,5106000.0,Audi,Q5 3.0 Tdi Quattro,11,1,5727.272727272727,0.08136164475901585
Naivasha,2015,34063,Petrol,Manual,First,21.1,814.0,55.2,5.0,593480.0,Hyundai,Eon Era Plus,11,0,3096.6363636363635,0.06781326781326781
Kisumu,2013,32576,Petrol,Manual,First,19.5,1199.0,88.76,5.0,466200.0,Honda,Amaze S Petrol,13,0,2505.846153846154,0.07402835696413679
Nairobi,2015,28843,Petrol,Automatic,First,17.01,1499.0,110.5,5.0,812520.0,Ford,Figo Aspire 1.5 Ti-Vct Titanium,11,0,2622.090909090909,0.07371581054036024
Nakuru,2016,26000,Diesel,Automatic,Second,19.6,1461.0,108.45,5.0,1480000.0,Renault,Duster 110Ps Diesel Rxl Amt,10,0,2600.0,0.0742299794661191
Kisumu,2013,39000,Petrol,Automatic,First,15.6,1497.0,116.3,5.0,673400.0,Honda,City V At,13,0,3000.0,0.07768871075484302
Nairobi,2010,66000,Petrol,Manual,First,19.7,796.0,46.3,5.0,222000.0,Maruti,Alto Lxi,16,0,4125.0,0.05816582914572864
Kisumu,2011,38002,Petrol,Manual,First,20.36,1197.0,78.9,5.0,318200.0,Hyundai,I10 Magna 1.2,15,0,2533.4666666666667,0.06591478696741855
Mombasa,2010,49000,Petrol,Manual,Second,18.0,995.0,62.0,5.0,207200.0,Chevrolet,Spark 1.0 Ls,16,0,3062.5,0.062311557788944726
Nakuru,2014,52000,Diesel,Manual,First,21.14,1498.0,103.6,5.0,917600.0,Skoda,Rapid 1.5 Tdi Ambition Plus,12,0,4333.333333333333,0.0691588785046729
Nairobi,2013,56500,Diesel,Automatic,First,17.68,1968.0,174.33,5.0,2930400.0,Audi,A6 2011-2015 2.0 Tdi Premium Plus,13,1,4346.153846153846,0.08858231707317074
Nairobi,2015,20568,Petrol,Manual,First,18.7,1199.0,88.7,5.0,828800.0,Honda,Jazz 1.2 V I Vtec,11,0,1869.8181818181818,0.07397831526271893
Nairobi,2015,26000,Petrol,Manual,First,15.29,1591.0,121.3,5.0,1406000.0,Hyundai,Creta 1.6 Sx Plus Dual Tone Petrol,11,0,2363.6363636363635,0.07624135763670647
Nairobi,2012,56000,Petrol,Manual,First,18.6,1199.0,79.4,5.0,327080.0,Chevrolet,Beat Ls,14,0,4000.0,0.06622185154295246
Naivasha,2017,27509,Petrol,Manual,First,22.7,799.0,53.64,5.0,489880.0,Datsun,Redi-Go T Option,9,0,3056.5555555555557,0.06713391739674593
Mombasa,2016,36216,Petrol,Manual,First,19.1,1197.0,81.86,5.0,805120.0,Hyundai,Xcent 1.2 Kappa S Option,10,0,3621.6,0.0683876357560568
Kisumu,2009,28888,Petrol,Automatic,First,10.0,2496.0,157.7,5.0,1118880.0,Mercedes-Benz,E-Class 230 E At,17,1,1699.2941176470588,0.06318108974358974
Nyeri,2011,120000,Diesel,Manual,Second,22.9,1248.0,74.0,5.0,473600.0,Maruti,Swift Zdi,15,0,8000.0,0.05929487179487179
Mombasa,2018,31396,Petrol,Manual,First,23.1,998.0,67.04,5.0,818440.0,Maruti,Celerio Zxi,8,0,3924.5,0.06717434869739479
Kisumu,2015,79000,Diesel,Automatic,First,19.3,1968.0,141.0,5.0,2516000.0,Skoda,Octavia Elegance 2.0 Tdi At,11,0,7181.818181818182,0.07164634146341463
Nairobi,2010,62000,Petrol,Automatic,First,16.8,1497.0,118.0,5.0,525400.0,Honda,City 1.5 V At,16,0,3875.0,0.0788243152972612
Mombasa,2006,120000,Petrol,Automatic,Second,9.0,2997.0,218.0,5.0,392200.0,Honda,Accord V6 At,20,0,6000.0,0.0727394060727394
Nairobi,2016,53000,Petrol,Automatic,First,14.67,1798.0,177.46,5.0,2641800.0000000005,Skoda,Superb Style 1.8 Tsi At,10,0,5300.0,0.09869855394883204
Naivasha,2010,124313,Diesel,Manual,First,12.99,2494.0,100.6,8.0,1178080.0,Toyota,Innova 2.5 G (Diesel) 8 Seater,16,0,7769.5625,0.04033680834001604
Eldoret,2015,26725,Petrol,Automatic,First,23.1,998.0,67.04,5.0,629000.0,Maruti,Celerio Vxi At,11,0,2429.5454545454545,0.06717434869739479
Kisumu,2014,45617,Diesel,Manual,First,20.77,1248.0,88.76,7.0,865800.0,Maruti,Ertiga Vdi,12,0,3801.4166666666665,0.07112179487179487
Nairobi,2013,37000,Diesel,Automatic,First,20.0,2143.0,107.3,5.0,1924000.0,Mercedes-Benz,A Class A180 Cdi,13,1,2846.153846153846,0.050069995333644424
Mombasa,2010,109147,Diesel,Manual,First,14.0,2498.0,112.0,8.0,392200.0,Mahindra,Xylo E2,16,0,6821.6875,0.04483586869495596
Thika,2014,59000,Diesel,Manual,First,25.8,1498.0,98.6,5.0,703000.0,Honda,Amaze E I-Dtech,12,0,4916.666666666667,0.06582109479305741
Eldoret,2015,28000,Petrol,Manual,First,25.17,799.0,53.3,5.0,392200.0,Renault,Kwid Rxt,11,0,2545.4545454545455,0.06670838548185232
Eldoret,2017,4700,Petrol,Manual,First,25.17,799.0,53.3,5.0,444000.0,Renault,Kwid Rxt,9,0,522.2222222222222,0.06670838548185232
Naivasha,2014,72469,Diesel,Automatic,First,12.07,2967.0,241.4,7.0,4812960.000000001,Audi,Q7 3.0 Tdi Quattro Premium Plus,12,1,6039.083333333333,0.08136164475901585
Eldoret,2014,57539,Diesel,Automatic,First,22.32,1582.0,126.32,5.0,1147000.0,Hyundai,Verna 1.6 Sx Crdi (O) At,12,0,4794.916666666667,0.07984829329962073
Nairobi,2016,42000,Diesel,Automatic,First,11.36,2755.0,171.5,7.0,2900800.0000000005,Toyota,Innova Crysta 2.8 Zx At,10,0,4200.0,0.062250453720508164
Nairobi,2010,62489,Petrol,Manual,First,17.0,1197.0,80.0,5.0,384800.0,Hyundai,I20 Sportz Option,16,0,3905.5625,0.06683375104427736
Nairobi,2013,51167,Petrol,Manual,First,16.47,1198.0,73.9,5.0,556480.0,Volkswagen,Polo Petrol Comfortline 1.2L,13,0,3935.923076923077,0.06168614357262104
Mombasa,2012,130000,Diesel,Manual,First,20.54,1598.0,103.6,5.0,703000.0,Volkswagen,Vento Diesel Trendline,14,0,9285.714285714286,0.06483103879849812
Nairobi,2007,63000,Petrol,Manual,Second,17.7,1497.0,78.0,5.0,259000.0,Honda,City Zx Gxi,19,0,3315.7894736842104,0.052104208416833664
Nakuru,2011,60000,Petrol,Manual,First,16.2,1599.0,103.2,5.0,584600.0,Hyundai,Verna Transform Xxi Abs,15,0,4000.0,0.06454033771106941
Eldoret,2005,123200,Petrol,Manual,Second,13.2,1495.0,94.0,5.0,148000.0,Hyundai,Accent Gle,21,0,5866.666666666667,0.06287625418060201
Nyeri,2011,115692,Diesel,Automatic,First,20.0,1968.0,138.1,5.0,666000.0,Skoda,Laura Ambiente 2.0 Tdi Cr At,15,0,7712.8,0.07017276422764228
Naivasha,2011,87073,Petrol,Automatic,First,10.93,2497.0,204.0,5.0,2550040.0,Mercedes-Benz,E-Class 2009-2013 E 250 Elegance,15,1,5804.866666666667,0.0816980376451742
Mombasa,2015,40901,Petrol,Manual,First,18.6,1197.0,81.83,5.0,852480.0,Hyundai,I20 Sportz 1.2,11,0,3718.2727272727275,0.06836257309941521
Naivasha,2013,36264,Petrol,Manual,First,20.36,1197.0,78.9,5.0,639360.0,Hyundai,I10 Magna 1.2,13,0,2789.5384615384614,0.06591478696741855
Nairobi,2009,60000,Petrol,Manual,Second,19.81,1086.0,68.05,5.0,281200.0,Hyundai,I10 Magna 1.1L,17,0,3529.4117647058824,0.06266114180478821
Eldoret,2018,20000,Petrol,Manual,First,17.0,1198.0,74.0,5.0,814000.0,Volkswagen,Ameo 1.2 Mpi Anniversary Edition,8,0,2500.0,0.06176961602671119
Nairobi,2014,68400,Petrol,Automatic,First,12.98,2494.0,178.4,5.0,1998000.0,Toyota,Camry 2.5 G,12,0,5700.0,0.07153167602245389
Nakuru,2013,71231,Diesel,Manual,Second,16.0,2179.0,140.0,7.0,1443000.0,Mahindra,Xuv500 W8 2Wd,13,0,5479.307692307692,0.06424965580541533
Kisumu,2011,75000,Diesel,Automatic,First,17.2,1968.0,138.1,5.0,1397120.0,Skoda,Superb Elegance 2.0 Tdi Cr At,15,0,5000.0,0.07017276422764228
Nairobi,2018,1997,Petrol,Automatic,First,22.5,998.0,67.0,5.0,658600.0,Maruti,Wagon R Vxi Amt,8,0,249.625,0.06713426853707415
Eldoret,2016,47300,Diesel,Manual,First,24.3,1248.0,88.5,5.0,1309800.0,Maruti,Vitara Brezza Zdi Plus Dual Tone,10,0,4730.0,0.07091346153846154
Nairobi,2012,61449,Petrol,Manual,First,0.0,1086.0,62.0,5.0,318200.0,Hyundai,Santro Xing Gl,14,0,4389.214285714285,0.0570902394106814
Mombasa,2013,47910,Diesel,Manual,First,20.54,1598.0,103.6,5.0,723719.9999999999,Volkswagen,Vento Diesel Comfortline,13,0,3685.3846153846152,0.06483103879849812
Kisumu,2015,62000,Diesel,Manual,First,20.14,1498.0,88.8,5.0,925000.0,Volkswagen,Polo 1.5 Tdi Highline,11,0,5636.363636363636,0.05927903871829105
Mombasa,2012,65060,Diesel,Manual,First,22.9,1248.0,74.0,5.0,710400.0,Maruti,Swift Zdi,14,0,4647.142857142857,0.05929487179487179
Nyeri,2008,82203,Petrol,Manual,First,19.81,1086.0,68.05,5.0,266400.0,Hyundai,I10 Era 1.1,18,0,4566.833333333333,0.06266114180478821
Kisumu,2013,44000,Diesel,Manual,First,16.0,2179.0,140.0,7.0,1073000.0,Mahindra,Xuv500 W8 2Wd,13,0,3384.6153846153848,0.06424965580541533
Naivasha,2014,53817,Diesel,Manual,First,25.47,1248.0,88.5,7.0,1118880.0,Maruti,Ertiga Vdi,12,0,4484.75,0.07091346153846154
Mombasa,2013,61591,Diesel,Manual,First,16.0,2179.0,140.0,7.0,1009360.0,Mahindra,Xuv500 W8 2Wd,13,0,4737.7692307692305,0.06424965580541533
Nyeri,2011,86500,Diesel,Manual,Second,21.12,1248.0,88.8,5.0,266400.0,Tata,Manza Aura Quadrajet Bs Iv,15,0,5766.666666666667,0.07115384615384615
Eldoret,2009,100000,Diesel,Automatic,First,11.0,2987.0,198.5,5.0,1702000.0,Mercedes-Benz,E-Class 280 Cdi,17,1,5882.35294117647,0.06645463675929025
Mombasa,2010,87000,Petrol,Manual,First,15.6,1586.0,104.68,5.0,414400.0,Maruti,Sx4 Zxi With Leather Bsiii,16,0,5437.5,0.06600252206809584
Kisumu,2016,35000,Petrol,Automatic,First,20.51,998.0,67.0,5.0,814000.0,Maruti,Wagon R Amt Vxi,10,0,3500.0,0.06713426853707415
Kisumu,2016,6000,Petrol,Manual,First,20.63,1198.0,67.06,5.0,399600.0,Datsun,Go Nxt,10,0,600.0,0.05597662771285476
Nyeri,2014,59327,Diesel,Manual,First,20.0,1399.0,68.0,5.0,481000.0,Ford,Figo Diesel Zxi,12,0,4943.916666666667,0.04860614724803431
Naivasha,2014,81001,Diesel,Automatic,First,17.2,1968.0,138.1,5.0,1613200.0,Skoda,Superb Elegance 2.0 Tdi Cr At,12,0,6750.083333333333,0.07017276422764228
Mombasa,2014,44612,Petrol,Manual,First,18.5,1197.0,80.0,5.0,602360.0,Hyundai,I20 1.2 Magna,12,0,3717.6666666666665,0.06683375104427736
Thika,2016,42388,Diesel,Automatic,First,11.36,2755.0,171.5,7.0,2664000.0,Toyota,Innova Crysta 2.8 Zx At,10,0,4238.8,0.062250453720508164
Nairobi,2012,54000,Petrol,Manual,First,19.4,1198.0,86.8,5.0,436600.0,Honda,Brio V Mt,14,0,3857.1428571428573,0.07245409015025041
Nairobi,2011,83010,Diesel,Automatic,First,17.2,1968.0,138.1,5.0,1110000.0,Skoda,Superb Elegance 2.0 Tdi Cr At,15,0,5534.0,0.07017276422764228
Naivasha,2016,65405,Diesel,Automatic,First,13.0,2143.0,204.0,5.0,4844039.999999999,Mercedes-Benz,E-Class 2015-2017 E250 Cdi Avantgarde,10,1,6540.5,0.09519365375641624
Nairobi,2015,36000,Diesel,Automatic,Second,12.55,2982.0,168.7,7.0,3182000.0,Toyota,Fortuner 4X2 At Trd Sportivo,11,0,3272.7272727272725,0.05657276995305164
Eldoret,2008,85000,Petrol,Manual,First,16.51,1586.0,103.2,5.0,370000.0,Maruti,Sx4 Zxi Mt Bsiv,18,0,4722.222222222223,0.06506935687263557
Thika,2016,35000,Diesel,Manual,First,27.3,1498.0,98.6,5.0,814000.0,Honda,Jazz 1.5 V I Dtec,10,0,3500.0,0.06582109479305741
Nairobi,2012,54000,Petrol,Automatic,First,14.53,1794.0,138.1,5.0,1110000.0,Toyota,Corolla Altis 2008-2013 1.8 Vl At,14,0,3857.1428571428573,0.0769788182831661
Nairobi,2007,70000,Petrol,Manual,First,16.9,1497.0,100.0,5.0,229400.0,Honda,City Zx Vtec,19,0,3684.2105263157896,0.06680026720106881
Kisumu,2017,27001,Diesel,Automatic,First,20.68,1995.0,190.0,5.0,4292000.0,Bmw,X1 Xdrive 20D M Sport,9,0,3000.1111111111113,0.09523809523809523
Naivasha,2019,41075,Diesel,Manual,First,28.4,1248.0,74.0,5.0,1243200.0,Maruti,Swift Ddis Vdi,7,0,5867.857142857143,0.05929487179487179
Kisumu,2016,26000,Diesel,Manual,First,25.32,1198.0,77.0,6.0,962000.0,Mahindra,Kuv 100 Mfalcon D75 K8,10,0,2600.0,0.0642737896494157
Nairobi,2010,55000,Petrol,Manual,First,16.0,1198.0,90.0,5.0,347800.0,Honda,Jazz Mode,16,0,3437.5,0.07512520868113523
Nairobi,2016,19000,Petrol,Manual,First,20.4,1197.0,81.8,5.0,821400.0,Maruti,Swift Zxi,10,0,1900.0,0.0683375104427736
Nairobi,2016,15000,Petrol,Automatic,First,18.9,1197.0,82.0,5.0,791800.0,Hyundai,Grand I10 Asta Option At,10,0,1500.0,0.06850459482038429
Mombasa,2016,37000,Petrol,Manual,First,17.8,1198.0,86.7,5.0,777000.0,Honda,Amaze Sx I-Vtec,10,0,3700.0,0.07237061769616027
Naivasha,2017,38712,Petrol,Manual,First,18.9,1197.0,81.86,5.0,868760.0,Hyundai,Grand I10 1.2 Kappa Sportz,9,0,4301.333333333333,0.0683876357560568
Mombasa,2014,52400,Diesel,Manual,First,20.54,1598.0,103.6,5.0,793280.0,Volkswagen,Vento Diesel Comfortline,12,0,4366.666666666667,0.06483103879849812
Nakuru,2016,23988,Diesel,Manual,First,28.09,1248.0,88.5,5.0,1147000.0,Maruti,Ciaz 1.3 S,10,0,2398.8,0.07091346153846154
Mombasa,2014,32283,Petrol,Automatic,Second,14.4,1598.0,103.6,5.0,800680.0,Volkswagen,Vento Petrol Highline At,12,0,2690.25,0.06483103879849812
Nakuru,2010,52000,Petrol,Manual,First,18.5,1197.0,80.0,5.0,540200.0,Hyundai,I20 1.2 Magna,16,0,3250.0,0.06683375104427736
Eldoret,2016,32000,Petrol,Automatic,First,16.5,1198.0,86.8,5.0,777000.0,Honda,Brio Vx At,10,0,3200.0,0.07245409015025041
Kisumu,2014,39000,Petrol,Manual,First,17.4,1497.0,117.3,5.0,925000.0,Honda,City I Vtec Vx,12,0,3250.0,0.0783567134268537
Naivasha,2017,14149,Petrol,Manual,First,23.9,624.0,37.48,4.0,513560.0,Tata,Nano Xt,9,0,1572.111111111111,0.06006410256410256
Nairobi,2006,103000,Petrol,Automatic,First,10.13,3498.0,364.9,5.0,1309800.0,Mercedes-Benz,S Class 2005 2013 S 350 L,20,1,5150.0,0.10431675242995997
Eldoret,2004,82000,Petrol,Manual,First,14.0,1061.0,64.0,5.0,125800.0,Maruti,Wagon R Lxi Bsiii,22,0,3727.2727272727275,0.060320452403393024
Nairobi,2015,34000,Petrol,Automatic,First,13.7,1798.0,157.75,5.0,2020200.0,Skoda,Superb Elegance 1.8 Tsi At,11,0,3090.909090909091,0.08773637374860957
Naivasha,2016,45180,Diesel,Automatic,First,12.07,2967.0,241.4,7.0,7432560.0,Audi,Q7 35 Tdi Quattro Technology,10,1,4518.0,0.08136164475901585
Thika,2018,2000,Petrol,Manual,First,22.0,1197.0,81.8,5.0,1147000.0,Maruti,Swift Zxi Plus,8,0,250.0,0.0683375104427736
Naivasha,2011,82321,Diesel,Manual,First,12.8,2494.0,102.0,7.0,1487400.0000000002,Toyota,Innova 2.5 G4 Diesel 7-Seater,15,0,5488.066666666667,0.0408981555733761
Kisumu,2011,7000,Petrol,Automatic,First,12.05,1995.0,154.0,5.0,1443000.0,Bmw,3 Series 320I Sedan,15,0,466.6666666666667,0.07719298245614035
Nairobi,2015,27000,Diesel,Automatic,First,17.9,2143.0,136.0,5.0,3404000.0,Mercedes-Benz,Gla Class 200 Cdi Sport,11,1,2454.5454545454545,0.06346243583761083
Naivasha,2019,31271,Diesel,Manual,First,13.68,2393.0,147.8,8.0,3170160.0,Toyota,Innova Crysta 2.4 Vx Mt 8S,7,0,4467.285714285715,0.06176347680735479
Nyeri,2003,55000,Petrol,Manual,Third,15.9,1298.0,97.7,5.0,103600.0,Maruti,Esteem Lx Bsii,23,0,2391.304347826087,0.07526964560862866
Nairobi,2014,24000,Diesel,Manual,First,25.2,1248.0,74.0,5.0,771080.0,Maruti,Swift Vdi Bsiv,12,0,2000.0,0.05929487179487179
Kisumu,2009,147000,Diesel,Manual,First,12.99,2494.0,100.6,7.0,1110000.0,Toyota,Innova 2.5 Gx (Diesel) 7 Seater,17,0,8647.058823529413,0.04033680834001604
Nairobi,2012,72351,Diesel,Manual,First,23.59,1364.0,97.7,5.0,392200.0,Toyota,Etios Liva Gd,14,0,5167.928571428572,0.07162756598240469
Mombasa,2010,115000,Petrol,Manual,First,18.6,1199.0,79.4,5.0,259000.0,Chevrolet,Beat Lt,16,0,7187.5,0.06622185154295246
Nyeri,2010,82000,Diesel,Manual,Second,13.8,1399.0,68.0,5.0,148000.0,Ford,Ikon 1.4 Tdci Duratorq,16,0,5125.0,0.04860614724803431
Nairobi,2016,20000,Diesel,Automatic,First,19.27,2143.0,170.0,5.0,4884000.0,Mercedes-Benz,New C-Class C 220 Cdi Avantgarde,10,1,2000.0,0.07932804479701354
Kisumu,2011,45560,Petrol,Manual,First,17.6,1496.0,88.73,5.0,325600.00000000006,Toyota,Etios G,15,0,3037.3333333333335,0.05931149732620321
Mombasa,2017,57539,Diesel,Manual,First,12.8,2494.0,102.0,7.0,1898840.0,Toyota,Innova 2.5 Gx (Diesel) 7 Seater Bs Iv,9,0,6393.222222222223,0.0408981555733761
Mombasa,2018,20004,Diesel,Automatic,First,17.54,2993.0,313.0,4.0,10203120.0,Bmw,6 Series Gran Coupe,8,0,2500.5,0.10457734714333444
Nairobi,2012,54500,Diesel,Manual,First,21.13,1498.0,108.4,5.0,606799.9999999999,Skoda,Rapid 1.5 Tdi Ambition,14,0,3892.8571428571427,0.07236315086782377
Nyeri,2016,27886,Petrol,Manual,First,22.0,814.0,55.0,5.0,421800.0,Hyundai,Eon Magna,10,0,2788.6,0.06756756756756757
Nairobi,2007,66000,Petrol,Automatic,First,11.1,2354.0,158.8,5.0,547600.0,Honda,Cr-V 2.4L 4Wd At,19,0,3473.684210526316,0.06745964316057775
Naivasha,2013,72202,Diesel,Automatic,First,20.0,1968.0,138.1,5.0,1340880.0,Skoda,Laura Elegance 2.0 Tdi Cr At,13,0,5554.0,0.07017276422764228
Nairobi,2011,70000,Petrol,Manual,Second,13.4,1798.0,157.8,5.0,703000.0,Skoda,Laura Rs,15,0,4666.666666666667,0.08776418242491658
Nyeri,2015,78233,Diesel,Manual,First,26.0,1498.0,98.6,5.0,976800.0,Honda,City I Dtec S,11,0,7112.090909090909,0.06582109479305741
Mombasa,2007,120203,Diesel,Manual,Second,13.93,2179.0,138.0,7.0,518000.0,Tata,New Safari 4X4 Ex,19,0,6326.473684210527,0.06333180357962367
Eldoret,2011,20575,Petrol,Manual,First,19.0,998.0,67.1,5.0,296000.0,Maruti,Zen Estilo Lxi Bs Iv,15,0,1371.6666666666667,0.06723446893787574
Nairobi,2013,39879,Petrol,Manual,First,17.8,1198.0,86.7,5.0,575720.0,Honda,Amaze S I-Vtec,13,0,3067.6153846153848,0.07237061769616027
Nyeri,2017,31056,Petrol,Manual,First,23.01,999.0,67.0,5.0,532800.0,Renault,Kwid 1.0 Rxl,9,0,3450.6666666666665,0.06706706706706707
Nairobi,2015,50940,Petrol,Automatic,First,19.12,1373.0,91.1,5.0,1028600.0,Maruti,Ciaz At Zxi,11,0,4630.909090909091,0.0663510560815732
Naivasha,2016,99362,Diesel,Manual,First,22.54,1396.0,88.73,5.0,1040440.0,Hyundai,I20 Asta Option 1.4 Crdi,10,0,9936.2,0.06356017191977077
Thika,2016,54000,Diesel,Manual,First,13.68,2393.0,147.8,7.0,2442000.0,Toyota,Innova Crysta 2.4 Zx Mt,10,0,5400.0,0.06176347680735479
Naivasha,2016,54268,Diesel,Manual,First,28.09,1248.0,88.5,5.0,1135160.0,Maruti,Ciaz Zdi Plus Shvs,10,0,5426.8,0.07091346153846154
Naivasha,2012,94521,Diesel,Automatic,First,14.74,2993.0,270.9,5.0,3432120.0,Jaguar,Xf Diesel,14,1,6751.5,0.09051119278316071
Mombasa,2017,38932,Petrol,Manual,First,19.1,1197.0,82.0,5.0,919080.0,Hyundai,Xcent 1.2 Kappa S,9,0,4325.777777777777,0.06850459482038429
Naivasha,2015,60395,Diesel,Automatic,First,16.12,2967.0,245.0,5.0,6781360.0,Porsche,Cayenne Diesel,11,1,5490.454545454545,0.08257499157398045
Nairobi,2016,29000,Diesel,Manual,First,24.4,1120.0,71.0,5.0,880600.0,Hyundai,Xcent 1.1 Crdi S,10,0,2900.0,0.06339285714285714
Nairobi,2011,58000,Diesel,Automatic,First,16.55,1968.0,140.0,5.0,1628000.0,Audi,A4 2.0 Tdi Multitronic,15,1,3866.6666666666665,0.07113821138211382
Naivasha,2016,60913,Petrol,Manual,First,20.73,1373.0,91.1,5.0,1064120.0,Maruti,Ciaz Rs Zxi Plus,10,0,6091.3,0.0663510560815732
Nairobi,2011,65000,Diesel,Manual,First,12.8,2494.0,102.0,8.0,947200.0,Toyota,Innova 2.5 G4 Diesel 8-Seater,15,0,4333.333333333333,0.0408981555733761
Mombasa,2015,26000,Diesel,Manual,First,15.8,2148.0,170.0,5.0,3848000.0,Mercedes-Benz,New C-Class 220 Cdi Mt,11,1,2363.6363636363635,0.07914338919925512
Kisumu,2016,19947,Petrol,Manual,First,20.36,1197.0,78.9,5.0,666000.0,Hyundai,I10 Sportz,10,0,1994.7,0.06591478696741855
Mombasa,2011,70816,Petrol,Automatic,First,16.95,1197.0,78.9,5.0,458800.0,Hyundai,I10 Sportz 1.2 At,15,0,4721.066666666667,0.06591478696741855
Nairobi,2015,54000,Diesel,Manual,First,27.39,1248.0,74.0,5.0,880600.0,Maruti,Baleno Zeta 1.3,11,0,4909.090909090909,0.05929487179487179
Nairobi,2008,138000,Petrol,Manual,First,18.2,1061.0,64.0,5.0,177600.0,Maruti,Zen Estilo 1.1 Vxi Bsiii,18,0,7666.666666666667,0.060320452403393024
Mombasa,2014,35000,Diesel,Automatic,First,16.46,2993.0,258.0,5.0,7696000.0,Bmw,7 Series 730Ld,12,0,2916.6666666666665,0.08620113598396258
Nakuru,2015,50000,Diesel,Automatic,First,11.33,4134.0,335.2,7.0,7104000.0,Audi,Q7 4.2 Tdi Quattro Technology,11,1,4545.454545454545,0.08108369617803579
Kisumu,2011,124652,Diesel,Automatic,First,11.7,2993.0,245.0,5.0,3254520.0,Bmw,X5 Xdrive 30D,15,0,8310.133333333333,0.08185766789174741
Kisumu,2013,80264,Petrol,Manual,First,21.1,1197.0,85.8,5.0,636400.0,Maruti,Ritz Lxi,13,0,6174.153846153846,0.07167919799498747
Eldoret,2013,125600,Diesel,Manual,First,21.64,1461.0,84.8,5.0,555000.0,Nissan,Sunny 2011-2014 Diesel Xl,13,0,9661.538461538461,0.05804243668720054
Nairobi,2015,49000,Petrol,Manual,First,14.28,1798.0,138.03,5.0,1324599.9999999998,Toyota,Corolla Altis 1.8 Limited Edition,11,0,4454.545454545455,0.0767686318131257
Eldoret,2012,111000,Diesel,Manual,First,23.59,1364.0,67.1,5.0,703000.0,Toyota,Etios Vxd,14,0,7928.571428571428,0.04919354838709677
Naivasha,2016,33690,Petrol,Manual,First,14.28,1798.0,138.03,5.0,2160800.0,Toyota,Corolla Altis Gl Mt,10,0,3369.0,0.0767686318131257
Nairobi,2012,50000,Diesel,Automatic,First,17.68,1968.0,174.33,5.0,2590000.0,Audi,A6 2011-2015 2.0 Tdi Premium Plus,14,1,3571.4285714285716,0.08858231707317074
Kisumu,2012,38092,Diesel,Manual,First,20.77,1248.0,88.8,7.0,769600.0,Maruti,Ertiga Zdi,14,0,2720.8571428571427,0.07115384615384615
Naivasha,2017,47774,Petrol,Manual,First,18.9,1197.0,82.0,5.0,893920.0,Hyundai,Grand I10 Sportz,9,0,5308.222222222223,0.06850459482038429
Mombasa,2009,167000,Diesel,Manual,Second,19.09,1396.0,69.0,5.0,399600.0,Tata,Indigo Cs Lx (Tdi) Bs Iii,17,0,9823.529411764706,0.0494269340974212
Mombasa,2019,65000,Diesel,Automatic,First,26.59,1248.0,74.0,5.0,999000.0,Maruti,Swift Dzire Amt Zdi,7,0,9285.714285714286,0.05929487179487179
Kisumu,2011,46000,Petrol,Manual,First,15.26,1598.0,103.5,5.0,347800.0,Volkswagen,Polo Petrol Highline 1.6L,15,0,3066.6666666666665,0.06476846057571965
Kisumu,2017,16500,Petrol,Manual,First,23.84,1199.0,84.0,5.0,740000.0,Tata,Tiago 1.2 Revotron Xz Wo Alloy,9,0,1833.3333333333333,0.07005838198498748
Kisumu,2016,39000,Petrol,Manual,First,17.8,1497.0,117.3,5.0,1028600.0,Honda,City I Vtec Vx,10,0,3900.0,0.0783567134268537
Nyeri,2018,6000,Petrol,Manual,First,19.5,1199.0,86.76,5.0,991600.0,Honda,Amaze V Petrol,8,0,750.0,0.07236030025020851
Kisumu,2015,60000,Diesel,Automatic,First,17.11,1968.0,174.33,5.0,3700000.0,Audi,A4 35 Tdi Premium,11,1,5454.545454545455,0.08858231707317074
Mombasa,2011,97320,Petrol,Automatic,First,14.4,1598.0,103.6,5.0,555000.0,Volkswagen,Vento Petrol Highline At,15,0,6488.0,0.06483103879849812
Mombasa,2011,99807,Diesel,Manual,First,20.54,1598.0,103.6,5.0,555000.0,Volkswagen,Vento Diesel Trendline,15,0,6653.8,0.06483103879849812
Eldoret,2013,46000,Petrol,Manual,First,17.0,1497.0,118.0,5.0,754799.9999999999,Honda,City 1.5 S Mt,13,0,3538.4615384615386,0.0788243152972612
Nairobi,2010,12000,Petrol,Manual,First,22.5,998.0,67.04,5.0,362600.00000000006,Maruti,Wagon R Lxi,16,0,750.0,0.06717434869739479
Kisumu,2005,13002,Petrol,Automatic,First,9.3,2771.0,193.1,5.0,481000.0,Skoda,Superb 2.8 V6 At,21,0,619.1428571428571,0.06968603392277156
Kisumu,2014,26000,Diesel,Manual,First,26.0,1498.0,98.6,5.0,814000.0,Honda,City I Dtec Sv,12,0,2166.6666666666665,0.06582109479305741
Mombasa,2014,68365,Cng,Manual,First,26.6,998.0,58.16,5.0,557960.0,Maruti,Wagon R Lxi Cng,12,0,5697.083333333333,0.05827655310621242
Naivasha,2016,27833,Diesel,Automatic,First,0.0,2987.0,165.0,5.0,7287520.0,Mercedes-Benz,M-Class Ml 350 4Matic,10,1,2783.3,0.055239370605959154
Mombasa,2016,51639,Petrol,Manual,First,22.74,796.0,47.3,5.0,449920.0,Maruti,Alto 800 Lxi,10,0,5163.9,0.059422110552763814
Nairobi,2015,21000,Petrol,Manual,First,18.6,1197.0,81.83,5.0,725200.0000000001,Hyundai,I20 Magna 1.2,11,0,1909.090909090909,0.06836257309941521
Nakuru,2013,90000,Diesel,Manual,First,22.7,1498.0,89.84,5.0,925000.0,Ford,Ecosport 1.5 Dv5 Mt Trend,13,0,6923.076923076923,0.05997329773030708
Kisumu,2015,36255,Diesel,Automatic,First,19.59,1995.0,184.0,5.0,4884000.0,Bmw,3 Series Gt 320D Luxury Line,11,0,3295.909090909091,0.09223057644110276
Mombasa,2011,58000,Diesel,Automatic,Second,11.7,2993.0,245.0,5.0,3996000.0,Bmw,X5 Xdrive 30D,15,0,3866.6666666666665,0.08185766789174741
Naivasha,2014,48997,Petrol,Manual,Second,18.0,1198.0,86.7,5.0,771080.0,Honda,Amaze S I-Vtech,12,0,4083.0833333333335,0.07237061769616027
Nairobi,2014,31130,Petrol,Manual,First,15.85,1499.0,110.4,5.0,851000.0,Ford,Ecosport 1.5 Ti Vct Mt Titanium,12,0,2594.1666666666665,0.07364909939959974
Naivasha,2012,75668,Diesel,Automatic,First,14.74,2993.0,270.9,5.0,2453839.9999999995,Jaguar,Xf 3.0 Litre S Premium Luxury,14,1,5404.857142857143,0.09051119278316071
Nairobi,2015,12000,Petrol,Manual,First,14.53,1798.0,138.0,5.0,1628000.0,Toyota,Corolla 1.8 J,11,0,1090.909090909091,0.07675194660734148
Eldoret,2014,90000,Petrol,Manual,Second,20.36,1197.0,78.9,5.0,414400.0,Hyundai,I10 Sportz,12,0,7500.0,0.06591478696741855
Mombasa,2019,17320,Diesel,Automatic,First,15.8,2148.0,170.0,5.0,5622520.0,Mercedes-Benz,New C-Class C220 Cdi Executive Edition,7,1,2474.285714285714,0.07914338919925512
Nairobi,2011,85000,Diesel,Manual,Second,20.0,1968.0,108.5,5.0,540200.0,Skoda,Laura Ambiente 2.0 Tdi Cr Mt,15,0,5666.666666666667,0.05513211382113821
Kisumu,2007,130000,Diesel,Manual,First,13.1,2499.0,141.0,7.0,888000.0,Ford,Endeavour 4X2 Xlt,19,0,6842.105263157895,0.056422569027611044
Naivasha,2013,60328,Petrol,Manual,First,15.6,1196.0,70.0,5.0,671920.0,Ford,Figo Petrol Exi,13,0,4640.615384615385,0.05852842809364549
Mombasa,2015,34327,Petrol,Manual,First,18.0,1198.0,86.7,5.0,799200.0,Honda,Amaze S I-Vtech,11,0,3120.6363636363635,0.07237061769616027
Nairobi,2014,75000,Diesel,Manual,First,19.1,1405.0,70.0,5.0,488400.0,Tata,Indica Vista Tdi Ls,12,0,6250.0,0.0498220640569395
Kisumu,2012,86000,Diesel,Automatic,Second,14.7,1985.0,163.0,5.0,2701000.0,Volvo,Xc60 D4 Summum,14,1,6142.857142857143,0.08211586901763224
Nakuru,2017,12000,Petrol,Manual,First,22.7,799.0,53.0,5.0,458800.0,Datsun,Redi Go Sport,9,0,1333.3333333333333,0.06633291614518148
Mombasa,2013,57759,Petrol,Manual,First,21.1,814.0,55.2,5.0,568320.0,Hyundai,Eon Era Plus,13,0,4443.0,0.06781326781326781
Kisumu,2016,24300,Petrol,Manual,First,22.74,796.0,47.3,5.0,361120.0,Maruti,Alto 800 Vxi,10,0,2430.0,0.059422110552763814
Nakuru,2011,66000,Petrol,Manual,Second,16.47,1198.0,73.9,5.0,532800.0,Volkswagen,Polo Petrol Trendline 1.2L,15,0,4400.0,0.06168614357262104
Nairobi,2015,75915,Petrol,Manual,First,20.36,1197.0,78.9,5.0,577200.0,Hyundai,I10 Asta,11,0,6901.363636363636,0.06591478696741855
Mombasa,2013,107000,Petrol,Manual,Second,16.95,1498.0,97.7,5.0,429200.0,Nissan,Sunny 2011-2014 Xl,13,0,8230.76923076923,0.06522029372496663
Mombasa,2008,86000,Petrol,Manual,Second,14.53,1798.0,138.1,5.0,518000.0,Toyota,Corolla Altis G,18,0,4777.777777777777,0.0768075639599555
Mombasa,2009,160000,Diesel,Manual,Second,18.1,1493.0,110.0,5.0,518000.0,Hyundai,Verna Crdi Abs,17,0,9411.764705882353,0.07367716008037509
Nyeri,2019,3000,Petrol,Manual,First,24.7,796.0,47.3,5.0,518000.0,Maruti,Alto 800 2016-2019 Lxi Optional,7,0,428.57142857142856,0.059422110552763814
Kisumu,2015,72495,Diesel,Manual,First,21.9,1396.0,88.76,5.0,1036000.0,Hyundai,I20 Sportz 1.4 Crdi,11,0,6590.454545454545,0.06358166189111748
Mombasa,2016,33000,Diesel,Automatic,First,19.08,1582.0,126.2,5.0,1287599.9999999998,Hyundai,Verna 1.6 Crdi At S,10,0,3300.0,0.0797724399494311
Kisumu,2014,60000,Diesel,Automatic,First,12.07,2967.0,241.4,7.0,6660000.0,Audi,Q7 3.0 Tdi Quattro Technology,12,1,5000.0,0.08136164475901585
Kisumu,2016,80103,Diesel,Manual,First,25.0,1396.0,69.0,5.0,266400.0,Tata,Indica V2 Els,10,0,8010.3,0.0494269340974212
Kisumu,2007,42100,Petrol,Manual,First,18.0,995.0,62.0,5.0,146520.0,Chevrolet,Spark 1.0 Ls,19,0,2215.7894736842104,0.062311557788944726
Kisumu,2018,4500,Petrol,Manual,First,18.9,1197.0,81.86,5.0,710400.0,Hyundai,Grand I10 1.2 Kappa Magna,8,0,562.5,0.0683876357560568
Nairobi,2014,97000,Diesel,Manual,First,12.55,2982.0,169.0,7.0,2656600.0,Toyota,Fortuner 4X4 Mt Trd Sportivo,12,0,8083.333333333333,0.05667337357478203
Mombasa,2016,50000,Electric,Automatic,First,18.15,72.0,41.0,5.0,1924000.0,Mahindra,E Verito D4,10,0,5000.0,0.5694444444444444
Mombasa,2017,51223,Petrol,Manual,First,18.9,1197.0,81.86,5.0,837680.0,Hyundai,Grand I10 1.2 Kappa Asta,9,0,5691.444444444444,0.0683876357560568
Nairobi,2009,64000,Petrol,Manual,First,17.0,1497.0,118.0,5.0,458800.0,Honda,City 1.5 S Mt,17,0,3764.705882352941,0.0788243152972612
Mombasa,2016,56911,Petrol,Manual,First,18.6,1197.0,81.86,5.0,967920.0,Hyundai,Elite I20 Petrol Asta,10,0,5691.1,0.0683876357560568
Kisumu,2015,147848,Diesel,Manual,First,12.8,2494.0,102.0,8.0,1953600.0,Toyota,Innova 2.5 G4 Diesel 8-Seater,11,0,13440.727272727272,0.0408981555733761
Mombasa,2018,21290,Petrol,Automatic,First,13.0,4951.0,395.0,4.0,8406400.0,Ford,Mustang V8,8,0,2661.25,0.07978186225005049
Mombasa,2019,14076,Diesel,Automatic,First,11.36,2755.0,171.5,7.0,2871199.9999999995,Toyota,Innova Crysta 2.8 Gx At,7,0,2010.857142857143,0.062250453720508164
Thika,2007,75180,Petrol,Manual,First,18.2,1061.0,64.0,5.0,244200.0,Maruti,Zen Estilo 1.1 Vxi Bsiii,19,0,3956.842105263158,0.060320452403393024
Nyeri,2013,92000,Diesel,Manual,Second,22.9,1248.0,74.0,5.0,643799.9999999999,Maruti,Swift Zdi,13,0,7076.923076923077,0.05929487179487179
Kisumu,2015,57266,Diesel,Manual,First,20.5,1248.0,91.72,5.0,962000.0,Fiat,Avventura Multijet Emotion,11,0,5206.0,0.07349358974358974
Nairobi,2007,64000,Petrol,Manual,First,18.2,998.0,67.1,5.0,164280.00000000003,Maruti,Zen Estilo Vxi Bsiii,19,0,3368.4210526315787,0.06723446893787574
Nairobi,2013,41000,Diesel,Manual,First,19.87,1461.0,83.8,5.0,814000.0,Renault,Duster 85Ps Diesel Rxl,13,0,3153.846153846154,0.05735797399041752
Nairobi,2012,45999,Diesel,Manual,First,10.5,2835.0,107.2,6.0,1628000.0,Mitsubishi,Pajero 2.8 Sfx,14,0,3285.6428571428573,0.03781305114638448
Eldoret,2015,50000,Petrol,Automatic,First,23.1,998.0,67.04,5.0,577200.0,Maruti,Celerio Vxi At,11,0,4545.454545454545,0.06717434869739479
Eldoret,2013,70000,Diesel,Manual,First,17.88,1405.0,48.21,5.0,266400.0,Tata,Indica V2 Dls Bsiii,13,0,5384.615384615385,0.034313167259786476
Mombasa,2016,37540,Petrol,Manual,First,18.6,1197.0,81.86,5.0,920560.0,Hyundai,Elite I20 Petrol Asta,10,0,3754.0,0.0683876357560568
Kisumu,2014,44000,Petrol,Automatic,First,23.1,998.0,67.04,5.0,636400.0,Maruti,Celerio Vxi At,12,0,3666.6666666666665,0.06717434869739479
Kisumu,2017,22500,Petrol,Manual,First,18.9,1197.0,81.86,5.0,886520.0,Hyundai,Grand I10 1.2 Kappa Asta,9,0,2500.0,0.0683876357560568
Nairobi,2017,17431,Petrol,Manual,First,18.6,1197.0,81.83,5.0,888000.0,Hyundai,I20 1.2 Magna Executive,9,0,1936.7777777777778,0.06836257309941521
Nairobi,2014,61566,Petrol,Manual,First,17.1,1591.0,121.3,5.0,865800.0,Hyundai,Verna 1.6 Sx Vtvt (O),12,0,5130.5,0.07624135763670647
Mombasa,2014,61730,Diesel,Automatic,First,12.39,2179.0,147.51,5.0,2951120.0000000005,Land,Rover Freelander 2 Se,12,1,5144.166666666667,0.06769619091326295
Mombasa,2009,68000,Petrol,Manual,First,16.1,1298.0,88.2,5.0,429200.0,Maruti,Swift Vxi Bsiii,17,0,4000.0,0.0679506933744222
Nairobi,2014,29000,Petrol,Manual,First,18.0,1198.0,86.7,5.0,629000.0,Honda,Amaze Sx I-Vtec,12,0,2416.6666666666665,0.07237061769616027
Kisumu,2010,156210,Diesel,Manual,First,21.43,1364.0,87.2,5.0,886520.0,Toyota,Corolla Altis Diesel D4Dg,16,0,9763.125,0.06392961876832845
Kisumu,2013,46500,Diesel,Manual,First,27.4,1498.0,98.6,5.0,488400.0,Honda,Amaze S Diesel,13,0,3576.923076923077,0.06582109479305741
Naivasha,2009,52830,Diesel,Automatic,Second,16.77,2967.0,241.38,5.0,1195840.0,Audi,A6 3.0 Tdi Quattro,17,1,3107.6470588235293,0.08135490394337715
Nyeri,2017,39867,Petrol,Manual,First,22.5,998.0,67.04,5.0,666000.0,Maruti,Wagon R Vxi,9,0,4429.666666666667,0.06717434869739479
Kisumu,2014,58972,Diesel,Manual,First,24.2,1498.0,98.6,7.0,962000.0,Honda,Mobilio E I Dtec,12,0,4914.333333333333,0.06582109479305741
Nakuru,2006,66000,Petrol,Automatic,Second,10.1,2354.0,152.0,5.0,577200.0,Honda,Cr-V 2.4 4Wd At,20,0,3300.0,0.06457094307561598
Nairobi,2013,52000,Petrol,Manual,First,17.1,1591.0,121.3,5.0,777000.0,Hyundai,Verna 1.6 Sx Vtvt (O),13,0,4000.0,0.07624135763670647
Nakuru,2014,58000,Diesel,Automatic,First,11.72,2199.0,194.3,7.0,2516000.0,Hyundai,Santa Fe 4X4 At,12,0,4833.333333333333,0.08835834470213734
Thika,2012,58000,Petrol,Automatic,First,16.95,1197.0,78.9,5.0,518000.0,Hyundai,I10 Sportz At,14,0,4142.857142857143,0.06591478696741855
Kisumu,2008,75000,Diesel,Manual,Second,17.7,1399.0,68.0,5.0,444000.0,Ford,Fusion Plus 1.4 Tdci Diesel,18,0,4166.666666666667,0.04860614724803431
Naivasha,2015,41008,Petrol,Manual,Second,20.36,1197.0,78.9,5.0,720760.0,Hyundai,I10 Sportz,11,0,3728.0,0.06591478696741855
Nyeri,2014,65000,Diesel,Manual,First,24.4,1120.0,71.0,5.0,888000.0,Hyundai,Xcent 1.1 Crdi Sx Option,12,0,5416.666666666667,0.06339285714285714
Nairobi,2015,19000,Diesel,Automatic,First,18.19,1968.0,174.5,5.0,2294000.0,Skoda,Superb Style 2.0 Tdi At,11,0,1727.2727272727273,0.08866869918699187
Eldoret,2008,74000,Petrol,Manual,Second,16.6,1388.0,68.0,5.0,236800.0,Ford,Fiesta 1.4 Duratec Exi,18,0,4111.111111111111,0.04899135446685879
Eldoret,2017,33000,Petrol,Automatic,First,21.4,1197.0,83.1,5.0,1073000.0,Maruti,Baleno Zeta Automatic,9,0,3666.6666666666665,0.06942355889724311
Nairobi,2010,95000,Diesel,Manual,Second,17.0,1896.0,105.0,5.0,481000.0,Skoda,Laura 1.9 Tdi Mt Ambiente,16,0,5937.5,0.055379746835443035
Kisumu,2012,34000,Diesel,Manual,First,20.64,1498.0,108.5,5.0,503200.0,Volkswagen,Vento 1.5 Tdi Comfortline,14,0,2428.5714285714284,0.07242990654205607
Naivasha,2014,102865,Diesel,Automatic,First,12.07,2967.0,241.4,7.0,4514000.0,Audi,Q7 3.0 Tdi Quattro Technology,12,1,8572.083333333334,0.08136164475901585
Mombasa,2016,52378,Petrol,Manual,First,17.0,1591.0,121.3,5.0,1179560.0,Hyundai,Verna Vtvt 1.6 Sx Option,10,0,5237.8,0.07624135763670647
Nairobi,2012,38000,Diesel,Automatic,First,14.84,2143.0,170.0,5.0,1999480.0,Mercedes-Benz,New C-Class 220 Cdi At,14,1,2714.285714285714,0.07932804479701354
Mombasa,2015,60334,Diesel,Manual,First,25.8,1498.0,98.6,5.0,803640.0,Honda,Amaze S I-Dtech,11,0,5484.909090909091,0.06582109479305741
Mombasa,2010,107000,Petrol,Manual,First,16.6,1388.0,68.0,5.0,384800.0,Ford,Fiesta 1.4 Duratec Exi Limited Edition,16,0,6687.5,0.04899135446685879
Nakuru,2013,445000,Petrol,Manual,First,18.5,1197.0,82.9,5.0,658600.0,Hyundai,I20 Magna Optional 1.2,13,0,34230.769230769234,0.06925647451963242
Kisumu,2017,2196,Petrol,Manual,First,22.74,796.0,47.3,5.0,407000.0,Maruti,Alto 800 Lxi,9,0,244.0,0.059422110552763814
Kisumu,2010,24000,Petrol,Automatic,First,10.6,2996.0,258.0,5.0,1295000.0,Bmw,5 Series 530I Sedan,16,0,1500.0,0.08611481975967958
Naivasha,2015,44846,Petrol,Manual,Second,14.6,1368.0,88.7,5.0,800680.0,Fiat,Grande Punto 1.4 Emotion,11,0,4076.909090909091,0.06483918128654971
Mombasa,2018,64035,Diesel,Automatic,First,28.4,1248.0,73.75,5.0,1265400.0000000002,Maruti,Dzire Amt Zdi Plus,8,0,8004.375,0.05909455128205128
Nairobi,2014,45600,Diesel,Manual,First,15.1,2179.0,140.0,7.0,1221000.0,Mahindra,Xuv500 W6 2Wd,12,0,3800.0,0.06424965580541533
Mombasa,2014,102001,Diesel,Automatic,First,11.1,2400.0,200.0,7.0,3489840.0,Volvo,Xc90 2007-2015 D5 At Awd,12,1,8500.083333333334,0.08333333333333333
Naivasha,2014,47439,Petrol,Manual,First,20.36,1197.0,78.9,5.0,664520.0,Hyundai,I10 Sportz 1.2,12,0,3953.25,0.06591478696741855
Kisumu,2010,193254,Diesel,Manual,First,11.5,2982.0,171.0,7.0,1922520.0,Toyota,Fortuner 3.0 Diesel,16,0,12078.375,0.05734406438631791
Nakuru,2016,29000,Petrol,Automatic,First,21.9,624.0,37.48,4.0,414400.0,Tata,Nano Xta,10,0,2900.0,0.06006410256410256
Naivasha,2016,51681,Diesel,Manual,First,19.98,1461.0,108.5,8.0,1247640.0,Renault,Lodgy 110Ps Rxz 8 Seater,10,0,5168.1,0.07426420260095824
Kisumu,2015,50000,Diesel,Automatic,First,12.07,2967.0,241.4,7.0,7030000.0,Audi,Q7 3.0 Tdi Quattro Premium Plus,11,1,4545.454545454545,0.08136164475901585
Nairobi,2016,42666,Petrol,Automatic,First,18.0,1497.0,117.3,5.0,1324599.9999999998,Honda,City I Vtec Cvt Vx,10,0,4266.6,0.0783567134268537
Nyeri,2013,65000,Diesel,Manual,Second,19.01,1461.0,108.45,5.0,814000.0,Renault,Duster 110Ps Diesel Rxl,13,0,5000.0,0.0742299794661191
Nyeri,2014,18776,Petrol,Manual,First,17.8,1198.0,86.7,5.0,703000.0,Honda,Amaze S I-Vtec,12,0,1564.6666666666667,0.07237061769616027
Nyeri,2016,6714,Petrol,Manual,First,18.0,1198.0,86.7,5.0,703000.0,Honda,Amaze S I-Vtech,10,0,671.4,0.07237061769616027
Eldoret,2009,40000,Petrol,Automatic,Second,12.05,1995.0,154.0,5.0,1406000.0,Bmw,3 Series 320I,17,0,2352.9411764705883,0.07719298245614035
Naivasha,2011,88539,Diesel,Manual,First,23.2,1248.0,73.94,5.0,557960.0,Maruti,Ritz Ldi,15,0,5902.6,0.05924679487179487
Nairobi,2012,65055,Petrol,Manual,Second,17.0,1497.0,118.0,5.0,629000.0,Honda,City 1.5 S Mt,14,0,4646.785714285715,0.0788243152972612
Nairobi,2014,23000,Diesel,Automatic,First,18.88,1995.0,184.0,5.0,2945199.9999999995,Bmw,3 Series 320D Sport Line,12,0,1916.6666666666667,0.09223057644110276
Mombasa,2009,60000,Diesel,Manual,First,15.0,1896.0,105.0,5.0,592000.0,Volkswagen,Jetta 2007-2011 1.9 Tdi Trendline,17,0,3529.4117647058824,0.055379746835443035
Mombasa,2013,59350,Petrol,Manual,First,19.1,1197.0,85.8,5.0,615680.0,Maruti,Swift Dzire Lxi,13,0,4565.384615384615,0.07167919799498747
Nakuru,2015,19000,Diesel,Automatic,Second,16.36,2179.0,187.7,5.0,5624000.0,Jaguar,Xf 2.2 Litre Executive,11,1,1727.2727272727273,0.08614043139054611
Mombasa,2016,45560,Petrol,Automatic,First,16.9,1197.0,82.0,5.0,938320.0,Hyundai,Xcent 1.2 Kappa At Sx Option,10,0,4556.0,0.06850459482038429
Eldoret,2009,118000,Diesel,Manual,First,12.8,2494.0,102.0,8.0,666000.0,Toyota,Innova 2.5 G (Diesel) 7 Seater Bs Iv,17,0,6941.176470588235,0.0408981555733761
Mombasa,2016,55000,Petrol,Manual,First,15.1,1196.0,73.0,7.0,555000.0,Maruti,Eeco 7 Seater Standard,10,0,5500.0,0.061036789297658864
Nairobi,2012,60000,Diesel,Automatic,Second,15.2,1968.0,140.8,5.0,1509599.9999999998,Audi,A4 New 2.0 Tdi Multitronic,14,1,4285.714285714285,0.07154471544715447
Mombasa,2007,145000,Diesel,Manual,First,12.8,2494.0,102.0,8.0,740000.0,Toyota,Innova 2.5 G (Diesel) 7 Seater Bs Iv,19,0,7631.578947368421,0.0408981555733761
Nairobi,2008,46810,Petrol,Manual,First,9.8,1995.0,163.5,5.0,584600.0,Maruti,Grand Vitara Mt,18,0,2600.5555555555557,0.08195488721804511
Naivasha,2016,62767,Diesel,Manual,First,20.34,1498.0,103.2,5.0,1443000.0,Volkswagen,Vento 1.5 Tdi Highline,10,0,6276.7,0.06889185580774367
Mombasa,2018,18553,Petrol,Manual,First,18.6,1197.0,81.86,5.0,1173640.0,Hyundai,Elite I20 Petrol Asta,8,0,2319.125,0.0683876357560568
Kisumu,2011,143143,Diesel,Manual,First,17.8,1399.0,67.0,5.0,310800.0,Ford,Fiesta Classic 1.4 Duratorq Clxi,15,0,9542.866666666667,0.04789135096497498
Naivasha,2015,53497,Diesel,Manual,First,13.5,2477.0,175.56,7.0,2430160.0000000005,Mitsubishi,Pajero Sport 4X4,11,0,4863.363636363636,0.07087605974969721
Nakuru,2011,148000,Diesel,Manual,Second,14.66,2199.0,194.3,7.0,1317200.0,Hyundai,Santa Fe 4X4,15,0,9866.666666666666,0.08835834470213734
Eldoret,2012,95000,Diesel,Manual,First,15.1,2179.0,140.0,7.0,1067080.0,Mahindra,Xuv500 W8 2Wd,14,0,6785.714285714285,0.06424965580541533
Mombasa,2015,100000,Diesel,Manual,First,12.8,2494.0,102.0,8.0,1998000.0,Toyota,Innova 2.5 V Diesel 8-Seater,11,0,9090.90909090909,0.0408981555733761
Mombasa,2016,29000,Diesel,Automatic,First,11.57,2987.0,254.79,5.0,9620000.0,Mercedes-Benz,Gle 350D,10,1,2900.0,0.08529963173752929
Nakuru,2014,87000,Diesel,Manual,First,12.05,2179.0,120.0,7.0,1095200.0,Mahindra,Scorpio 2009-2014 Sle 7S Bsiv,12,0,7250.0,0.05507113354749885
Mombasa,2014,56838,Petrol,Automatic,First,16.8,1497.0,118.0,5.0,762200.0000000001,Honda,City 1.5 S At,12,0,4736.5,0.0788243152972612
Eldoret,2013,100000,Diesel,Automatic,First,12.0,2987.0,224.0,7.0,4736000.0,Mercedes-Benz,Gl-Class 2007 2012 350 Cdi Luxury,13,1,7692.307692307692,0.07499163039839303
Kisumu,2011,125000,Petrol,Manual,First,17.0,1497.0,118.0,5.0,481000.0,Honda,City 1.5 S Mt,15,0,8333.333333333334,0.0788243152972612
Kisumu,2017,17000,Petrol,Automatic,First,22.5,998.0,67.0,5.0,584600.0,Maruti,Wagon R Vxi Amt,9,0,1888.888888888889,0.06713426853707415
Eldoret,2013,70000,Petrol,Manual,Second,15.4,1193.0,65.0,5.0,222000.0,Tata,Indigo Ecs Gle Bsiii,13,0,5384.615384615385,0.054484492875104776
Eldoret,2010,50000,Petrol,Manual,Second,17.0,1197.0,80.0,5.0,444000.0,Hyundai,I20 2015-2017 1.2 Asta With Avn,16,0,3125.0,0.06683375104427736
Kisumu,2010,39800,Petrol,Manual,First,16.0,1198.0,90.0,5.0,294520.0,Honda,Jazz Active,16,0,2487.5,0.07512520868113523
Kisumu,2010,60000,Petrol,Manual,First,19.0,998.0,66.1,5.0,199800.0,Maruti,A-Star Lxi,16,0,3750.0,0.06623246492985971
Kisumu,2009,58000,Diesel,Automatic,First,16.07,1995.0,181.0,5.0,1998000.0,Bmw,3 Series 320D Highline,17,0,3411.764705882353,0.09072681704260652
Kisumu,2010,110009,Diesel,Manual,First,17.67,1968.0,138.08,5.0,1034520.0,Skoda,Yeti Elegance,16,0,6875.5625,0.07016260162601627
Kisumu,2013,85000,Diesel,Manual,First,19.01,1461.0,108.5,5.0,1258000.0,Nissan,Terrano Xv Premium 110 Ps,13,0,6538.461538461538,0.07426420260095824
Eldoret,2010,84000,Diesel,Manual,Second,22.07,1199.0,73.9,5.0,427720.0,Volkswagen,Polo Diesel Comfortline 1.2L,16,0,5250.0,0.06163469557964971
Nairobi,2011,51000,Diesel,Automatic,First,22.69,1995.0,190.0,5.0,1554000.0,Bmw,3 Series 320D,15,0,3400.0,0.09523809523809523
Mombasa,2013,68880,Petrol,Manual,First,16.95,1498.0,97.7,5.0,587560.0,Nissan,Sunny 2011-2014 Xl,13,0,5298.461538461538,0.06522029372496663
Mombasa,2017,5500,Petrol,Automatic,First,24.07,998.0,67.1,5.0,629000.0,Maruti,Alto K10 Vxi Ags,9,0,611.1111111111111,0.06723446893787574
Naivasha,2016,40052,Petrol,Manual,First,21.1,1197.0,85.8,5.0,913160.0,Maruti,Ritz Zxi,10,0,4005.2,0.07167919799498747
Naivasha,2016,47293,Diesel,Automatic,First,14.16,1968.0,174.3,5.0,5730560.0,Audi,Q5 30 Tdi Quattro Premium Plus,10,1,4729.3,0.08856707317073172
Kisumu,2013,79663,Diesel,Manual,First,16.8,1493.0,110.0,5.0,962000.0,Hyundai,Verna Crdi Sx,13,0,6127.923076923077,0.07367716008037509
Nyeri,2013,63000,Diesel,Manual,Second,25.8,1498.0,98.6,5.0,629000.0,Honda,Amaze S I-Dtech,13,0,4846.153846153846,0.06582109479305741
Kisumu,2014,45000,Diesel,Manual,First,26.0,1498.0,98.6,5.0,703000.0,Honda,City I Dtec Sv,12,0,3750.0,0.06582109479305741
Mombasa,2014,56501,Diesel,Automatic,First,12.9,2755.0,174.5,7.0,2621080.0,Toyota,Fortuner Trd Sportivo 2.8 2Wd At,12,0,4708.416666666667,0.0633393829401089
Nyeri,2015,58000,Diesel,Manual,First,20.34,1498.0,103.2,5.0,865800.0,Volkswagen,Vento 1.5 Tdi Highline,11,0,5272.727272727273,0.06889185580774367
Naivasha,2011,51602,Diesel,Automatic,First,22.48,1995.0,190.0,5.0,2555960.0,Bmw,5 Series 520D Luxury Line,15,0,3440.133333333333,0.09523809523809523
Kisumu,2007,74199,Diesel,Automatic,First,16.07,1995.0,181.0,5.0,1369000.0,Bmw,3 Series 320D Sedan,19,0,3905.2105263157896,0.09072681704260652
Thika,2017,25000,Petrol,Automatic,First,13.0,1591.0,121.3,5.0,1887000.0,Hyundai,Creta 1.6 Sx Plus Petrol Automatic,9,0,2777.777777777778,0.07624135763670647
Eldoret,2016,70000,Diesel,Automatic,Second,21.76,1995.0,190.0,5.0,3996000.0,Bmw,3 Series Luxury Line,10,0,7000.0,0.09523809523809523
Nakuru,2013,25000,Diesel,Automatic,Second,14.84,2143.0,167.62,5.0,3108000.0,Mercedes-Benz,New C-Class C 220 Cdi Be Avantgare,13,1,1923.076923076923,0.07821745216985534
Kisumu,2017,22000,Diesel,Manual,First,26.59,1248.0,74.0,5.0,1176600.0,Maruti,Swift Dzire Vdi,9,0,2444.4444444444443,0.05929487179487179
Kisumu,2015,47020,Petrol,Manual,Second,23.1,998.0,67.04,5.0,666000.0,Maruti,Celerio Zxi,11,0,4274.545454545455,0.06717434869739479
Nairobi,2017,8000,Diesel,Automatic,First,19.59,1995.0,187.74,5.0,4995000.0,Bmw,3 Series 320D Gt Luxury Line,9,0,888.8888888888889,0.09410526315789475
Nairobi,2010,73000,Diesel,Automatic,First,11.33,4134.0,335.2,7.0,2591480.0000000005,Audi,Q7 4.2 Tdi Quattro Technology,16,1,4562.5,0.08108369617803579
Mombasa,2017,36973,Petrol,Manual,First,18.2,1199.0,88.7,5.0,1006400.0,Honda,Jazz V,9,0,4108.111111111111,0.07397831526271893
Naivasha,2014,42083,Petrol,Manual,First,25.4,624.0,37.48,4.0,248640.0,Tata,Nano Cx Bsiv,12,0,3506.9166666666665,0.06006410256410256
Mombasa,2016,61000,Petrol,Manual,First,24.7,796.0,47.3,5.0,429200.0,Maruti,Alto 800 2016-2019 Lxi,10,0,6100.0,0.059422110552763814
Nairobi,2014,43628,Petrol,Manual,First,22.5,998.0,67.04,5.0,467680.0,Maruti,Wagon R Vxi,12,0,3635.6666666666665,0.06717434869739479
Nyeri,2014,60000,Diesel,Manual,First,24.4,1120.0,71.0,5.0,577200.0,Hyundai,Xcent 1.1 Crdi Base,12,0,5000.0,0.06339285714285714
Nairobi,2010,54000,Petrol,Manual,Second,17.8,1199.0,76.8,5.0,288600.0,Chevrolet,Beat Lt,16,0,3375.0,0.0640533778148457
Mombasa,2015,27001,Diesel,Automatic,First,16.36,2179.0,187.7,5.0,3924960.0,Jaguar,Xf 2.2 Litre Luxury,11,1,2454.6363636363635,0.08614043139054611
Mombasa,2010,52000,Diesel,Automatic,First,18.33,1968.0,167.7,5.0,1332000.0,Volkswagen,Passat Diesel Highline 2.0 Tdi,16,0,3250.0,0.08521341463414633
Kisumu,2012,80000,Diesel,Manual,First,21.27,1396.0,88.76,5.0,666000.0,Hyundai,I20 Asta 1.4 Crdi,14,0,5714.285714285715,0.06358166189111748
Mombasa,2008,160000,Diesel,Manual,First,10.5,2835.0,107.2,6.0,1295000.0,Mitsubishi,Pajero 2.8 Sfx,18,0,8888.888888888889,0.03781305114638448
Mombasa,2018,3300,Diesel,Automatic,First,24.3,1248.0,88.5,5.0,1702000.0,Maruti,Vitara Brezza Zdi Plus Amt Dual Tone,8,0,412.5,0.07091346153846154
Nairobi,2016,35027,Petrol,Manual,First,24.07,998.0,67.1,5.0,444000.0,Maruti,Alto K10 Lxi,10,0,3502.7,0.06723446893787574
Naivasha,2015,26568,Petrol,Manual,First,21.1,814.0,55.2,5.0,560920.0,Hyundai,Eon Magna Plus,11,0,2415.2727272727275,0.06781326781326781
Thika,2015,59000,Diesel,Manual,First,28.09,1248.0,88.5,5.0,888000.0,Maruti,Ciaz Vdi Plus Shvs,11,0,5363.636363636364,0.07091346153846154
Nakuru,2016,51000,Diesel,Manual,First,19.67,1582.0,126.2,5.0,1961000.0,Hyundai,Creta 1.6 Crdi Sx Option,10,0,5100.0,0.0797724399494311
Nairobi,2012,56400,Diesel,Automatic,First,17.2,1968.0,138.1,5.0,1184000.0,Skoda,Superb Ambition 2.0 Tdi Cr At,14,0,4028.5714285714284,0.07017276422764228
Kisumu,2015,80000,Diesel,Manual,First,20.14,1498.0,88.8,5.0,858400.0,Volkswagen,Polo 1.5 Tdi Highline,11,0,7272.727272727273,0.05927903871829105
Nairobi,2012,72000,Diesel,Automatic,Third,18.48,1493.0,97.7,5.0,2049800.0,Bmw,5 Series 520D Sedan,14,0,5142.857142857143,0.06543871399866041
Kisumu,2013,107000,Diesel,Manual,Second,12.99,2494.0,100.6,7.0,1998000.0,Toyota,Innova 2.5 Vx (Diesel) 7 Seater,13,0,8230.76923076923,0.04033680834001604
Eldoret,2014,100000,Diesel,Automatic,First,14.21,2143.0,203.0,5.0,3700000.0,Mercedes-Benz,E-Class 2009-2013 E250 Cdi Elegance,12,1,8333.333333333334,0.09472701819878675
Mombasa,2016,59998,Diesel,Manual,First,20.14,1498.0,88.8,5.0,812520.0,Volkswagen,Polo 1.5 Tdi Highline,10,0,5999.8,0.05927903871829105
Kisumu,2013,105000,Diesel,Automatic,First,17.32,1968.0,150.0,5.0,2812000.0,Audi,Q3 2.0 Tdi,13,1,8076.923076923077,0.07621951219512195
Kisumu,2011,36000,Petrol,Manual,First,18.5,1197.0,80.0,5.0,370000.0,Hyundai,I20 1.2 Magna,15,0,2400.0,0.06683375104427736
Kisumu,2015,24350,Petrol,Manual,Second,19.81,1086.0,68.05,5.0,444000.0,Hyundai,I10 Sportz 1.1L,11,0,2213.6363636363635,0.06266114180478821
Mombasa,2018,28973,Diesel,Manual,First,24.7,1047.0,69.0,5.0,982720.0,Tata,Tigor 1.05 Revotorq Xt,8,0,3621.625,0.0659025787965616
Mombasa,2017,8243,Petrol,Manual,First,21.1,814.0,55.2,5.0,475080.0,Hyundai,Eon Era,9,0,915.8888888888889,0.06781326781326781
Mombasa,2009,136642,Petrol,Manual,Second,17.92,1086.0,62.1,5.0,229400.0,Hyundai,Santro Xing Gls,17,0,8037.764705882353,0.057182320441988954
Kisumu,2011,60000,Petrol,Manual,First,17.92,1086.0,62.1,5.0,383320.0,Hyundai,Santro Xing Gls,15,0,4000.0,0.057182320441988954
Mombasa,2008,100000,Diesel,Manual,Second,12.7,2609.0,120.0,8.0,592000.0,Mahindra,Scorpio Slx,18,0,5555.555555555556,0.04599463395937141
Nyeri,2010,48689,Petrol,Manual,First,17.4,1497.0,117.3,5.0,572760.0,Honda,City I-Vtec S,16,0,3043.0625,0.0783567134268537
Nakuru,2017,45000,Diesel,Manual,First,24.3,1248.0,88.5,5.0,1443000.0,Maruti,Vitara Brezza Zdi,9,0,5000.0,0.07091346153846154
Mombasa,2019,38163,Diesel,Automatic,First,17.11,1968.0,174.33,5.0,4870679.999999999,Audi,A4 35 Tdi Technology Edition,7,1,5451.857142857143,0.08858231707317074
Mombasa,2011,43800,Diesel,Automatic,Second,14.21,2143.0,203.0,5.0,2479000.0,Mercedes-Benz,E-Class 2009-2013 E250 Cdi Elegance,15,1,2920.0,0.09472701819878675
Nyeri,2007,92000,Petrol,Manual,First,13.5,1799.0,130.0,5.0,281200.0,Honda,Civic 2006-2010 1.8 Mt Sport,19,0,4842.105263157895,0.07226236798221233
Mombasa,2017,14064,Petrol,Manual,First,18.6,1197.0,81.83,5.0,975320.0,Hyundai,I20 Magna 1.2,9,0,1562.6666666666667,0.06836257309941521
Naivasha,2017,42366,Diesel,Automatic,First,15.73,1968.0,174.33,5.0,4725640.0,Audi,Q3 35 Tdi Quattro Premium Plus,9,1,4707.333333333333,0.08858231707317074
Nyeri,2014,76551,Diesel,Manual,First,25.1,1498.0,98.6,5.0,1073000.0,Honda,City I Dtec Vx,12,0,6379.25,0.06582109479305741
Eldoret,2008,72672,Petrol,Manual,First,19.81,1086.0,68.05,5.0,281200.0,Hyundai,I10 Era 1.1 Itech Se,18,0,4037.3333333333335,0.06266114180478821
Kisumu,2015,45000,Diesel,Manual,First,25.2,1248.0,74.0,5.0,525400.0,Maruti,Swift Vdi Bsiv,11,0,4090.909090909091,0.05929487179487179
Kisumu,2012,91696,Diesel,Automatic,First,11.4,2953.0,153.86,7.0,1369000.0,Ford,Endeavour 3.0L 4X4 At,14,0,6549.714285714285,0.05210294615645107
Mombasa,2009,66484,Petrol,Manual,First,13.8,1299.0,70.0,5.0,244200.0,Ford,Ikon 1.3 Flair,17,0,3910.823529411765,0.05388760585065435
Naivasha,2019,15456,Diesel,Automatic,First,20.68,1995.0,190.0,5.0,5422720.0,Bmw,X1 Sdrive 20D Xline,7,0,2208.0,0.09523809523809523
Nairobi,2011,55000,Diesel,Automatic,Second,14.21,2143.0,203.0,5.0,2368000.0,Mercedes-Benz,E-Class 2009-2013 E250 Cdi Classic,15,1,3666.6666666666665,0.09472701819878675
Mombasa,2019,21112,Cng,Manual,First,15.1,1196.0,73.0,5.0,796240.0,Maruti,Eeco 5 Str With Ac Plus Htr Cng,7,0,3016.0,0.061036789297658864
Eldoret,2011,98000,Petrol,Manual,First,16.7,1493.0,97.7,5.0,466200.0,Honda,Jazz Select Edition,15,0,6533.333333333333,0.06543871399866041
Thika,2014,61297,Diesel,Manual,First,25.8,1498.0,98.6,5.0,643799.9999999999,Honda,Amaze S I-Dtech,12,0,5108.083333333333,0.06582109479305741
Kisumu,2006,80000,Petrol,Manual,Second,17.3,993.0,60.0,5.0,177600.0,Maruti,Zen Lxi - Bs Iii,20,0,4000.0,0.06042296072507553
Nyeri,2013,59000,Petrol,Manual,Second,18.5,1197.0,80.0,5.0,606799.9999999999,Hyundai,I20 Magna,13,0,4538.461538461538,0.06683375104427736
Mombasa,2009,150000,Diesel,Automatic,First,11.0,2993.0,235.0,5.0,2775000.0,Bmw,X5 3.0D,17,0,8823.529411764706,0.07851653859004344
Naivasha,2017,60083,Diesel,Manual,First,19.67,1582.0,126.2,5.0,2039440.0,Hyundai,Creta 1.6 Crdi Sx Option,9,0,6675.888888888889,0.0797724399494311
Kisumu,2016,85450,Diesel,Manual,First,26.59,1248.0,74.0,5.0,592000.0,Maruti,Swift Dzire Ldi,10,0,8545.0,0.05929487179487179
Nyeri,2013,88000,Diesel,Manual,First,22.9,1248.0,74.0,5.0,640840.0,Maruti,Swift Vdi,13,0,6769.2307692307695,0.05929487179487179
Mombasa,2015,81828,Diesel,Manual,First,24.0,1186.0,73.97,5.0,803640.0,Hyundai,Grand I10 1.2 Crdi Asta,11,0,7438.909090909091,0.062369308600337264
Nairobi,2016,18000,Petrol,Manual,First,18.16,1196.0,86.8,5.0,725200.0000000001,Ford,Figo Aspire 1.2 Ti-Vct Trend,10,0,1800.0,0.0725752508361204
Mombasa,2017,15000,Diesel,Automatic,First,15.97,2993.0,258.0,5.0,10360000.0,Bmw,X5 X5 M,9,0,1666.6666666666667,0.08620113598396258
Kisumu,2016,34000,Diesel,Automatic,First,11.78,2143.0,167.62,5.0,3774000.0,Mercedes-Benz,New C-Class C 220 Cdi Celebration Edition,10,1,3400.0,0.07821745216985534
Thika,2015,46000,Petrol,Automatic,First,18.9,1197.0,82.0,5.0,754799.9999999999,Hyundai,Grand I10 At Asta,11,0,4181.818181818182,0.06850459482038429
Kisumu,2013,48158,Diesel,Manual,First,22.32,1582.0,126.32,5.0,991600.0,Hyundai,Verna 1.6 Sx Crdi (O),13,0,3704.4615384615386,0.07984829329962073
Kisumu,2013,93000,Diesel,Automatic,First,16.73,2993.0,218.0,5.0,3922000.0,Bmw,5 Series 525D Sedan,13,0,7153.846153846154,0.07283661877714667
Thika,2013,71007,Diesel,Manual,First,23.08,1461.0,63.1,5.0,577200.0,Nissan,Micra Diesel Xv Premium,13,0,5462.076923076923,0.0431895961670089
Eldoret,2010,63067,Petrol,Manual,Second,15.5,1586.0,103.3,5.0,399600.0,Maruti,Sx4 Zxi Mt Bsiv,16,0,3941.6875,0.06513240857503153
Kisumu,2011,70259,Diesel,Manual,First,21.12,1248.0,88.8,5.0,436600.0,Tata,Manza Aura Quadrajet Bs Iv,15,0,4683.933333333333,0.07115384615384615
Thika,2015,13000,Diesel,Automatic,First,16.55,1968.0,140.0,5.0,3404000.0,Audi,A4 2.0 Tdi Multitronic,11,1,1181.8181818181818,0.07113821138211382
Eldoret,2009,140000,Diesel,Manual,Second,17.8,1248.0,75.0,5.0,368520.00000000006,Maruti,Swift Ldi Bsiv,17,0,8235.29411764706,0.06009615384615385
Nyeri,2015,130000,Diesel,Manual,First,25.2,1248.0,74.0,5.0,666000.0,Maruti,Swift Ldi Optional,11,0,11818.181818181818,0.05929487179487179
Nairobi,2011,89401,Diesel,Manual,First,21.43,1364.0,87.2,5.0,666000.0,Toyota,Corolla Altis Diesel D4Dj,15,0,5960.066666666667,0.06392961876832845
Kisumu,2015,67000,Diesel,Manual,First,27.3,1498.0,98.6,5.0,1021200.0,Honda,Jazz 1.5 Vx I Dtec,11,0,6090.909090909091,0.06582109479305741
Mombasa,2010,65329,Petrol,Automatic,First,7.94,4395.0,450.0,4.0,3066560.0,Bmw,6 Series 650I Coupe,16,0,4083.0625,0.10238907849829351
Nyeri,2010,72000,Petrol,Manual,First,16.25,1198.0,73.9,5.0,327080.0,Skoda,Fabia 1.2 Petrol Active,16,0,4500.0,0.06168614357262104
Nyeri,2001,70000,Petrol,Manual,Third,0.0,1242.0,97.7,5.0,81400.00000000001,Fiat,Siena 1.2 Elx,25,0,2800.0,0.07866344605475041
Nairobi,2011,82000,Diesel,Automatic,Second,12.35,2179.0,187.74,5.0,2057200.0,Land,Rover Freelander 2 Hse,15,1,5466.666666666667,0.08615878843506196
Eldoret,2010,85000,Petrol,Manual,First,15.3,1596.0,101.0,5.0,216080.0,Ford,Fiesta 1.6 Zxi Duratec,16,0,5312.5,0.06328320802005012
Eldoret,2012,83000,Diesel,Automatic,First,19.08,1582.0,126.32,5.0,888000.0,Hyundai,Verna Sx Crdi At,14,0,5928.571428571428,0.07984829329962073
Nyeri,2016,26000,Petrol,Manual,First,21.7,999.0,67.0,5.0,444000.0,Renault,Kwid 1.0 Rxt Optional,10,0,2600.0,0.06706706706706707
Nairobi,2012,27000,Diesel,Manual,First,22.3,1248.0,88.8,5.0,518000.0,Tata,Indica Vista Quadrajet 90 Zx Plus,14,0,1928.5714285714287,0.07115384615384615
Mombasa,2018,37746,Diesel,Manual,First,21.19,1396.0,88.73,5.0,1123320.0,Hyundai,I20 Active 1.4 Sx,8,0,4718.25,0.06356017191977077
Nairobi,2009,63274,Petrol,Manual,Second,15.0,1586.0,104.68,5.0,294520.0,Maruti,Sx4 Zxi Bsiii,17,0,3722.0,0.06600252206809584
Kisumu,2016,25000,Petrol,Manual,First,25.17,799.0,53.3,5.0,562400.0,Renault,Kwid Rxt,10,0,2500.0,0.06670838548185232
Nakuru,2013,197000,Diesel,Manual,First,11.68,2498.0,112.0,7.0,592000.0,Mahindra,Xylo E4 Abs Bs Iii,13,0,15153.846153846154,0.04483586869495596
Nakuru,2013,45010,Petrol,Manual,Second,21.1,814.0,55.2,5.0,436600.0,Hyundai,Eon D Lite Plus,13,0,3462.3076923076924,0.06781326781326781
Nairobi,2013,75348,Diesel,Manual,First,25.8,1498.0,98.6,5.0,555000.0,Honda,Amaze Vx I-Dtec,13,0,5796.0,0.06582109479305741
Kisumu,2010,90110,Diesel,Manual,First,22.07,1199.0,73.9,5.0,370000.0,Volkswagen,Polo Diesel Highline 1.2L,16,0,5631.875,0.06163469557964971
Eldoret,2011,102013,Petrol,Manual,First,17.0,1497.0,118.0,5.0,555000.0,Honda,City 1.5 V Mt,15,0,6800.866666666667,0.0788243152972612
Eldoret,2015,36000,Diesel,Automatic,First,12.55,2982.0,168.5,7.0,3256000.0,Toyota,Fortuner 4X2 At,11,0,3272.7272727272725,0.05650570087189805
Mombasa,2017,37578,Petrol,Manual,First,18.0,1198.0,86.7,5.0,908720.0,Honda,Amaze E I-Vtech,9,0,4175.333333333333,0.07237061769616027
Eldoret,2015,46001,Diesel,Automatic,First,20.58,1995.0,143.0,5.0,2368000.0,Bmw,1 Series 118D Base,11,0,4181.909090909091,0.07167919799498747
Kisumu,2014,46559,Petrol,Automatic,First,23.1,998.0,67.04,5.0,555000.0,Maruti,Celerio Vxi At,12,0,3879.9166666666665,0.06717434869739479
Nairobi,2015,48000,Diesel,Manual,First,12.99,2494.0,100.6,8.0,1739000.0,Toyota,Innova 2.5 Gx (Diesel) 8 Seater,11,0,4363.636363636364,0.04033680834001604
Eldoret,2013,46000,Diesel,Automatic,Second,16.36,2179.0,187.7,5.0,3552000.0,Jaguar,Xf 2.2 Litre Luxury,13,1,3538.4615384615386,0.08614043139054611
Kisumu,2017,15000,Petrol,Manual,First,17.5,1199.0,88.7,5.0,1317200.0,Honda,Wrv I-Vtec Vx,9,0,1666.6666666666667,0.07397831526271893
Mombasa,2012,85000,Diesel,Automatic,Third,17.05,1995.0,184.0,5.0,1480000.0,Bmw,X1 Sdrive20D,14,0,6071.428571428572,0.09223057644110276
Nairobi,2014,32000,Petrol,Automatic,First,14.3,1598.0,103.5,5.0,821400.0,Skoda,Rapid 1.6 Mpi At Elegance,12,0,2666.6666666666665,0.06476846057571965
Mombasa,2012,60818,Petrol,Manual,First,16.09,1598.0,103.5,5.0,531320.0,Volkswagen,Vento 1.6 Comfortline,14,0,4344.142857142857,0.06476846057571965
Naivasha,2019,35188,Diesel,Manual,First,22.77,1498.0,98.59,5.0,1647240.0,Ford,Ecosport 1.5 Tdci Trend Plus Be,7,0,5026.857142857143,0.06581441922563418
Nyeri,2012,110000,Diesel,Manual,First,15.1,2179.0,140.0,7.0,1065600.0,Mahindra,Xuv500 W6 2Wd,14,0,7857.142857142857,0.06424965580541533
Nairobi,2014,61000,Diesel,Manual,First,18.6,1388.0,67.0,5.0,441040.0,Ford,Fiesta Classic 1.4 Duratorq Lxi,12,0,5083.333333333333,0.048270893371757925
Eldoret,2010,75000,Petrol,Manual,Second,17.92,1086.0,62.1,5.0,251600.0,Hyundai,Santro Xing Gls,16,0,4687.5,0.057182320441988954
Nairobi,2015,55000,Diesel,Automatic,First,12.0,2987.0,224.0,7.0,7696000.0,Mercedes-Benz,Gl-Class 2007 2012 350 Cdi Luxury,11,1,5000.0,0.07499163039839303
Eldoret,2003,69966,Petrol,Manual,First,19.7,796.0,46.3,5.0,140600.0,Maruti,Alto Lxi Bsii,23,0,3042.0,0.05816582914572864
Nairobi,2016,42000,Petrol,Manual,First,17.8,1497.0,117.3,5.0,1369000.0,Honda,City I Vtec Vx Option,10,0,4200.0,0.0783567134268537
Nakuru,2014,48000,Diesel,Automatic,First,13.01,2199.0,194.3,7.0,2405000.0,Hyundai,Santa Fe 2Wd At,12,0,4000.0,0.08835834470213734
Kisumu,2015,35000,Diesel,Automatic,First,17.9,2143.0,136.0,5.0,3106520.0,Mercedes-Benz,Gla Class 200 Cdi Sport,11,1,3181.818181818182,0.06346243583761083
Mombasa,2005,128000,Diesel,Manual,Second,12.8,2494.0,102.0,8.0,629000.0,Toyota,Innova 2.5 G4 Diesel 8-Seater,21,0,6095.238095238095,0.0408981555733761
Nakuru,2008,78000,Diesel,Automatic,Second,16.07,1995.0,181.0,5.0,1065600.0,Bmw,3 Series 320D Sedan,18,0,4333.333333333333,0.09072681704260652
Kisumu,2011,53080,Petrol,Manual,First,18.6,1197.0,85.8,5.0,651200.0000000001,Maruti,Swift Zxi,15,0,3538.6666666666665,0.07167919799498747
Eldoret,2011,66000,Petrol,Manual,Second,15.04,1598.0,103.6,5.0,629000.0,Volkswagen,Vento Petrol Highline,15,0,4400.0,0.06483103879849812
Thika,2012,25000,Petrol,Manual,First,16.02,1373.0,93.7,7.0,791800.0,Maruti,Ertiga Vxi,14,0,1785.7142857142858,0.06824471959213402
Naivasha,2016,36139,Petrol,Automatic,Second,18.9,1197.0,82.0,5.0,932400.0,Hyundai,Grand I10 At Asta,10,0,3613.9,0.06850459482038429
Nairobi,2017,44000,Diesel,Manual,First,19.67,1582.0,126.2,5.0,1850000.0,Hyundai,Creta 1.6 Crdi Sx,9,0,4888.888888888889,0.0797724399494311
Thika,2008,50000,Diesel,Automatic,Second,16.77,2967.0,241.38,5.0,1110000.0,Audi,A6 3.0 Tdi Quattro,18,1,2777.777777777778,0.08135490394337715
Nairobi,2016,81177,Diesel,Manual,First,16.0,1997.0,140.0,7.0,1665000.0,Mahindra,Xuv500 W8 1.99 Mhawk,10,0,8117.7,0.0701051577366049
Nairobi,2016,26000,Petrol,Automatic,First,16.05,1499.0,110.4,5.0,1132200.0,Ford,Ecosport 1.5 Ti Vct At Titanium Be,10,0,2600.0,0.07364909939959974
Nairobi,2016,100000,Diesel,Manual,First,24.4,1120.0,71.0,5.0,666000.0,Hyundai,Xcent 1.1 Crdi Base,10,0,10000.0,0.06339285714285714
Kisumu,2014,75000,Diesel,Automatic,First,21.21,1498.0,103.2,5.0,1110000.0,Volkswagen,Vento 1.5 Tdi Comfortline At,12,0,6250.0,0.06889185580774367
Mombasa,2004,119859,Petrol,Automatic,First,13.0,2987.0,210.0,5.0,1050800.0,Mercedes-Benz,S-Class 280 At,22,1,5448.136363636364,0.07030465349849348
Nairobi,2010,55980,Petrol,Manual,First,20.36,1197.0,78.9,5.0,333000.0,Hyundai,I10 Magna,16,0,3498.75,0.06591478696741855
Kisumu,2015,30000,Diesel,Automatic,First,17.11,1968.0,174.33,5.0,3996000.0,Audi,A4 35 Tdi Technology Edition,11,1,2727.2727272727275,0.08858231707317074
Eldoret,2012,49700,Diesel,Manual,Second,21.9,1396.0,88.76,5.0,618640.0,Hyundai,I20 Sportz 1.4 Crdi,14,0,3550.0,0.06358166189111748
Mombasa,2013,79000,Diesel,Manual,First,23.5,1396.0,88.7,5.0,962000.0,Hyundai,Verna 1.4 Ex,13,0,6076.923076923077,0.06353868194842408
Nairobi,2010,65100,Petrol,Manual,First,17.0,1497.0,118.0,5.0,466200.0,Honda,City 1.5 V Mt,16,0,4068.75,0.0788243152972612
Eldoret,2016,54161,Diesel,Manual,First,25.47,1248.0,88.5,7.0,1130720.0,Maruti,Ertiga Vdi,10,0,5416.1,0.07091346153846154
Kisumu,2011,28619,Petrol,Manual,First,19.7,796.0,46.3,5.0,355200.0,Maruti,Alto Lxi Bsii,15,0,1907.9333333333334,0.05816582914572864
Nairobi,2016,9000,Petrol,Automatic,First,20.51,998.0,67.0,5.0,629000.0,Maruti,Wagon R Amt Vxi,10,0,900.0,0.06713426853707415
Mombasa,2016,42876,Diesel,Automatic,First,19.08,1582.0,126.2,5.0,1377880.0,Hyundai,Verna 1.6 Crdi At Sx,10,0,4287.6,0.0797724399494311
Nakuru,2011,64000,Petrol,Manual,First,19.7,796.0,46.3,5.0,353720.0,Maruti,Alto Lxi Bsiii,15,0,4266.666666666667,0.05816582914572864
Mombasa,2018,20488,Petrol,Manual,Second,16.09,1598.0,103.5,5.0,1130720.0,Volkswagen,Vento 1.6 Comfortline,8,0,2561.0,0.06476846057571965
Nairobi,2016,21000,Petrol,Manual,First,21.4,1197.0,83.1,5.0,919080.0,Maruti,Baleno Zeta 1.2,10,0,2100.0,0.06942355889724311
Nyeri,2012,119203,Diesel,Automatic,First,0.0,2179.0,115.0,5.0,2442000.0,Land,Rover Freelander 2 Td4 Se,14,1,8514.5,0.05277650298301973
Mombasa,2011,55987,Petrol,Automatic,First,13.7,1997.0,153.86,5.0,1216560.0000000002,Honda,Cr-V 2.0L 2Wd At,15,0,3732.4666666666667,0.0770455683525288
Naivasha,2017,72668,Diesel,Manual,First,14.24,2755.0,174.5,7.0,4269800.0,Toyota,Fortuner 2.8 2Wd Mt,9,0,8074.222222222223,0.0633393829401089
Nairobi,2015,32000,Petrol,Automatic,First,15.6,1497.0,116.3,5.0,1258000.0,Honda,City V At,11,0,2909.090909090909,0.07768871075484302
Nakuru,2014,3000,Petrol,Automatic,Second,12.0,5461.0,421.0,2.0,13320000.0,Mercedes-Benz,Slk-Class 55 Amg,12,1,250.0,0.07709210767258744
Nairobi,2015,10400,Petrol,Manual,First,17.4,1497.0,117.3,5.0,963480.0,Honda,City I-Vtec S,11,0,945.4545454545455,0.0783567134268537
Nairobi,2013,35000,Diesel,Manual,First,22.9,1248.0,74.0,5.0,688200.0000000001,Maruti,Swift Vdi,13,0,2692.3076923076924,0.05929487179487179
Mombasa,2013,55101,Petrol,Automatic,First,14.53,1794.0,138.1,5.0,1243200.0,Toyota,Corolla Altis 2008-2013 1.8 Vl At,13,0,4238.538461538462,0.0769788182831661
Nakuru,2014,57464,Diesel,Manual,First,23.59,1364.0,67.06,5.0,851000.0,Toyota,Etios Cross 1.4L Vd,12,0,4788.666666666667,0.04916422287390029
Nyeri,2006,110000,Petrol,Manual,First,18.9,998.0,67.1,5.0,164280.00000000003,Maruti,Wagon R Lx,20,0,5500.0,0.06723446893787574
Mombasa,2017,17941,Petrol,Manual,First,15.7,1493.0,97.7,5.0,581640.0,Fiat,Punto 1.2 Dynamic,9,0,1993.4444444444443,0.06543871399866041
Nairobi,2014,72000,Petrol,Automatic,First,12.0,1991.0,184.0,5.0,2553000.0,Mercedes-Benz,E-Class 2015-2017 E 200 Cgi,12,1,6000.0,0.09241587142139629
Nairobi,2012,16000,Diesel,Automatic,First,16.36,2179.0,187.7,5.0,4736000.0,Jaguar,Xf Aero Sport Edition,14,1,1142.857142857143,0.08614043139054611
Mombasa,2011,62020,Petrol,Manual,First,17.0,1197.0,80.0,5.0,510600.0,Hyundai,I20 Sportz Petrol,15,0,4134.666666666667,0.06683375104427736
Eldoret,2014,85000,Diesel,Automatic,Second,12.39,2179.0,147.51,5.0,3404000.0,Land,Rover Freelander 2 Se,12,1,7083.333333333333,0.06769619091326295
Mombasa,2018,14223,Petrol,Manual,First,18.6,1197.0,81.86,5.0,1083360.0,Hyundai,Elite I20 Petrol Sportz,8,0,1777.875,0.0683876357560568
Nyeri,2014,41210,Petrol,Manual,First,18.0,1198.0,86.7,5.0,651200.0000000001,Honda,Amaze S I-Vtech,12,0,3434.1666666666665,0.07237061769616027
Nakuru,2015,20000,Diesel,Automatic,First,0.0,2987.0,165.0,5.0,7007800.0,Mercedes-Benz,M-Class Ml 350 4Matic,11,1,1818.1818181818182,0.055239370605959154
Naivasha,2016,18043,Petrol,Manual,First,22.74,796.0,47.3,5.0,609760.0,Maruti,Alto 800 Vxi,10,0,1804.3,0.059422110552763814
Mombasa,2016,80000,Diesel,Automatic,First,11.36,2755.0,171.5,7.0,2886000.0,Toyota,Innova Crysta 2.8 Zx At,10,0,8000.0,0.062250453720508164
Kisumu,2016,21000,Petrol,Automatic,First,18.9,1197.0,82.0,5.0,917600.0,Hyundai,Grand I10 At Asta,10,0,2100.0,0.06850459482038429
Nakuru,2016,49000,Diesel,Automatic,First,16.55,2993.0,258.0,5.0,6660000.0,Bmw,X3 Xdrive30D M Sport,10,0,4900.0,0.08620113598396258
Kisumu,1998,104000,Petrol,Manual,Second,15.0,970.0,97.7,5.0,125800.0,Maruti,1000 Ac,28,0,3714.285714285714,0.10072164948453609
Mombasa,2010,95000,Petrol,Manual,Second,18.5,1197.0,80.0,5.0,414400.0,Hyundai,I20 Magna,16,0,5937.5,0.06683375104427736
Eldoret,2015,32000,Petrol,Automatic,First,18.9,1197.0,82.0,5.0,710400.0,Hyundai,Grand I10 At Asta,11,0,2909.090909090909,0.06850459482038429
Eldoret,2003,80000,Petrol,Manual,Second,17.0,1493.0,97.7,5.0,133200.0,Hyundai,Santro Xing Xg,23,0,3478.2608695652175,0.06543871399866041
Kisumu,2014,122800,Diesel,Manual,First,25.01,1498.0,89.75,5.0,836200.0,Ford,Fiesta 1.5 Tdci Titanium,12,0,10233.333333333334,0.059913217623497994
Thika,2011,78000,Diesel,Manual,Second,15.0,2148.0,97.7,5.0,2146000.0,Mercedes-Benz,E-Class 220 Cdi,15,1,5200.0,0.04548417132216015
Thika,2015,69000,Diesel,Manual,First,26.59,1248.0,74.0,5.0,873200.0,Maruti,Swift Dzire Vdi,11,0,6272.727272727273,0.05929487179487179
Eldoret,2015,65000,Diesel,Manual,Second,23.59,1364.0,67.04,5.0,740000.0,Toyota,Etios Vxd,11,0,5909.090909090909,0.04914956011730206
Thika,2015,23000,Petrol,Manual,First,19.1,1197.0,82.0,5.0,725200.0000000001,Hyundai,Xcent 1.2 Kappa Base,11,0,2090.909090909091,0.06850459482038429
Thika,2009,70000,Petrol,Manual,First,13.5,1799.0,130.0,5.0,629000.0,Honda,Civic 2006-2010 1.8 S Mt,17,0,4117.64705882353,0.07226236798221233
Mombasa,2014,250000,Diesel,Manual,First,12.99,2494.0,100.6,8.0,1613200.0,Toyota,Innova 2.5 Gx (Diesel) 8 Seater,12,0,20833.333333333332,0.04033680834001604
Nairobi,2012,56000,Petrol,Manual,First,13.2,1495.0,94.0,5.0,362600.00000000006,Hyundai,Accent Gle,14,0,4000.0,0.06287625418060201
Eldoret,2013,30000,Petrol,Manual,First,22.74,796.0,47.3,5.0,370000.0,Maruti,Alto 800 Lxi,13,0,2307.6923076923076,0.059422110552763814
Kisumu,2010,35000,Petrol,Automatic,First,8.1,5461.0,387.3,2.0,4366000.0,Mercedes-Benz,Sl-Class Sl 500,16,1,2187.5,0.07092107672587439
Nyeri,2013,92250,Diesel,Manual,Second,22.7,1498.0,89.84,5.0,851000.0,Ford,Ecosport 1.5 Dv5 Mt Titanium Optional,13,0,7096.153846153846,0.05997329773030708
Eldoret,2018,40000,Petrol,Manual,First,20.14,1197.0,81.86,5.0,740000.0,Hyundai,Xcent 1.2 Vtvt E,8,0,5000.0,0.0683876357560568
Mombasa,2014,96848,Petrol,Automatic,First,14.3,1598.0,103.6,5.0,683760.0,Skoda,Rapid 1.6 Mpi At Ambition Plus,12,0,8070.666666666667,0.06483103879849812
Nairobi,2016,42000,Diesel,Automatic,First,15.73,1968.0,174.33,5.0,3478000.0,Audi,Q3 2012-2015 35 Tdi Quattro Premium Plus,10,1,4200.0,0.08858231707317074
Kisumu,2013,55886,Diesel,Manual,First,16.0,2179.0,140.0,7.0,1073000.0,Mahindra,Xuv500 W8 2Wd,13,0,4298.923076923077,0.06424965580541533
Mombasa,2019,12336,Petrol,Manual,First,17.0,1591.0,121.3,5.0,1758240.0,Hyundai,Verna Vtvt 1.6 Sx Option,7,0,1762.2857142857142,0.07624135763670647
Mombasa,2009,60000,Petrol,Manual,Third,13.9,1599.0,103.2,5.0,333000.0,Hyundai,Verna Xi (Petrol),17,0,3529.4117647058824,0.06454033771106941
Eldoret,2003,83000,Petrol,Manual,Second,14.2,1597.0,92.0,5.0,125800.0,Ford,Ikon 1.6 Clxi,23,0,3608.695652173913,0.057608015028177834
Eldoret,2018,24000,Petrol,Manual,First,19.69,1198.0,67.04,5.0,592000.0,Nissan,Micra Active Xv,8,0,3000.0,0.05595993322203673
Eldoret,2016,32198,Petrol,Automatic,First,16.5,1198.0,86.8,5.0,754799.9999999999,Honda,Brio Vx At,10,0,3219.8,0.07245409015025041
Kisumu,2014,92247,Diesel,Manual,First,12.99,2494.0,100.6,7.0,1850000.0,Toyota,Innova 2.5 Gx (Diesel) 7 Seater,12,0,7687.25,0.04033680834001604
Mombasa,2011,121311,Diesel,Manual,First,20.64,1498.0,108.5,5.0,429200.0,Volkswagen,Vento 1.5 Tdi Highline,15,0,8087.4,0.07242990654205607
Naivasha,2016,66296,Diesel,Manual,First,16.0,2179.0,140.0,7.0,2362080.0,Mahindra,Xuv500 W10 Awd,10,0,6629.6,0.06424965580541533
Nairobi,2015,41000,Petrol,Automatic,First,16.9,1197.0,82.0,5.0,806600.0,Hyundai,Xcent 1.2 Kappa At Sx Option,11,0,3727.2727272727275,0.06850459482038429
Mombasa,2017,38681,Diesel,Manual,First,13.5,2198.0,157.7,7.0,3531280.0,Ford,Endeavour 2.2 Trend Mt 4X4,9,0,4297.888888888889,0.07174704276615104
Mombasa,2008,43761,Petrol,Manual,First,18.0,995.0,62.0,5.0,259000.0,Chevrolet,Spark 1.0 Lt,18,0,2431.1666666666665,0.062311557788944726
Kisumu,2017,17400,Diesel,Manual,First,24.52,1248.0,88.5,7.0,1443000.0,Maruti,Ertiga Shvs Vdi,9,0,1933.3333333333333,0.07091346153846154
Nakuru,2013,61510,Diesel,Manual,First,25.8,1498.0,98.6,5.0,703000.0,Honda,Amaze S I-Dtech,13,0,4731.538461538462,0.06582109479305741
Nairobi,2014,60000,Petrol,Manual,First,17.4,1497.0,117.3,5.0,925000.0,Honda,City I Vtec S,12,0,5000.0,0.0783567134268537
Nakuru,2014,35165,Diesel,Automatic,Second,23.8,1998.0,112.0,5.0,3256000.0,Mini,Cooper Countryman D,12,0,2930.4166666666665,0.056056056056056056
Mombasa,2016,41617,Petrol,Automatic,First,14.53,1794.0,138.1,5.0,2092720.0,Toyota,Corolla Altis 2008-2013 1.8 Vl At,10,0,4161.7,0.0769788182831661
Kisumu,2005,45000,Petrol,Manual,First,17.0,1086.0,97.7,5.0,140600.0,Hyundai,Santro Xing Xl Erlx Euro Iii,21,0,2142.8571428571427,0.08996316758747698
Nairobi,2014,65000,Petrol,Automatic,First,13.7,1798.0,157.75,5.0,1768600.0,Skoda,Superb Elegance 1.8 Tsi At,12,0,5416.666666666667,0.08773637374860957
Nairobi,2011,68000,Petrol,Manual,First,18.9,998.0,67.1,5.0,370000.0,Maruti,Wagon R Lxi Bs Iv,15,0,4533.333333333333,0.06723446893787574
Nairobi,2013,49000,Petrol,Manual,First,19.81,1086.0,68.05,5.0,407000.0,Hyundai,I10 Era 1.1,13,0,3769.230769230769,0.06266114180478821
Naivasha,2019,16698,Petrol,Manual,First,23.84,1199.0,84.0,5.0,865800.0,Tata,Tiago 1.2 Revotron Xt Option,7,0,2385.4285714285716,0.07005838198498748
Thika,2016,30965,Petrol,Manual,First,21.4,1197.0,83.1,5.0,925000.0,Maruti,Baleno Zeta 1.2,10,0,3096.5,0.06942355889724311
Nairobi,2014,56058,Petrol,Manual,First,15.04,1598.0,103.2,5.0,732600.0,Volkswagen,Vento 1.6 Highline,12,0,4671.5,0.06458072590738423
Eldoret,2017,15356,Petrol,Manual,First,18.9,1197.0,81.86,5.0,703000.0,Hyundai,Grand I10 1.2 Kappa Sportz Option,9,0,1706.2222222222222,0.0683876357560568
Nairobi,2013,54000,Diesel,Manual,First,20.0,1399.0,68.05,5.0,377399.99999999994,Ford,Figo Diesel Exi,13,0,4153.846153846154,0.04864188706218728
Eldoret,2011,47000,Petrol,Automatic,Second,13.9,1799.0,130.3,5.0,666000.0,Honda,Civic 2010-2013 1.8 V At Sunroof,15,0,3133.3333333333335,0.07242912729294053
Mombasa,2015,21652,Petrol,Manual,First,22.74,796.0,47.3,5.0,445480.0,Maruti,Alto 800 Lxi,11,0,1968.3636363636363,0.059422110552763814
Kisumu,2016,52000,Diesel,Automatic,First,15.68,1999.0,177.0,5.0,6216000.0,Land,Rover Range Rover Evoque 2.0 Td4 Hse Dynamic,10,1,5200.0,0.08854427213606804
Kisumu,2010,35010,Diesel,Automatic,First,12.4,2698.0,179.5,5.0,1702000.0,Audi,A6 2.7 Tdi,16,1,2188.125,0.06653076352853966
Kisumu,2006,76662,Diesel,Automatic,First,11.0,2987.0,198.5,5.0,1626520.0,Mercedes-Benz,E-Class 280 Cdi,20,1,3833.1,0.06645463675929025
Nyeri,2009,89000,Petrol,Automatic,First,17.0,1497.0,118.0,5.0,549080.0,Honda,City 1.5 V At Exclusive,17,0,5235.294117647059,0.0788243152972612
Nyeri,2006,80000,Petrol,Automatic,Third,10.1,2354.0,152.0,5.0,296000.0,Honda,Cr-V 2.4 4Wd At,20,0,4000.0,0.06457094307561598
Mombasa,2018,39023,Diesel,Manual,First,28.09,1248.0,88.5,5.0,1403040.0,Maruti,Ciaz 1.3 Alpha,8,0,4877.875,0.07091346153846154
Nyeri,2004,62000,Petrol,Manual,Second,18.9,998.0,67.1,5.0,185000.0,Maruti,Wagon R Lxi,22,0,2818.181818181818,0.06723446893787574
Nyeri,2015,78046,Diesel,Manual,First,19.67,1582.0,126.2,5.0,1613200.0,Hyundai,Creta 1.6 Crdi Sx Option,11,0,7095.090909090909,0.0797724399494311
Kisumu,2015,34400,Diesel,Manual,First,28.09,1248.0,88.5,5.0,814000.0,Maruti,Ciaz Vdi Plus Shvs,11,0,3127.2727272727275,0.07091346153846154
Naivasha,2016,64624,Petrol,Manual,First,21.1,814.0,55.2,5.0,549080.0,Hyundai,Eon D Lite Plus,10,0,6462.4,0.06781326781326781
Nairobi,2014,69192,Petrol,Manual,First,16.02,1373.0,93.7,7.0,925000.0,Maruti,Ertiga Vxi,12,0,5766.0,0.06824471959213402
Mombasa,2012,55000,Diesel,Manual,First,20.54,1598.0,103.6,5.0,725200.0000000001,Volkswagen,Vento Diesel Highline,14,0,3928.5714285714284,0.06483103879849812
Nairobi,2005,81000,Petrol,Manual,Second,12.8,1493.0,100.0,5.0,162800.00000000003,Honda,City 1.5 Gxi,21,0,3857.1428571428573,0.06697923643670463
Mombasa,2016,36733,Petrol,Manual,First,16.47,1198.0,73.9,5.0,698560.0,Volkswagen,Polo Petrol Trendline 1.2L,10,0,3673.3,0.06168614357262104
Mombasa,2017,24310,Cng,Manual,First,33.44,796.0,40.3,4.0,547600.0,Maruti,Alto 800 2016-2019 Cng Lxi,9,0,2701.1111111111113,0.050628140703517586
Nairobi,2016,43022,Diesel,Automatic,First,17.9,2143.0,136.0,5.0,3677800.0,Mercedes-Benz,Gla Class 200 Cdi,10,1,4302.2,0.06346243583761083
Nyeri,2013,74000,Diesel,Manual,First,14.66,2199.0,194.3,7.0,1813000.0,Hyundai,Santa Fe 4X2,13,0,5692.307692307692,0.08835834470213734
Kisumu,2014,47000,Diesel,Manual,First,22.9,1248.0,74.0,5.0,577200.0,Maruti,Swift Vdi,12,0,3916.6666666666665,0.05929487179487179
Mombasa,2017,37460,Petrol,Manual,First,18.6,1197.0,81.86,5.0,929440.0,Hyundai,Elite I20 Sportz Plus,9,0,4162.222222222223,0.0683876357560568
Nairobi,2011,130000,Diesel,Manual,First,14.0,2498.0,112.0,8.0,407000.0,Mahindra,Xylo E8 Bs Iv,15,0,8666.666666666666,0.04483586869495596
Naivasha,2017,31576,Petrol,Manual,First,18.9,1197.0,82.0,5.0,1161800.0,Hyundai,Grand I10 Asta Option,9,0,3508.4444444444443,0.06850459482038429
Nairobi,2011,66000,Petrol,Manual,First,15.04,1598.0,103.6,5.0,436600.0,Volkswagen,Vento Petrol Highline,15,0,4400.0,0.06483103879849812
Nairobi,2008,79000,Petrol,Automatic,Second,11.7,2354.0,177.6,5.0,717799.9999999999,Honda,Accord 2.4 A/T,18,0,4388.888888888889,0.07544604927782497
Nakuru,2011,47140,Diesel,Automatic,Second,13.5,2925.0,281.61,5.0,4440000.0,Mercedes-Benz,S-Class S 350 D,15,1,3142.6666666666665,0.09627692307692308
Nakuru,2016,36610,Diesel,Automatic,First,15.0,2143.0,107.3,5.0,2945199.9999999995,Mercedes-Benz,B Class B200 Cdi,10,1,3661.0,0.050069995333644424
Nakuru,2016,93000,Diesel,Manual,First,20.5,1582.0,126.2,5.0,1598400.0,Hyundai,Creta 1.6 Sx Option Diesel,10,0,9300.0,0.0797724399494311
Kisumu,2007,52195,Petrol,Manual,First,19.7,796.0,46.3,5.0,259000.0,Maruti,Alto Lxi,19,0,2747.1052631578946,0.05816582914572864
Nairobi,2016,20003,Diesel,Automatic,First,20.38,1968.0,143.0,5.0,2849000.0,Audi,A3 35 Tdi Premium,10,1,2000.3,0.07266260162601626
Nairobi,2013,66314,Diesel,Manual,First,19.87,1461.0,83.8,5.0,814000.0,Renault,Duster 85Ps Diesel Rxl,13,0,5101.076923076923,0.05735797399041752
Mombasa,2009,76000,Diesel,Manual,First,17.8,1399.0,68.0,5.0,407000.0,Ford,Fiesta 1.4 Zxi Tdci Abs,17,0,4470.588235294118,0.04860614724803431
Nakuru,2015,29000,Diesel,Manual,First,19.67,1582.0,126.2,5.0,1924000.0,Hyundai,Creta 1.6 Sx Plus Diesel,11,0,2636.3636363636365,0.0797724399494311
Nairobi,2011,30000,Diesel,Manual,First,20.0,1399.0,68.0,5.0,473600.0,Ford,Figo Diesel Zxi,15,0,2000.0,0.04860614724803431
Naivasha,2013,56526,Petrol,Manual,First,15.26,1598.0,103.5,5.0,864320.0,Volkswagen,Polo Petrol Highline 1.6L,13,0,4348.153846153846,0.06476846057571965
Kisumu,2015,38000,Diesel,Automatic,Second,16.8,1969.0,150.0,5.0,3552000.0,Volvo,V40 D3 R Design,11,1,3454.5454545454545,0.07618080243778567
Mombasa,2012,41000,Diesel,Automatic,First,19.08,1582.0,126.32,5.0,925000.0,Hyundai,Verna Sx Crdi At,14,0,2928.5714285714284,0.07984829329962073
Kisumu,2009,53000,Diesel,Automatic,First,14.49,2993.0,258.0,5.0,5328000.0,Bmw,7 Series 2007-2012 730Ld,17,0,3117.6470588235293,0.08620113598396258
Mombasa,2003,125000,Diesel,Manual,Third,14.8,1998.0,68.0,5.0,444000.0,Mitsubishi,Lancer Glxd,23,0,5434.782608695652,0.03403403403403404
Mombasa,2010,242000,Diesel,Manual,First,11.5,2982.0,171.0,7.0,1628000.0,Toyota,Fortuner 3.0 Diesel,16,0,15125.0,0.05734406438631791
Mombasa,2015,90000,Diesel,Manual,First,26.21,1248.0,88.5,5.0,962000.0,Maruti,Ciaz Vdi Plus,11,0,8181.818181818182,0.07091346153846154
Kisumu,2018,11000,Diesel,Manual,First,24.3,1248.0,88.5,5.0,1391200.0,Maruti,Vitara Brezza Vdi Option,8,0,1375.0,0.07091346153846154
Mombasa,2018,21936,Diesel,Automatic,First,21.76,1995.0,190.0,5.0,5612160.0,Bmw,3 Series Luxury Line,8,0,2742.0,0.09523809523809523
Eldoret,2013,41000,Petrol,Automatic,First,14.4,1598.0,103.6,5.0,777000.0,Volkswagen,Vento Petrol Highline At,13,0,3153.846153846154,0.06483103879849812
Mombasa,2011,47000,Petrol,Manual,First,17.0,1197.0,80.0,5.0,666000.0,Hyundai,I20 1.2 Asta,15,0,3133.3333333333335,0.06683375104427736
Mombasa,2009,110000,Diesel,Automatic,First,11.0,2993.0,235.0,5.0,2664000.0,Bmw,X5 3.0D,17,0,6470.588235294118,0.07851653859004344
Naivasha,2015,45960,Petrol,Manual,First,19.1,1197.0,82.0,5.0,822880.0,Hyundai,Xcent 1.2 Kappa S,11,0,4178.181818181818,0.06850459482038429
Nakuru,2013,48000,Diesel,Automatic,First,14.21,2143.0,203.0,5.0,3256000.0,Mercedes-Benz,E-Class 2009-2013 E250 Cdi Blue Efficiency,13,1,3692.3076923076924,0.09472701819878675
Kisumu,2011,68000,Diesel,Automatic,First,12.39,2179.0,147.51,5.0,3256000.0,Land,Rover Freelander 2 Se,15,1,4533.333333333333,0.06769619091326295
Nairobi,2011,41000,Petrol,Manual,First,20.36,1197.0,78.9,5.0,392200.0,Hyundai,I10 Magna,15,0,2733.3333333333335,0.06591478696741855
Nyeri,2013,69573,Diesel,Manual,Second,22.32,1582.0,126.32,5.0,865800.0,Hyundai,Verna 1.6 Sx Crdi (O),13,0,5351.7692307692305,0.07984829329962073
Mombasa,2012,115000,Diesel,Manual,First,19.33,1968.0,138.1,5.0,1028600.0,Volkswagen,Jetta 2012-2014 2.0L Tdi Highline,14,0,8214.285714285714,0.07017276422764228
Kisumu,2012,47629,Diesel,Manual,First,15.1,2179.0,140.0,7.0,962000.0,Mahindra,Xuv500 W8 2Wd,14,0,3402.0714285714284,0.06424965580541533
Nyeri,2004,66624,Petrol,Manual,Third,19.7,796.0,35.0,8.0,125800.0,Maruti,Omni 8 Seater Bsii,22,0,3028.3636363636365,0.04396984924623116
Nairobi,2013,80000,Petrol,Automatic,Second,14.67,1798.0,177.46,5.0,1073000.0,Skoda,Superb Style 1.8 Tsi At,13,0,6153.846153846154,0.09869855394883204
Eldoret,2012,94868,Diesel,Manual,First,22.9,1248.0,74.0,5.0,666000.0,Maruti,Swift Vdi,14,0,6776.285714285715,0.05929487179487179
Nairobi,2010,76477,Diesel,Manual,First,10.5,2179.0,120.0,8.0,629000.0,Mahindra,Scorpio 2.6 Lx,16,0,4779.8125,0.05507113354749885
Mombasa,2016,28000,Petrol,Automatic,First,13.7,1991.0,183.0,5.0,3848000.0,Mercedes-Benz,Gla Class 200 Sport Edition,10,1,2800.0,0.09191361125062783
Naivasha,2017,28599,Diesel,Manual,First,16.55,2498.0,105.0,6.0,1429680.0,Mahindra,Thar Crde,9,0,3177.6666666666665,0.042033626901521216
Nakuru,2013,45348,Diesel,Manual,Second,19.01,1461.0,108.45,5.0,1013800.0,Renault,Duster 110Ps Diesel Rxz,13,0,3488.3076923076924,0.0742299794661191
Naivasha,2013,80127,Diesel,Automatic,First,12.8,1968.0,167.6,5.0,3504640.0,Audi,Q5 2008-2012 2.0 Tdi,13,1,6163.615384615385,0.08516260162601626
Nairobi,2013,68000,Diesel,Automatic,Second,12.39,2179.0,147.51,5.0,2331000.0,Land,Rover Freelander 2 Se,13,1,5230.7692307692305,0.06769619091326295
Eldoret,2012,75000,Diesel,Manual,Third,20.54,1598.0,103.6,5.0,518000.0,Volkswagen,Vento Diesel Comfortline,14,0,5357.142857142857,0.06483103879849812
Nairobi,2006,48000,Petrol,Automatic,Second,11.62,2979.0,306.0,5.0,1034520.0,Bmw,5 Series 2003-2012 540I Sedan,20,0,2400.0,0.1027190332326284
Naivasha,2019,41871,Diesel,Manual,First,22.7,1582.0,126.2,5.0,2304360.0,Hyundai,Elantra Crdi Sx,7,0,5981.571428571428,0.0797724399494311
Naivasha,2015,84931,Diesel,Manual,First,15.3,2956.0,83.8,7.0,782920.0,Tata,Sumo Ex,11,0,7721.0,0.02834912043301759
Kisumu,2016,15000,Petrol,Manual,First,22.7,799.0,53.64,5.0,333000.0,Datsun,Redi-Go T,10,0,1500.0,0.06713391739674593
Mombasa,2009,110000,Diesel,Automatic,First,11.7,2993.0,245.0,5.0,2960000.0,Bmw,X5 Xdrive 30D,17,0,6470.588235294118,0.08185766789174741
Nairobi,2011,5900,Petrol,Automatic,First,7.94,4395.0,450.0,4.0,7030000.0,Bmw,6 Series 630I Coupe,15,0,393.3333333333333,0.10238907849829351
Mombasa,2002,103653,Petrol,Manual,Second,18.9,1061.0,47.0,5.0,180560.0,Maruti,Alto Vxi 1.1,24,0,4318.875,0.04429783223374175
Mombasa,2012,64806,Petrol,Manual,First,16.47,1198.0,73.9,5.0,540200.0,Volkswagen,Polo Petrol Comfortline 1.2L,14,0,4629.0,0.06168614357262104
Eldoret,2016,35000,Petrol,Manual,First,20.62,1198.0,67.0,7.0,458800.0,Datsun,Go Plus A,10,0,3500.0,0.055926544240400666
Nakuru,2016,40000,Petrol,Manual,First,15.29,1591.0,121.3,5.0,1702000.0,Hyundai,Creta 1.6 Vtvt S,10,0,4000.0,0.07624135763670647
Mombasa,2015,23876,Petrol,Manual,First,24.07,998.0,67.1,5.0,512080.0,Maruti,Alto K10 Vxi,11,0,2170.5454545454545,0.06723446893787574
Naivasha,2013,67901,Diesel,Manual,First,14.66,2199.0,194.3,7.0,1240240.0000000002,Hyundai,Santa Fe 4X4,13,0,5223.153846153846,0.08835834470213734
Eldoret,2014,68865,Diesel,Manual,First,15.11,1598.0,103.6,5.0,710400.0,Volkswagen,Polo Gt Tdi,12,0,5738.75,0.06483103879849812
Eldoret,2014,71000,Diesel,Manual,Second,25.8,1498.0,98.6,5.0,666000.0,Honda,Amaze S I-Dtech,12,0,5916.666666666667,0.06582109479305741
Mombasa,2004,95000,Petrol,Manual,First,15.9,1298.0,97.7,5.0,118400.0,Maruti,Esteem Vxi,22,0,4318.181818181818,0.07526964560862866
Kisumu,2014,25000,Diesel,Manual,First,22.9,1248.0,74.0,5.0,584600.0,Maruti,Swift Vdi,12,0,2083.3333333333335,0.05929487179487179
Kisumu,2012,180000,Diesel,Manual,First,20.5,1598.0,103.5,5.0,540200.0,Skoda,Rapid 1.6 Tdi Ambition,14,0,12857.142857142857,0.06476846057571965
Nairobi,2005,131000,Diesel,Automatic,First,11.0,2987.0,198.5,5.0,1480000.0,Mercedes-Benz,E-Class 280 Cdi,21,1,6238.0952380952385,0.06645463675929025
Nairobi,2011,65000,Diesel,Manual,Second,12.05,2179.0,120.0,8.0,592000.0,Mahindra,Scorpio Sle Bsiv,15,0,4333.333333333333,0.05507113354749885
Kisumu,2012,117777,Diesel,Manual,First,21.64,1461.0,84.8,5.0,703000.0,Nissan,Sunny 2011-2014 Diesel Xl,14,0,8412.642857142857,0.05804243668720054
Nakuru,2009,65000,Petrol,Manual,Second,17.5,1298.0,85.8,5.0,458800.0,Maruti,Swift Dzire Vxi,17,0,3823.529411764706,0.06610169491525424
Mombasa,2017,46897,Petrol,Manual,First,21.1,814.0,55.2,5.0,534280.0,Hyundai,Eon Sportz,9,0,5210.777777777777,0.06781326781326781
Naivasha,2015,36695,Petrol,Manual,First,19.4,1198.0,86.8,5.0,634920.0,Honda,Brio S Mt,11,0,3335.909090909091,0.07245409015025041
Kisumu,2011,43000,Petrol,Manual,First,18.06,1198.0,75.0,5.0,315240.0,Nissan,Micra Xv Primo,15,0,2866.6666666666665,0.06260434056761269
Nairobi,2008,54000,Petrol,Manual,First,19.7,796.0,46.3,5.0,162800.00000000003,Maruti,Alto Lxi Bsii,18,0,3000.0,0.05816582914572864
Kisumu,2011,89000,Diesel,Automatic,First,22.69,1995.0,190.0,5.0,2064600.0,Bmw,3 Series 320D,15,0,5933.333333333333,0.09523809523809523
Nairobi,2014,7000,Petrol,Manual,First,16.47,1198.0,74.0,5.0,791800.0,Volkswagen,Polo 1.2 Mpi Highline,12,0,583.3333333333334,0.06176961602671119
Kisumu,2014,58470,Petrol,Manual,First,23.1,998.0,67.04,5.0,577200.0,Maruti,Celerio Lxi,12,0,4872.5,0.06717434869739479
Kisumu,2014,37000,Petrol,Manual,First,21.5,1197.0,81.8,5.0,414400.0,Maruti,Wagon R Vxi 1.2,12,0,3083.3333333333335,0.0683375104427736
Nairobi,2016,29000,Diesel,Manual,First,26.21,1248.0,88.5,5.0,1295000.0,Maruti,Ciaz Zdi Plus,10,0,2900.0,0.07091346153846154
Kisumu,2013,52000,Diesel,Automatic,First,16.55,1968.0,147.51,5.0,2886000.0,Audi,A4 2.0 Tdi,13,1,4000.0,0.07495426829268292
Kisumu,2013,32807,Petrol,Manual,First,19.4,1198.0,86.8,5.0,407000.0,Honda,Brio S Mt,13,0,2523.6153846153848,0.07245409015025041
Kisumu,2013,86000,Diesel,Automatic,First,11.79,2179.0,120.0,8.0,1184000.0,Mahindra,Scorpio Vlx 2Wd At Bsiv,13,0,6615.384615384615,0.05507113354749885
Nairobi,2014,66500,Diesel,Manual,First,26.0,1498.0,98.6,5.0,843600.0,Honda,City I Dtec V,12,0,5541.666666666667,0.06582109479305741
Thika,2012,94000,Diesel,Automatic,First,17.05,1995.0,184.0,5.0,1850000.0,Bmw,X1 Sdrive20D,14,0,6714.285714285715,0.09223057644110276
Mombasa,2011,29000,Petrol,Manual,Second,18.0,995.0,62.0,5.0,259000.0,Chevrolet,Spark 1.0 Lt,15,0,1933.3333333333333,0.062311557788944726
Mombasa,2010,107389,Diesel,Manual,Second,20.0,1399.0,68.0,5.0,281200.0,Ford,Figo Diesel Exi,16,0,6711.8125,0.04860614724803431
Thika,2015,36100,Petrol,Manual,First,20.4,1197.0,81.8,5.0,666000.0,Maruti,Swift Vxi Bsiv,11,0,3281.818181818182,0.0683375104427736
Nairobi,2015,16329,Diesel,Automatic,First,19.27,2143.0,170.0,5.0,4484400.0,Mercedes-Benz,New C-Class C 220 Cdi Avantgarde,11,1,1484.4545454545455,0.07932804479701354
Kisumu,2014,36000,Diesel,Automatic,First,19.3,1968.0,141.0,5.0,2368000.0,Skoda,Octavia Elegance 2.0 Tdi At,12,0,3000.0,0.07164634146341463
Mombasa,2017,41816,Diesel,Automatic,First,18.56,1995.0,190.0,5.0,4851440.0,Bmw,X3 Xdrive20D Xline,9,0,4646.222222222223,0.09523809523809523
Nyeri,2015,54680,Petrol,Manual,First,21.1,814.0,55.2,5.0,370000.0,Hyundai,Eon Era Plus,11,0,4970.909090909091,0.06781326781326781
Kisumu,2017,14000,Diesel,Automatic,First,18.25,1968.0,187.74,5.0,6364000.0,Audi,A4 35 Tdi Technology,9,1,1555.5555555555557,0.09539634146341464
Mombasa,2017,23977,Petrol,Manual,First,18.16,1196.0,86.8,5.0,796240.0,Ford,Figo 2015-2019 1.2P Titanium Mt,9,0,2664.1111111111113,0.0725752508361204
Kisumu,2013,30131,Petrol,Manual,First,20.92,998.0,67.1,5.0,392200.0,Maruti,Alto K10 2010-2014 Vxi,13,0,2317.769230769231,0.06723446893787574
Kisumu,2017,2530,Petrol,Manual,First,24.7,796.0,47.3,5.0,488400.0,Maruti,Alto 800 2016-2019 Vxi,9,0,281.1111111111111,0.059422110552763814
Kisumu,2015,39000,Diesel,Automatic,First,19.27,2143.0,167.62,5.0,5032000.0,Mercedes-Benz,New C-Class C 220 Cdi Style,11,1,3545.4545454545455,0.07821745216985534
Mombasa,2001,140000,Petrol,Manual,Third,20.3,1086.0,68.0,5.0,103600.0,Hyundai,Santro D Lite,25,0,5600.0,0.06261510128913444
Mombasa,2017,32257,Diesel,Manual,First,24.4,1120.0,71.0,5.0,1010840.0,Hyundai,Xcent 1.1 Crdi S,9,0,3584.1111111111113,0.06339285714285714
Mombasa,2016,46983,Diesel,Manual,First,25.8,1498.0,98.6,5.0,853960.0,Honda,Amaze S I-Dtech,10,0,4698.3,0.06582109479305741
Mombasa,2008,107000,Diesel,Manual,Second,17.8,1248.0,75.0,5.0,458800.0,Maruti,Swift Vdi Bsiii,18,0,5944.444444444444,0.06009615384615385
Nairobi,2017,19000,Petrol,Manual,First,16.2,1199.0,74.0,5.0,732600.0,Volkswagen,Polo 1.2 Mpi Comfortline,9,0,2111.1111111111113,0.061718098415346125
Nakuru,2013,88000,Diesel,Automatic,First,17.11,1968.0,174.33,5.0,2405000.0,Audi,A4 2.0 Tdi 177 Bhp Premium Plus,13,1,6769.2307692307695,0.08858231707317074
Naivasha,2012,84384,Diesel,Automatic,First,10.2,4367.0,308.0,7.0,7775920.0,Land,Rover Range Rover 3.6 Tdv8 Vogue Se,14,1,6027.428571428572,0.07052896725440806
Mombasa,2011,128000,Diesel,Manual,Third,16.0,2179.0,140.0,7.0,947200.0,Mahindra,Xuv500 W8 2Wd,15,0,8533.333333333334,0.06424965580541533
Nakuru,2011,71000,Diesel,Manual,Third,13.1,2499.0,141.0,7.0,1028600.0,Ford,Endeavour 2.5L 4X2,15,0,4733.333333333333,0.056422569027611044
Kisumu,2008,50000,Diesel,Manual,First,17.2,1396.0,53.5,5.0,125800.0,Tata,Indica V2 Dlx,18,0,2777.777777777778,0.03832378223495702
Mombasa,2016,16000,Petrol,Manual,First,21.4,1197.0,83.1,5.0,1028600.0,Maruti,Baleno Alpha,10,0,1600.0,0.06942355889724311
Kisumu,2017,82000,Diesel,Manual,First,24.4,1120.0,71.0,5.0,510600.0,Hyundai,Xcent 1.1 Crdi Base,9,0,9111.111111111111,0.06339285714285714
Nairobi,2008,80000,Petrol,Manual,First,13.5,1799.0,130.0,5.0,407000.0,Honda,Civic 2006-2010 1.8 S Mt,18,0,4444.444444444444,0.07226236798221233
Nairobi,2015,36000,Petrol,Manual,Second,18.6,1197.0,81.83,5.0,732600.0,Hyundai,I20 Sportz Option 1.2,11,0,3272.7272727272725,0.06836257309941521
Naivasha,2018,17477,Petrol,Manual,First,17.0,1198.0,108.5,5.0,1423759.9999999998,Tata,Nexon 1.2 Revotron Xz Plus,8,0,2184.625,0.09056761268781302
Naivasha,2016,16725,Petrol,Manual,First,18.6,1197.0,81.83,5.0,1004920.0,Hyundai,I20 Sportz 1.2,10,0,1672.5,0.06836257309941521
Nairobi,2014,48241,Petrol,Manual,First,19.1,1197.0,85.8,5.0,666000.0,Maruti,Swift Dzire Zxi,12,0,4020.0833333333335,0.07167919799498747
Mombasa,2014,52431,Petrol,Manual,First,22.5,998.0,67.04,5.0,445480.0,Maruti,Wagon R Lxi,12,0,4369.25,0.06717434869739479
Nakuru,2012,68000,Diesel,Manual,First,21.9,1396.0,88.76,5.0,651200.0000000001,Hyundai,I20 Sportz 1.4 Crdi,14,0,4857.142857142857,0.06358166189111748
Kisumu,2012,158000,Diesel,Automatic,First,12.55,2982.0,168.5,7.0,2588519.9999999995,Toyota,Fortuner 4X2 At,14,0,11285.714285714286,0.05650570087189805
Naivasha,2014,31446,Petrol,Manual,First,20.36,1197.0,78.9,5.0,689680.0,Hyundai,I10 Sportz,12,0,2620.5,0.06591478696741855
Mombasa,2015,25000,Petrol,Manual,First,18.9,1197.0,82.0,5.0,814000.0,Hyundai,Grand I10 Asta,11,0,2272.7272727272725,0.06850459482038429
Thika,2016,57000,Petrol,Manual,First,18.6,1197.0,81.83,5.0,888000.0,Hyundai,I20 Asta 1.2,10,0,5700.0,0.06836257309941521
Kisumu,2007,76000,Petrol,Automatic,First,17.0,1086.0,97.7,5.0,355200.0,Hyundai,Santro Xing Xl At Erlx Euro Ii,19,0,4000.0,0.08996316758747698
Mombasa,2018,57078,Diesel,Manual,First,24.3,1248.0,88.5,5.0,1508120.0,Maruti,Vitara Brezza Zdi Plus,8,0,7134.75,0.07091346153846154
Mombasa,2016,47471,Diesel,Manual,First,25.8,1498.0,98.6,5.0,777000.0,Honda,Amaze S I-Dtech,10,0,4747.1,0.06582109479305741
Kisumu,2014,50000,Diesel,Automatic,First,15.26,2143.0,203.2,5.0,6660000.0,Mercedes-Benz,M-Class Ml 250 Cdi,12,1,4166.666666666667,0.09482034531031264
Thika,2010,62000,Diesel,Manual,First,23.0,1396.0,90.0,5.0,399600.0,Hyundai,I20 Sportz Diesel,16,0,3875.0,0.06446991404011461
Naivasha,2013,65807,Petrol,Manual,First,19.81,1086.0,68.05,5.0,501720.0,Hyundai,I10 Era,13,0,5062.076923076923,0.06266114180478821
Kisumu,2014,81768,Diesel,Manual,First,26.59,1248.0,74.0,5.0,842120.0,Maruti,Swift Dzire Vdi,12,0,6814.0,0.05929487179487179
Mombasa,2018,9952,Petrol,Automatic,First,10.37,2979.0,306.0,2.0,8663920.0,Bmw,Z4 2009-2013 Roadster 2.5I,8,0,1244.0,0.1027190332326284
Kisumu,2017,24000,Diesel,Manual,First,27.39,1248.0,74.0,5.0,1243200.0,Maruti,Baleno Alpha Diesel,9,0,2666.6666666666665,0.05929487179487179
Kisumu,2012,72921,Diesel,Manual,First,25.44,936.0,57.6,5.0,370000.0,Chevrolet,Beat Diesel,14,0,5208.642857142857,0.06153846153846154
Eldoret,2012,59000,Petrol,Manual,First,19.4,1198.0,86.8,5.0,481000.0,Honda,Brio V Mt,14,0,4214.285714285715,0.07245409015025041
Nairobi,2014,33000,Diesel,Manual,Second,20.0,1399.0,68.05,5.0,481000.0,Ford,Figo Diesel Titanium,12,0,2750.0,0.04864188706218728
Eldoret,2016,36789,Petrol,Automatic,First,23.1,998.0,67.04,5.0,629000.0,Maruti,Celerio Vxi At,10,0,3678.9,0.06717434869739479
Nyeri,2014,41000,Diesel,Automatic,First,14.84,2143.0,170.0,5.0,2738000.0,Mercedes-Benz,New C-Class C 220 Cdi Elegance At,12,1,3416.6666666666665,0.07932804479701354
Kisumu,2007,71000,Petrol,Automatic,First,17.0,1086.0,97.7,5.0,355200.0,Hyundai,Santro Xing Xl At Erlx Euro Iii,19,0,3736.842105263158,0.08996316758747698
Nyeri,2015,46650,Petrol,Manual,First,19.4,1198.0,86.8,5.0,629000.0,Honda,Brio S Mt,11,0,4240.909090909091,0.07245409015025041
Nairobi,2018,3000,Petrol,Automatic,First,21.4,1197.0,83.1,5.0,1309800.0,Maruti,Baleno Alpha Cvt,8,0,375.0,0.06942355889724311
Naivasha,2014,14799,Petrol,Manual,First,21.1,814.0,55.2,5.0,612719.9999999999,Hyundai,Eon Sportz,12,0,1233.25,0.06781326781326781
Nairobi,2011,44000,Electric,Automatic,First,18.15,1798.0,73.0,5.0,1887000.0,Toyota,Prius 2009-2016 Z4,15,0,2933.3333333333335,0.040600667408231365
Kisumu,2015,68525,Diesel,Manual,First,23.0,1396.0,90.0,5.0,1036000.0,Hyundai,I20 1.4 Crdi Sportz,11,0,6229.545454545455,0.06446991404011461
Kisumu,2018,15000,Diesel,Automatic,First,10.91,3198.0,197.0,7.0,4884000.0,Ford,Endeavour 3.2 Titanium At 4X4,8,0,1875.0,0.06160100062539087
Thika,2017,29000,Petrol,Manual,First,17.4,1497.0,117.3,5.0,1480000.0,Honda,City I-Vtec Vx,9,0,3222.222222222222,0.0783567134268537
Mombasa,2012,77407,Diesel,Manual,Second,21.5,1248.0,88.8,5.0,522440.0,Maruti,Sx4 Zdi,14,0,5529.071428571428,0.07115384615384615
Nyeri,2007,118000,Petrol,Manual,First,12.9,1598.0,102.5,5.0,199800.0,Chevrolet,Optra Magnum 1.6 Ls Petrol,19,0,6210.526315789473,0.06414267834793493
Nairobi,2013,75000,Diesel,Manual,First,20.54,1598.0,103.6,5.0,666000.0,Volkswagen,Vento Diesel Highline,13,0,5769.2307692307695,0.06483103879849812
Eldoret,2012,69000,Petrol,Manual,First,16.8,1497.0,116.3,5.0,725200.0000000001,Honda,City V Mt,14,0,4928.571428571428,0.07768871075484302
Mombasa,2016,52553,Diesel,Manual,First,19.67,1582.0,126.2,5.0,1814480.0,Hyundai,Creta 1.6 Crdi Sx Option,10,0,5255.3,0.0797724399494311
Nairobi,2014,58000,Diesel,Manual,Second,24.4,1120.0,71.0,5.0,590520.0,Hyundai,Xcent 1.1 Crdi Sx,12,0,4833.333333333333,0.06339285714285714
Nairobi,2017,24000,Diesel,Automatic,First,17.9,2143.0,170.0,5.0,6948600.0,Mercedes-Benz,Glc 220D 4Matic Style,9,1,2666.6666666666665,0.07932804479701354
Kisumu,2015,65542,Diesel,Manual,First,20.0,1399.0,68.0,5.0,562400.0,Ford,Figo Diesel Exi,11,0,5958.363636363636,0.04860614724803431
Thika,2013,68008,Diesel,Manual,Second,15.0,1896.0,105.0,5.0,999000.0,Volkswagen,Jetta 2007-2011 2.0 Tdi Trendline,13,0,5231.384615384615,0.055379746835443035
Naivasha,2017,22251,Diesel,Manual,First,18.49,1493.0,100.0,7.0,1295000.0,Mahindra,Tuv 300 2015-2019 T8,9,0,2472.3333333333335,0.06697923643670463
Mombasa,2013,55000,Petrol,Manual,Second,15.8,1499.0,110.0,5.0,769600.0,Ford,Ecosport 1.5 Ti Vct Mt Titanium,13,0,4230.7692307692305,0.0733822548365577
Mombasa,2017,19387,Petrol,Manual,First,17.1,1591.0,121.3,5.0,1246160.0,Hyundai,Verna 1.6 Sx Vtvt (O),9,0,2154.1111111111113,0.07624135763670647
Eldoret,2014,58000,Cng,Manual,First,26.6,998.0,58.16,5.0,444000.0,Maruti,Wagon R Lxi Cng,12,0,4833.333333333333,0.05827655310621242
Nairobi,2016,24001,Petrol,Manual,First,18.6,1197.0,81.83,5.0,851000.0,Hyundai,I20 Sportz 1.2,10,0,2400.1,0.06836257309941521
Kisumu,2008,17000,Diesel,Automatic,First,15.2,1968.0,140.8,5.0,1443000.0,Audi,A4 New 2.0 Tdi Multitronic,18,1,944.4444444444445,0.07154471544715447
Nairobi,2015,28500,Petrol,Manual,First,19.49,1198.0,67.04,5.0,518000.0,Nissan,Micra Active Xv S,11,0,2590.909090909091,0.05595993322203673
Nyeri,2014,66000,Diesel,Automatic,First,15.26,2143.0,203.2,5.0,4440000.0,Mercedes-Benz,M-Class Ml 250 Cdi,12,1,5500.0,0.09482034531031264
Nairobi,2017,22000,Diesel,Automatic,First,12.83,2179.0,147.5,5.0,5180000.0,Land,Rover Discovery Sport Td4 S,9,1,2444.4444444444443,0.067691601652134
Naivasha,2018,44383,Petrol,Manual,First,15.8,1591.0,121.3,5.0,1961000.0,Hyundai,Creta 1.6 Sx Option Executive,8,0,5547.875,0.07624135763670647
Nairobi,2013,45000,Diesel,Manual,First,20.5,1598.0,103.5,5.0,540200.0,Skoda,Rapid 1.6 Tdi Active,13,0,3461.5384615384614,0.06476846057571965
Nyeri,2015,58000,Diesel,Manual,First,23.4,1248.0,74.0,5.0,777000.0,Maruti,Swift Dzire Vdi,11,0,5272.727272727273,0.05929487179487179
Nairobi,2016,69000,Petrol,Manual,First,15.8,1591.0,121.3,5.0,1435599.9999999998,Hyundai,Creta 1.6 Sx,10,0,6900.0,0.07624135763670647
Naivasha,2017,60993,Diesel,Manual,First,24.0,1120.0,70.0,5.0,771080.0,Hyundai,Grand I10 Crdi Sportz,9,0,6777.0,0.0625
Eldoret,2016,67000,Diesel,Manual,First,18.49,1493.0,100.0,7.0,932400.0,Mahindra,Tuv 300 T8,10,0,6700.0,0.06697923643670463
Mombasa,2014,51134,Diesel,Manual,First,24.0,1120.0,70.0,5.0,698560.0,Hyundai,Grand I10 Crdi Sportz,12,0,4261.166666666667,0.0625
Mombasa,2011,55000,Diesel,Automatic,Second,11.7,2993.0,245.0,5.0,4144000.0,Bmw,X5 Xdrive 30D,15,0,3666.6666666666665,0.08185766789174741
Naivasha,2018,25082,Diesel,Automatic,First,28.4,1248.0,73.75,5.0,1238759.9999999998,Maruti,Dzire Amt Vdi,8,0,3135.25,0.05909455128205128
Nairobi,2012,68350,Diesel,Manual,First,12.55,2982.0,168.5,7.0,2072000.0,Toyota,Fortuner 4X4 Mt,14,0,4882.142857142857,0.05650570087189805
Kisumu,2015,50000,Diesel,Automatic,First,17.68,1968.0,174.33,5.0,5328000.0,Audi,A6 2011-2015 35 Tdi Technology,11,1,4545.454545454545,0.08858231707317074
Eldoret,2015,97000,Diesel,Manual,First,27.3,1498.0,98.6,5.0,947200.0,Honda,Jazz 1.5 V I Dtec,11,0,8818.181818181818,0.06582109479305741
Naivasha,2015,56238,Diesel,Automatic,First,11.33,4134.0,335.2,7.0,7650120.0,Audi,Q7 4.2 Tdi Quattro Technology,11,1,5112.545454545455,0.08108369617803579
Nyeri,2014,72618,Diesel,Manual,First,12.05,2179.0,120.0,7.0,1184000.0,Mahindra,Scorpio 2009-2014 Vlx 2Wd 7S Bsiv,12,0,6051.5,0.05507113354749885
Kisumu,2012,62005,Diesel,Manual,First,18.3,1991.0,147.9,5.0,1450400.0000000002,Chevrolet,Cruze Ltz,14,0,4428.928571428572,0.07428427925665496
Kisumu,2012,61250,Diesel,Manual,First,25.44,936.0,57.6,5.0,399600.0,Chevrolet,Beat Diesel Lt,14,0,4375.0,0.06153846153846154
Naivasha,2014,28469,Diesel,Automatic,First,18.25,1968.0,187.74,5.0,3606760.0,Audi,A4 35 Tdi Premium Plus,12,1,2372.4166666666665,0.09539634146341464
Mombasa,2018,21488,Petrol,Automatic,First,14.3,1598.0,103.52,5.0,1438560.0000000002,Skoda,Rapid 1.6 Mpi At Style,8,0,2686.0,0.06478097622027534
Eldoret,2014,197000,Diesel,Manual,First,23.4,1248.0,74.0,5.0,740000.0,Maruti,Swift Dzire Vdi,12,0,16416.666666666668,0.05929487179487179
Eldoret,2009,138205,Diesel,Manual,Second,11.5,2982.0,171.0,7.0,1554000.0,Toyota,Fortuner 3.0 Diesel,17,0,8129.705882352941,0.05734406438631791
Nyeri,2012,160000,Diesel,Manual,Second,22.9,1248.0,74.0,5.0,577200.0,Maruti,Swift Vdi,14,0,11428.57142857143,0.05929487179487179
Naivasha,2012,67590,Petrol,Manual,First,17.0,1497.0,118.0,5.0,836200.0,Honda,City 1.5 V Mt Exclusive,14,0,4827.857142857143,0.0788243152972612
Nairobi,2012,52000,Diesel,Automatic,First,15.26,2143.0,203.2,5.0,4432600.0,Mercedes-Benz,M-Class Ml 250 Cdi,14,1,3714.285714285714,0.09482034531031264
Nakuru,2008,100000,Diesel,Manual,Second,17.8,1248.0,75.0,5.0,444000.0,Maruti,Swift Ldi Bsiii,18,0,5555.555555555556,0.06009615384615385
Kisumu,2017,60048,Diesel,Manual,First,26.1,1498.0,99.0,5.0,888000.0,Ford,Aspire Titanium Diesel,9,0,6672.0,0.06608811748998665
Nairobi,2009,48000,Petrol,Manual,First,20.36,1197.0,78.9,5.0,312280.0,Hyundai,I10 Sportz,17,0,2823.529411764706,0.06591478696741855
Kisumu,2010,47000,Petrol,Manual,First,14.6,1493.0,97.7,5.0,220520.0,Fiat,Punto 1.4 Emotion,16,0,2937.5,0.06543871399866041
Nyeri,2011,100000,Petrol,Manual,First,19.7,796.0,46.3,5.0,222000.0,Maruti,Alto Lxi,15,0,6666.666666666667,0.05816582914572864
Naivasha,2013,62601,Diesel,Manual,First,23.59,1364.0,97.7,5.0,691160.0,Toyota,Etios Liva Gd,13,0,4815.461538461538,0.07162756598240469
Nakuru,2006,80010,Petrol,Manual,Second,20.4,1197.0,81.8,5.0,421800.0,Maruti,Swift Vxi Bsiv,20,0,4000.5,0.0683375104427736
Naivasha,2017,26493,Diesel,Automatic,First,19.27,2143.0,170.0,5.0,4978720.0,Mercedes-Benz,New C-Class C 220 Cdi Avantgarde,9,1,2943.6666666666665,0.07932804479701354
Kisumu,2011,96000,Diesel,Manual,Second,17.88,1396.0,52.8,5.0,134680.0,Tata,Indica V2 Dle Bsiii,15,0,6400.0,0.03782234957020057
Nyeri,2014,45700,Petrol,Manual,Second,22.74,796.0,47.3,5.0,358160.0,Maruti,Alto 800 Vxi,12,0,3808.3333333333335,0.059422110552763814
Kisumu,2005,13000,Petrol,Automatic,First,9.3,2771.0,193.1,5.0,481000.0,Skoda,Superb 2.8 V6 At,21,0,619.047619047619,0.06968603392277156
Kisumu,2013,38000,Petrol,Manual,First,16.47,1198.0,73.9,5.0,414400.0,Volkswagen,Polo Petrol Comfortline 1.2L,13,0,2923.076923076923,0.06168614357262104
Naivasha,2019,8018,Petrol,Automatic,First,22.0,1197.0,81.8,5.0,1228400.0000000002,Maruti,Dzire Amt Zxi Plus,7,0,1145.4285714285713,0.0683375104427736
Nakuru,2010,144400,Diesel,Manual,Third,12.05,2179.0,120.0,8.0,777000.0,Mahindra,Scorpio Vlx,16,0,9025.0,0.05507113354749885
Nyeri,2010,152000,Diesel,Manual,First,17.8,1248.0,75.0,5.0,429200.0,Maruti,Swift Vdi Bsiii,16,0,9500.0,0.06009615384615385
Eldoret,2013,71000,Diesel,Automatic,First,18.88,1995.0,184.0,5.0,2220000.0,Bmw,3 Series 320D Prestige,13,0,5461.538461538462,0.09223057644110276
Nyeri,2012,80000,Petrol,Manual,Second,25.4,624.0,37.5,4.0,78440.0,Tata,Nano Std Se,14,0,5714.285714285715,0.06009615384615385
Nairobi,2014,87143,Diesel,Manual,First,12.99,2494.0,100.0,8.0,1850000.0,Toyota,Innova 2.5 Vx (Diesel) 8 Seater,12,0,7261.916666666667,0.040096230954290296
Nairobi,2012,25000,Petrol,Manual,First,18.4,1198.0,86.8,5.0,407000.0,Honda,Brio S Option Mt,14,0,1785.7142857142858,0.07245409015025041
Eldoret,2018,2000,Petrol,Automatic,First,23.84,1199.0,83.83,5.0,740000.0,Tata,Tiago Amt 1.2 Revotron Xza,8,0,250.0,0.06991659716430358
Mombasa,2014,45239,Diesel,Manual,First,12.05,2179.0,120.0,8.0,1049320.0,Mahindra,Scorpio Sle Bsiv,12,0,3769.9166666666665,0.05507113354749885
Kisumu,2011,101999,Diesel,Automatic,First,16.73,1995.0,218.0,5.0,2958519.9999999995,Bmw,5 Series 2003-2012 525D,15,0,6799.933333333333,0.10927318295739348
Nairobi,2014,74219,Diesel,Manual,First,21.43,1364.0,87.2,5.0,1591000.0,Toyota,Corolla Altis D-4D Gl,12,0,6184.916666666667,0.06392961876832845
Nairobi,2016,25000,Petrol,Automatic,First,18.0,1497.0,117.3,5.0,1398599.9999999998,Honda,City I Vtec Cvt Vx,10,0,2500.0,0.0783567134268537
Kisumu,2008,109606,Diesel,Manual,First,22.0,1582.0,126.2,5.0,429200.0,Hyundai,Verna Crdi 1.6 Sx Option,18,0,6089.222222222223,0.0797724399494311
Kisumu,2015,36000,Diesel,Manual,First,26.59,1248.0,74.0,5.0,695600.0,Maruti,Swift Dzire Vdi Optional,11,0,3272.7272727272725,0.05929487179487179
Naivasha,2016,41810,Petrol,Manual,First,20.73,1373.0,91.1,5.0,1052280.0,Maruti,Ciaz Zxi,10,0,4181.0,0.0663510560815732
Nyeri,2014,93321,Diesel,Manual,First,22.7,1498.0,89.84,5.0,925000.0,Ford,Ecosport 1.5 Dv5 Mt Titanium,12,0,7776.75,0.05997329773030708
Kisumu,2011,81000,Petrol,Manual,First,20.92,998.0,67.1,5.0,325600.00000000006,Maruti,Alto K10 2010-2014 Vxi,15,0,5400.0,0.06723446893787574
Mombasa,2019,25717,Petrol,Automatic,First,19.0,1199.0,88.76,5.0,1311280.0,Honda,Amaze V Cvt Petrol,7,0,3673.8571428571427,0.07402835696413679
Nairobi,2015,37000,Diesel,Manual,First,15.1,2179.0,140.0,7.0,1376400.0000000002,Mahindra,Xuv500 W6 2Wd,11,0,3363.6363636363635,0.06424965580541533
Naivasha,2017,56380,Diesel,Manual,First,18.49,1493.0,100.0,7.0,1120360.0,Mahindra,Tuv 300 2015-2019 T8,9,0,6264.444444444444,0.06697923643670463
Mombasa,2017,8000,Petrol,Manual,First,18.2,1199.0,88.7,5.0,1169200.0,Honda,Jazz Vx,9,0,888.8888888888889,0.07397831526271893
Mombasa,2018,14589,Petrol,Manual,First,16.1,1298.0,88.2,5.0,836200.0,Maruti,Swift Vxi Bsiii W/ Abs,8,0,1823.625,0.0679506933744222
Nairobi,2013,65088,Petrol,Manual,First,16.47,1198.0,73.9,5.0,481000.0,Volkswagen,Polo Petrol Highline 1.2L,13,0,5006.7692307692305,0.06168614357262104
Naivasha,2019,24864,Diesel,Manual,First,20.5,1582.0,126.2,5.0,2407960.0,Hyundai,Creta 1.6 Sx Option Diesel,7,0,3552.0,0.0797724399494311
Naivasha,2011,64831,Petrol,Manual,First,18.6,1199.0,79.4,5.0,475080.0,Chevrolet,Beat Ls,15,0,4322.066666666667,0.06622185154295246
Kisumu,2013,38001,Diesel,Manual,First,25.8,1498.0,98.6,5.0,577200.0,Honda,Amaze Vx I-Dtec,13,0,2923.153846153846,0.06582109479305741
Nairobi,2008,77000,Petrol,Automatic,Second,10.0,2496.0,157.7,5.0,962000.0,Mercedes-Benz,E-Class 230 E At,18,1,4277.777777777777,0.06318108974358974
Kisumu,2016,27000,Diesel,Automatic,First,18.59,2993.0,265.0,5.0,7104000.0,Bmw,5 Series 530D M Sport,10,0,2700.0,0.08853992649515537
Nairobi,2016,39000,Diesel,Automatic,First,20.38,1968.0,143.0,5.0,2797199.9999999995,Audi,A3 35 Tdi Premium Plus,10,1,3900.0,0.07266260162601626
Eldoret,2015,131000,Diesel,Manual,First,26.59,1248.0,74.0,5.0,532800.0,Maruti,Swift Dzire Vdi,11,0,11909.09090909091,0.05929487179487179
Kisumu,2015,43000,Diesel,Manual,First,26.59,1248.0,74.0,5.0,814000.0,Maruti,Swift Dzire Vdi,11,0,3909.090909090909,0.05929487179487179
Eldoret,2011,68000,Diesel,Manual,Second,12.8,2494.0,102.0,7.0,1036000.0,Toyota,Innova 2.5 V Diesel 7-Seater,15,0,4533.333333333333,0.0408981555733761
Nakuru,2016,45165,Diesel,Automatic,First,16.09,1995.0,184.0,5.0,6179000.0,Bmw,X3 Xdrive20D,10,0,4516.5,0.09223057644110276
Kisumu,2007,120000,Diesel,Automatic,First,16.73,1995.0,218.0,5.0,1554000.0,Bmw,5 Series 2003-2012 525D,19,0,6315.789473684211,0.10927318295739348
Naivasha,2014,86091,Diesel,Manual,First,15.1,2179.0,140.0,7.0,1493320.0,Mahindra,Xuv500 W8 2Wd,12,0,7174.25,0.06424965580541533
Nairobi,2009,71499,Petrol,Manual,First,17.0,1497.0,118.0,5.0,444000.0,Honda,City 1.5 S Mt,17,0,4205.823529411765,0.0788243152972612
Mombasa,2014,50000,Diesel,Manual,First,17.0,2200.0,139.01,7.0,1776000.0,Force,One Lx 4X4,12,0,4166.666666666667,0.06318636363636364
Nyeri,2015,66000,Diesel,Manual,First,20.14,1498.0,88.0,5.0,726680.0,Volkswagen,Polo 1.5 Tdi Comfortline,11,0,6000.0,0.05874499332443257
Kisumu,2010,45000,Petrol,Manual,First,16.0,1198.0,90.0,5.0,296000.0,Honda,Jazz S,16,0,2812.5,0.07512520868113523
Kisumu,2015,69189,Diesel,Manual,First,23.59,1364.0,67.06,5.0,784400.0,Toyota,Etios Liva Gd Sp,11,0,6289.909090909091,0.04916422287390029
Nairobi,2014,40206,Diesel,Manual,First,19.01,1461.0,108.5,5.0,1068560.0,Nissan,Terrano Xv Premium 110 Ps,12,0,3350.5,0.07426420260095824
Mombasa,2017,36723,Diesel,Automatic,First,18.56,1995.0,190.0,5.0,4820360.0,Bmw,X3 Xdrive 20D Xline,9,0,4080.3333333333335,0.09523809523809523
Nairobi,2010,57500,Petrol,Manual,First,18.5,1197.0,80.0,5.0,407000.0,Hyundai,I20 1.2 Magna,16,0,3593.75,0.06683375104427736
Mombasa,2018,43912,Cng,Manual,First,15.1,1196.0,73.0,5.0,640840.0,Maruti,Eeco 5 Str With Ac Plus Htr Cng,8,0,5489.0,0.061036789297658864
Kisumu,2011,52000,Diesel,Manual,First,17.8,1399.0,68.0,5.0,555000.0,Ford,Fiesta Exi 1.4 Tdci Ltd,15,0,3466.6666666666665,0.04860614724803431
Mombasa,2014,60952,Petrol,Automatic,First,16.8,1497.0,118.0,5.0,874680.0,Honda,City 1.5 V At,12,0,5079.333333333333,0.0788243152972612
Mombasa,2013,87192,Diesel,Manual,First,25.2,1248.0,74.0,5.0,643799.9999999999,Maruti,Swift Vdi Bsiv,13,0,6707.076923076923,0.05929487179487179
Nairobi,2014,58000,Diesel,Manual,First,24.0,1120.0,70.0,5.0,481000.0,Hyundai,Grand I10 Crdi Sportz Edition,12,0,4833.333333333333,0.0625
Eldoret,2017,59500,Diesel,Automatic,First,14.75,2967.0,245.0,7.0,10064000.0,Audi,Q7 45 Tdi Quattro Technology,9,1,6611.111111111111,0.08257499157398045
Nairobi,2016,16650,Petrol,Manual,First,17.0,1198.0,74.0,5.0,814000.0,Volkswagen,Ameo 1.2 Mpi Highline 16 Alloy,10,0,1665.0,0.06176961602671119
Mombasa,2018,34696,Petrol,Automatic,First,18.0,1497.0,117.3,5.0,1787840.0,Honda,City I Vtec Cvt Vx,8,0,4337.0,0.0783567134268537
Mombasa,2018,42243,Diesel,Manual,First,27.39,1248.0,74.0,5.0,1107040.0,Maruti,Baleno Alpha 1.3,8,0,5280.375,0.05929487179487179
Nyeri,2016,57824,Diesel,Manual,First,24.0,1120.0,70.0,5.0,814000.0,Hyundai,Grand I10 Crdi Sportz,10,0,5782.4,0.0625
Nyeri,2011,110000,Diesel,Manual,First,19.3,1248.0,73.9,5.0,518000.0,Maruti,Swift Dzire Vdi,15,0,7333.333333333333,0.059214743589743594
Nairobi,2006,63000,Petrol,Manual,First,16.1,1493.0,97.7,5.0,236800.0,Maruti,Swift 1.3 Vxi,20,0,3150.0,0.06543871399866041
Nairobi,2013,72000,Diesel,Automatic,First,0.0,2179.0,115.0,5.0,2294000.0,Land,Rover Freelander 2 Td4 Hse,13,1,5538.461538461538,0.05277650298301973
Kisumu,2013,63455,Diesel,Manual,First,11.5,2982.0,171.0,7.0,2812000.0,Toyota,Fortuner 3.0 Diesel,13,0,4881.153846153846,0.05734406438631791
Kisumu,2017,17151,Diesel,Manual,First,27.3,1498.0,98.6,5.0,1243200.0,Honda,Jazz Vx Diesel,9,0,1905.6666666666667,0.06582109479305741
Eldoret,2016,31001,Diesel,Manual,First,24.3,1248.0,88.5,5.0,1073000.0,Maruti,Vitara Brezza Ldi Option,10,0,3100.1,0.07091346153846154
Kisumu,2014,42109,Diesel,Manual,First,23.4,1248.0,74.0,5.0,629000.0,Maruti,Swift Dzire Vdi,12,0,3509.0833333333335,0.05929487179487179
Nairobi,2015,55000,Diesel,Automatic,Second,21.66,1498.0,103.52,5.0,843600.0,Skoda,Rapid 1.5 Tdi At Elegance,11,0,5000.0,0.06910547396528705
Kisumu,2013,46000,Diesel,Automatic,Second,0.0,2179.0,115.0,5.0,3848000.0,Land,Rover Freelander 2 Td4 Se,13,1,3538.4615384615386,0.05277650298301973
Kisumu,2013,30852,Petrol,Manual,First,22.74,796.0,47.3,5.0,368520.00000000006,Maruti,Alto 800 Lxi,13,0,2373.230769230769,0.059422110552763814
Eldoret,2011,65000,Petrol,Manual,Second,16.47,1198.0,73.9,5.0,444000.0,Volkswagen,Polo Petrol Highline 1.2L,15,0,4333.333333333333,0.06168614357262104
Nairobi,2015,65000,Diesel,Manual,First,26.0,1498.0,98.6,5.0,880600.0,Honda,City I Dtec Sv,11,0,5909.090909090909,0.06582109479305741
Nairobi,2013,72000,Diesel,Manual,First,23.4,1248.0,74.0,5.0,398120.0,Maruti,Swift Dzire Ldi,13,0,5538.461538461538,0.05929487179487179
Nakuru,2014,29000,Diesel,Automatic,First,17.11,1968.0,174.33,5.0,3848000.0,Audi,A4 2.0 Tdi 177 Bhp Technology Edition,12,1,2416.6666666666665,0.08858231707317074
Kisumu,2015,32000,Petrol,Manual,First,17.8,1497.0,117.3,5.0,814000.0,Honda,City I Vtec Vx,11,0,2909.090909090909,0.0783567134268537
Mombasa,2016,29875,Petrol,Manual,First,18.16,1196.0,86.8,5.0,717799.9999999999,Ford,Figo Aspire 1.2 Ti-Vct Ambiente,10,0,2987.5,0.0725752508361204
Mombasa,2018,32539,Diesel,Manual,First,24.3,1248.0,88.5,5.0,1241720.0,Maruti,Vitara Brezza Ldi,8,0,4067.375,0.07091346153846154
Kisumu,2015,83090,Diesel,Manual,First,19.01,1461.0,108.45,5.0,1182520.0,Renault,Duster 110Ps Diesel Rxl,11,0,7553.636363636364,0.0742299794661191
Kisumu,2016,62679,Diesel,Manual,First,21.19,1396.0,88.73,5.0,1028600.0,Hyundai,I20 Active 1.4 Sx,10,0,6267.9,0.06356017191977077
Nairobi,2010,93000,Petrol,Manual,First,15.7,1390.0,75.0,5.0,222000.0,Mahindra,Logan Petrol 1.4 Gle,16,0,5812.5,0.0539568345323741
Nairobi,2006,44000,Petrol,Manual,First,17.7,1497.0,78.0,5.0,229400.0,Honda,City Zx Gxi,20,0,2200.0,0.052104208416833664
Nakuru,2010,78400,Petrol,Manual,Second,15.6,1196.0,70.0,5.0,407000.0,Ford,Figo Petrol Exi,16,0,4900.0,0.05852842809364549
Nairobi,2014,71300,Petrol,Manual,First,13.06,1598.0,102.53,5.0,629000.0,Renault,Duster Petrol Rxl,12,0,5941.666666666667,0.06416145181476846
Kisumu,2015,18000,Petrol,Manual,First,20.36,1197.0,78.9,5.0,421800.0,Hyundai,I10 Sportz 1.2,11,0,1636.3636363636363,0.06591478696741855
Naivasha,2019,24013,Diesel,Automatic,First,12.81,1999.0,148.31,7.0,8308720.0,Land,Rover Discovery Sport Td4 Hse 7S,7,1,3430.4285714285716,0.07419209604802401
Thika,2009,99100,Petrol,Automatic,Second,9.74,1984.0,208.0,5.0,1480000.0,Audi,Q5 2008-2012 2.0 Tfsi Quattro,17,1,5829.411764705882,0.10483870967741936
Nairobi,2003,62000,Petrol,Manual,Second,11.3,1298.0,83.1,8.0,185000.0,Maruti,Versa Dx2 Bs Ii,23,0,2695.6521739130435,0.0640215716486903
Kisumu,2017,14000,Diesel,Manual,First,26.59,1248.0,74.0,5.0,1110000.0,Maruti,Swift Dzire Zdi,9,0,1555.5555555555557,0.05929487179487179
Naivasha,2015,44811,Diesel,Automatic,First,17.11,1968.0,174.33,5.0,3819880.0,Audi,A4 2.0 Tdi Premium Sport Limited Edition,11,1,4073.7272727272725,0.08858231707317074
Thika,2014,44000,Petrol,Manual,First,16.47,1198.0,74.0,5.0,636400.0,Volkswagen,Polo 1.2 Mpi Comfortline,12,0,3666.6666666666665,0.06176961602671119
Mombasa,2010,136000,Diesel,Manual,Second,11.5,2982.0,171.0,7.0,1628000.0,Toyota,Fortuner 3.0 Diesel,16,0,8500.0,0.05734406438631791
Nyeri,2010,144113,Diesel,Manual,Second,11.5,2982.0,171.0,7.0,1739000.0,Toyota,Fortuner 3.0 Diesel,16,0,9007.0625,0.05734406438631791
Naivasha,2012,94989,Petrol,Manual,First,12.8,2354.0,177.6,5.0,973840.0,Honda,Accord 2.4 Mt,14,0,6784.928571428572,0.07544604927782497
Mombasa,2012,58133,Diesel,Manual,First,22.9,1248.0,74.0,5.0,710400.0,Maruti,Swift Zdi,14,0,4152.357142857143,0.05929487179487179
Eldoret,2008,61000,Petrol,Manual,Second,17.5,1198.0,70.0,5.0,244200.0,Skoda,Fabia 1.2 Mpi Classic,18,0,3388.8888888888887,0.05843071786310518
Kisumu,2017,27000,Diesel,Manual,First,17.1,1956.0,170.0,5.0,2220000.0,Jeep,Compass 2.0 Sport,9,0,3000.0,0.0869120654396728
Thika,2014,18050,Petrol,Manual,Second,25.4,624.0,37.5,4.0,148000.0,Tata,Nano Twist Xt,12,0,1504.1666666666667,0.06009615384615385
Kisumu,2007,145277,Petrol,Manual,First,15.3,1596.0,101.0,5.0,244200.0,Ford,Fiesta 1.6 Zxi Abs,19,0,7646.1578947368425,0.06328320802005012
Thika,2015,42000,Diesel,Manual,First,27.62,793.0,47.0,5.0,532800.0,Maruti,Celerio Zdi,11,0,3818.181818181818,0.05926860025220681
Nairobi,2011,86000,Diesel,Manual,First,11.5,2982.0,171.0,7.0,1702000.0,Toyota,Fortuner 3.0 Diesel,15,0,5733.333333333333,0.05734406438631791
Thika,2015,42150,Diesel,Manual,First,27.62,793.0,47.0,5.0,532800.0,Maruti,Celerio Zdi,11,0,3831.818181818182,0.05926860025220681
Eldoret,2015,30158,Petrol,Manual,First,21.1,814.0,55.2,5.0,451400.0,Hyundai,Eon Era Plus,11,0,2741.6363636363635,0.06781326781326781
Nakuru,2011,47000,Diesel,Manual,Second,23.5,1498.0,90.0,5.0,888000.0,Ford,Fiesta Diesel Trend,15,0,3133.3333333333335,0.06008010680907877
Thika,2013,39000,Petrol,Manual,First,16.47,1198.0,74.0,5.0,555000.0,Volkswagen,Polo 1.2 Mpi Comfortline,13,0,3000.0,0.06176961602671119
Naivasha,2016,32125,Petrol,Manual,First,16.2,1199.0,74.0,5.0,913160.0,Volkswagen,Polo 1.2 Mpi Comfortline,10,0,3212.5,0.061718098415346125
Naivasha,2017,58829,Diesel,Manual,First,24.3,1248.0,88.5,5.0,1339400.0000000002,Maruti,Vitara Brezza Zdi,9,0,6536.555555555556,0.07091346153846154
Naivasha,2013,67559,Petrol,Manual,First,19.4,1198.0,86.8,5.0,599400.0,Honda,Brio S Mt,13,0,5196.846153846154,0.07245409015025041
Eldoret,2013,55000,Petrol,Manual,First,17.5,1298.0,85.8,5.0,629000.0,Maruti,Swift Dzire Vxi,13,0,4230.7692307692305,0.06610169491525424
Kisumu,2018,30000,Petrol,Manual,First,23.1,998.0,67.04,5.0,555000.0,Maruti,Celerio Lxi Mt,8,0,3750.0,0.06717434869739479
Nairobi,2016,28000,Petrol,Automatic,First,13.0,1591.0,121.3,5.0,1753800.0,Hyundai,Creta 1.6 Sx Plus Petrol Automatic,10,0,2800.0,0.07624135763670647
Mombasa,2016,31826,Diesel,Manual,First,22.7,1498.0,89.84,5.0,1219520.0,Ford,Ecosport 1.5 Dv5 Mt Titanium,10,0,3182.6,0.05997329773030708
Kisumu,2016,64000,Diesel,Manual,First,17.8,1248.0,97.7,5.0,886520.0,Maruti,Swift Vdi Bsiv W Abs,10,0,6400.0,0.07828525641025641
Nyeri,2008,100009,Petrol,Manual,Second,13.1,1997.0,141.1,5.0,962000.0,Honda,Cr-V Rvi Mt,18,0,5556.055555555556,0.07065598397596394
Naivasha,2019,17201,Diesel,Automatic,First,12.51,2179.0,187.7,7.0,8718680.0,Land,Rover Discovery Sport Sd4 Hse Luxury 7S,7,1,2457.285714285714,0.08614043139054611
Nairobi,2014,74345,Diesel,Manual,First,15.1,2179.0,140.0,7.0,1184000.0,Mahindra,Xuv500 W8 2Wd,12,0,6195.416666666667,0.06424965580541533
Mombasa,2015,58134,Petrol,Manual,First,16.47,1198.0,74.0,5.0,686719.9999999999,Volkswagen,Polo 1.2 Mpi Highline,11,0,5284.909090909091,0.06176961602671119
Mombasa,2010,30566,Petrol,Automatic,First,19.2,1197.0,80.0,5.0,491360.0,Hyundai,I10 Magna At,16,0,1910.375,0.06683375104427736
Mombasa,2012,55231,Petrol,Manual,Second,20.36,1197.0,78.9,5.0,411440.0,Hyundai,I10 Magna 1.2,14,0,3945.0714285714284,0.06591478696741855
Mombasa,2016,67774,Diesel,Automatic,First,14.81,1998.0,163.7,5.0,1324599.9999999998,Chevrolet,Cruze Ltz At,10,0,6777.4,0.08193193193193192
Nairobi,2013,50319,Petrol,Automatic,First,12.0,1991.0,181.03,5.0,3248600.0,Mercedes-Benz,E-Class E 200 Cgi,13,1,3870.6923076923076,0.09092415871421396
Thika,2013,45000,Petrol,Manual,First,11.7,2359.0,134.0,5.0,1169200.0,Hyundai,Sonata 2.4 Gdi,13,0,3461.5384615384614,0.05680373039423484
Kisumu,2007,43627,Petrol,Automatic,First,11.74,1796.0,186.0,5.0,4292000.0,Mercedes-Benz,New C-Class C 200 Kompressor Elegance At,19,1,2296.157894736842,0.10356347438752785
Kisumu,2013,45000,Diesel,Manual,First,22.07,1199.0,73.9,5.0,481000.0,Volkswagen,Polo Diesel Trendline 1.2L,13,0,3461.5384615384614,0.06163469557964971
Nairobi,2014,10500,Petrol,Manual,First,17.4,1497.0,117.3,5.0,873200.0,Honda,City I Vtec Sv,12,0,875.0,0.0783567134268537
Naivasha,2017,21789,Diesel,Manual,First,24.3,1248.0,88.5,5.0,1462240.0000000002,Maruti,Vitara Brezza Zdi,9,0,2421.0,0.07091346153846154
Naivasha,2019,21134,Petrol,Manual,First,18.6,1197.0,81.86,5.0,1299439.9999999998,Hyundai,Elite I20 Asta Option,7,0,3019.1428571428573,0.0683876357560568
Kisumu,2011,90000,Diesel,Manual,Second,13.93,2179.0,138.1,7.0,407000.0,Tata,New Safari Dicor Ex 4X2,15,0,6000.0,0.06337769619091325
Mombasa,2014,51553,Diesel,Manual,First,21.64,1461.0,84.8,5.0,885040.0,Nissan,Sunny 2011-2014 Diesel Xl,12,0,4296.083333333333,0.05804243668720054
Nairobi,2011,31000,Petrol,Automatic,First,10.9,2497.0,215.0,5.0,4588000.0,Bmw,3 Series 330 Ci Convertible,15,0,2066.6666666666665,0.08610332398878655
Nairobi,2011,67422,Petrol,Manual,Second,14.53,1798.0,138.0,5.0,525400.0,Toyota,Corolla 1.8 J,15,0,4494.8,0.07675194660734148
Mombasa,2015,60519,Diesel,Manual,First,22.32,1582.0,126.32,5.0,923520.0,Hyundai,Verna 1.6 Sx,11,0,5501.727272727273,0.07984829329962073
Kisumu,2009,34000,Diesel,Manual,First,19.3,1248.0,73.9,5.0,324120.0,Maruti,Swift Dzire Vdi,17,0,2000.0,0.059214743589743594
Kisumu,2013,68434,Diesel,Manual,First,28.4,1248.0,73.75,5.0,814000.0,Maruti,Dzire Vdi,13,0,5264.153846153846,0.05909455128205128
Eldoret,2014,17000,Petrol,Manual,First,24.07,998.0,67.1,5.0,310800.0,Maruti,Alto K10 Vxi,12,0,1416.6666666666667,0.06723446893787574
Naivasha,2011,43686,Petrol,Automatic,First,10.5,5000.0,503.0,4.0,7497680.0,Jaguar,Xj 5.0 L V8 Supercharged,15,1,2912.4,0.1006
Kisumu,2012,22000,Diesel,Automatic,First,14.84,2143.0,170.0,5.0,2072000.0,Mercedes-Benz,New C-Class 220 Cdi At,14,1,1571.4285714285713,0.07932804479701354
Nairobi,2013,79225,Diesel,Manual,First,22.0,1582.0,126.2,5.0,814000.0,Hyundai,Verna Crdi 1.6 Sx Option,13,0,6094.2307692307695,0.0797724399494311
Eldoret,2007,63000,Petrol,Manual,Third,14.2,1598.0,102.0,5.0,177600.0,Chevrolet,Aveo 1.6 Lt,19,0,3315.7894736842104,0.06382978723404255
Kisumu,2014,61922,Petrol,Manual,First,20.4,1197.0,81.8,5.0,784400.0,Maruti,Swift Vxi Bsiv,12,0,5160.166666666667,0.0683375104427736
Mombasa,2015,85000,Diesel,Manual,First,23.9,1582.0,126.2,5.0,932400.0,Hyundai,Verna 1.6 Crdi S,11,0,7727.272727272727,0.0797724399494311
Mombasa,2017,26192,Diesel,Automatic,First,17.9,2143.0,168.0,5.0,5989560.0,Mercedes-Benz,Glc 220D Celebration Edition,9,1,2910.222222222222,0.07839477368175456
Nairobi,2013,65000,Diesel,Manual,First,13.0,2982.0,168.5,7.0,2382800.0000000005,Toyota,Fortuner 4X2 Manual,13,0,5000.0,0.05650570087189805
Nairobi,2014,44999,Diesel,Automatic,First,12.8,1968.0,167.6,5.0,3700000.0,Audi,Q5 2008-2012 2.0 Tdi,12,1,3749.9166666666665,0.08516260162601626
Nairobi,2008,81308,Diesel,Automatic,Second,13.2,1995.0,170.0,5.0,1176600.0,Bmw,3 Series 320D Dynamic,18,0,4517.111111111111,0.08521303258145363
Nairobi,2016,35000,Petrol,Manual,First,24.7,796.0,47.3,5.0,392200.0,Maruti,Alto 800 2016-2019 Lxi,10,0,3500.0,0.059422110552763814
Naivasha,2012,65349,Petrol,Manual,First,20.92,998.0,67.1,5.0,415880.0,Maruti,Alto K10 2010-2014 Vxi,14,0,4667.785714285715,0.06723446893787574
Kisumu,2012,80000,Petrol,Automatic,First,15.64,1798.0,167.62,5.0,2590000.0,Audi,A4 1.8 Tfsi Technology Edition,14,1,5714.285714285715,0.09322580645161291
Nairobi,2012,61000,Petrol,Manual,First,16.1,1197.0,85.0,5.0,488400.0,Maruti,Swift Vxi Bsiv,14,0,4357.142857142857,0.07101086048454469
Mombasa,2019,31817,Petrol,Manual,First,22.5,998.0,67.04,5.0,790320.0,Maruti,Wagon R Vxi,7,0,4545.285714285715,0.06717434869739479
Kisumu,2016,41000,Diesel,Manual,First,21.14,1498.0,103.52,5.0,1258000.0,Skoda,Rapid 1.5 Tdi Ambition,10,0,4100.0,0.06910547396528705
Mombasa,2010,82606,Petrol,Manual,Second,16.0,1198.0,90.0,5.0,398120.0,Honda,Jazz S,16,0,5162.875,0.07512520868113523
Thika,2015,52000,Diesel,Manual,First,16.0,2179.0,140.0,7.0,1702000.0,Mahindra,Xuv500 W10 2Wd,11,0,4727.272727272727,0.06424965580541533
Naivasha,2011,50318,Petrol,Manual,First,18.5,1197.0,85.8,5.0,600879.9999999999,Maruti,Ritz Vxi,15,0,3354.5333333333333,0.07167919799498747
Kisumu,2016,50000,Diesel,Automatic,First,17.9,2143.0,201.15,5.0,7252000.0,Mercedes-Benz,Gle 250D,10,1,5000.0,0.09386374241717219
Nakuru,2012,72000,Diesel,Manual,First,20.5,1598.0,103.5,5.0,680799.9999999999,Skoda,Rapid 1.6 Tdi Ambition,14,0,5142.857142857143,0.06476846057571965
Nairobi,2015,63776,Diesel,Manual,First,24.0,1120.0,70.0,5.0,586080.0,Hyundai,Grand I10 Crdi Magna,11,0,5797.818181818182,0.0625
Nairobi,2015,28133,Petrol,Manual,First,18.6,1197.0,81.86,5.0,828800.0,Hyundai,Elite I20 Petrol Asta,11,0,2557.5454545454545,0.0683876357560568
Kisumu,2017,45000,Diesel,Manual,First,22.95,1248.0,74.0,5.0,555000.0,Tata,Zest Quadrajet 1.3 75Ps Xe,9,0,5000.0,0.05929487179487179
Nyeri,2015,55697,Diesel,Manual,First,22.54,1396.0,88.73,5.0,814000.0,Hyundai,I20 Magna 1.4 Crdi,11,0,5063.363636363636,0.06356017191977077
Nairobi,2012,62000,Diesel,Manual,Second,20.5,1598.0,103.5,5.0,444000.0,Skoda,Rapid 1.6 Tdi Elegance,14,0,4428.571428571428,0.06476846057571965
Nairobi,2011,48000,Petrol,Manual,First,16.0,1368.0,90.0,5.0,444000.0,Fiat,Linea Emotion,15,0,3200.0,0.06578947368421052
Eldoret,2010,90246,Petrol,Manual,First,16.1,1298.0,88.2,5.0,436600.0,Maruti,Swift Vxi Bsiii W/ Abs,16,0,5640.375,0.0679506933744222
Kisumu,2015,80500,Diesel,Manual,First,25.0,1396.0,69.0,5.0,362600.00000000006,Tata,Indica V2 2001-2011 Els,11,0,7318.181818181818,0.0494269340974212
Eldoret,2012,119000,Diesel,Automatic,First,14.84,2143.0,170.0,5.0,2070520.0,Mercedes-Benz,New C-Class C 220 Cdi Elegance At,14,1,8500.0,0.07932804479701354
Nakuru,2016,28541,Diesel,Automatic,First,11.57,2987.0,254.79,5.0,8991000.0,Mercedes-Benz,Gle 350D,10,1,2854.1,0.08529963173752929
Kisumu,2008,45500,Petrol,Manual,Second,0.0,1086.0,97.7,5.0,173160.0,Hyundai,Santro Xing Xp,18,0,2527.777777777778,0.08996316758747698
Mombasa,2012,41000,Petrol,Manual,Second,16.8,1497.0,116.3,5.0,666000.0,Honda,City V Mt Avn,14,0,2928.5714285714284,0.07768871075484302
Nairobi,2010,58000,Petrol,Manual,Second,18.5,1197.0,80.0,5.0,370000.0,Hyundai,I20 Magna,16,0,3625.0,0.06683375104427736
Mombasa,2015,99000,Diesel,Manual,First,13.0,2982.0,168.5,7.0,3034000.0,Toyota,Fortuner 4X2 Manual,11,0,9000.0,0.05650570087189805
Nairobi,2014,31200,Petrol,Manual,First,18.9,1197.0,82.0,5.0,577200.0,Hyundai,Grand I10 Magna,12,0,2600.0,0.06850459482038429
Mombasa,2009,85000,Diesel,Manual,Second,15.0,1896.0,105.0,5.0,518000.0,Volkswagen,Jetta 2007-2011 2.0 Tdi Comfortline,17,0,5000.0,0.055379746835443035
Kisumu,2016,60924,Petrol,Automatic,First,15.63,1499.0,110.4,5.0,1228400.0000000002,Ford,Ecosport 1.5 Ti Vct At Titanium,10,0,6092.4,0.07364909939959974
Mombasa,2012,45000,Petrol,Manual,First,21.1,814.0,55.2,5.0,370000.0,Hyundai,Eon Magna Plus,14,0,3214.285714285714,0.06781326781326781
Kisumu,2011,44000,Petrol,Automatic,First,19.15,1198.0,75.94,5.0,392200.0,Nissan,Micra Xv Cvt,15,0,2933.3333333333335,0.0633889816360601
Mombasa,2016,30534,Petrol,Automatic,First,19.0,1199.0,88.7,5.0,1098160.0,Honda,Jazz 1.2 V Cvt I Vtec,10,0,3053.4,0.07397831526271893
Mombasa,2016,46399,Petrol,Manual,First,16.47,1198.0,74.0,5.0,685240.0,Volkswagen,Polo 1.2 Mpi Trendline,10,0,4639.9,0.06176961602671119
Kisumu,2008,42000,Petrol,Manual,First,19.7,796.0,46.3,5.0,161320.00000000003,Maruti,Alto Lxi,18,0,2333.3333333333335,0.05816582914572864
Nairobi,2011,67000,Diesel,Manual,First,22.32,1582.0,126.32,5.0,562400.0,Hyundai,Verna 1.6 Sx,15,0,4466.666666666667,0.07984829329962073
Nairobi,2013,58000,Diesel,Automatic,First,10.0,2148.0,170.0,5.0,2331000.0,Mercedes-Benz,E-Class 2009-2013 E 220 Cdi Avantgarde,13,1,4461.538461538462,0.07914338919925512
Naivasha,2015,27000,Petrol,Manual,First,17.57,1193.0,88.7,5.0,779960.0,Tata,Zest Revotron 1.2 Xt,11,0,2454.5454545454545,0.07435037720033529
Nairobi,2012,39566,Petrol,Manual,Second,18.4,1198.0,86.8,5.0,407000.0,Honda,Brio S Option Mt,14,0,2826.1428571428573,0.07245409015025041
Mombasa,2016,14980,Diesel,Manual,First,27.3,1498.0,98.6,5.0,1095200.0,Honda,Jazz Vx Diesel,10,0,1498.0,0.06582109479305741
Nyeri,2017,18491,Petrol,Automatic,First,24.07,998.0,67.1,5.0,577200.0,Maruti,Alto K10 Vxi Ags,9,0,2054.5555555555557,0.06723446893787574
Nyeri,2000,90000,Petrol,Manual,Second,17.3,993.0,60.0,5.0,103600.0,Maruti,Zen Vxi - Bs Iii,26,0,3461.5384615384614,0.06042296072507553
Eldoret,2015,118211,Diesel,Manual,First,22.54,1396.0,88.73,5.0,873200.0,Hyundai,I20 Sportz 1.4 Crdi,11,0,10746.454545454546,0.06356017191977077
Naivasha,2016,63316,Diesel,Manual,First,22.7,1598.0,118.0,5.0,1417840.0,Maruti,Sx4 S Cross Ddis 320 Zeta,10,0,6331.6,0.07384230287859825
Nairobi,2014,42000,Diesel,Automatic,First,14.21,2143.0,203.0,5.0,3692600.0,Mercedes-Benz,E-Class 2009-2013 E250 Cdi Elegance,12,1,3500.0,0.09472701819878675
Mombasa,2015,25648,Petrol,Manual,First,13.7,1399.0,98.82,7.0,634920.0,Chevrolet,Enjoy Petrol Ls 7 Seater,11,0,2331.6363636363635,0.0706361686919228
Nairobi,2011,67612,Diesel,Automatic,Second,14.21,2143.0,203.0,5.0,1702000.0,Mercedes-Benz,E-Class 2009-2013 E250 Cdi Blue Efficiency,15,1,4507.466666666666,0.09472701819878675
Nairobi,2016,33000,Diesel,Manual,First,16.0,2179.0,140.0,7.0,1428200.0,Mahindra,Xuv500 W4,10,0,3300.0,0.06424965580541533
Nairobi,2015,20000,Petrol,Manual,First,20.36,1197.0,78.9,5.0,555000.0,Hyundai,I10 Sportz,11,0,1818.1818181818182,0.06591478696741855
Eldoret,2007,143000,Petrol,Manual,Second,14.2,1341.0,82.9,5.0,162800.00000000003,Hyundai,Getz 1.3 Gls,19,0,7526.315789473684,0.06181953765846384
Naivasha,2014,118218,Diesel,Automatic,First,12.07,2967.0,241.4,7.0,4648680.0,Audi,Q7 3.0 Tdi Quattro,12,1,9851.5,0.08136164475901585
Eldoret,2012,99000,Diesel,Manual,Third,12.05,2179.0,120.0,8.0,888000.0,Mahindra,Scorpio Sle Bsiv,14,0,7071.428571428572,0.05507113354749885
Eldoret,2016,22700,Petrol,Manual,First,18.7,1199.0,88.7,5.0,821400.0,Honda,Jazz 1.2 Sv I Vtec,10,0,2270.0,0.07397831526271893
Nyeri,2017,28000,Diesel,Manual,First,14.0,2179.0,138.1,7.0,1614680.0,Tata,Safari Storme 2012-2015 Ex,9,0,3111.1111111111113,0.06337769619091325
Kisumu,2014,62000,Diesel,Manual,First,15.1,2179.0,140.0,7.0,1073000.0,Mahindra,Xuv500 W6 2Wd,12,0,5166.666666666667,0.06424965580541533
Kisumu,2012,107023,Diesel,Manual,First,22.07,1199.0,73.9,5.0,577200.0,Volkswagen,Polo Diesel Comfortline 1.2L,14,0,7644.5,0.06163469557964971
Nairobi,2012,71082,Diesel,Manual,First,19.3,1248.0,73.9,5.0,584600.0,Maruti,Swift Dzire Zdi,14,0,5077.285714285715,0.059214743589743594
Nairobi,2013,60000,Diesel,Automatic,First,15.73,1968.0,174.33,5.0,3256000.0,Audi,Q3 2.0 Tdi,13,1,4615.384615384615,0.08858231707317074
Nairobi,2014,21701,Petrol,Manual,First,23.1,998.0,67.04,5.0,500240.0,Maruti,Celerio Zxi,12,0,1808.4166666666667,0.06717434869739479
Nairobi,2011,56000,Petrol,Manual,First,16.8,1497.0,116.3,5.0,510600.0,Honda,City V Mt Exclusive,15,0,3733.3333333333335,0.07768871075484302
Nairobi,2016,32450,Petrol,Manual,First,18.6,1197.0,81.83,5.0,851000.0,Hyundai,I20 1.2 Spotz,10,0,3245.0,0.06836257309941521
Nyeri,2016,12500,Petrol,Manual,First,25.17,799.0,53.3,5.0,407000.0,Renault,Kwid Rxt,10,0,1250.0,0.06670838548185232
Mombasa,2019,20483,Diesel,Automatic,First,17.9,2143.0,136.0,5.0,4484400.0,Mercedes-Benz,Cla 200 Cdi Sport,7,1,2926.1428571428573,0.06346243583761083
Kisumu,2014,45800,Diesel,Manual,First,22.7,1498.0,89.84,5.0,1110000.0,Ford,Ecosport 1.5 Dv5 Mt Titanium,12,0,3816.6666666666665,0.05997329773030708
Naivasha,2015,35441,Petrol,Manual,First,18.6,1197.0,81.83,5.0,1016760.0,Hyundai,I20 Asta 1.2,11,0,3221.909090909091,0.06836257309941521
Nakuru,2015,86398,Diesel,Manual,First,12.99,2494.0,100.6,7.0,2249600.0,Toyota,Innova 2.5 Zx Diesel 7 Seater,11,0,7854.363636363636,0.04033680834001604
Mombasa,2012,150000,Diesel,Manual,First,21.64,1461.0,84.8,5.0,518000.0,Nissan,Sunny 2011-2014 Diesel Xl,14,0,10714.285714285714,0.05804243668720054
Kisumu,2014,89000,Diesel,Manual,First,25.2,1248.0,74.0,5.0,865800.0,Maruti,Swift Vdi Bsiv,12,0,7416.666666666667,0.05929487179487179
Kisumu,2010,68375,Petrol,Manual,First,19.0,998.0,66.1,5.0,370000.0,Maruti,A-Star Vxi,16,0,4273.4375,0.06623246492985971
Eldoret,2013,52000,Petrol,Manual,First,18.6,1197.0,85.8,5.0,584600.0,Maruti,Swift Zxi,13,0,4000.0,0.07167919799498747
Nyeri,2017,39000,Diesel,Automatic,First,17.9,2143.0,136.0,5.0,3996000.0,Mercedes-Benz,Cla 200 Cdi Sport,9,1,4333.333333333333,0.06346243583761083
Nakuru,2014,68000,Petrol,Manual,Second,16.02,1373.0,93.7,7.0,999000.0,Maruti,Ertiga Zxi,12,0,5666.666666666667,0.06824471959213402
Nyeri,2007,71000,Petrol,Manual,Second,18.9,998.0,67.1,5.0,222000.0,Maruti,Wagon R Lxi,19,0,3736.842105263158,0.06723446893787574
Kisumu,2012,72003,Diesel,Manual,First,22.07,1199.0,73.9,5.0,577200.0,Volkswagen,Polo Diesel Trendline 1.2L,14,0,5143.071428571428,0.06163469557964971
Kisumu,2014,135670,Diesel,Manual,First,22.7,1498.0,89.84,5.0,969400.0,Ford,Ecosport 1.5 Dv5 Mt Titanium Optional,12,0,11305.833333333334,0.05997329773030708
Mombasa,2017,65850,Diesel,Manual,First,25.1,1498.0,98.6,5.0,1397120.0,Honda,City I Dtec Vx,9,0,7316.666666666667,0.06582109479305741
Naivasha,2015,53920,Petrol,Manual,First,14.28,1798.0,138.03,5.0,1593960.0,Toyota,Corolla Altis 1.8 Gl,11,0,4901.818181818182,0.0767686318131257
Thika,2014,58000,Diesel,Manual,First,15.1,2179.0,140.0,7.0,1110000.0,Mahindra,Xuv500 W8 2Wd,12,0,4833.333333333333,0.06424965580541533
Kisumu,2016,4000,Petrol,Manual,First,24.7,796.0,47.3,5.0,444000.0,Maruti,Alto 800 2016-2019 Vxi,10,0,400.0,0.059422110552763814
Mombasa,2010,58000,Diesel,Automatic,First,18.59,2993.0,265.0,5.0,1739000.0,Bmw,5 Series 530D M Sport,16,0,3625.0,0.08853992649515537
Mombasa,2016,29832,Petrol,Manual,First,21.1,814.0,55.2,5.0,486920.0,Hyundai,Eon D Lite Plus,10,0,2983.2,0.06781326781326781
Mombasa,2016,71156,Diesel,Manual,First,26.59,1248.0,74.0,5.0,962000.0,Maruti,Swift Dzire Vdi,10,0,7115.6,0.05929487179487179
Nairobi,2015,64687,Cng,Manual,First,31.79,998.0,58.33,5.0,562400.0,Maruti,Celerio Cng Vxi Mt,11,0,5880.636363636364,0.05844689378757515
Kisumu,2011,54000,Diesel,Automatic,First,16.55,1968.0,147.51,5.0,2664000.0,Audi,A4 2.0 Tdi,15,1,3600.0,0.07495426829268292
Nakuru,2009,75000,Petrol,Automatic,Second,13.7,1798.0,157.75,5.0,732600.0,Skoda,Superb Elegance 1.8 Tsi At,17,0,4411.764705882353,0.08773637374860957
Mombasa,2015,39208,Petrol,Manual,First,17.57,1193.0,88.7,5.0,668959.9999999999,Tata,Zest Revotron 1.2T Xm,11,0,3564.3636363636365,0.07435037720033529
Kisumu,2014,41000,Diesel,Manual,First,17.0,2149.0,139.07,7.0,1184000.0,Force,One Lx Abs 7 Seating,12,0,3416.6666666666665,0.06471382038157282
Naivasha,2013,38622,Petrol,Manual,First,17.4,1497.0,117.3,5.0,926480.0,Honda,City I-Vtec Vx,13,0,2970.923076923077,0.0783567134268537
Mombasa,2016,18000,Petrol,Manual,First,16.95,1498.0,97.7,5.0,1110000.0,Nissan,Sunny 2011-2014 Xv,10,0,1800.0,0.06522029372496663
Nairobi,2012,52000,Petrol,Manual,First,16.1,1493.0,97.7,5.0,540200.0,Maruti,Swift 1.3 Lxi,14,0,3714.285714285714,0.06543871399866041
Nairobi,2011,45000,Petrol,Automatic,First,14.4,1598.0,103.6,5.0,495800.0,Volkswagen,Vento Petrol Highline At,15,0,3000.0,0.06483103879849812
Nairobi,2014,48656,Petrol,Automatic,First,15.74,1591.0,121.3,5.0,814000.0,Hyundai,Verna 1.6 Sx Vtvt At,12,0,4054.6666666666665,0.07624135763670647
Nakuru,2012,79000,Diesel,Automatic,First,22.0,1582.0,126.2,5.0,777000.0,Hyundai,Verna Crdi 1.6 At Sx Plus,14,0,5642.857142857143,0.0797724399494311
Nakuru,2012,88000,Diesel,Automatic,First,16.55,1968.0,140.0,5.0,2405000.0,Audi,A4 2.0 Tdi Multitronic,14,1,6285.714285714285,0.07113821138211382
Nairobi,2009,92000,Petrol,Manual,First,15.5,1586.0,103.3,5.0,399600.0,Maruti,Sx4 Vxi Bsiv,17,0,5411.764705882353,0.06513240857503153
Mombasa,2019,9000,Diesel,Automatic,First,12.62,2198.0,158.0,7.0,4869200.0,Ford,Endeavour 2.2 Titanium At 4X2,7,0,1285.7142857142858,0.0718835304822566
Naivasha,2008,50121,Petrol,Manual,First,20.4,1197.0,83.11,5.0,504680.0,Maruti,Swift Lxi Bsiv,18,0,2784.5,0.06943191311612364
Kisumu,2014,79000,Diesel,Manual,First,24.0,1120.0,70.0,5.0,614200.0000000001,Hyundai,Grand I10 Crdi Magna,12,0,6583.333333333333,0.0625
Kisumu,2014,46000,Diesel,Manual,Second,20.14,1498.0,88.8,5.0,873200.0,Volkswagen,Polo 1.5 Tdi Highline,12,0,3833.3333333333335,0.05927903871829105
Eldoret,2012,100000,Petrol,Automatic,First,10.0,2496.0,157.7,5.0,1702000.0,Mercedes-Benz,E-Class 230,14,1,7142.857142857143,0.06318108974358974
Kisumu,2015,41000,Petrol,Manual,First,18.6,1197.0,81.83,5.0,703000.0,Hyundai,I20 Asta 1.2,11,0,3727.2727272727275,0.06836257309941521
Mombasa,2015,25000,Petrol,Automatic,First,24.07,998.0,67.1,5.0,518000.0,Maruti,Alto K10 Vxi Ags,11,0,2272.7272727272725,0.06723446893787574
Eldoret,2014,71899,Diesel,Manual,First,20.77,1248.0,88.76,7.0,1073000.0,Maruti,Ertiga Vdi,12,0,5991.583333333333,0.07112179487179487
Nairobi,2016,7100,Petrol,Automatic,First,23.1,998.0,67.04,5.0,643799.9999999999,Maruti,Celerio Vxi At,10,0,710.0,0.06717434869739479
Naivasha,2018,38171,Petrol,Automatic,Second,22.5,999.0,67.0,5.0,738520.0,Renault,Kwid Climber 1.0 Amt,8,0,4771.375,0.06706706706706707
Nakuru,2013,70359,Diesel,Manual,First,12.05,2179.0,120.0,8.0,1132200.0,Mahindra,Scorpio Sle Bsiv,13,0,5412.2307692307695,0.05507113354749885
Mombasa,2011,200000,Diesel,Manual,First,12.8,2494.0,102.0,7.0,1332000.0,Toyota,Innova 2.5 Gx (Diesel) 7 Seater Bs Iv,15,0,13333.333333333334,0.0408981555733761
Mombasa,2017,26969,Diesel,Manual,First,22.07,1199.0,73.9,5.0,1021200.0,Volkswagen,Polo Diesel Highline 1.2L,9,0,2996.5555555555557,0.06163469557964971
Mombasa,2011,56500,Diesel,Manual,First,20.0,1399.0,68.0,5.0,429200.0,Ford,Figo Diesel Zxi,15,0,3766.6666666666665,0.04860614724803431
Kisumu,2014,40000,Diesel,Manual,First,20.45,1461.0,83.8,5.0,851000.0,Nissan,Terrano Xl Plus 85 Ps,12,0,3333.3333333333335,0.05735797399041752
Kisumu,2014,41000,Diesel,Manual,First,17.0,2200.0,139.01,7.0,1184000.0,Force,One Lx 4X4,12,0,3416.6666666666665,0.06318636363636364
Mombasa,2017,53105,Petrol,Automatic,First,22.5,999.0,67.0,5.0,652680.0,Renault,Kwid 1.0 Rxt Optional Amt,9,0,5900.555555555556,0.06706706706706707
Nairobi,2013,23000,Diesel,Manual,First,21.14,1498.0,103.52,5.0,732600.0,Skoda,Rapid 1.5 Tdi Elegance,13,0,1769.2307692307693,0.06910547396528705
Kisumu,2016,80999,Diesel,Automatic,First,16.0,2179.0,140.0,7.0,2131200.0,Mahindra,Xuv500 At W10 Fwd,10,0,8099.9,0.06424965580541533
Mombasa,2012,82000,Diesel,Manual,First,20.0,1399.0,68.05,5.0,436600.0,Ford,Figo Diesel Titanium,14,0,5857.142857142857,0.04864188706218728
Naivasha,2017,68557,Diesel,Manual,First,15.96,2523.0,62.1,7.0,1204720.0,Mahindra,Bolero Zlx,9,0,7617.444444444444,0.02461355529131986
Kisumu,2016,34000,Diesel,Manual,First,20.64,1498.0,108.5,5.0,1250599.9999999998,Volkswagen,Vento 1.5 Tdi Highline,10,0,3400.0,0.07242990654205607
Eldoret,2015,77000,Diesel,Manual,First,12.99,2494.0,100.0,8.0,1850000.0,Toyota,Innova 2.5 Vx (Diesel) 8 Seater Bs Iv,11,0,7000.0,0.040096230954290296
Nairobi,2012,48000,Diesel,Manual,First,15.1,2179.0,140.0,7.0,962000.0,Mahindra,Xuv500 W8 2Wd,14,0,3428.5714285714284,0.06424965580541533
Naivasha,2015,28232,Petrol,Manual,Second,15.8,1499.0,110.0,5.0,1142560.0,Ford,Ecosport 1.5 Ti Vct Mt Titanium,11,0,2566.5454545454545,0.0733822548365577
Mombasa,2011,110000,Diesel,Automatic,First,16.96,1968.0,138.1,5.0,1184000.0,Volkswagen,Jetta 2012-2014 2.0L Tdi Highline At,15,0,7333.333333333333,0.07017276422764228
Mombasa,2009,120000,Diesel,Manual,Second,13.93,2179.0,138.0,7.0,444000.0,Tata,New Safari Dicor 2.2 Vx 4X4,17,0,7058.823529411765,0.06333180357962367
Nairobi,2013,49000,Diesel,Automatic,First,8.2,2993.0,245.0,4.0,4292000.0,Bmw,3 Series 330D Convertible,13,0,3769.230769230769,0.08185766789174741
Kisumu,2014,22000,Petrol,Manual,First,16.47,1198.0,74.0,5.0,608280.0000000001,Volkswagen,Polo 1.2 Mpi Highline,12,0,1833.3333333333333,0.06176961602671119
Naivasha,2015,14925,Petrol,Manual,First,18.5,1197.0,82.9,5.0,794760.0,Hyundai,I20 Magna Optional 1.2,11,0,1356.8181818181818,0.06925647451963242
Nairobi,2013,75000,Diesel,Manual,First,20.77,1248.0,88.8,7.0,969400.0,Maruti,Ertiga Zdi,13,0,5769.2307692307695,0.07115384615384615
Mombasa,2015,23000,Petrol,Manual,First,17.4,1497.0,117.3,5.0,1036000.0,Honda,City I Vtec V,11,0,2090.909090909091,0.0783567134268537
Nairobi,2014,57000,Petrol,Manual,First,17.0,1497.0,118.0,5.0,811040.0,Honda,City 1.5 S Mt,12,0,4750.0,0.0788243152972612
Mombasa,2013,76718,Diesel,Automatic,First,16.96,1968.0,138.03,5.0,963480.0,Volkswagen,Jetta 2013-2015 2.0L Tdi Highline At,13,0,5901.384615384615,0.07013719512195123
Eldoret,2016,138000,Diesel,Manual,First,25.8,1498.0,98.6,5.0,762200.0000000001,Honda,Amaze Vx I-Dtec,10,0,13800.0,0.06582109479305741
Kisumu,2013,140000,Diesel,Manual,Second,15.1,2179.0,140.0,7.0,1332000.0,Mahindra,Xuv500 W8 2Wd,13,0,10769.23076923077,0.06424965580541533
Nairobi,2008,110000,Petrol,Automatic,Second,14.53,1798.0,138.1,5.0,407000.0,Toyota,Corolla Altis Vl,18,0,6111.111111111111,0.0768075639599555
Eldoret,2005,126000,Petrol,Manual,Second,17.0,1086.0,97.7,5.0,177600.0,Hyundai,Santro Xing Xl Erlx Euro Iii,21,0,6000.0,0.08996316758747698
Nakuru,2012,73000,Diesel,Automatic,First,22.69,1995.0,190.0,5.0,1850000.0,Bmw,3 Series 320D,14,0,5214.285714285715,0.09523809523809523
Mombasa,2017,63423,Diesel,Manual,First,23.0,1498.0,98.96,5.0,1138120.0,Ford,Ecosport 1.5 Diesel Trend,9,0,7047.0,0.06606141522029373
Mombasa,2013,62132,Petrol,Manual,First,18.5,1197.0,82.85,5.0,676360.0,Hyundai,I20 Asta Optional With Sunroof 1.2,13,0,4779.384615384615,0.06921470342522974
Nairobi,2013,51000,Petrol,Automatic,First,16.8,1497.0,118.0,5.0,666000.0,Honda,City 1.5 S At,13,0,3923.076923076923,0.0788243152972612
Kisumu,2015,75000,Diesel,Manual,First,23.2,1248.0,73.94,5.0,725200.0000000001,Maruti,Ritz Vdi (Abs) Bs Iv,11,0,6818.181818181818,0.05924679487179487
Kisumu,2008,55410,Petrol,Manual,First,19.81,1086.0,68.05,5.0,244200.0,Hyundai,I10 Era 1.1,18,0,3078.3333333333335,0.06266114180478821
Nairobi,2015,41000,Petrol,Manual,First,18.2,1199.0,82.4,5.0,481000.0,Chevrolet,Sail 1.2 Ls,11,0,3727.2727272727275,0.06872393661384488
Mombasa,2012,45000,Diesel,Manual,First,22.32,1582.0,126.32,5.0,925000.0,Hyundai,Verna 1.6 Sx Crdi (O),14,0,3214.285714285714,0.07984829329962073
Mombasa,2018,53322,Petrol,Manual,First,15.8,1591.0,121.3,5.0,1795240.0,Hyundai,Creta 1.6 Sx Option,8,0,6665.25,0.07624135763670647
Nyeri,2013,48000,Petrol,Manual,First,18.2,1199.0,82.4,5.0,481000.0,Chevrolet,Sail 1.2 Ls,13,0,3692.3076923076924,0.06872393661384488
Kisumu,2013,72000,Diesel,Automatic,First,14.16,1968.0,174.3,5.0,4292000.0,Audi,Q5 2.0 Tdi,13,1,5538.461538461538,0.08856707317073172
Mombasa,2013,50266,Petrol,Manual,First,17.0,1497.0,118.0,5.0,818440.0,Honda,City 1.5 V Mt Exclusive,13,0,3866.6153846153848,0.0788243152972612
Kisumu,2017,21800,Petrol,Manual,First,17.0,1497.0,121.36,5.0,1295000.0,Ford,Ecosport 1.5 Petrol Titanium,9,0,2422.222222222222,0.08106880427521711
Nakuru,2014,45000,Diesel,Automatic,Second,12.07,2967.0,241.4,7.0,5609200.0,Audi,Q7 3.0 Tdi Quattro Premium Plus,12,1,3750.0,0.08136164475901585
Nairobi,2010,62000,Petrol,Manual,First,20.36,1197.0,78.9,5.0,355200.0,Hyundai,I10 Magna 1.2,16,0,3875.0,0.06591478696741855
Mombasa,2014,41681,Petrol,Manual,First,17.0,1197.0,80.0,5.0,673400.0,Hyundai,I20 1.2 Asta,12,0,3473.4166666666665,0.06683375104427736
Nairobi,2011,69313,Petrol,Manual,Second,17.5,1197.0,85.8,5.0,392200.0,Maruti,Swift Dzire 1.2 Vxi Bsiv,15,0,4620.866666666667,0.07167919799498747
Eldoret,2017,49000,Diesel,Manual,Second,25.0,1396.0,69.0,5.0,236800.0,Tata,Indica V2 Elx,9,0,5444.444444444444,0.0494269340974212
Naivasha,2012,40471,Diesel,Automatic,Second,16.2,2993.0,235.0,5.0,3806560.0,Bmw,5 Series 2010-2013 530D,14,0,2890.785714285714,0.07851653859004344
Thika,2013,60000,Diesel,Manual,First,22.9,1248.0,74.0,5.0,614200.0000000001,Maruti,Swift Vdi,13,0,4615.384615384615,0.05929487179487179
Nyeri,2018,1001,Petrol,Manual,First,19.0,1194.0,94.68,5.0,1070040.0,Ford,Freestyle Titanium Plus Petrol,8,0,125.125,0.0792964824120603
Nakuru,2008,38000,Petrol,Manual,Second,13.9,1599.0,103.2,5.0,384800.0,Hyundai,Verna Xxi Abs (Petrol),18,0,2111.1111111111113,0.06454033771106941
Nairobi,2008,66000,Diesel,Automatic,Second,16.07,1995.0,181.0,5.0,1073000.0,Bmw,3 Series 320D Highline,18,0,3666.6666666666665,0.09072681704260652
Mombasa,2017,33901,Diesel,Manual,First,12.8,2494.0,102.0,8.0,2114920.0,Toyota,Innova 2.5 G4 Diesel 8-Seater,9,0,3766.777777777778,0.0408981555733761
Kisumu,2011,57000,Diesel,Automatic,Second,14.94,2143.0,204.0,5.0,2553000.0,Mercedes-Benz,New C-Class C 250 Cdi Elegance,15,1,3800.0,0.09519365375641624
Eldoret,2013,170000,Diesel,Manual,First,22.54,1582.0,126.2,5.0,1110000.0,Hyundai,Elantra 1.6 Sx,13,0,13076.923076923076,0.0797724399494311
Kisumu,2014,60000,Diesel,Manual,First,23.2,1248.0,73.94,5.0,643799.9999999999,Maruti,Ritz Zdi,12,0,5000.0,0.05924679487179487
Eldoret,2016,85000,Diesel,Manual,First,24.3,1248.0,88.5,5.0,1317200.0,Maruti,Vitara Brezza Zdi Plus Dual Tone,10,0,8500.0,0.07091346153846154
Kisumu,2016,146000,Petrol,Manual,Second,19.1,1197.0,82.0,5.0,518000.0,Hyundai,Xcent 1.2 Kappa S,10,0,14600.0,0.06850459482038429
Kisumu,2014,56002,Diesel,Manual,First,26.0,1498.0,98.6,5.0,902800.0,Honda,City I Dtec V,12,0,4666.833333333333,0.06582109479305741
Nairobi,2016,8554,Petrol,Manual,First,25.17,799.0,53.3,5.0,473600.0,Renault,Kwid Rxt,10,0,855.4,0.06670838548185232
Nyeri,2014,62322,Diesel,Manual,First,23.59,1364.0,67.06,5.0,725200.0000000001,Toyota,Etios Cross 1.4L Vd,12,0,5193.5,0.04916422287390029
Mombasa,2015,37929,Petrol,Manual,First,24.07,998.0,67.1,5.0,546120.0,Maruti,Alto K10 Vxi,11,0,3448.090909090909,0.06723446893787574
Mombasa,2016,5400,Petrol,Manual,First,23.84,1199.0,84.0,5.0,589040.0,Tata,Tiago 1.2 Revotron Xm Option,10,0,540.0,0.07005838198498748
Kisumu,2013,60000,Diesel,Manual,First,21.9,1396.0,90.0,5.0,436600.0,Hyundai,I20 1.4 Crdi Magna,13,0,4615.384615384615,0.06446991404011461
Mombasa,2014,55730,Diesel,Automatic,First,16.55,1968.0,147.51,5.0,2251080.0,Audi,A4 2.0 Tdi,12,1,4644.166666666667,0.07495426829268292
Kisumu,2015,62000,Diesel,Manual,First,28.4,1248.0,74.0,5.0,932400.0,Maruti,Swift Vdi,11,0,5636.363636363636,0.05929487179487179
Mombasa,2017,14576,Petrol,Manual,First,17.0,1198.0,73.75,5.0,990120.0,Volkswagen,Ameo 1.2 Mpi Highline,9,0,1619.5555555555557,0.061560934891485806
Nairobi,2017,17000,Petrol,Automatic,First,16.0,1497.0,117.3,7.0,1406000.0,Honda,Brv I-Vtec V Cvt,9,0,1888.888888888889,0.0783567134268537
Nairobi,2009,28000,Petrol,Manual,First,17.0,1197.0,80.0,5.0,392200.0,Hyundai,I20 Asta,17,0,1647.0588235294117,0.06683375104427736
Thika,2012,58200,Diesel,Manual,First,14.66,2199.0,194.3,7.0,1110000.0,Hyundai,Santa Fe 4X4,14,0,4157.142857142857,0.08835834470213734
Nakuru,2002,53000,Petrol,Manual,Second,0.0,1493.0,97.7,5.0,273800.0,Honda,City 1.5 Gxi,24,0,2208.3333333333335,0.06543871399866041
Mombasa,2018,12278,Petrol,Automatic,First,23.1,998.0,67.04,5.0,833240.0,Maruti,Celerio Zxi Optional Amt,8,0,1534.75,0.06717434869739479
Naivasha,2018,17665,Petrol,Manual,First,15.8,1591.0,121.3,5.0,1743440.0,Hyundai,Creta 1.6 Sx,8,0,2208.125,0.07624135763670647
Kisumu,2004,200000,Diesel,Manual,Second,17.88,1396.0,52.8,5.0,125800.0,Tata,Indica V2 Dl Bsiii,22,0,9090.90909090909,0.03782234957020057
Nairobi,2011,55893,Petrol,Manual,First,15.04,1598.0,103.6,5.0,495800.0,Volkswagen,Vento Petrol Highline,15,0,3726.2,0.06483103879849812
Mombasa,2015,60586,Petrol,Manual,First,23.1,998.0,67.04,5.0,608280.0000000001,Maruti,Celerio Vxi,11,0,5507.818181818182,0.06717434869739479
Thika,2015,13500,Diesel,Automatic,First,17.9,2143.0,136.0,5.0,3775480.0,Mercedes-Benz,Cla 200 D Sport Edition,11,1,1227.2727272727273,0.06346243583761083
Nyeri,2017,30000,Petrol,Manual,First,22.74,796.0,47.3,5.0,458800.0,Maruti,Alto 800 Lxi,9,0,3333.3333333333335,0.059422110552763814
Nairobi,2018,12000,Diesel,Automatic,First,10.91,3198.0,197.0,7.0,4958000.0,Ford,Endeavour 3.2 Titanium At 4X4,8,0,1500.0,0.06160100062539087
Kisumu,2017,65000,Petrol,Manual,First,17.57,1193.0,88.7,5.0,710400.0,Tata,Zest Revotron 1.2T Xe,9,0,7222.222222222223,0.07435037720033529
Kisumu,2014,38000,Petrol,Manual,First,16.09,1598.0,103.5,5.0,516520.0,Volkswagen,Vento 1.6 Comfortline,12,0,3166.6666666666665,0.06476846057571965
Nairobi,2012,25000,Petrol,Manual,Second,17.5,1373.0,91.1,7.0,762200.0000000001,Maruti,Ertiga Zxi,14,0,1785.7142857142858,0.0663510560815732
Nairobi,2011,100000,Diesel,Automatic,First,14.0,2987.0,224.0,5.0,2132680.0,Mercedes-Benz,M-Class Ml 350 Cdi Corporate,15,1,6666.666666666667,0.07499163039839303
Nairobi,2014,13710,Petrol,Manual,First,16.2,1199.0,74.0,5.0,703000.0,Volkswagen,Polo 1.2 Mpi Highline,12,0,1142.5,0.061718098415346125
Nyeri,2015,100000,Diesel,Automatic,First,12.55,2982.0,168.5,7.0,2812000.0,Toyota,Fortuner 4X2 At,11,0,9090.90909090909,0.05650570087189805
Kisumu,2017,17000,Petrol,Manual,First,23.1,998.0,67.04,5.0,725200.0000000001,Maruti,Celerio Vxi,9,0,1888.888888888889,0.06717434869739479
Mombasa,2008,89000,Diesel,Automatic,Second,16.07,1995.0,181.0,4.0,932400.0,Bmw,3 Series 320D Corporate Edition,18,0,4944.444444444444,0.09072681704260652
Nyeri,2006,100173,Petrol,Manual,Second,16.9,1497.0,100.0,5.0,355200.0,Honda,City Zx Vtec,20,0,5008.65,0.06680026720106881
Eldoret,2009,97000,Petrol,Manual,First,13.17,1999.0,114.0,5.0,444000.0,Mitsubishi,Cedia Sports,17,0,5705.882352941177,0.057028514257128564
Nairobi,2016,40190,Petrol,Manual,First,18.06,1198.0,74.93,5.0,629000.0,Renault,Pulse Petrol Rxl,10,0,4019.0,0.06254590984974959
Kisumu,2016,29647,Diesel,Manual,First,20.14,1498.0,88.0,5.0,932400.0,Volkswagen,Polo 1.5 Tdi Highline,10,0,2964.7,0.05874499332443257
Mombasa,2018,43639,Petrol,Manual,First,21.1,998.0,100.0,5.0,1206200.0,Maruti,Baleno Rs Petrol,8,0,5454.875,0.10020040080160321
Mombasa,2012,37333,Petrol,Manual,First,20.36,1197.0,78.9,5.0,476560.0,Hyundai,I10 Magna,14,0,2666.6428571428573,0.06591478696741855
Mombasa,2018,48407,Petrol,Manual,First,18.6,1197.0,81.83,5.0,1132200.0,Hyundai,I20 1.2 Spotz,8,0,6050.875,0.06836257309941521
Nairobi,2011,25000,Petrol,Automatic,First,10.37,2979.0,306.0,2.0,4440000.0,Bmw,Z4 2009-2013 35I,15,0,1666.6666666666667,0.1027190332326284
Eldoret,2010,72400,Petrol,Manual,Second,20.36,1197.0,78.9,5.0,340399.99999999994,Hyundai,I10 Sportz 1.2,16,0,4525.0,0.06591478696741855
Nairobi,2012,18000,Petrol,Automatic,First,13.6,1598.0,181.0,4.0,3256000.0,Mini,Cooper S Carbon Edition,14,0,1285.7142857142858,0.1132665832290363
Eldoret,2012,65167,Petrol,Manual,First,19.4,1198.0,86.8,5.0,485440.0,Honda,Brio V Mt,14,0,4654.785714285715,0.07245409015025041
Mombasa,2016,25418,Petrol,Manual,First,20.73,1373.0,91.2,5.0,1049320.0,Maruti,Ciaz Zxi Option,10,0,2541.8,0.06642388929351785
Naivasha,2013,38995,Diesel,Manual,First,19.3,1248.0,73.9,5.0,956080.0,Maruti,Swift Dzire Zdi,13,0,2999.6153846153848,0.059214743589743594
Mombasa,2012,60000,Diesel,Manual,First,22.07,1199.0,73.9,5.0,592000.0,Volkswagen,Polo Diesel Comfortline 1.2L,14,0,4285.714285714285,0.06163469557964971
Nairobi,2011,72000,Diesel,Automatic,First,17.05,1995.0,184.0,5.0,1628000.0,Bmw,X1 Sdrive20D,15,0,4800.0,0.09223057644110276
Naivasha,2016,31075,Diesel,Automatic,Second,12.07,2967.0,241.4,7.0,7368920.0,Audi,Q7 3.0 Tdi Quattro Premium Plus,10,1,3107.5,0.08136164475901585
Kisumu,2015,4311,Diesel,Manual,First,25.83,1498.0,99.0,5.0,710400.0,Ford,Figo 1.5D Trend Mt,11,0,391.90909090909093,0.06608811748998665
Nakuru,2017,21000,Diesel,Automatic,First,21.76,1995.0,190.0,5.0,5180000.0,Bmw,3 Series Luxury Line,9,0,2333.3333333333335,0.09523809523809523
Nakuru,2011,54000,Diesel,Automatic,First,14.0,2987.0,224.0,5.0,3254520.0,Mercedes-Benz,M-Class Ml 350 Cdi Corporate,15,1,3600.0,0.07499163039839303
Nairobi,2007,50000,Petrol,Manual,Second,17.3,1061.0,64.0,5.0,162800.00000000003,Maruti,Wagon R Lx Bsiii,19,0,2631.5789473684213,0.060320452403393024
Nairobi,2018,13000,Petrol,Manual,First,21.4,1197.0,83.1,5.0,976800.0,Maruti,Baleno Zeta 1.2,8,0,1625.0,0.06942355889724311
Eldoret,2013,74000,Petrol,Manual,First,22.0,1197.0,81.8,5.0,666000.0,Maruti,Dzire Vxi,13,0,5692.307692307692,0.0683375104427736
Eldoret,2009,75000,Petrol,Manual,Second,14.7,1150.0,76.0,5.0,148000.0,Chevrolet,Aveo U-Va 1.2 Lt,17,0,4411.764705882353,0.06608695652173913
Mombasa,2017,25000,Diesel,Manual,First,20.14,1498.0,88.0,5.0,1021200.0,Volkswagen,Polo 1.5 Tdi Highline,9,0,2777.777777777778,0.05874499332443257
Kisumu,2012,139000,Diesel,Automatic,First,0.0,2179.0,115.0,5.0,2479000.0,Land,Rover Freelander 2 Td4 Se,14,1,9928.57142857143,0.05277650298301973
Nairobi,2015,52000,Diesel,Automatic,First,14.16,1968.0,174.3,5.0,3772520.0,Audi,Q5 30 Tdi Quattro Premium,11,1,4727.272727272727,0.08856707317073172
Mombasa,2015,20000,Diesel,Automatic,First,18.53,1968.0,187.74,5.0,5254000.0,Audi,A6 35 Tdi Matrix,11,1,1818.1818181818182,0.09539634146341464
Mombasa,2018,32663,Diesel,Manual,First,24.0,1186.0,73.97,5.0,929440.0,Hyundai,Grand I10 1.2 Crdi Sportz,8,0,4082.875,0.062369308600337264
Nairobi,2012,76777,Diesel,Manual,Second,12.05,2179.0,120.0,8.0,722240.0,Mahindra,Scorpio Sle Bsiv,14,0,5484.071428571428,0.05507113354749885
Kisumu,2016,100303,Diesel,Manual,First,22.95,1248.0,74.0,5.0,547600.0,Tata,Bolt Quadrajet Xe,10,0,10030.3,0.05929487179487179
Mombasa,2015,43993,Petrol,Manual,First,21.1,814.0,55.2,5.0,510600.0,Hyundai,Eon Era Plus,11,0,3999.3636363636365,0.06781326781326781
Mombasa,2016,72118,Diesel,Manual,First,15.4,2179.0,120.0,8.0,1514040.0,Mahindra,Scorpio S8 8 Seater,10,0,7211.8,0.05507113354749885
Nakuru,2010,83000,Petrol,Automatic,Second,11.1,2354.0,142.0,5.0,962000.0,Honda,Accord 2001-2003 2.0 At,16,0,5187.5,0.06032285471537808
Nairobi,2016,7523,Petrol,Manual,First,16.2,1199.0,74.0,5.0,910200.0,Volkswagen,Polo 1.2 Mpi Highline,10,0,752.3,0.061718098415346125
Nairobi,2014,34670,Petrol,Manual,First,15.1,1196.0,73.0,7.0,429200.0,Maruti,Eeco 7 Seater Standard,12,0,2889.1666666666665,0.061036789297658864
Thika,2016,30000,Diesel,Manual,First,24.0,1120.0,70.0,5.0,814000.0,Hyundai,Grand I10 Crdi Sportz,10,0,3000.0,0.0625
Mombasa,2017,17000,Diesel,Automatic,First,10.91,3198.0,197.0,7.0,4588000.0,Ford,Endeavour 3.2 Titanium At 4X4,9,0,1888.888888888889,0.06160100062539087
Nairobi,2015,59261,Diesel,Manual,First,24.0,1186.0,73.97,5.0,629000.0,Hyundai,Grand I10 1.2 Crdi Sportz,11,0,5387.363636363636,0.062369308600337264
Mombasa,2016,65210,Diesel,Manual,First,22.9,1248.0,74.0,5.0,811040.0,Maruti,Swift Vdi,10,0,6521.0,0.05929487179487179
Nakuru,2016,19000,Petrol,Manual,First,18.6,1197.0,81.83,5.0,1073000.0,Hyundai,I20 1.2 Asta Option,10,0,1900.0,0.06836257309941521
Kisumu,2012,50000,Petrol,Manual,First,17.5,1298.0,85.8,5.0,444000.0,Maruti,Swift Dzire Vxi,14,0,3571.4285714285716,0.06610169491525424
Kisumu,2015,47000,Diesel,Automatic,First,22.69,1995.0,190.0,5.0,4366000.0,Bmw,3 Series 320D Luxury Line,11,0,4272.727272727273,0.09523809523809523
Nairobi,2007,75000,Petrol,Manual,Second,17.7,1497.0,78.0,5.0,220520.0,Honda,City Zx Gxi,19,0,3947.3684210526317,0.052104208416833664
Eldoret,2013,54534,Petrol,Automatic,First,16.95,1197.0,78.9,5.0,540200.0,Hyundai,I10 Sportz 1.2 At,13,0,4194.923076923077,0.06591478696741855
Thika,2018,13000,Diesel,Manual,First,23.0,1498.0,98.96,5.0,1613200.0,Ford,Ecosport Signature Edition Diesel,8,0,1625.0,0.06606141522029373
Nakuru,2015,48808,Petrol,Manual,First,23.1,998.0,67.04,5.0,636400.0,Maruti,Celerio Zxi Mt,11,0,4437.090909090909,0.06717434869739479
Eldoret,2012,63001,Diesel,Manual,Second,20.77,1248.0,88.76,7.0,904280.0,Maruti,Ertiga Vdi,14,0,4500.071428571428,0.07112179487179487
Kisumu,2015,64771,Diesel,Manual,First,12.8,2494.0,102.0,8.0,2294000.0,Toyota,Innova 2.5 V Diesel 8-Seater,11,0,5888.272727272727,0.0408981555733761
Nairobi,2016,34634,Petrol,Manual,First,17.8,1497.0,117.3,5.0,1021200.0,Honda,City I Vtec Sv,10,0,3463.4,0.0783567134268537
Nakuru,2012,69242,Petrol,Manual,First,19.1,1197.0,85.8,5.0,694120.0000000001,Maruti,Swift Dzire Vxi,14,0,4945.857142857143,0.07167919799498747
Mombasa,2011,33292,Petrol,Manual,First,18.5,1197.0,85.8,5.0,472120.0,Maruti,Ritz Lxi,15,0,2219.4666666666667,0.07167919799498747
Eldoret,2012,55000,Petrol,Automatic,Second,15.0,1396.0,98.6,5.0,555000.0,Hyundai,I20 Sportz At 1.4,14,0,3928.5714285714284,0.07063037249283667
Eldoret,2019,1000,Petrol,Manual,First,17.19,1197.0,81.86,5.0,1272800.0,Hyundai,I20 Active Sx Dual Tone Petrol,7,0,142.85714285714286,0.0683876357560568
Mombasa,2011,80000,Petrol,Manual,Second,17.0,1497.0,118.0,5.0,569800.0,Honda,City 1.5 E Mt,15,0,5333.333333333333,0.0788243152972612
Naivasha,2016,65003,Diesel,Automatic,First,13.6,4134.0,382.0,5.0,10038840.0,Porsche,Cayenne S Diesel,10,1,6500.3,0.09240445089501693
Naivasha,2019,16573,Petrol,Manual,First,17.8,1198.0,86.7,5.0,1377880.0,Honda,Amaze Vx I-Vtec,7,0,2367.5714285714284,0.07237061769616027
Eldoret,2008,152633,Petrol,Automatic,First,12.9,1799.0,130.0,5.0,444000.0,Honda,Civic 2006-2010 1.8 S At,18,0,8479.611111111111,0.07226236798221233
Nakuru,2015,53000,Petrol,Manual,First,18.6,1197.0,81.83,5.0,814000.0,Hyundai,I20 Magna 1.2,11,0,4818.181818181818,0.06836257309941521
Kisumu,2017,50129,Diesel,Manual,First,19.67,1582.0,126.2,5.0,1968400.0,Hyundai,Creta 1.6 Crdi Sx,9,0,5569.888888888889,0.0797724399494311
Kisumu,2013,63716,Diesel,Automatic,First,15.73,1968.0,174.33,5.0,3404000.0,Audi,Q3 2012-2015 2.0 Tdi Quattro Premium Plus,13,1,4901.2307692307695,0.08858231707317074
Nairobi,2018,11000,Petrol,Manual,First,24.7,796.0,47.3,5.0,495800.0,Maruti,Alto 800 2016-2019 Lxi,8,0,1375.0,0.059422110552763814
Mombasa,2012,115000,Diesel,Automatic,Third,15.06,1995.0,177.0,5.0,1480000.0,Bmw,X1 Sdrive 20D Exclusive,14,0,8214.285714285714,0.0887218045112782
Nairobi,2013,63265,Petrol,Manual,First,20.36,1197.0,78.9,5.0,436600.0,Hyundai,I10 Magna,13,0,4866.538461538462,0.06591478696741855
Eldoret,2016,20000,Diesel,Manual,First,21.66,1498.0,108.62,5.0,999000.0,Volkswagen,Ameo 1.5 Tdi Highline,10,0,2000.0,0.07251001335113486
Eldoret,2010,79000,Petrol,Manual,Third,16.47,1198.0,73.9,5.0,361120.0,Volkswagen,Polo Petrol Highline 1.2L,16,0,4937.5,0.06168614357262104
Nairobi,2015,41000,Petrol,Manual,First,20.73,1373.0,91.1,5.0,865800.0,Maruti,Ciaz Vxi Plus,11,0,3727.2727272727275,0.0663510560815732
Mombasa,2015,26323,Petrol,Automatic,First,17.21,1197.0,103.5,5.0,1095200.0,Volkswagen,Polo Gt Tsi,11,0,2393.0,0.08646616541353383
Eldoret,2016,76000,Diesel,Manual,First,24.4,1120.0,71.0,5.0,562400.0,Hyundai,Xcent 1.1 Crdi Base,10,0,7600.0,0.06339285714285714
Kisumu,2008,69972,Petrol,Manual,First,13.5,1799.0,130.0,5.0,562400.0,Honda,Civic 2006-2010 1.8 S Mt,18,0,3887.3333333333335,0.07226236798221233
Kisumu,2008,69000,Petrol,Manual,First,17.7,1497.0,78.0,5.0,399600.0,Honda,City Zx Gxi,18,0,3833.3333333333335,0.052104208416833664
Nyeri,2016,65000,Diesel,Manual,First,15.96,2523.0,62.1,7.0,1067080.0,Mahindra,Bolero Zlx,10,0,6500.0,0.02461355529131986
Kisumu,2016,29512,Petrol,Manual,First,17.4,1497.0,117.3,5.0,1169200.0,Honda,City I Vtec V,10,0,2951.2,0.0783567134268537
Kisumu,2017,51000,Diesel,Manual,First,25.4,1186.0,73.97,5.0,621600.0,Hyundai,Xcent 1.2 Crdi S,9,0,5666.666666666667,0.062369308600337264
Nairobi,2014,58003,Diesel,Manual,First,19.01,1461.0,108.45,5.0,851000.0,Renault,Duster 110Ps Diesel Rxl,12,0,4833.583333333333,0.0742299794661191
Kisumu,2013,56500,Petrol,Automatic,First,16.98,998.0,66.1,5.0,510600.0,Maruti,A-Star At Vxi,13,0,4346.153846153846,0.06623246492985971
Nakuru,2014,29063,Diesel,Automatic,First,17.11,1968.0,174.33,5.0,3811000.0,Audi,A4 2.0 Tdi 177 Bhp Premium Plus,12,1,2421.9166666666665,0.08858231707317074
Naivasha,2018,46811,Diesel,Manual,First,16.0,2179.0,140.0,7.0,2455320.0,Mahindra,Xuv500 W8 2Wd,8,0,5851.375,0.06424965580541533
Naivasha,2014,31897,Petrol,Manual,First,18.06,1198.0,74.96,5.0,694120.0000000001,Renault,Pulse Petrol Rxz,12,0,2658.0833333333335,0.06257095158597663
Nairobi,2009,52100,Diesel,Automatic,Second,13.2,1995.0,170.0,5.0,1110000.0,Bmw,3 Series 320D,17,0,3064.705882352941,0.08521303258145363
Kisumu,2016,73000,Diesel,Manual,First,13.68,2393.0,147.8,7.0,2442000.0,Toyota,Innova Crysta 2.4 Gx Mt,10,0,7300.0,0.06176347680735479
Kisumu,2009,31423,Petrol,Manual,First,17.0,1497.0,118.0,5.0,294520.0,Honda,City 1.5 S Mt,17,0,1848.4117647058824,0.0788243152972612
Mombasa,2014,75180,Diesel,Manual,First,22.9,1248.0,74.0,5.0,777000.0,Maruti,Swift Vdi,12,0,6265.0,0.05929487179487179
Nairobi,2013,75000,Diesel,Manual,Second,19.64,1461.0,108.45,5.0,799200.0,Renault,Duster 110Ps Diesel Rxz Plus,13,0,5769.2307692307695,0.0742299794661191
Nairobi,2014,15000,Petrol,Manual,First,16.47,1198.0,74.0,5.0,577200.0,Volkswagen,Polo 1.2 Mpi Comfortline,12,0,1250.0,0.06176961602671119
Nairobi,2015,12000,Petrol,Manual,First,17.19,1197.0,81.86,5.0,858400.0,Hyundai,I20 Active 1.2 S,11,0,1090.909090909091,0.0683876357560568
Eldoret,2014,32000,Diesel,Automatic,First,18.12,1995.0,190.0,5.0,4514000.0,Bmw,5 Series 2013-2017 520D Luxury Line,12,0,2666.6666666666665,0.09523809523809523
Kisumu,2017,44504,Diesel,Manual,First,23.4,1248.0,74.0,5.0,828800.0,Maruti,Swift Dzire Ldi,9,0,4944.888888888889,0.05929487179487179
Thika,2012,66000,Diesel,Automatic,First,0.0,2987.0,165.0,5.0,3404000.0,Mercedes-Benz,M-Class Ml 350 4Matic,14,1,4714.285714285715,0.055239370605959154
Nyeri,2015,39437,Diesel,Manual,First,28.4,1248.0,74.0,5.0,762200.0000000001,Maruti,Swift Ldi,11,0,3585.181818181818,0.05929487179487179
Naivasha,2017,36931,Diesel,Automatic,First,19.08,1582.0,126.2,5.0,1403040.0,Hyundai,Verna 1.6 Crdi At Sx Option,9,0,4103.444444444444,0.0797724399494311
Nakuru,2016,17800,Petrol,Automatic,Second,21.9,624.0,37.48,4.0,352240.0,Tata,Nano Xta,10,0,1780.0,0.06006410256410256
Kisumu,2009,71346,Petrol,Manual,First,17.5,1298.0,85.8,5.0,562400.0,Maruti,Swift Dzire Lxi,17,0,4196.823529411765,0.06610169491525424
Nairobi,2015,45000,Petrol,Manual,Second,18.6,1197.0,81.83,5.0,814000.0,Hyundai,I20 Asta Option 1.2,11,0,4090.909090909091,0.06836257309941521
Kisumu,2010,85155,Petrol,Manual,First,17.0,1197.0,80.0,5.0,525400.0,Hyundai,I20 1.2 Sportz,16,0,5322.1875,0.06683375104427736
Nairobi,2015,48823,Petrol,Manual,First,20.73,1373.0,91.1,5.0,939800.0,Maruti,Ciaz Zxi,11,0,4438.454545454545,0.0663510560815732
Nairobi,2015,37000,Diesel,Automatic,First,12.7,2179.0,187.7,5.0,5328000.0,Land,Rover Range Rover 2.2L Prestige,11,1,3363.6363636363635,0.08614043139054611
Kisumu,2005,92000,Diesel,Manual,Second,16.1,1405.0,70.0,5.0,162800.00000000003,Tata,Indigo Lx Bsii,21,0,4380.952380952381,0.0498220640569395
Nairobi,2014,36000,Petrol,Manual,First,17.57,1193.0,88.7,5.0,547600.0,Tata,Zest Revotron 1.2T Xm,12,0,3000.0,0.07435037720033529
Nairobi,2016,24569,Diesel,Manual,First,16.0,1997.0,140.0,7.0,1998000.0,Mahindra,Xuv500 W10 1.99 Mhawk,10,0,2456.9,0.0701051577366049
Nairobi,2008,95000,Petrol,Automatic,Third,11.7,2354.0,177.6,5.0,421800.0,Honda,Accord 2.4 At,18,0,5277.777777777777,0.07544604927782497
Naivasha,2015,25811,Petrol,Manual,Second,25.4,624.0,37.5,4.0,315240.0,Tata,Nano Twist Xt,11,0,2346.4545454545455,0.06009615384615385
Thika,2015,65000,Diesel,Manual,First,22.7,1582.0,126.2,5.0,1147000.0,Hyundai,Elantra Crdi S,11,0,5909.090909090909,0.0797724399494311
Mombasa,2017,100400,Diesel,Manual,First,25.0,1396.0,69.0,5.0,421800.0,Tata,Indica V2 Els,9,0,11155.555555555555,0.0494269340974212
Nyeri,2014,76414,Diesel,Manual,First,25.8,1498.0,98.6,5.0,732600.0,Honda,Amaze S I-Dtech,12,0,6367.833333333333,0.06582109479305741
Mombasa,2012,82103,Diesel,Manual,First,15.1,2179.0,140.0,7.0,917600.0,Mahindra,Xuv500 W8 2Wd,14,0,5864.5,0.06424965580541533
Eldoret,2013,98000,Diesel,Automatic,First,18.56,1995.0,190.0,5.0,2590000.0,Bmw,X3 Xdrive 20D Expedition,13,0,7538.461538461538,0.09523809523809523
Eldoret,2010,45252,Petrol,Manual,First,18.9,1197.0,81.86,5.0,333000.0,Hyundai,Grand I10 1.2 Kappa Magna,16,0,2828.25,0.0683876357560568
Nairobi,2017,10300,Petrol,Manual,First,21.4,1197.0,83.1,5.0,999000.0,Maruti,Baleno Zeta 1.2,9,0,1144.4444444444443,0.06942355889724311
Mombasa,2016,42024,Diesel,Automatic,First,19.08,1582.0,126.2,5.0,1440040.0,Hyundai,Verna 1.6 Crdi At Sx,10,0,4202.4,0.0797724399494311
Mombasa,2018,51236,Diesel,Manual,First,25.47,1248.0,88.5,7.0,1256520.0,Maruti,Ertiga Vdi,8,0,6404.5,0.07091346153846154
Nairobi,2013,52000,Petrol,Automatic,First,13.6,1598.0,181.0,4.0,3700000.0,Mini,Cooper S Carbon Edition,13,0,4000.0,0.1132665832290363
Naivasha,2015,42894,Diesel,Manual,First,23.2,1248.0,73.94,5.0,827320.0,Maruti,Ritz Zdi,11,0,3899.4545454545455,0.05924679487179487
Nairobi,2011,68000,Diesel,Automatic,First,15.6,1896.0,106.0,5.0,710400.0,Skoda,Laura L N K 1.9 Pd At,15,0,4533.333333333333,0.05590717299578059
Nairobi,2014,69000,Diesel,Manual,First,22.7,1498.0,89.84,5.0,806600.0,Ford,Ecosport 1.5 Dv5 Mt Titanium Optional,12,0,5750.0,0.05997329773030708
Eldoret,2017,10000,Petrol,Manual,First,18.6,1197.0,81.83,5.0,962000.0,Hyundai,I20 2015-2017 Sportz 1.2,9,0,1111.111111111111,0.06836257309941521
Mombasa,2015,16000,Petrol,Manual,First,19.4,1198.0,86.8,5.0,643799.9999999999,Honda,Brio E Mt,11,0,1454.5454545454545,0.07245409015025041
Kisumu,2013,46992,Diesel,Manual,First,25.8,1498.0,98.6,5.0,555000.0,Honda,Amaze S I-Dtech,13,0,3614.769230769231,0.06582109479305741
Eldoret,2010,170000,Diesel,Automatic,Third,18.48,1995.0,177.0,5.0,1776000.0,Bmw,5 Series 2003-2012 520D,16,0,10625.0,0.0887218045112782
Nairobi,2014,58000,Diesel,Automatic,First,12.07,2967.0,241.4,7.0,4736000.0,Audi,Q7 3.0 Tdi Quattro Premium Plus,12,1,4833.333333333333,0.08136164475901585
Nyeri,2015,50000,Diesel,Manual,Second,24.0,1120.0,70.0,5.0,592000.0,Hyundai,Grand I10 Crdi Magna,11,0,4545.454545454545,0.0625
Kisumu,2011,39010,Diesel,Manual,First,23.08,1461.0,63.1,5.0,384800.0,Nissan,Micra Diesel Xv,15,0,2600.6666666666665,0.0431895961670089
Nyeri,2016,26946,Petrol,Manual,First,18.9,1197.0,82.0,5.0,658600.0,Hyundai,Grand I10 Sportz,10,0,2694.6,0.06850459482038429
Eldoret,2015,28700,Petrol,Manual,First,21.1,814.0,55.2,5.0,384800.0,Hyundai,Eon Era,11,0,2609.090909090909,0.06781326781326781
Mombasa,2011,60000,Petrol,Automatic,First,11.74,1796.0,186.0,5.0,2368000.0,Mercedes-Benz,New C-Class C250 Avantgarde,15,1,4000.0,0.10356347438752785
Nairobi,2014,38999,Diesel,Automatic,First,12.7,2179.0,187.7,5.0,4810000.0,Land,Rover Range Rover 2.2L Pure,12,1,3249.9166666666665,0.08614043139054611
Nairobi,2016,39000,Diesel,Automatic,First,11.18,2696.0,184.0,7.0,2049800.0,Mahindra,Ssangyong Rexton Rx7,10,0,3900.0,0.06824925816023739
Naivasha,2018,7784,Petrol,Manual,First,20.73,1373.0,91.1,5.0,1296480.0,Maruti,Ciaz 1.4 Delta,8,0,973.0,0.0663510560815732
Mombasa,2014,45710,Petrol,Automatic,First,11.8,3498.0,272.0,7.0,3504640.0,Mercedes-Benz,R-Class R350 4Matic Long,12,1,3809.1666666666665,0.07775871926815323
Mombasa,2017,42000,Petrol,Automatic,First,22.0,1197.0,81.8,5.0,814000.0,Maruti,Dzire Amt Vxi,9,0,4666.666666666667,0.0683375104427736
Naivasha,2013,75995,Diesel,Automatic,Second,11.49,4367.0,335.3,5.0,9739880.0,Land,Rover Range Rover Vogue Se 4.4 Sdv8,13,1,5845.7692307692305,0.07678039844286697
Kisumu,2013,57000,Diesel,Manual,First,19.01,1461.0,108.45,5.0,738520.0,Renault,Duster 110Ps Diesel Rxz,13,0,4384.615384615385,0.0742299794661191
Mombasa,2013,85350,Diesel,Manual,Second,22.32,1582.0,126.32,5.0,843600.0,Hyundai,Verna 1.6 Sx,13,0,6565.384615384615,0.07984829329962073
Naivasha,2016,82725,Petrol,Automatic,First,14.28,1798.0,138.03,5.0,1774520.0,Toyota,Corolla Altis 1.8 Vl Cvt,10,0,8272.5,0.0767686318131257
Nairobi,2016,19000,Diesel,Automatic,Second,21.76,1995.0,190.0,5.0,4438520.0,Bmw,3 Series Sport,10,0,1900.0,0.09523809523809523
Mombasa,2018,13900,Petrol,Manual,First,18.88,1499.0,110.4,5.0,1406000.0,Ford,Ecosport 1.5 Ti Vct Mt Signature,8,0,1737.5,0.07364909939959974
Kisumu,2014,108000,Diesel,Manual,First,25.2,1248.0,74.0,5.0,814000.0,Maruti,Swift Vdi Bsiv,12,0,9000.0,0.05929487179487179
Nakuru,2016,36000,Diesel,Automatic,First,11.72,2199.0,194.3,7.0,3404000.0,Hyundai,Santa Fe 4X4 At,10,0,3600.0,0.08835834470213734
Kisumu,2013,62188,Diesel,Manual,First,17.2,1396.0,53.5,5.0,436600.0,Tata,Indica V2 Dls,13,0,4783.692307692308,0.03832378223495702
Mombasa,2015,58397,Diesel,Manual,First,24.0,1120.0,70.0,5.0,725200.0000000001,Hyundai,Grand I10 Crdi Sportz,11,0,5308.818181818182,0.0625
Mombasa,2006,85000,Petrol,Manual,Third,0.0,1086.0,97.7,5.0,192400.0,Hyundai,Santro Xing Xl,20,0,4250.0,0.08996316758747698
Nairobi,2016,30000,Petrol,Automatic,First,22.5,998.0,67.0,5.0,629000.0,Maruti,Wagon R Vxi Amt,10,0,3000.0,0.06713426853707415
Mombasa,2018,29907,Diesel,Manual,First,16.0,2179.0,140.0,7.0,2421280.0,Mahindra,Xuv500 W10 2Wd,8,0,3738.375,0.06424965580541533
Kisumu,2009,46000,Diesel,Automatic,First,16.55,1968.0,147.51,5.0,1472599.9999999998,Audi,A4 2.0 Tdi,17,1,2705.8823529411766,0.07495426829268292
Nakuru,2012,65000,Diesel,Manual,First,20.54,1598.0,103.6,5.0,814000.0,Volkswagen,Vento Diesel Highline,14,0,4642.857142857143,0.06483103879849812
Nairobi,2016,22000,Diesel,Manual,First,24.3,1248.0,88.5,5.0,1221000.0,Maruti,Vitara Brezza Zdi Plus Dual Tone,10,0,2200.0,0.07091346153846154
Mombasa,2002,99024,Petrol,Manual,First,17.3,993.0,60.0,5.0,140600.0,Maruti,Zen Lx,24,0,4126.0,0.06042296072507553
Mombasa,2016,34952,Petrol,Manual,First,19.81,1086.0,68.05,5.0,593480.0,Hyundai,I10 Era,10,0,3495.2,0.06266114180478821
Mombasa,2019,13913,Petrol,Manual,First,17.5,1199.0,88.7,5.0,1213599.9999999998,Honda,Wr-V Edge Edition I-Vtec S,7,0,1987.5714285714287,0.07397831526271893
Mombasa,2014,71000,Diesel,Manual,Second,25.1,1498.0,98.6,5.0,917600.0,Honda,City I Dtec Vx,12,0,5916.666666666667,0.06582109479305741
Mombasa,2012,97000,Diesel,Automatic,First,11.5,2982.0,169.0,7.0,2479000.0,Toyota,Fortuner 4X2 4 Speed At,14,0,6928.571428571428,0.05667337357478203
Nairobi,2017,21000,Diesel,Automatic,First,16.0,2179.0,140.0,7.0,2442000.0,Mahindra,Xuv500 At W10 Fwd,9,0,2333.3333333333335,0.06424965580541533
Nairobi,2007,116000,Diesel,Manual,Third,10.9,2499.0,97.7,7.0,555000.0,Ford,Endeavour Xlt Tdci 4X4,19,0,6105.263157894737,0.03909563825530212
Kisumu,2012,110438,Diesel,Manual,First,20.0,1399.0,68.05,5.0,518000.0,Ford,Figo Diesel Zxi,14,0,7888.428571428572,0.04864188706218728
Naivasha,2017,66507,Petrol,Automatic,Second,19.0,1199.0,88.7,5.0,803640.0,Honda,Jazz 1.2 V Cvt I Vtec,9,0,7389.666666666667,0.07397831526271893
Naivasha,2017,54650,Diesel,Automatic,First,10.91,3198.0,197.0,7.0,4491800.0,Ford,Endeavour 3.2 Titanium At 4X4,9,0,6072.222222222223,0.06160100062539087
Kisumu,2014,32000,Petrol,Automatic,First,17.97,1498.0,99.6,5.0,1182520.0,Nissan,Sunny Xl Cvt,12,0,2666.6666666666665,0.0664886515353805
Naivasha,2011,75378,Diesel,Manual,First,18.7,1896.0,66.0,5.0,531320.0,Skoda,Octavia Ambiente 1.9 Tdi Mt,15,0,5025.2,0.03481012658227848
Mombasa,2012,82697,Diesel,Manual,First,25.44,936.0,57.6,5.0,281200.0,Chevrolet,Beat Diesel Lt,14,0,5906.928571428572,0.06153846153846154
Mombasa,2009,135000,Petrol,Automatic,First,12.1,2362.0,164.7,5.0,695600.0,Toyota,Camry W2 (At),17,0,7941.176470588235,0.06972904318374258
Mombasa,2012,149000,Diesel,Manual,First,19.01,1461.0,108.45,5.0,1073000.0,Renault,Duster 110Ps Diesel Rxz,14,0,10642.857142857143,0.0742299794661191
Mombasa,2016,26212,Diesel,Automatic,First,17.9,2143.0,136.0,5.0,3620080.0,Mercedes-Benz,Gla Class 200 D Style,10,1,2621.2,0.06346243583761083
Eldoret,2014,23500,Petrol,Manual,Second,17.57,1193.0,88.7,5.0,577200.0,Tata,Zest Revotron 1.2T Xms,12,0,1958.3333333333333,0.07435037720033529
Naivasha,2013,56127,Petrol,Manual,First,18.5,1197.0,80.0,5.0,762200.0000000001,Hyundai,I20 1.2 Magna,13,0,4317.461538461538,0.06683375104427736
Nairobi,2015,26000,Petrol,Automatic,First,21.5,1197.0,81.8,5.0,540200.0,Maruti,Wagon R Vxi Amt1.2,11,0,2363.6363636363635,0.0683375104427736
Kisumu,2016,26000,Diesel,Manual,First,25.4,1186.0,73.97,5.0,740000.0,Hyundai,Xcent 1.2 Crdi S,10,0,2600.0,0.062369308600337264
Kisumu,2009,42000,Petrol,Manual,First,17.0,1497.0,118.0,5.0,340399.99999999994,Honda,City 1.5 S Mt,17,0,2470.5882352941176,0.0788243152972612
Eldoret,2001,130000,Petrol,Manual,Second,13.2,1495.0,94.0,5.0,111000.0,Hyundai,Accent Gle,25,0,5200.0,0.06287625418060201
Mombasa,2009,137148,Petrol,Manual,Second,13.9,1599.0,103.2,5.0,273800.0,Hyundai,Verna Xi (Petrol),17,0,8067.529411764706,0.06454033771106941
Kisumu,2010,114703,Petrol,Manual,First,15.6,1196.0,70.0,5.0,266400.0,Ford,Figo Petrol Zxi,16,0,7168.9375,0.05852842809364549
Mombasa,2014,97439,Diesel,Manual,First,25.8,1498.0,98.6,5.0,652680.0,Honda,Amaze S I-Dtech,12,0,8119.916666666667,0.06582109479305741
Mombasa,2006,40000,Petrol,Manual,First,18.9,998.0,67.1,5.0,296000.0,Maruti,Wagon R Lx Bsii,20,0,2000.0,0.06723446893787574
Kisumu,2014,81609,Diesel,Manual,First,17.8,1248.0,97.7,5.0,821400.0,Maruti,Swift Vdi Bsiv,12,0,6800.75,0.07828525641025641
Nakuru,2014,28000,Diesel,Automatic,First,13.0,2987.0,258.0,5.0,4699000.0,Mercedes-Benz,E-Class Facelift,12,1,2333.3333333333335,0.08637428858386341
Nakuru,2015,37500,Diesel,Automatic,First,17.68,1968.0,174.33,5.0,4736000.0,Audi,A6 2011-2015 35 Tdi Technology,11,1,3409.090909090909,0.08858231707317074
Kisumu,2010,37000,Diesel,Automatic,First,13.5,2987.0,282.0,5.0,3108000.0,Mercedes-Benz,S Class 2005 2013 S 350 Cdi,16,1,2312.5,0.09440910612654838
Thika,2010,83000,Diesel,Manual,First,19.3,1248.0,73.9,5.0,407000.0,Maruti,Swift Dzire Ldi,16,0,5187.5,0.059214743589743594
Naivasha,2005,79012,Petrol,Manual,First,13.4,1794.0,125.0,5.0,390720.0,Toyota,Corolla H2,21,0,3762.4761904761904,0.06967670011148272
Mombasa,2018,27395,Diesel,Manual,First,15.4,2179.0,120.0,7.0,2100120.0,Mahindra,Scorpio S10 7 Seater,8,0,3424.375,0.05507113354749885
Nyeri,2017,35362,Petrol,Manual,First,22.5,998.0,67.04,5.0,569800.0,Maruti,Wagon R Vxi,9,0,3929.1111111111113,0.06717434869739479
Nairobi,2014,117000,Diesel,Manual,First,13.0,2982.0,168.5,7.0,2294000.0,Toyota,Fortuner 4X2 Manual,12,0,9750.0,0.05650570087189805
Nairobi,2010,23000,Petrol,Manual,First,18.2,1061.0,64.0,5.0,281200.0,Maruti,Zen Estilo 1.1 Lx Bsiii,16,0,1437.5,0.060320452403393024
Mombasa,2014,59508,Petrol,Manual,First,25.4,624.0,37.48,4.0,186480.0,Tata,Nano Cx,12,0,4959.0,0.06006410256410256
Mombasa,2009,69000,Petrol,Manual,Second,18.5,1197.0,80.0,5.0,355200.0,Hyundai,I20 Magna,17,0,4058.823529411765,0.06683375104427736
Nakuru,2010,58000,Diesel,Automatic,First,22.69,1995.0,190.0,5.0,1702000.0,Bmw,3 Series 320D,16,0,3625.0,0.09523809523809523
Nyeri,2014,88511,Diesel,Manual,First,16.0,2179.0,140.0,7.0,1221000.0,Mahindra,Xuv500 W6 2Wd,12,0,7375.916666666667,0.06424965580541533
Eldoret,2011,66000,Petrol,Manual,First,15.8,1598.0,105.0,5.0,407000.0,Volkswagen,Vento Ipl Ii Petrol Trendline,15,0,4400.0,0.06570713391739674
Nairobi,2009,65000,Petrol,Manual,Second,17.5,1198.0,70.0,5.0,207200.0,Skoda,Fabia 1.2 Mpi Classic,17,0,3823.529411764706,0.05843071786310518
Naivasha,2015,30676,Petrol,Manual,First,25.4,624.0,37.5,4.0,429200.0,Tata,Nano Twist Xt,11,0,2788.7272727272725,0.06009615384615385
Mombasa,2011,76000,Diesel,Manual,First,20.0,1399.0,68.0,5.0,355200.0,Ford,Figo Diesel Exi,15,0,5066.666666666667,0.04860614724803431
Eldoret,2013,23627,Petrol,Automatic,First,14.8,1598.0,105.0,5.0,703000.0,Volkswagen,Vento Ipl Ii Petrol Highline At,13,0,1817.4615384615386,0.06570713391739674
Mombasa,2018,52827,Diesel,Automatic,First,12.7,2179.0,187.7,5.0,6624480.0,Land,Rover Range Rover Hse Dynamic,8,1,6603.375,0.08614043139054611
Mombasa,2015,64465,Diesel,Manual,First,26.0,1498.0,98.6,5.0,920560.0,Honda,City I Dtec Sv,11,0,5860.454545454545,0.06582109479305741
Mombasa,2018,14000,Petrol,Automatic,First,22.5,999.0,67.0,5.0,666000.0,Renault,Kwid Climber 1.0 Amt,8,0,1750.0,0.06706706706706707
Nairobi,2015,26000,Petrol,Manual,First,18.9,1197.0,82.0,5.0,629000.0,Hyundai,Grand I10 Asta Option,11,0,2363.6363636363635,0.06850459482038429
Kisumu,2011,78203,Diesel,Automatic,First,18.1,1991.0,147.9,4.0,814000.0,Chevrolet,Cruze Ltz At,15,0,5213.533333333334,0.07428427925665496
Nairobi,2017,27000,Diesel,Manual,First,22.54,1396.0,88.73,5.0,1028600.0,Hyundai,I20 1.4 Asta,9,0,3000.0,0.06356017191977077
Naivasha,2018,31919,Petrol,Automatic,First,24.07,998.0,67.1,5.0,674879.9999999999,Maruti,Alto K10 Vxi Ags,8,0,3989.875,0.06723446893787574
Naivasha,2016,47392,Diesel,Manual,First,20.5,1582.0,126.2,5.0,2045360.0,Hyundai,Creta 1.6 Sx Option Diesel,10,0,4739.2,0.0797724399494311
Nairobi,2016,17362,Petrol,Manual,First,18.0,1198.0,86.7,5.0,836200.0,Honda,Amaze Vx I-Vtech,10,0,1736.2,0.07237061769616027
Mombasa,2016,49716,Diesel,Manual,First,21.19,1396.0,88.73,5.0,917600.0,Hyundai,I20 Active 1.4 Sx Dual Tone,10,0,4971.6,0.06356017191977077
Nairobi,2014,48000,Petrol,Manual,First,23.1,998.0,67.04,5.0,481000.0,Maruti,Celerio Vxi,12,0,4000.0,0.06717434869739479
Kisumu,2009,46000,Diesel,Automatic,First,16.55,1968.0,147.51,5.0,1258000.0,Audi,A4 2.0 Tdi,17,1,2705.8823529411766,0.07495426829268292
Nakuru,2016,79000,Diesel,Manual,First,24.8,1396.0,88.7,5.0,1073000.0,Hyundai,Verna 1.4 Crdi,10,0,7900.0,0.06353868194842408
Eldoret,2013,57000,Diesel,Manual,First,21.8,1461.0,78.0,5.0,682280.0000000001,Renault,Fluence Diesel E4,13,0,4384.615384615385,0.053388090349075976
Nairobi,2016,29754,Petrol,Manual,First,16.2,1199.0,74.0,5.0,784400.0,Volkswagen,Polo 1.2 Mpi Highline,10,0,2975.4,0.061718098415346125
Thika,2012,50123,Diesel,Manual,First,17.0,1405.0,70.0,5.0,281200.0,Tata,Indigo Lx,14,0,3580.214285714286,0.0498220640569395
Mombasa,2012,57184,Petrol,Manual,First,20.36,1197.0,78.9,5.0,457320.0,Hyundai,I10 Sportz,14,0,4084.5714285714284,0.06591478696741855
Nairobi,2007,75000,Diesel,Automatic,Second,16.46,2993.0,258.0,5.0,1406000.0,Bmw,7 Series 730Ld Sedan,19,0,3947.3684210526317,0.08620113598396258
Nairobi,2015,26000,Diesel,Automatic,First,17.01,1582.0,126.2,5.0,1872200.0,Hyundai,Creta 1.6 Crdi At Sx Plus,11,0,2363.6363636363635,0.0797724399494311
Nairobi,2016,22129,Petrol,Manual,First,18.9,1197.0,82.0,5.0,629000.0,Hyundai,Grand I10 Magna,10,0,2212.9,0.06850459482038429
Kisumu,2011,127887,Diesel,Manual,First,21.1,1248.0,73.9,5.0,436600.0,Maruti,Ritz Vdi,15,0,8525.8,0.059214743589743594
Kisumu,2006,92000,Diesel,Manual,First,10.5,2179.0,120.0,8.0,510600.0,Mahindra,Scorpio 2.6 Slx Crde,20,0,4600.0,0.05507113354749885
Kisumu,2011,60634,Petrol,Manual,First,19.81,1086.0,68.05,5.0,488400.0,Hyundai,I10 Era,15,0,4042.266666666667,0.06266114180478821
Kisumu,2014,90000,Diesel,Manual,First,14.0,2179.0,138.1,7.0,1184000.0,Tata,Safari Storme 2012-2015 Vx,12,0,7500.0,0.06337769619091325
Kisumu,2009,59000,Petrol,Manual,First,13.5,1799.0,130.0,5.0,401080.0,Honda,Civic 2006-2010 1.8 V Mt,17,0,3470.5882352941176,0.07226236798221233
Kisumu,2012,59293,Petrol,Manual,First,18.2,998.0,67.1,5.0,399600.0,Maruti,Zen Estilo Lxi Bsiii,14,0,4235.214285714285,0.06723446893787574
Nairobi,2012,80753,Diesel,Manual,Second,23.4,1248.0,74.0,5.0,666000.0,Maruti,Swift Dzire Vdi,14,0,5768.071428571428,0.05929487179487179
Nairobi,2015,40000,Diesel,Manual,Second,13.0,2982.0,168.5,7.0,2775000.0,Toyota,Fortuner 4X2 Manual,11,0,3636.3636363636365,0.05650570087189805
Eldoret,2014,103000,Diesel,Manual,Second,28.4,1248.0,74.0,5.0,777000.0,Maruti,Swift Vdi,12,0,8583.333333333334,0.05929487179487179
Kisumu,2012,72389,Lpg,Manual,First,26.2,998.0,58.2,5.0,473600.0,Maruti,Wagon R Duo Lx Bsiii,14,0,5170.642857142857,0.058316633266533066
Eldoret,2017,48000,Diesel,Manual,First,28.4,1248.0,73.75,5.0,888000.0,Maruti,Dzire Ldi,9,0,5333.333333333333,0.05909455128205128
Kisumu,2014,41000,Petrol,Manual,First,18.9,1197.0,82.0,5.0,464720.0,Hyundai,Grand I10 Asta,12,0,3416.6666666666665,0.06850459482038429
Nyeri,2016,26000,Petrol,Manual,First,25.17,799.0,53.3,5.0,377399.99999999994,Renault,Kwid Rxl,10,0,2600.0,0.06670838548185232
Nyeri,2012,30000,Petrol,Manual,Second,15.64,1193.0,64.08,5.0,340399.99999999994,Tata,Indigo Cs Eglx Bs Iv,14,0,2142.8571428571427,0.053713327745180214
Kisumu,2014,74624,Diesel,Manual,First,20.0,1399.0,68.05,5.0,836200.0,Ford,Figo Diesel Titanium,12,0,6218.666666666667,0.04864188706218728
Mombasa,2015,47877,Diesel,Automatic,First,15.15,2967.0,240.0,5.0,7136560.0,Porsche,Cayenne 2009-2014 Diesel,11,1,4352.454545454545,0.08088978766430738
Nyeri,2016,35000,Petrol,Manual,First,24.07,998.0,67.1,5.0,444000.0,Maruti,Alto K10 Vxi,10,0,3500.0,0.06723446893787574
Thika,2015,52123,Diesel,Manual,First,20.34,1498.0,103.2,5.0,1110000.0,Volkswagen,Vento 1.5 Tdi Highline,11,0,4738.454545454545,0.06889185580774367
Nakuru,2005,90000,Diesel,Manual,First,10.5,2179.0,120.0,8.0,384800.0,Mahindra,Scorpio 2.6 Slx Crde,21,0,4285.714285714285,0.05507113354749885
Nairobi,2018,1400,Diesel,Automatic,First,18.56,1995.0,190.0,5.0,9065000.0,Bmw,X3 Xdrive 20D Luxury Line,8,0,175.0,0.09523809523809523
Mombasa,2009,122000,Petrol,Manual,Second,17.0,1497.0,118.0,5.0,518000.0,Honda,City 1.5 V Mt,17,0,7176.470588235294,0.0788243152972612
Mombasa,2016,21110,Petrol,Automatic,First,17.44,1998.0,189.08,4.0,4284600.0,Mini,Cooper 3 Door S,10,0,2111.0,0.09463463463463465
Eldoret,2015,78000,Diesel,Automatic,First,13.5,2477.0,175.56,6.0,2220000.0,Mitsubishi,Pajero Sport 4X4 At,11,0,7090.909090909091,0.07087605974969721
Nyeri,2012,72000,Diesel,Manual,First,19.3,1248.0,73.9,5.0,629000.0,Maruti,Swift Dzire Vdi,14,0,5142.857142857143,0.059214743589743594
Kisumu,2006,48000,Petrol,Automatic,First,8.6,5998.0,552.0,4.0,8732000.0,Bentley,Continental Flying Spur,20,0,2400.0,0.09203067689229744
Eldoret,2013,43486,Diesel,Manual,First,20.77,1248.0,88.76,7.0,976800.0,Maruti,Ertiga Vdi,13,0,3345.076923076923,0.07112179487179487
Kisumu,2007,199000,Diesel,Manual,Second,12.8,2494.0,102.0,7.0,769600.0,Toyota,Innova 2.5 G4 Diesel 7-Seater,19,0,10473.684210526315,0.0408981555733761
Mombasa,2010,34000,Petrol,Manual,First,11.7,1796.0,178.0,5.0,1480000.0,Mercedes-Benz,New C-Class C 200 Kompressor Elegance Mt,16,1,2125.0,0.09910913140311804
Nakuru,2016,37944,Diesel,Automatic,First,14.84,2143.0,167.62,5.0,5180000.0,Mercedes-Benz,New C-Class C 220 Cdi Be Avantgare,10,1,3794.4,0.07821745216985534
Nairobi,2017,30000,Diesel,Manual,First,22.7,1498.0,89.84,5.0,1295000.0,Ford,Ecosport 1.5 Dv5 Mt Titanium Optional,9,0,3333.3333333333335,0.05997329773030708
Naivasha,2015,64005,Petrol,Manual,First,17.71,1197.0,78.9,5.0,676360.0,Toyota,Etios Liva 1.2 G,11,0,5818.636363636364,0.06591478696741855
Nairobi,2012,62000,Petrol,Manual,First,20.36,1197.0,78.9,5.0,370000.0,Hyundai,I10 Magna 1.2,14,0,4428.571428571428,0.06591478696741855
Mombasa,2005,105000,Petrol,Manual,First,0.0,999.0,97.7,5.0,259000.0,Hyundai,Santro Lp - Euro Ii,21,0,5000.0,0.0977977977977978
Mombasa,2014,59885,Diesel,Automatic,First,12.39,2179.0,147.51,5.0,2976280.0,Land,Rover Freelander 2 Se,12,1,4990.416666666667,0.06769619091326295
Kisumu,2011,144471,Diesel,Manual,First,12.8,2494.0,102.0,8.0,1154400.0,Toyota,Innova 2.5 V Diesel 8-Seater,15,0,9631.4,0.0408981555733761
Naivasha,2011,63991,Petrol,Manual,First,18.5,1197.0,80.0,5.0,534280.0,Hyundai,I20 1.2 Magna,15,0,4266.066666666667,0.06683375104427736
Eldoret,2007,72000,Petrol,Manual,Second,17.0,1086.0,97.7,5.0,164280.00000000003,Hyundai,Santro Xing Xo Erlx Euro Ii,19,0,3789.4736842105262,0.08996316758747698
Nairobi,2015,34895,Petrol,Automatic,First,19.15,1198.0,75.94,5.0,680799.9999999999,Nissan,Micra Xv Cvt,11,0,3172.2727272727275,0.0633889816360601
Thika,2015,97003,Diesel,Automatic,First,15.87,2993.0,308.43,5.0,12580000.0,Bmw,X6 Xdrive 40D M Sport,11,0,8818.454545454546,0.10305045105245574
Kisumu,2015,45000,Petrol,Automatic,First,16.8,1497.0,118.0,5.0,777000.0,Honda,City 1.5 V At,11,0,4090.909090909091,0.0788243152972612
Nairobi,2013,45000,Diesel,Manual,Second,25.8,1498.0,98.6,5.0,488400.0,Honda,Amaze E I-Dtech,13,0,3461.5384615384614,0.06582109479305741
Nakuru,2013,100000,Diesel,Manual,Second,11.5,2982.0,171.0,7.0,2627000.0,Toyota,Fortuner 3.0 Diesel,13,0,7692.307692307692,0.05734406438631791
Nairobi,2016,70000,Diesel,Automatic,First,12.97,2179.0,187.7,5.0,5180000.0,Land,Rover Discovery Sport Sd4 Hse Luxury,10,1,7000.0,0.08614043139054611
Naivasha,2016,37023,Diesel,Manual,First,19.67,1582.0,126.2,5.0,1981720.0,Hyundai,Creta 1.6 Crdi Sx,10,0,3702.3,0.0797724399494311
Mombasa,2012,81000,Diesel,Manual,First,25.44,936.0,56.3,5.0,370000.0,Chevrolet,Beat Diesel Lt,14,0,5785.714285714285,0.060149572649572644
Mombasa,2017,20789,Diesel,Automatic,First,11.36,2755.0,171.5,7.0,2717280.0,Toyota,Innova Crysta 2.8 Gx At,9,0,2309.8888888888887,0.062250453720508164
Nyeri,2015,68310,Diesel,Manual,First,23.4,1248.0,74.0,5.0,880600.0,Maruti,Swift Dzire Vdi,11,0,6210.0,0.05929487179487179
Nairobi,2015,47250,Diesel,Manual,Second,19.67,1582.0,126.2,5.0,1628000.0,Hyundai,Creta 1.6 Crdi Sx Option,11,0,4295.454545454545,0.0797724399494311
Nairobi,2014,47000,Diesel,Automatic,Second,12.65,2993.0,255.0,5.0,9583000.0,Land,Rover Range Rover Sport Se,12,1,3916.6666666666665,0.08519879719345139
Kisumu,2017,128000,Diesel,Manual,First,25.8,1498.0,98.6,5.0,932400.0,Honda,Amaze Vx I-Dtec,9,0,14222.222222222223,0.06582109479305741
Mombasa,2017,17702,Petrol,Manual,First,15.29,1591.0,121.3,5.0,1767120.0,Hyundai,Creta 1.6 Sx Plus Dual Tone Petrol,9,0,1966.888888888889,0.07624135763670647
Nairobi,2014,34987,Petrol,Automatic,First,18.19,1197.0,103.5,5.0,880600.0,Volkswagen,Vento Sport 1.2 Tsi At,12,0,2915.5833333333335,0.08646616541353383
Thika,2017,37000,Diesel,Manual,First,26.0,1498.0,98.6,5.0,1628000.0,Honda,City I Dtec Vx,9,0,4111.111111111111,0.06582109479305741
Naivasha,2017,38271,Petrol,Manual,First,15.29,1591.0,121.3,5.0,1854440.0,Hyundai,Creta 1.6 Sx Plus Dual Tone Petrol,9,0,4252.333333333333,0.07624135763670647
Nakuru,2012,32510,Diesel,Manual,Second,20.0,1399.0,68.0,5.0,555000.0,Ford,Figo Diesel Titanium,14,0,2322.1428571428573,0.04860614724803431
Eldoret,2014,88000,Diesel,Automatic,First,14.69,2993.0,258.0,5.0,3996000.0,Bmw,5 Series 2013-2017 530D M Sport,12,0,7333.333333333333,0.08620113598396258
Eldoret,2012,116000,Diesel,Manual,First,10.5,2835.0,107.2,6.0,1472599.9999999998,Mitsubishi,Pajero 2.8 Sfx 7Str,14,0,8285.714285714286,0.03781305114638448
Nyeri,2013,156000,Diesel,Manual,First,19.87,1461.0,83.8,5.0,621600.0,Renault,Duster 85Ps Diesel Rxl Option,13,0,12000.0,0.05735797399041752
Nairobi,2010,75319,Petrol,Manual,Second,21.1,1197.0,85.8,5.0,296000.0,Maruti,Ritz Vxi,16,0,4707.4375,0.07167919799498747
Kisumu,2013,28000,Petrol,Manual,First,18.9,1197.0,82.0,5.0,481000.0,Hyundai,Grand I10 Sportz,13,0,2153.846153846154,0.06850459482038429
Nakuru,2017,16500,Diesel,Automatic,First,17.9,2143.0,136.0,5.0,5032000.0,Mercedes-Benz,Gla Class 200 Cdi Sport,9,1,1833.3333333333333,0.06346243583761083
Naivasha,2016,75637,Diesel,Automatic,First,22.48,1995.0,190.0,5.0,4494760.0,Bmw,5 Series 520D Luxury Line,10,0,7563.7,0.09523809523809523
Mombasa,2018,32854,Petrol,Automatic,First,13.0,1591.0,121.3,5.0,1864800.0,Hyundai,Creta 1.6 Sx Plus Petrol Automatic,8,0,4106.75,0.07624135763670647
Mombasa,2019,6568,Petrol,Manual,First,25.17,799.0,53.3,5.0,753320.0,Renault,Kwid Rxt Optional,7,0,938.2857142857143,0.06670838548185232
Nakuru,2014,30000,Diesel,Automatic,First,14.94,2967.0,241.4,5.0,3626000.0,Audi,A4 3.0 Tdi Quattro,12,1,2500.0,0.08136164475901585
Mombasa,2018,17804,Diesel,Manual,Second,28.09,1248.0,88.5,5.0,1179560.0,Maruti,Ciaz Vdi Shvs,8,0,2225.5,0.07091346153846154
Nairobi,2011,69768,Petrol,Manual,First,16.0,1198.0,90.0,5.0,429200.0,Honda,Jazz S,15,0,4651.2,0.07512520868113523
Mombasa,2016,62404,Diesel,Automatic,First,22.69,1995.0,190.0,5.0,3156840.0,Bmw,3 Series 320D Luxury Line,10,0,6240.4,0.09523809523809523
Nakuru,2012,97000,Diesel,Automatic,Second,19.08,1582.0,126.32,5.0,962000.0,Hyundai,Verna Sx Crdi At,14,0,6928.571428571428,0.07984829329962073
Naivasha,2016,55687,Diesel,Manual,First,21.38,1396.0,88.7,5.0,1798200.0,Hyundai,Creta 1.4 Crdi S Plus,10,0,5568.7,0.06353868194842408
Kisumu,2014,17000,Petrol,Manual,First,15.04,1598.0,103.2,5.0,629000.0,Volkswagen,Vento 2013-2015 1.6 Comfortline,12,0,1416.6666666666667,0.06458072590738423
Naivasha,2017,34232,Diesel,Automatic,First,21.76,1995.0,190.0,5.0,5304320.000000001,Bmw,3 Series Luxury Line,9,0,3803.5555555555557,0.09523809523809523
Mombasa,2004,135000,Petrol,Automatic,Third,14.4,1997.0,152.0,5.0,444000.0,Honda,Cr-V Petrol 2Wd,22,0,6136.363636363636,0.07611417125688533
Mombasa,2012,80000,Diesel,Manual,First,19.72,1461.0,108.45,5.0,999000.0,Renault,Duster 110Ps Diesel Rxz Awd,14,0,5714.285714285715,0.0742299794661191
Nakuru,2014,31045,Petrol,Manual,Second,18.6,1197.0,81.83,5.0,836200.0,Hyundai,I20 Asta 1.2,12,0,2587.0833333333335,0.06836257309941521
Eldoret,2013,58000,Diesel,Automatic,Second,16.96,1968.0,138.03,5.0,1110000.0,Volkswagen,Jetta 2013-2015 2.0L Tdi Highline At,13,0,4461.538461538462,0.07013719512195123
Mombasa,2018,35480,Diesel,Manual,First,19.67,1582.0,126.2,5.0,1974320.0,Hyundai,Creta 1.6 Sx Plus Diesel,8,0,4435.0,0.0797724399494311
Kisumu,2016,62287,Diesel,Manual,First,28.09,1248.0,88.5,5.0,1169200.0,Maruti,Ciaz Vdi Shvs,10,0,6228.7,0.07091346153846154
Naivasha,2015,46162,Diesel,Manual,First,22.54,1396.0,88.73,5.0,1033040.0,Hyundai,I20 Asta 1.4 Crdi,11,0,4196.545454545455,0.06356017191977077
Nairobi,2014,9200,Petrol,Manual,First,17.01,1591.0,121.3,5.0,851000.0,Hyundai,Verna 1.6 Sx Vtvt,12,0,766.6666666666666,0.07624135763670647
Kisumu,2012,55339,Diesel,Manual,First,22.07,1199.0,73.9,5.0,392200.0,Volkswagen,Polo Diesel Trendline 1.2L,14,0,3952.785714285714,0.06163469557964971
Kisumu,2011,55476,Diesel,Manual,First,22.07,1199.0,73.9,5.0,368520.00000000006,Volkswagen,Polo Diesel Trendline 1.2L,15,0,3698.4,0.06163469557964971
Eldoret,2007,68553,Petrol,Manual,Second,15.0,1586.0,104.68,5.0,222000.0,Maruti,Sx4 Vxi Bsiii,19,0,3608.0526315789475,0.06600252206809584
Mombasa,2016,67376,Diesel,Manual,First,24.5,1498.0,98.6,7.0,962000.0,Honda,Mobilio Rs Option I Dtec,10,0,6737.6,0.06582109479305741
Kisumu,2013,42000,Diesel,Manual,First,19.64,1461.0,108.45,5.0,1184000.0,Renault,Duster 110Ps Diesel Rxz Plus,13,0,3230.769230769231,0.0742299794661191
Naivasha,2019,28069,Diesel,Automatic,First,12.9,2755.0,174.5,7.0,4565800.0,Toyota,Fortuner 2.8 2Wd At,7,0,4009.8571428571427,0.0633393829401089
Mombasa,2014,93144,Diesel,Automatic,First,14.7,1984.0,181.0,5.0,2538199.9999999995,Volvo,Xc60 D4 Summum,12,1,7762.0,0.09122983870967742
Kisumu,2014,24300,Petrol,Automatic,First,23.1,998.0,67.04,5.0,673400.0,Maruti,Celerio Vxi At,12,0,2025.0,0.06717434869739479
Kisumu,2015,47883,Diesel,Manual,Second,26.21,1248.0,88.5,5.0,1095200.0,Maruti,Ciaz Zdi Plus,11,0,4353.0,0.07091346153846154
Mombasa,2013,12467,Diesel,Automatic,First,12.8,1968.0,167.6,5.0,3794720.0,Audi,Q5 2008-2012 2.0 Tdi,13,1,959.0,0.08516260162601626
Kisumu,2013,56683,Diesel,Automatic,Second,17.05,1995.0,184.0,5.0,1998000.0,Bmw,X1 Sdrive 20D Sportline,13,0,4360.2307692307695,0.09223057644110276
Nakuru,2013,38000,Petrol,Manual,First,15.6,1196.0,70.0,5.0,525400.0,Ford,Figo Petrol Zxi,13,0,2923.076923076923,0.05852842809364549
Thika,2018,35000,Diesel,Manual,First,22.7,1582.0,126.2,5.0,2220000.0,Hyundai,Elantra Crdi Sx,8,0,4375.0,0.0797724399494311
Eldoret,2007,80000,Petrol,Manual,Second,13.9,1599.0,103.2,5.0,288600.0,Hyundai,Verna 1.6 I Abs,19,0,4210.526315789473,0.06454033771106941
Eldoret,2006,125000,Petrol,Manual,Second,13.5,1799.0,130.0,5.0,340399.99999999994,Honda,Civic 2006-2010 1.8 S Mt,20,0,6250.0,0.07226236798221233
Mombasa,2013,123000,Diesel,Manual,Second,12.55,2982.0,168.5,7.0,2220000.0,Toyota,Fortuner 4X4 Mt,13,0,9461.538461538461,0.05650570087189805
Mombasa,2012,70000,Petrol,Manual,First,20.36,1197.0,78.9,5.0,466200.0,Hyundai,I10 Sportz,14,0,5000.0,0.06591478696741855
Kisumu,2012,87982,Diesel,Manual,First,21.64,1461.0,84.8,5.0,740000.0,Nissan,Sunny 2011-2014 Diesel Xl,14,0,6284.428571428572,0.05804243668720054
Nyeri,2013,40714,Diesel,Automatic,Second,18.12,1995.0,190.0,5.0,3663000.0,Bmw,5 Series 2013-2017 520D Luxury Line,13,0,3131.846153846154,0.09523809523809523
Eldoret,2008,83000,Diesel,Manual,Second,16.52,1991.0,123.7,5.0,384800.0,Chevrolet,Optra Magnum 2.0 Lt,18,0,4611.111111111111,0.062129583124058266
Thika,2011,86000,Petrol,Manual,First,20.36,1197.0,78.9,5.0,555000.0,Hyundai,I10 Asta,15,0,5733.333333333333,0.06591478696741855
Thika,2009,60002,Diesel,Manual,Second,17.5,1896.0,106.0,5.0,717799.9999999999,Skoda,Laura Ambiente,17,0,3529.529411764706,0.05590717299578059
Nyeri,2013,60000,Diesel,Automatic,First,10.0,2148.0,170.0,5.0,3996000.0,Mercedes-Benz,E-Class 2009-2013 E 220 Cdi Avantgarde,13,1,4615.384615384615,0.07914338919925512
Kisumu,2014,84677,Diesel,Manual,First,25.8,1498.0,98.6,5.0,444000.0,Honda,Amaze Sx I-Dtec,12,0,7056.416666666667,0.06582109479305741
Nairobi,2017,23000,Diesel,Automatic,First,20.68,1995.0,190.0,5.0,4255000.0,Bmw,X1 Xdrive 20D Xline,9,0,2555.5555555555557,0.09523809523809523
Kisumu,2016,81424,Diesel,Manual,First,12.99,2494.0,100.6,8.0,2144520.0,Toyota,Innova 2.5 G (Diesel) 8 Seater,10,0,8142.4,0.04033680834001604
Nairobi,2013,36400,Diesel,Automatic,First,7.5,4806.0,394.3,4.0,10656000.0,Porsche,Panamera 2010 2013 Diesel,13,1,2800.0,0.08204327923429047
Mombasa,2012,70000,Diesel,Manual,Second,22.71,1461.0,84.8,5.0,592000.0,Nissan,Sunny Xv D,14,0,5000.0,0.05804243668720054
Nairobi,2015,40000,Diesel,Manual,Second,26.59,1248.0,74.0,5.0,666000.0,Maruti,Swift Dzire Ldi,11,0,3636.3636363636365,0.05929487179487179
Nairobi,2019,600,Petrol,Automatic,First,21.5,1197.0,81.8,5.0,925000.0,Maruti,Wagon R Zxi Amt 1.2,7,0,85.71428571428571,0.0683375104427736
Eldoret,2015,65320,Diesel,Automatic,Second,16.96,1968.0,138.03,5.0,1702000.0,Volkswagen,Jetta 2013-2015 2.0L Tdi Highline At,11,0,5938.181818181818,0.07013719512195123
Eldoret,2009,79000,Petrol,Manual,Third,9.8,2354.0,180.0,5.0,458800.0,Honda,Accord 2.4 Inspire M/T,17,0,4647.058823529412,0.07646559048428207
Nairobi,2018,5000,Petrol,Manual,First,17.8,1497.0,117.3,5.0,1496280.0,Honda,City I Vtec V,8,0,625.0,0.0783567134268537
Naivasha,2019,6028,Petrol,Manual,First,17.01,1591.0,121.3,5.0,1707920.0,Hyundai,Verna 1.6 Sx Vtvt,7,0,861.1428571428571,0.07624135763670647
Nairobi,2006,86000,Petrol,Manual,Second,18.9,998.0,67.1,5.0,148000.0,Maruti,Wagon R Lx Bsii,20,0,4300.0,0.06723446893787574
Kisumu,2013,160000,Diesel,Manual,Second,23.4,1248.0,74.0,5.0,370000.0,Maruti,Swift Dzire Tour Ldi,13,0,12307.692307692309,0.05929487179487179
Mombasa,2011,59967,Petrol,Automatic,First,9.74,1984.0,208.0,5.0,2664000.0,Audi,Q5 2008-2012 2.0 Tfsi Quattro,15,1,3997.8,0.10483870967741936
Naivasha,2018,43127,Diesel,Manual,First,23.59,1364.0,67.04,5.0,1013800.0,Toyota,Etios Cross 1.4 Gd,8,0,5390.875,0.04914956011730206
Mombasa,2012,65727,Petrol,Manual,First,19.81,1086.0,68.05,5.0,439560.0,Hyundai,I10 Era 1.1 Itech Se,14,0,4694.785714285715,0.06266114180478821
Eldoret,2013,70000,Petrol,Manual,First,17.01,1591.0,121.3,5.0,703000.0,Hyundai,Verna 1.6 Vtvt,13,0,5384.615384615385,0.07624135763670647
Naivasha,2018,39861,Diesel,Manual,First,20.14,1498.0,88.8,5.0,1092240.0,Volkswagen,Polo 1.5 Tdi Highline,8,0,4982.625,0.05927903871829105
Nairobi,2017,16485,Diesel,Automatic,First,22.48,1995.0,187.74,5.0,6327000.0,Bmw,5 Series 520D Sport Line,9,0,1831.6666666666667,0.09410526315789475
Nakuru,2010,77332,Diesel,Manual,Second,23.0,1396.0,90.0,5.0,540200.0,Hyundai,I20 1.4 Asta Optional With Sunroof,16,0,4833.25,0.06446991404011461
Mombasa,2017,17489,Petrol,Automatic,First,18.9,1197.0,82.0,5.0,886520.0,Hyundai,Grand I10 Asta Option At,9,0,1943.2222222222222,0.06850459482038429
Eldoret,2012,125000,Diesel,Automatic,First,11.5,2982.0,169.0,7.0,1998000.0,Toyota,Fortuner 4X2 4 Speed At,14,0,8928.57142857143,0.05667337357478203
Mombasa,2016,35129,Petrol,Automatic,First,21.4,1197.0,83.1,5.0,1036000.0,Maruti,Baleno Zeta Automatic,10,0,3512.9,0.06942355889724311
Kisumu,2016,22982,Petrol,Automatic,First,13.0,1591.0,121.3,5.0,1620600.0,Hyundai,Creta 1.6 Sx Plus Petrol Automatic,10,0,2298.2,0.07624135763670647
Eldoret,2013,54500,Petrol,Manual,Third,20.36,1197.0,78.9,5.0,436600.0,Hyundai,I10 Sportz,13,0,4192.307692307692,0.06591478696741855
Thika,2017,16235,Diesel,Manual,First,24.7,1047.0,69.0,5.0,814000.0,Tata,Tigor Xe Diesel,9,0,1803.888888888889,0.0659025787965616
Mombasa,2017,73641,Petrol,Automatic,First,14.67,1798.0,177.46,5.0,2527839.9999999995,Skoda,Superb Style 1.8 Tsi At,9,0,8182.333333333333,0.09869855394883204
Kisumu,2015,59572,Diesel,Manual,First,26.59,1248.0,74.0,5.0,1013800.0,Maruti,Swift Dzire Vdi,11,0,5415.636363636364,0.05929487179487179
Nyeri,2014,112827,Petrol,Automatic,First,13.1,1997.0,141.1,5.0,1554000.0,Honda,Cr-V 2.0 At,12,0,9402.25,0.07065598397596394
Kisumu,2010,118000,Diesel,Manual,First,12.8,2494.0,102.0,8.0,1295000.0,Toyota,Innova 2.5 G (Diesel) 8 Seater Bs Iv,16,0,7375.0,0.0408981555733761
Kisumu,2010,60000,Petrol,Manual,First,17.0,1497.0,118.0,5.0,399600.0,Honda,City 1.5 V Mt,16,0,3750.0,0.0788243152972612
Nairobi,2012,75059,Petrol,Automatic,First,17.0,1591.0,121.3,5.0,629000.0,Hyundai,Verna Vtvt 1.6 At Sx Plus,14,0,5361.357142857143,0.07624135763670647
Eldoret,2018,3000,Diesel,Manual,First,23.59,1364.0,67.04,5.0,1169200.0,Toyota,Etios 1.4 Vxd,8,0,375.0,0.04914956011730206
Nairobi,2011,78000,Petrol,Automatic,Second,13.7,1798.0,157.75,5.0,666000.0,Skoda,Superb Elegance 1.8 Tsi At,15,0,5200.0,0.08773637374860957
Kisumu,2012,47000,Diesel,Manual,First,21.64,1461.0,84.8,5.0,592000.0,Nissan,Sunny 2011-2014 Diesel Xv,14,0,3357.1428571428573,0.05804243668720054
Nairobi,2012,42000,Petrol,Manual,First,17.0,1497.0,118.0,5.0,703000.0,Honda,City 1.5 V Mt Exclusive,14,0,3000.0,0.0788243152972612
Kisumu,2018,6820,Diesel,Manual,First,22.54,1396.0,88.76,5.0,1132200.0,Hyundai,Elite I20 Diesel Asta Option,8,0,852.5,0.06358166189111748
Mombasa,2013,55176,Petrol,Manual,Second,17.4,1599.0,104.0,5.0,513560.0,Chevrolet,Optra 1.6 Lt Royale,13,0,4244.307692307692,0.06504065040650407
Mombasa,2016,39854,Petrol,Manual,First,18.0,1198.0,86.7,5.0,834720.0,Honda,Amaze S I-Vtech,10,0,3985.4,0.07237061769616027
Kisumu,2013,24000,Petrol,Manual,First,16.47,1198.0,73.9,5.0,436600.0,Volkswagen,Polo Petrol Comfortline 1.2L,13,0,1846.1538461538462,0.06168614357262104
Nyeri,2016,55000,Diesel,Manual,First,22.9,1248.0,74.0,5.0,836200.0,Maruti,Swift Vdi,10,0,5500.0,0.05929487179487179
Mombasa,2012,45840,Diesel,Automatic,First,11.4,2953.0,153.86,7.0,1244680.0,Ford,Endeavour 3.0L 4X4 At,14,0,3274.285714285714,0.05210294615645107
Eldoret,2006,155000,Petrol,Manual,Third,15.4,1590.0,94.0,5.0,125800.0,Maruti,Baleno Lxi,20,0,7750.0,0.05911949685534591
Eldoret,2003,125000,Petrol,Manual,Second,18.9,998.0,67.1,5.0,118400.0,Maruti,Wagon R Lx,23,0,5434.782608695652,0.06723446893787574
Naivasha,2014,52951,Diesel,Manual,First,20.14,1498.0,88.0,5.0,836200.0,Volkswagen,Polo 1.5 Tdi Highline,12,0,4412.583333333333,0.05874499332443257
Kisumu,2013,49000,Petrol,Manual,First,17.1,1591.0,121.3,5.0,666000.0,Hyundai,Verna 1.6 Sx Vtvt (O),13,0,3769.230769230769,0.07624135763670647
Thika,2015,52000,Diesel,Manual,First,28.09,1248.0,88.5,5.0,1021200.0,Maruti,Ciaz Zdi Plus Shvs,11,0,4727.272727272727,0.07091346153846154
Nairobi,2001,227000,Diesel,Manual,Fourth & Above,0.0,2446.0,97.7,8.0,325600.00000000006,Toyota,Qualis Fleet A3,25,0,9080.0,0.03994276369582993
Nyeri,2013,120005,Diesel,Manual,First,21.64,1461.0,84.8,5.0,592000.0,Nissan,Sunny 2011-2014 Diesel Xl,13,0,9231.153846153846,0.05804243668720054
Nairobi,2015,33000,Petrol,Manual,First,15.0,1598.0,103.52,5.0,828800.0,Skoda,Rapid 1.6 Mpi Ambition With Alloy Wheel,11,0,3000.0,0.06478097622027534
Nairobi,2016,126000,Petrol,Manual,First,15.1,1196.0,73.0,7.0,325600.00000000006,Maruti,Eeco 7 Seater Standard,10,0,12600.0,0.061036789297658864
Nakuru,2013,66700,Petrol,Manual,First,15.0,1598.0,103.5,5.0,592000.0,Skoda,Rapid Ultima 1.6 Mpi Ambition Plus,13,0,5130.7692307692305,0.06476846057571965
Nyeri,2014,122000,Diesel,Manual,Second,12.55,2982.0,168.5,7.0,2368000.0,Toyota,Fortuner 4X4 Mt,12,0,10166.666666666666,0.05650570087189805
Nairobi,2016,29000,Diesel,Manual,First,19.67,1582.0,126.2,5.0,1864800.0,Hyundai,Creta 1.6 Crdi Sx,10,0,2900.0,0.0797724399494311
Mombasa,2014,42315,Petrol,Manual,First,18.5,1197.0,82.9,5.0,708920.0,Hyundai,I20 Magna Optional 1.2,12,0,3526.25,0.06925647451963242
Nairobi,2015,22001,Cng,Manual,First,26.6,998.0,58.16,5.0,540200.0,Maruti,Wagon R Lxi Cng,11,0,2000.090909090909,0.05827655310621242
Mombasa,2016,84580,Diesel,Manual,First,26.0,1498.0,98.6,5.0,1010840.0,Honda,City I Dtec V,10,0,8458.0,0.06582109479305741
Nyeri,2002,75000,Petrol,Manual,First,16.1,796.0,37.0,4.0,75480.0,Maruti,800 Std,24,0,3125.0,0.04648241206030151
Eldoret,2006,85000,Petrol,Manual,Second,13.8,1299.0,70.0,5.0,102120.0,Ford,Ikon 1.3 Flair,20,0,4250.0,0.05388760585065435
Nairobi,2015,24296,Petrol,Manual,First,20.85,1197.0,83.14,5.0,688200.0000000001,Maruti,Swift Dzire Lxi,11,0,2208.7272727272725,0.06945697577276524
Kisumu,2014,40000,Petrol,Manual,First,16.8,1497.0,116.3,5.0,960520.0,Honda,City 1.5 V Mt Sunroof,12,0,3333.3333333333335,0.07768871075484302
Mombasa,2009,64514,Diesel,Manual,First,16.8,1493.0,110.0,5.0,429200.0,Hyundai,Verna Crdi,17,0,3794.9411764705883,0.07367716008037509
Nairobi,2016,35000,Petrol,Manual,First,17.01,1591.0,121.3,5.0,1095200.0,Hyundai,Verna 1.6 Sx Vtvt,10,0,3500.0,0.07624135763670647
Nakuru,2016,41000,Petrol,Manual,Second,25.17,799.0,53.3,5.0,481000.0,Renault,Kwid Rxt,10,0,4100.0,0.06670838548185232
Thika,2008,60123,Petrol,Manual,Second,18.9,998.0,67.1,5.0,288600.0,Maruti,Wagon R Lxi,18,0,3340.1666666666665,0.06723446893787574
Nyeri,2015,53000,Petrol,Manual,Second,18.9,1197.0,82.0,5.0,592000.0,Hyundai,Grand I10 Sportz,11,0,4818.181818181818,0.06850459482038429
Nairobi,2017,9000,Petrol,Manual,First,18.6,1197.0,81.83,5.0,1013800.0,Hyundai,I20 1.2 Asta,9,0,1000.0,0.06836257309941521
Naivasha,2015,53497,Petrol,Manual,First,18.0,1198.0,86.7,5.0,806600.0,Honda,Amaze S I-Vtech,11,0,4863.363636363636,0.07237061769616027
Kisumu,2007,68000,Diesel,Manual,First,17.8,1399.0,68.0,5.0,294520.0,Ford,Fiesta 1.4 Duratorq Zxi,19,0,3578.9473684210525,0.04860614724803431
Kisumu,2014,65000,Diesel,Automatic,First,19.08,1582.0,126.32,5.0,1330520.0,Hyundai,Verna Sx Crdi At,12,0,5416.666666666667,0.07984829329962073
Kisumu,2014,45155,Diesel,Manual,First,23.59,1364.0,67.04,5.0,962000.0,Toyota,Etios Vd Sp,12,0,3762.9166666666665,0.04914956011730206
Naivasha,2018,20026,Petrol,Automatic,First,19.0,1199.0,88.7,5.0,1371960.0,Honda,Jazz 1.2 V Cvt I Vtec,8,0,2503.25,0.07397831526271893
Thika,2015,60000,Diesel,Manual,First,23.9,1582.0,126.2,5.0,1034520.0,Hyundai,Verna 1.6 Crdi Sx,11,0,5454.545454545455,0.0797724399494311
Naivasha,2019,15976,Diesel,Automatic,First,17.9,2143.0,136.0,5.0,5440480.0,Mercedes-Benz,Cla 200 D Sport Edition,7,1,2282.285714285714,0.06346243583761083
Mombasa,2017,30523,Petrol,Automatic,First,14.7,1798.0,177.5,5.0,2527839.9999999995,Skoda,Octavia Elegance 1.8 Tsi At,9,0,3391.4444444444443,0.09872080088987764
Kisumu,2013,26300,Diesel,Manual,First,25.44,936.0,57.6,5.0,414400.0,Chevrolet,Beat Diesel Ls,13,0,2023.076923076923,0.06153846153846154
Kisumu,2011,66000,Diesel,Manual,First,22.07,1199.0,73.9,5.0,368520.00000000006,Volkswagen,Polo Diesel Trendline 1.2L,15,0,4400.0,0.06163469557964971
Nyeri,2016,70000,Diesel,Manual,First,23.65,1248.0,88.5,5.0,1309800.0,Maruti,Sx4 S Cross Ddis 200 Zeta,10,0,7000.0,0.07091346153846154
Thika,2011,46000,Petrol,Manual,First,16.8,1497.0,116.3,5.0,614200.0000000001,Honda,City V Mt,15,0,3066.6666666666665,0.07768871075484302
Kisumu,2017,28000,Diesel,Manual,First,20.64,1498.0,108.5,5.0,1480000.0,Volkswagen,Vento 1.5 Tdi Highline,9,0,3111.1111111111113,0.07242990654205607
Nairobi,2017,46000,Petrol,Manual,First,18.9,1197.0,81.86,5.0,703000.0,Hyundai,Grand I10 1.2 Kappa Magna,9,0,5111.111111111111,0.0683876357560568
Nyeri,2017,33000,Petrol,Automatic,First,24.04,999.0,67.0,5.0,473600.0,Renault,Kwid Amt Rxl,9,0,3666.6666666666665,0.06706706706706707
Mombasa,2017,27718,Petrol,Manual,First,22.74,796.0,47.3,5.0,485440.0,Maruti,Alto 800 Lxi,9,0,3079.777777777778,0.059422110552763814
Nakuru,2013,58000,Petrol,Manual,First,15.8,1499.0,110.0,5.0,1110000.0,Ford,Ecosport 1.5 Ti Vct Mt Titanium,13,0,4461.538461538462,0.0733822548365577
Naivasha,2018,33150,Petrol,Manual,First,21.4,1197.0,83.1,5.0,1093720.0,Maruti,Baleno Zeta,8,0,4143.75,0.06942355889724311
Eldoret,2013,77000,Diesel,Manual,First,23.2,1248.0,73.94,5.0,540200.0,Maruti,Ritz Vdi,13,0,5923.076923076923,0.05924679487179487
Mombasa,2007,70000,Diesel,Automatic,First,11.0,2987.0,198.5,5.0,1628000.0,Mercedes-Benz,E-Class 280 Cdi,19,1,3684.2105263157896,0.06645463675929025
Kisumu,2012,97000,Diesel,Manual,First,23.2,1248.0,73.94,5.0,444000.0,Maruti,Ritz Vdi,14,0,6928.571428571428,0.05924679487179487
Mombasa,2012,75300,Diesel,Manual,Second,25.44,936.0,57.6,5.0,333000.0,Chevrolet,Beat Diesel Lt,14,0,5378.571428571428,0.06153846153846154
Mombasa,2010,69918,Petrol,Manual,First,15.5,1586.0,103.3,5.0,418840.0,Maruti,Sx4 Vxi Bsiv,16,0,4369.875,0.06513240857503153
Naivasha,2019,4721,Petrol,Manual,First,14.0,796.0,35.0,5.0,608280.0000000001,Maruti,Omni 5 Seater Bsiv,7,0,674.4285714285714,0.04396984924623116
Kisumu,2014,39163,Diesel,Manual,First,13.5,2477.0,178.0,7.0,2175600.0,Mitsubishi,Pajero Sport Anniversary Edition,12,0,3263.5833333333335,0.07186112232539363
Eldoret,2013,80000,Petrol,Automatic,First,13.0,2987.0,210.0,5.0,3700000.0,Mercedes-Benz,S Class 2005 2013 S 300 L,13,1,6153.846153846154,0.07030465349849348
Nakuru,2015,66000,Diesel,Manual,First,25.44,936.0,56.3,5.0,347800.0,Chevrolet,Beat Diesel Ls,11,0,6000.0,0.060149572649572644
Naivasha,2017,36154,Diesel,Manual,Second,25.83,1498.0,99.0,5.0,948680.0,Ford,Figo 2015-2019 1.5D Titanium Mt,9,0,4017.1111111111113,0.06608811748998665
Thika,2012,34000,Petrol,Manual,First,17.4,1497.0,117.3,5.0,851000.0,Honda,City I-Vtec Vx,14,0,2428.5714285714284,0.0783567134268537
Mombasa,2016,60000,Diesel,Automatic,Second,17.9,2143.0,136.0,5.0,2597400.0,Mercedes-Benz,Gla Class 200 Cdi Sport,10,1,6000.0,0.06346243583761083
Nyeri,2015,32000,Diesel,Manual,First,21.38,1396.0,88.7,5.0,1517000.0,Hyundai,Creta 1.4 Crdi S Plus,11,0,2909.090909090909,0.06353868194842408
Mombasa,2012,79985,Diesel,Manual,First,17.8,1399.0,67.0,5.0,467680.0,Ford,Fiesta Classic 1.4 Duratorq Clxi,14,0,5713.214285714285,0.04789135096497498
Nakuru,2014,37600,Diesel,Automatic,Second,16.55,1968.0,147.51,5.0,3330000.0,Audi,A4 2.0 Tdi,12,1,3133.3333333333335,0.07495426829268292
Mombasa,2015,31965,Petrol,Manual,First,19.81,1086.0,68.05,5.0,525400.0,Hyundai,I10 Magna 1.1,11,0,2905.909090909091,0.06266114180478821
Mombasa,2010,70749,Petrol,Automatic,First,12.05,1995.0,154.0,5.0,1459280.0,Bmw,3 Series 320I Sedan,16,0,4421.8125,0.07719298245614035
Mombasa,2013,38000,Diesel,Automatic,First,16.46,2993.0,258.0,5.0,6660000.0,Bmw,7 Series 730Ld,13,0,2923.076923076923,0.08620113598396258
Mombasa,2017,41534,Petrol,Manual,First,17.01,1591.0,121.3,5.0,1182520.0,Hyundai,Verna 1.6 Sx Vtvt,9,0,4614.888888888889,0.07624135763670647
Nyeri,2017,54455,Diesel,Automatic,First,22.0,1498.0,108.495,5.0,962000.0,Volkswagen,Ameo 1.5 Tdi Comfortline At,9,0,6050.555555555556,0.07242656875834447
Kisumu,2007,42000,Petrol,Manual,First,14.49,1399.0,92.7,5.0,111000.0,Chevrolet,Aveo 1.4 Ls,19,0,2210.5263157894738,0.06626161543959971
Naivasha,2018,52073,Diesel,Manual,Second,18.3,1991.0,147.9,5.0,1460759.9999999998,Chevrolet,Cruze Ltz,8,0,6509.125,0.07428427925665496
Mombasa,2018,40175,Diesel,Manual,Second,22.54,1396.0,88.73,5.0,941280.0,Hyundai,I20 1.4 Sportz,8,0,5021.875,0.06356017191977077
Nairobi,2017,16503,Petrol,Automatic,First,16.0,1497.0,117.3,7.0,1406000.0,Honda,Brv I-Vtec V Cvt,9,0,1833.6666666666667,0.0783567134268537
Mombasa,2017,15029,Petrol,Manual,First,19.1,1197.0,82.0,5.0,895400.0,Hyundai,Xcent 1.2 Kappa Sx,9,0,1669.888888888889,0.06850459482038429
Nairobi,2013,26200,Cng,Manual,First,30.46,796.0,47.3,5.0,318200.0,Maruti,Alto 800 Cng Lxi,13,0,2015.3846153846155,0.059422110552763814
Kisumu,2015,76362,Diesel,Manual,First,24.0,1120.0,70.0,5.0,814000.0,Hyundai,Grand I10 Crdi Sportz,11,0,6942.0,0.0625
Kisumu,2007,18700,Petrol,Manual,Second,19.7,796.0,46.3,5.0,185000.0,Maruti,Alto Lxi,19,0,984.2105263157895,0.05816582914572864
Naivasha,2015,67585,Diesel,Manual,First,12.99,2494.0,100.6,7.0,1774520.0,Toyota,Innova 2.5 Vx (Diesel) 7 Seater,11,0,6144.090909090909,0.04033680834001604
Nairobi,2010,57000,Petrol,Automatic,Second,16.95,1197.0,78.9,5.0,370000.0,Hyundai,I10 Sportz 1.2 At,16,0,3562.5,0.06591478696741855
Mombasa,2019,22321,Petrol,Automatic,First,18.0,1497.0,117.3,5.0,1725680.0,Honda,City I-Vtec Cvt V,7,0,3188.714285714286,0.0783567134268537
Nyeri,1998,95150,Petrol,Manual,Third,17.3,993.0,60.0,5.0,78440.0,Maruti,Zen Lx,28,0,3398.214285714286,0.06042296072507553
Kisumu,2015,36428,Petrol,Manual,First,20.51,998.0,67.04,5.0,458800.0,Maruti,Wagon R Lxi Bs Iv,11,0,3311.6363636363635,0.06717434869739479
Kisumu,2012,73500,Diesel,Manual,Second,20.0,1399.0,68.0,5.0,384800.0,Ford,Figo Diesel Titanium,14,0,5250.0,0.04860614724803431
Mombasa,2015,47234,Petrol,Manual,First,18.0,1198.0,86.7,5.0,753320.0,Honda,Amaze S I-Vtech,11,0,4294.0,0.07237061769616027
Kisumu,2008,62364,Petrol,Manual,First,13.2,1495.0,94.0,5.0,340399.99999999994,Hyundai,Accent Gle,18,0,3464.6666666666665,0.06287625418060201
Eldoret,2012,89000,Diesel,Manual,First,22.32,1582.0,126.32,5.0,888000.0,Hyundai,Verna 1.6 Sx Crdi (O),14,0,6357.142857142857,0.07984829329962073
Thika,2013,58653,Diesel,Manual,First,25.2,1248.0,74.0,5.0,651200.0000000001,Maruti,Swift Zdi,13,0,4511.7692307692305,0.05929487179487179
Nairobi,2013,30000,Petrol,Automatic,Second,14.8,1595.0,120.7,5.0,1628000.0,Mercedes-Benz,B Class B180,13,1,2307.6923076923076,0.07567398119122257
Naivasha,2014,64042,Diesel,Manual,First,17.3,1998.0,163.7,5.0,843600.0,Chevrolet,Cruze Ltz,12,0,5336.833333333333,0.08193193193193192
Mombasa,2013,120000,Diesel,Automatic,First,20.0,1968.0,138.1,5.0,1028600.0,Skoda,Laura Ambiente 2.0 Tdi Cr At,13,0,9230.76923076923,0.07017276422764228
Kisumu,2014,90000,Diesel,Manual,First,12.05,2179.0,120.0,8.0,1169200.0,Mahindra,Scorpio Vlx 2Wd Bsiv,12,0,7500.0,0.05507113354749885
Mombasa,2018,30733,Diesel,Automatic,First,20.68,1995.0,190.0,5.0,4336400.0,Bmw,X1 Xdrive 20D Xline,8,0,3841.625,0.09523809523809523
Kisumu,2009,43600,Petrol,Automatic,First,10.93,3498.0,272.0,5.0,1515520.0,Mercedes-Benz,E-Class 2009-2013 E350 Petrol,17,1,2564.705882352941,0.07775871926815323
Eldoret,2010,71473,Petrol,Automatic,Second,13.7,1798.0,157.75,5.0,791800.0,Skoda,Superb Elegance 1.8 Tsi At,16,0,4467.0625,0.08773637374860957
Nairobi,2014,39000,Petrol,Automatic,Second,16.5,1198.0,86.8,5.0,516520.0,Honda,Brio Vx At,12,0,3250.0,0.07245409015025041
Kisumu,2009,84045,Petrol,Manual,First,20.36,1197.0,78.9,5.0,421800.0,Hyundai,I10 Magna 1.2,17,0,4943.823529411765,0.06591478696741855
Nairobi,2014,57004,Petrol,Manual,First,17.4,1497.0,117.3,5.0,791800.0,Honda,City I Vtec Sv,12,0,4750.333333333333,0.0783567134268537
Naivasha,2012,75464,Petrol,Manual,First,15.6,1196.0,70.0,5.0,535760.0,Ford,Figo Petrol Zxi,14,0,5390.285714285715,0.05852842809364549
Kisumu,2006,142000,Diesel,Manual,First,12.8,2494.0,102.0,7.0,925000.0,Toyota,Innova 2.5 G4 Diesel 7-Seater,20,0,7100.0,0.0408981555733761
Mombasa,2012,118683,Diesel,Manual,Second,21.0,1461.0,64.1,5.0,472120.0,Mahindra,Verito 1.5 D6 Bsiv,14,0,8477.357142857143,0.04387405886379192
Nairobi,2018,42000,Petrol,Manual,First,18.15,1198.0,82.0,6.0,814000.0,Mahindra,Kuv 100 G80 K8 Dual Tone,8,0,5250.0,0.06844741235392321
Mombasa,2019,12800,Petrol,Manual,First,18.6,1197.0,81.83,5.0,1135160.0,Hyundai,I20 Sportz Option 1.2,7,0,1828.5714285714287,0.06836257309941521
Nyeri,2011,80000,Petrol,Manual,First,12.0,2092.0,127.0,7.0,814000.0,Tata,New Safari Ex 4X2,15,0,5333.333333333333,0.0607074569789675
Kisumu,2014,76126,Diesel,Manual,First,19.3,1248.0,73.9,5.0,976800.0,Maruti,Swift Dzire Vdi,12,0,6343.833333333333,0.059214743589743594
Mombasa,2017,21000,Diesel,Automatic,Second,15.97,2993.0,258.0,5.0,8140000.0,Bmw,X5 Xdrive 30D M Sport,9,0,2333.3333333333335,0.08620113598396258
Eldoret,2013,85000,Diesel,Automatic,First,17.68,1968.0,174.33,5.0,3108000.0,Audi,A6 2011-2015 2.0 Tdi Premium Plus,13,1,6538.461538461538,0.08858231707317074
Nyeri,2017,27000,Petrol,Manual,First,21.4,1197.0,83.1,5.0,666000.0,Maruti,Baleno Delta 1.2,9,0,3000.0,0.06942355889724311
Naivasha,2016,45794,Diesel,Automatic,First,13.01,2199.0,194.3,7.0,3059160.0000000005,Hyundai,Santa Fe 4Wd At,10,0,4579.4,0.08835834470213734
Kisumu,2013,57352,Diesel,Automatic,First,14.39,1998.0,163.7,5.0,962000.0,Chevrolet,Cruze Ltz At,13,0,4411.692307692308,0.08193193193193192
Naivasha,2018,41467,Diesel,Automatic,First,15.0,2143.0,204.0,5.0,5621039.999999999,Mercedes-Benz,E-Class 2015-2017 E250 Edition E,8,1,5183.375,0.09519365375641624
Nairobi,2009,42000,Petrol,Manual,First,17.92,1086.0,62.1,5.0,214600.0,Hyundai,Santro Xing Gls,17,0,2470.5882352941176,0.057182320441988954
Nairobi,2014,62549,Cng,Manual,First,26.6,998.0,58.16,5.0,436600.0,Maruti,Wagon R Lxi Cng,12,0,5212.416666666667,0.05827655310621242
Kisumu,2015,67048,Diesel,Manual,First,28.09,1248.0,88.5,5.0,1169200.0,Maruti,Ciaz Vdi Plus Shvs,11,0,6095.272727272727,0.07091346153846154
Mombasa,2018,11732,Petrol,Manual,First,17.4,1497.0,117.3,5.0,1490360.0,Honda,City I-Vtec V,8,0,1466.5,0.0783567134268537
Nairobi,2016,37000,Diesel,Manual,First,20.45,1461.0,83.8,5.0,962000.0,Nissan,Terrano Xl Plus Icc Wt20 Se,10,0,3700.0,0.05735797399041752
Kisumu,2015,30000,Diesel,Automatic,First,18.88,1995.0,184.0,5.0,3256000.0,Bmw,3 Series 320D Prestige,11,0,2727.2727272727275,0.09223057644110276
Kisumu,2016,53000,Diesel,Manual,First,26.0,1498.0,98.6,5.0,1443000.0,Honda,City I Dtec V,10,0,5300.0,0.06582109479305741
Nyeri,2014,60000,Diesel,Manual,First,20.45,1461.0,83.8,5.0,888000.0,Nissan,Terrano Xl Plus 85 Ps,12,0,5000.0,0.05735797399041752
Nairobi,2014,65000,Diesel,Manual,First,24.0,1120.0,70.0,5.0,590520.0,Hyundai,Grand I10 Crdi Sportz,12,0,5416.666666666667,0.0625
Thika,2008,51000,Petrol,Manual,First,17.0,1086.0,97.7,5.0,259000.0,Hyundai,Santro Xing Xl Erlx Euro Iii,18,0,2833.3333333333335,0.08996316758747698
Nairobi,2015,92000,Diesel,Automatic,First,12.55,2982.0,168.5,7.0,2923000.0,Toyota,Fortuner 4X2 At,11,0,8363.636363636364,0.05650570087189805
Kisumu,2017,31000,Diesel,Manual,First,13.68,2393.0,147.8,7.0,2508600.0,Toyota,Innova Crysta 2.4 Vx Mt,9,0,3444.4444444444443,0.06176347680735479
Mombasa,2017,43917,Petrol,Manual,First,21.4,1197.0,83.1,5.0,1006400.0,Maruti,Baleno Zeta 1.2,9,0,4879.666666666667,0.06942355889724311
Kisumu,2007,46707,Petrol,Manual,First,17.0,1086.0,97.7,5.0,146520.0,Hyundai,Santro Xing Xl Erlx Euro Iii,19,0,2458.2631578947367,0.08996316758747698
Eldoret,2013,84000,Petrol,Manual,First,19.81,1086.0,68.05,5.0,436600.0,Hyundai,I10 Sportz 1.1L,13,0,6461.538461538462,0.06266114180478821
Naivasha,2015,55662,Diesel,Automatic,First,12.07,2967.0,241.4,7.0,6338840.0,Audi,Q7 3.0 Tdi Quattro Premium Plus,11,1,5060.181818181818,0.08136164475901585
Kisumu,2014,51000,Diesel,Automatic,First,27.03,1969.0,190.0,5.0,3182000.0,Volvo,S60 D4 Momentum,12,1,4250.0,0.09649568308786186
Nyeri,2015,24398,Petrol,Manual,First,17.8,1497.0,117.3,5.0,1169200.0,Honda,City I Vtec V,11,0,2218.0,0.0783567134268537
Kisumu,2011,78000,Petrol,Manual,Second,20.92,998.0,67.1,5.0,340399.99999999994,Maruti,Alto K10 2010-2014 Vxi,15,0,5200.0,0.06723446893787574
Nairobi,2012,40315,Petrol,Manual,First,18.5,1198.0,86.8,5.0,407000.0,Honda,Brio 1.2 S Option Mt,14,0,2879.6428571428573,0.07245409015025041
Nyeri,2011,83000,Diesel,Manual,First,12.05,2179.0,120.0,8.0,993080.0,Mahindra,Scorpio Vlx 2Wd Airbag Bsiv,15,0,5533.333333333333,0.05507113354749885
Mombasa,2017,58151,Diesel,Automatic,First,19.6,1461.0,108.45,5.0,1420800.0,Renault,Duster 110Ps Diesel Rxl Amt,9,0,6461.222222222223,0.0742299794661191
Mombasa,2017,30519,Diesel,Manual,First,19.67,1582.0,126.2,5.0,1895880.0,Hyundai,Creta 1.6 Crdi Sx,9,0,3391.0,0.0797724399494311
Naivasha,2019,20712,Petrol,Manual,First,23.84,1199.0,84.0,5.0,1027120.0,Tata,Tiago 1.2 Revotron Xz,7,0,2958.8571428571427,0.07005838198498748
Nairobi,2015,48000,Diesel,Manual,First,16.0,2179.0,140.0,7.0,1398599.9999999998,Mahindra,Xuv500 W6 2Wd,11,0,4363.636363636364,0.06424965580541533
Kisumu,2015,85000,Diesel,Manual,First,20.34,1498.0,103.2,5.0,888000.0,Volkswagen,Vento 1.5 Tdi Highline,11,0,7727.272727272727,0.06889185580774367
Nairobi,2013,32000,Petrol,Automatic,First,14.8,1595.0,120.7,5.0,1628000.0,Mercedes-Benz,B Class B180,13,1,2461.5384615384614,0.07567398119122257
Nairobi,2011,52000,Petrol,Manual,First,15.5,1586.0,103.3,5.0,384800.0,Maruti,Sx4 Vxi Bsiv,15,0,3466.6666666666665,0.06513240857503153
Kisumu,2007,58307,Petrol,Manual,First,15.3,1341.0,83.0,5.0,288600.0,Hyundai,Getz Gle,19,0,3068.7894736842104,0.061894108873974646
Nairobi,2013,30000,Diesel,Automatic,First,17.54,2993.0,313.0,4.0,6660000.0,Bmw,6 Series Gran Coupe,13,0,2307.6923076923076,0.10457734714333444
Mombasa,2014,40000,Diesel,Automatic,First,17.11,1968.0,174.33,5.0,3256000.0,Audi,A4 2.0 Tdi 177 Bhp Premium Plus,12,1,3333.3333333333335,0.08858231707317074
Kisumu,2015,36000,Petrol,Manual,First,18.6,1197.0,81.83,5.0,725200.0000000001,Hyundai,I20 Asta Option 1.2,11,0,3272.7272727272725,0.06836257309941521
Mombasa,2015,58817,Diesel,Manual,First,19.87,1461.0,83.14,5.0,925000.0,Nissan,Terrano Xl D Option,11,0,5347.0,0.056906228610540725
Mombasa,2013,55000,Diesel,Manual,Second,20.54,1598.0,103.6,5.0,902800.0,Volkswagen,Vento Konekt Diesel Highline,13,0,4230.7692307692305,0.06483103879849812
Nairobi,2011,39000,Petrol,Manual,First,20.36,1197.0,78.9,5.0,384800.0,Hyundai,I10 Sportz,15,0,2600.0,0.06591478696741855
Nairobi,2011,6500,Petrol,Automatic,Third,6.4,5204.0,560.0,2.0,17760000.0,Lamborghini,Gallardo Coupe,15,0,433.3333333333333,0.10760953112990007
Kisumu,2012,35000,Diesel,Automatic,First,14.74,2993.0,270.9,5.0,4292000.0,Jaguar,Xf 3.0 Litre S Premium Luxury,14,1,2500.0,0.09051119278316071
Eldoret,2010,49900,Petrol,Manual,Second,17.5,1298.0,85.8,5.0,488400.0,Maruti,Swift Dzire Vxi,16,0,3118.75,0.06610169491525424
Kisumu,2013,99500,Diesel,Manual,Second,22.3,1248.0,74.0,5.0,451400.0,Tata,Indica Vista Quadrajet Vx,13,0,7653.846153846154,0.05929487179487179
Kisumu,2012,33249,Diesel,Manual,First,21.27,1396.0,88.76,5.0,481000.0,Hyundai,I20 Asta 1.4 Crdi,14,0,2374.9285714285716,0.06358166189111748
Nairobi,2014,52000,Petrol,Manual,First,19.1,1197.0,81.86,5.0,555000.0,Hyundai,Xcent 1.2 Kappa S Option,12,0,4333.333333333333,0.0683876357560568
Nairobi,2015,45000,Diesel,Manual,First,12.99,2494.0,100.6,7.0,1961000.0,Toyota,Innova 2.5 Vx (Diesel) 7 Seater,11,0,4090.909090909091,0.04033680834001604
Kisumu,2017,22000,Petrol,Manual,First,23.84,1199.0,84.0,5.0,710400.0,Tata,Tiago 1.2 Revotron Xz,9,0,2444.4444444444443,0.07005838198498748
Mombasa,2019,7858,Petrol,Manual,First,25.17,799.0,53.3,5.0,562400.0,Renault,Kwid Rxl,7,0,1122.5714285714287,0.06670838548185232
Eldoret,2011,112000,Diesel,Manual,First,12.8,2494.0,102.0,7.0,1258000.0,Toyota,Innova 2.5 V Diesel 7-Seater,15,0,7466.666666666667,0.0408981555733761
Naivasha,2016,41082,Diesel,Automatic,First,13.0,2143.0,204.0,5.0,5736480.0,Mercedes-Benz,E-Class 2015-2017 E250 Cdi Avantgarde,10,1,4108.2,0.09519365375641624
Thika,2009,72000,Petrol,Automatic,First,16.8,1497.0,116.4,5.0,473600.0,Honda,City 1.5 S At,17,0,4235.294117647059,0.07775551102204409
Kisumu,2011,84912,Petrol,Manual,First,20.36,1197.0,78.9,5.0,518000.0,Hyundai,I10 Sportz 1.2,15,0,5660.8,0.06591478696741855
Eldoret,2015,70000,Diesel,Manual,First,19.67,1582.0,126.2,5.0,1813000.0,Hyundai,Creta 1.6 Crdi Sx Option,11,0,6363.636363636364,0.0797724399494311
Nairobi,2014,21000,Petrol,Manual,First,19.5,1199.0,86.76,5.0,703000.0,Honda,Amaze Vx Petrol,12,0,1750.0,0.07236030025020851
Nairobi,2016,27000,Petrol,Manual,First,18.78,999.0,74.0,5.0,666000.0,Volkswagen,Polo 1.2 Mpi Trendline,10,0,2700.0,0.07407407407407407
Kisumu,2012,29000,Petrol,Manual,First,20.36,1197.0,78.9,5.0,347800.0,Hyundai,I10 Magna 1.2,14,0,2071.4285714285716,0.06591478696741855
Kisumu,2014,48425,Diesel,Manual,First,23.08,1461.0,63.12,5.0,503200.0,Renault,Pulse Rxl,12,0,4035.4166666666665,0.04320328542094456
Eldoret,2016,19000,Diesel,Automatic,First,21.5,1498.0,108.5,5.0,1480000.0,Volkswagen,Vento 1.5 Tdi Highline At,10,0,1900.0,0.07242990654205607
Kisumu,2012,210000,Diesel,Manual,First,12.99,2494.0,100.0,7.0,1332000.0,Toyota,Innova 2.5 Vx (Diesel) 7 Seater Bs Iv,14,0,15000.0,0.040096230954290296
Nairobi,2013,64000,Petrol,Manual,Second,14.53,1798.0,138.1,5.0,769600.0,Toyota,Corolla Altis G,13,0,4923.076923076923,0.0768075639599555
Mombasa,2006,200000,Diesel,Manual,Second,16.8,1493.0,110.0,5.0,273800.0,Hyundai,Verna Crdi,20,0,10000.0,0.07367716008037509
Mombasa,2013,100000,Diesel,Automatic,Second,11.3,2987.0,254.8,7.0,5624000.0,Mercedes-Benz,Gl-Class 350 Cdi Blue Efficiency,13,1,7692.307692307692,0.08530297957817208
Mombasa,2013,69140,Diesel,Manual,First,20.46,1461.0,83.8,5.0,756280.0000000001,Renault,Duster 85Ps Diesel Rxl Optional,13,0,5318.461538461538,0.05735797399041752
Naivasha,2019,21214,Petrol,Manual,First,15.41,1598.0,103.52,5.0,1429680.0,Skoda,Rapid 1.6 Mpi Ambition,7,0,3030.5714285714284,0.06478097622027534
Kisumu,2015,28000,Petrol,Manual,First,20.36,1197.0,78.9,5.0,503200.0,Hyundai,I10 Sportz 1.2,11,0,2545.4545454545455,0.06591478696741855
Mombasa,2017,29085,Petrol,Manual,First,18.15,1198.0,82.0,6.0,864320.0,Mahindra,Kuv 100 Mfalcon G80 K8,9,0,3231.6666666666665,0.06844741235392321
Kisumu,2016,30000,Petrol,Automatic,First,23.1,998.0,67.04,5.0,562400.0,Maruti,Celerio Vxi Amt,10,0,3000.0,0.06717434869739479
Nairobi,2012,32910,Petrol,Automatic,First,16.98,998.0,66.1,5.0,370000.0,Maruti,A-Star At Vxi,14,0,2350.714285714286,0.06623246492985971
Kisumu,2015,30000,Diesel,Manual,First,25.1,1498.0,98.6,5.0,1028600.0,Honda,City I Dtec Vx,11,0,2727.2727272727275,0.06582109479305741
Eldoret,2010,35102,Petrol,Automatic,First,12.6,1798.0,161.6,5.0,814000.0,Skoda,Superb 1.8 Tsi,16,0,2193.875,0.08987764182424916
Naivasha,2017,22831,Petrol,Manual,First,18.9,1197.0,82.0,5.0,916120.0,Hyundai,Grand I10 Sportz,9,0,2536.777777777778,0.06850459482038429
Kisumu,2013,74911,Diesel,Manual,First,20.45,1461.0,83.8,5.0,888000.0,Renault,Duster 85Ps Diesel Rxl,13,0,5762.384615384615,0.05735797399041752
Eldoret,2015,21000,Petrol,Manual,First,18.9,1197.0,82.0,5.0,555000.0,Hyundai,Grand I10 Magna,11,0,1909.090909090909,0.06850459482038429
Mombasa,2018,37160,Diesel,Manual,First,22.77,1498.0,98.59,5.0,1400080.0000000002,Ford,Ecosport 1.5 Tdci Titanium,8,0,4645.0,0.06581441922563418
Nyeri,2011,41000,Petrol,Manual,Second,16.95,1498.0,97.7,5.0,444000.0,Nissan,Sunny 2011-2014 Xl,15,0,2733.3333333333335,0.06522029372496663
Mombasa,2016,37294,Diesel,Manual,First,25.83,1498.0,99.0,5.0,851000.0,Ford,Figo Aspire 1.5 Tdci Titanium,10,0,3729.4,0.06608811748998665
Naivasha,2009,56927,Petrol,Manual,First,13.5,1799.0,130.0,5.0,652680.0,Honda,Civic 2006-2010 1.8 V Mt,17,0,3348.6470588235293,0.07226236798221233
Mombasa,2017,21954,Petrol,Manual,First,25.17,799.0,53.3,5.0,547600.0,Renault,Kwid Rxt Optional,9,0,2439.3333333333335,0.06670838548185232
Kisumu,2014,50000,Petrol,Manual,Second,19.4,1198.0,86.8,5.0,370000.0,Honda,Brio Ex Mt,12,0,4166.666666666667,0.07245409015025041
Naivasha,2012,78212,Petrol,Manual,First,16.1,1298.0,88.2,5.0,791800.0,Maruti,Swift Zxi Abs,14,0,5586.571428571428,0.0679506933744222
Nairobi,2013,64500,Diesel,Manual,First,21.9,1396.0,88.8,5.0,540200.0,Hyundai,I20 Magna Optional 1.4 Crdi,13,0,4961.538461538462,0.06361031518624642
Nairobi,2014,51000,Diesel,Automatic,First,17.2,1968.0,138.03,5.0,1924000.0,Skoda,Superb Elegance 2.0 Tdi Cr At,12,0,4250.0,0.07013719512195123
Nairobi,2012,52000,Petrol,Manual,First,18.9,998.0,67.1,5.0,362600.00000000006,Maruti,Wagon R Lxi Bsii,14,0,3714.285714285714,0.06723446893787574
Nairobi,2015,120000,Diesel,Automatic,First,21.21,1498.0,103.2,5.0,851000.0,Volkswagen,Vento 1.5 Tdi Highline At,11,0,10909.09090909091,0.06889185580774367
Naivasha,2017,65792,Diesel,Manual,First,26.0,1498.0,98.6,5.0,1200280.0,Honda,City I Dtec S,9,0,7310.222222222223,0.06582109479305741
Thika,2018,30000,Diesel,Manual,First,22.54,1396.0,88.73,5.0,1147000.0,Hyundai,I20 1.4 Sportz,8,0,3750.0,0.06356017191977077
Naivasha,2017,54387,Petrol,Automatic,First,19.15,1198.0,75.94,5.0,865800.0,Nissan,Micra Xv Cvt,9,0,6043.0,0.0633889816360601
Nairobi,2018,1617,Petrol,Manual,First,25.17,799.0,53.3,5.0,634920.0,Renault,Kwid Rxt Optional,8,0,202.125,0.06670838548185232
Kisumu,2015,82000,Diesel,Manual,First,25.6,1498.0,98.6,5.0,1184000.0,Honda,City I-Dtec Sv,11,0,7454.545454545455,0.06582109479305741
Nairobi,2017,20000,Diesel,Manual,First,13.68,2393.0,147.8,8.0,2442000.0,Toyota,Innova Crysta 2.4 G Mt 8S,9,0,2222.222222222222,0.06176347680735479
Nyeri,2015,98000,Diesel,Manual,First,27.39,1248.0,74.0,5.0,814000.0,Maruti,Baleno Alpha 1.3,11,0,8909.09090909091,0.05929487179487179
Nairobi,2015,57000,Diesel,Manual,First,22.77,1498.0,98.59,5.0,939800.0,Ford,Ecosport 1.5 Tdci Trend,11,0,5181.818181818182,0.06581441922563418
Nyeri,2013,250000,Diesel,Manual,Second,12.99,2494.0,100.6,8.0,1169200.0,Toyota,Innova 2.5 G (Diesel) 8 Seater,13,0,19230.76923076923,0.04033680834001604
Kisumu,2014,56549,Diesel,Manual,First,22.7,1498.0,89.84,5.0,1065600.0,Ford,Ecosport 1.5 Dv5 Mt Ambiente,12,0,4712.416666666667,0.05997329773030708
Nakuru,2012,78500,Diesel,Manual,First,22.07,1199.0,73.9,5.0,540200.0,Volkswagen,Polo Diesel Comfortline 1.2L,14,0,5607.142857142857,0.06163469557964971
Mombasa,2016,55036,Diesel,Manual,First,22.54,1396.0,88.73,5.0,939800.0,Hyundai,I20 Sportz 1.4 Crdi,10,0,5503.6,0.06356017191977077
Eldoret,2016,55000,Diesel,Manual,First,19.87,1461.0,83.8,5.0,1154400.0,Renault,Duster 85Ps Diesel Rxl Explore,10,0,5500.0,0.05735797399041752
Mombasa,2007,90000,Petrol,Manual,Second,13.8,1299.0,70.0,5.0,207200.0,Ford,Ikon 1.3 Flair,19,0,4736.8421052631575,0.05388760585065435
Mombasa,2007,155000,Diesel,Manual,First,13.1,2499.0,141.0,7.0,814000.0,Ford,Endeavour Xlt Tdci 4X2,19,0,8157.894736842105,0.056422569027611044
Kisumu,2018,17810,Diesel,Manual,First,27.39,1248.0,74.0,5.0,1258000.0,Maruti,Baleno Delta 1.3,8,0,2226.25,0.05929487179487179
Mombasa,2011,42408,Diesel,Automatic,First,14.84,2143.0,170.0,5.0,1551040.0,Mercedes-Benz,New C-Class C 220 Cdi Elegance At,15,1,2827.2,0.07932804479701354
Thika,2005,81000,Petrol,Manual,Second,15.9,1298.0,85.0,5.0,111000.0,Maruti,Esteem Vxi - Bsiii,21,0,3857.1428571428573,0.06548536209553159
Eldoret,2008,52000,Petrol,Manual,Second,12.85,1396.0,99.6,5.0,192400.0,Tata,Indigo Xl Grand Petrol,18,0,2888.8888888888887,0.07134670487106017
Nairobi,2013,35000,Diesel,Automatic,First,16.73,2993.0,218.0,5.0,3108000.0,Bmw,5 Series 525D Sedan,13,0,2692.3076923076924,0.07283661877714667
Nairobi,2013,60000,Petrol,Manual,First,17.92,1086.0,62.1,5.0,340399.99999999994,Hyundai,Santro Xing Gl Plus,13,0,4615.384615384615,0.057182320441988954
Nairobi,2015,27000,Diesel,Automatic,First,19.5,1968.0,141.0,5.0,2212600.0,Skoda,Octavia 2.0 Tdi At Style Plus,11,0,2454.5454545454545,0.07164634146341463
Naivasha,2017,55975,Diesel,Automatic,Second,17.68,1968.0,174.33,5.0,5316160.0,Audi,A6 2011-2015 35 Tdi Technology,9,1,6219.444444444444,0.08858231707317074
Eldoret,2016,115000,Diesel,Manual,First,25.83,1498.0,99.0,5.0,666000.0,Ford,Figo 1.5D Trend Mt,10,0,11500.0,0.06608811748998665
Kisumu,2016,132000,Diesel,Manual,First,14.95,2489.0,93.7,7.0,814000.0,Mahindra,Xylo D4 Bs Iii,10,0,13200.0,0.037645640819606266
Nairobi,2015,40337,Petrol,Automatic,First,23.1,998.0,67.04,5.0,658600.0,Maruti,Celerio Zxi At,11,0,3667.0,0.06717434869739479
Mombasa,2008,192000,Diesel,Manual,First,12.8,2494.0,102.0,8.0,1013800.0,Toyota,Innova 2.5 G4 Diesel 8-Seater,18,0,10666.666666666666,0.0408981555733761
Nakuru,2016,50000,Diesel,Manual,First,24.0,1120.0,70.0,5.0,814000.0,Hyundai,Grand I10 Crdi Asta,10,0,5000.0,0.0625
Mombasa,2016,28147,Petrol,Manual,First,18.9,1197.0,81.86,5.0,750360.0,Hyundai,Grand I10 1.2 Kappa Sportz,10,0,2814.7,0.0683876357560568
Nairobi,2015,20000,Petrol,Manual,First,18.9,1197.0,82.0,5.0,569800.0,Hyundai,Grand I10 Sportz,11,0,1818.1818181818182,0.06850459482038429
Mombasa,2016,11000,Petrol,Manual,First,18.6,1197.0,81.86,5.0,1176600.0,Hyundai,Elite I20 Petrol Asta,10,0,1100.0,0.0683876357560568
Nyeri,2009,63000,Petrol,Manual,Second,18.2,998.0,67.1,5.0,185000.0,Maruti,Zen Estilo Lxi Bsiii,17,0,3705.8823529411766,0.06723446893787574
Mombasa,2014,36967,Petrol,Manual,First,20.92,998.0,67.1,5.0,538720.0,Maruti,Alto K10 2010-2014 Vxi,12,0,3080.5833333333335,0.06723446893787574
Nyeri,2016,73053,Diesel,Manual,First,13.0,2982.0,168.5,7.0,2960000.0,Toyota,Fortuner 4X2 Manual,10,0,7305.3,0.05650570087189805
Naivasha,2019,16392,Diesel,Manual,First,16.55,2498.0,105.0,6.0,1533280.0,Mahindra,Thar Crde Ac,7,0,2341.714285714286,0.042033626901521216
Mombasa,2007,79000,Petrol,Manual,First,17.0,1086.0,97.7,5.0,273800.0,Hyundai,Santro Xing Xo,19,0,4157.894736842105,0.08996316758747698
Nyeri,2013,67000,Petrol,Manual,Second,16.78,1496.0,88.73,5.0,599400.0,Toyota,Etios G,13,0,5153.846153846154,0.05931149732620321
Nairobi,2015,48600,Diesel,Automatic,First,12.0,2987.0,224.0,7.0,7178000.0,Mercedes-Benz,Gl-Class 2007 2012 350 Cdi Luxury,11,1,4418.181818181818,0.07499163039839303
Nakuru,2014,70000,Diesel,Manual,First,19.6,1461.0,108.45,5.0,1221000.0,Renault,Duster 110Ps Diesel Rxz,12,0,5833.333333333333,0.0742299794661191
Eldoret,2014,84000,Diesel,Manual,First,22.9,1248.0,74.0,5.0,777000.0,Maruti,Swift Vdi,12,0,7000.0,0.05929487179487179
Nairobi,2013,49106,Petrol,Manual,First,15.04,1598.0,103.2,5.0,651200.0000000001,Volkswagen,Vento Magnific 1.6 Comfortline,13,0,3777.3846153846152,0.06458072590738423
Nairobi,2017,35000,Diesel,Automatic,First,18.19,1968.0,174.5,5.0,3811000.0,Skoda,Superb L&K 2.0 Tdi At,9,0,3888.8888888888887,0.08866869918699187
Mombasa,2014,51240,Diesel,Automatic,First,8.2,2993.0,245.0,4.0,4368960.0,Bmw,3 Series 330D Convertible,12,0,4270.0,0.08185766789174741
Kisumu,2011,37000,Petrol,Manual,Second,18.9,998.0,67.1,5.0,310800.0,Maruti,Wagon R Vxi Bs Iv,15,0,2466.6666666666665,0.06723446893787574
Mombasa,2017,32587,Petrol,Manual,First,25.17,799.0,53.3,5.0,549080.0,Renault,Kwid Rxt,9,0,3620.777777777778,0.06670838548185232
Eldoret,2009,180000,Diesel,Manual,First,10.9,2499.0,143.0,7.0,1110000.0,Ford,Endeavour 4X2 Xlt Limited Edition,17,0,10588.235294117647,0.05722288915566227
Mombasa,2017,21248,Diesel,Manual,First,24.3,1248.0,88.5,5.0,1397120.0,Maruti,Vitara Brezza Zdi Plus Dual Tone,9,0,2360.8888888888887,0.07091346153846154
Eldoret,2006,47200,Petrol,Manual,Second,17.0,1086.0,97.7,5.0,177600.0,Hyundai,Santro Xing Xo Erlx Euro Ii,20,0,2360.0,0.08996316758747698
Nairobi,2014,40000,Petrol,Automatic,First,10.5,1796.0,157.7,5.0,3552000.0,Mercedes-Benz,E-Class 200 Kompressor Elegance,12,1,3333.3333333333335,0.08780623608017817
Thika,2019,4000,Diesel,Automatic,First,0.0,1950.0,194.0,5.0,5180000.0,Mercedes-Benz,C-Class Progressive C 220D,7,1,571.4285714285714,0.09948717948717949
Nairobi,2017,23700,Cng,Manual,First,17.5,1373.0,80.46,7.0,1221000.0,Maruti,Ertiga Vxi Cng,9,0,2633.3333333333335,0.05860160233066278
Nairobi,2011,57000,Diesel,Automatic,Second,16.55,1968.0,147.51,5.0,1443000.0,Audi,A4 2.0 Tdi Celebration Edition,15,1,3800.0,0.07495426829268292
Kisumu,2014,37000,Petrol,Manual,First,18.9,1197.0,82.0,5.0,510600.0,Hyundai,Grand I10 Asta,12,0,3083.3333333333335,0.06850459482038429
Nyeri,2014,70000,Diesel,Manual,Second,13.5,2477.0,175.56,7.0,1753800.0,Mitsubishi,Pajero Sport 4X4,12,0,5833.333333333333,0.07087605974969721
Naivasha,2012,92469,Diesel,Automatic,Second,19.71,2143.0,201.15,5.0,2388720.0,Mercedes-Benz,New C-Class C 250 Cdi Avantgarde,14,1,6604.928571428572,0.09386374241717219
Eldoret,2015,55000,Cng,Manual,First,26.6,998.0,58.16,5.0,547600.0,Maruti,Wagon R Lxi Cng,11,0,5000.0,0.05827655310621242
Thika,2017,20000,Petrol,Automatic,First,24.07,998.0,67.1,5.0,592000.0,Maruti,Alto K10 Vxi Ags,9,0,2222.222222222222,0.06723446893787574
Nairobi,2015,42000,Petrol,Manual,Second,18.6,1197.0,81.83,5.0,858400.0,Hyundai,I20 Sportz 1.2,11,0,3818.181818181818,0.06836257309941521
Kisumu,2014,28000,Diesel,Manual,First,23.4,1248.0,74.0,5.0,688200.0000000001,Maruti,Swift Dzire Vdi,12,0,2333.3333333333335,0.05929487179487179
Eldoret,2010,93000,Petrol,Automatic,Second,11.8,3498.0,272.0,7.0,2220000.0,Mercedes-Benz,R-Class R350 4Matic Long,16,1,5812.5,0.07775871926815323
Nairobi,2015,23000,Petrol,Automatic,First,15.63,1499.0,110.4,5.0,1006400.0,Ford,Ecosport 1.5 Ti Vct At Titanium,11,0,2090.909090909091,0.07364909939959974
Nakuru,2016,36000,Diesel,Manual,First,25.1,1498.0,98.6,5.0,1517000.0,Honda,City I Dtec Vx Option,10,0,3600.0,0.06582109479305741
Mombasa,2014,52000,Petrol,Manual,First,20.92,998.0,67.1,5.0,399600.0,Maruti,Alto K10 2010-2014 Vxi,12,0,4333.333333333333,0.06723446893787574
Kisumu,2015,59245,Diesel,Manual,First,20.77,1248.0,88.8,7.0,1258000.0,Maruti,Ertiga Zdi,11,0,5385.909090909091,0.07115384615384615
Eldoret,2018,31000,Diesel,Manual,First,22.54,1396.0,88.73,5.0,1147000.0,Hyundai,I20 Diesel Asta Option,8,0,3875.0,0.06356017191977077
Eldoret,2015,83000,Petrol,Manual,First,15.64,1193.0,64.08,5.0,399600.0,Tata,Indigo Cs Eglx Bs Iv,11,0,7545.454545454545,0.053713327745180214
Kisumu,2004,81500,Petrol,Manual,Second,19.7,796.0,46.3,5.0,192400.0,Maruti,Alto Std,22,0,3704.5454545454545,0.05816582914572864
Mombasa,2008,51000,Petrol,Manual,Second,19.5,1061.0,97.7,5.0,259000.0,Maruti,Estilo Lxi,18,0,2833.3333333333335,0.09208294062205467
Kisumu,2018,9900,Petrol,Manual,First,15.8,1591.0,121.3,5.0,1953600.0,Hyundai,Creta 1.6 Sx,8,0,1237.5,0.07624135763670647
Eldoret,2004,94000,Petrol,Manual,Second,18.9,998.0,67.1,5.0,148000.0,Maruti,Wagon R Lx,22,0,4272.727272727273,0.06723446893787574
Mombasa,2017,27100,Petrol,Manual,First,16.78,1496.0,88.73,5.0,942760.0,Toyota,Etios V,9,0,3011.1111111111113,0.05931149732620321
Kisumu,2015,12000,Petrol,Manual,First,16.78,1496.0,88.73,5.0,666000.0,Toyota,Etios V,11,0,1090.909090909091,0.05931149732620321
Nairobi,2013,29000,Diesel,Manual,First,19.01,1461.0,108.45,5.0,962000.0,Renault,Duster 110Ps Diesel Rxz Optional With Nav,13,0,2230.769230769231,0.0742299794661191
Nairobi,2013,65000,Diesel,Manual,Second,19.3,1248.0,73.9,5.0,738520.0,Maruti,Swift Dzire Vdi Bsiv,13,0,5000.0,0.059214743589743594
Naivasha,2017,50794,Diesel,Automatic,First,17.9,2143.0,170.0,5.0,6408400.0,Mercedes-Benz,Glc 220,9,1,5643.777777777777,0.07932804479701354
Nairobi,2014,59000,Diesel,Manual,First,22.7,1498.0,89.84,5.0,962000.0,Ford,Ecosport 1.5 Dv5 Mt Titanium Optional,12,0,4916.666666666667,0.05997329773030708
Nairobi,2012,72000,Cng,Manual,First,26.2,998.0,58.2,5.0,333000.0,Maruti,Wagon R Lxi Cng,14,0,5142.857142857143,0.058316633266533066
Kisumu,2017,15234,Petrol,Automatic,First,19.12,1373.0,91.1,5.0,1472599.9999999998,Maruti,Ciaz 1.4 At Alpha,9,0,1692.6666666666667,0.0663510560815732
Nairobi,2015,44000,Diesel,Manual,First,22.7,1498.0,89.84,5.0,1087800.0,Ford,Ecosport 1.5 Dv5 Mt Titanium,11,0,4000.0,0.05997329773030708
Kisumu,2016,125000,Diesel,Manual,First,22.95,1248.0,74.0,5.0,680799.9999999999,Tata,Zest Quadrajet 1.3 75Ps Xe,10,0,12500.0,0.05929487179487179
Mombasa,2011,100000,Diesel,Automatic,First,11.4,2953.0,153.86,7.0,1258000.0,Ford,Endeavour 3.0L 4X4 At,15,0,6666.666666666667,0.05210294615645107
Naivasha,2017,34686,Diesel,Automatic,First,19.6,1461.0,108.45,5.0,1755280.0,Renault,Duster 110Ps Diesel Rxz Amt,9,0,3854.0,0.0742299794661191
Eldoret,2011,98000,Diesel,Manual,First,14.42,1995.0,147.6,5.0,1184000.0,Nissan,X-Trail Slx Mt,15,0,6533.333333333333,0.07398496240601503
Nairobi,2015,90000,Diesel,Automatic,First,12.55,2982.0,168.5,7.0,3182000.0,Toyota,Fortuner 4X4 At,11,0,8181.818181818182,0.05650570087189805
Eldoret,2007,81000,Petrol,Manual,First,15.26,1150.0,74.9,5.0,192400.0,Chevrolet,Aveo U-Va 1.2 Ls,19,0,4263.1578947368425,0.0651304347826087
Mombasa,2012,55000,Diesel,Manual,First,20.5,1598.0,103.5,5.0,873200.0,Skoda,Rapid 1.6 Tdi Ambition,14,0,3928.5714285714284,0.06476846057571965
Nakuru,2013,52910,Diesel,Manual,Second,15.1,2179.0,140.0,7.0,1406000.0,Mahindra,Xuv500 W8 4Wd,13,0,4070.0,0.06424965580541533
Mombasa,2010,100000,Diesel,Manual,First,19.3,1248.0,73.9,5.0,666000.0,Maruti,Swift Dzire Zdi,16,0,6250.0,0.059214743589743594
Kisumu,2003,132000,Diesel,Manual,First,18.7,1896.0,66.0,5.0,333000.0,Skoda,Octavia Elegance 1.9 Tdi,23,0,5739.130434782609,0.03481012658227848
Nairobi,2014,18000,Petrol,Manual,First,13.7,1399.0,98.82,7.0,495800.0,Chevrolet,Enjoy Petrol Ls 7 Seater,12,0,1500.0,0.0706361686919228
Kisumu,2005,50000,Petrol,Manual,First,13.2,1495.0,94.0,5.0,103600.0,Hyundai,Accent Gle,21,0,2380.9523809523807,0.06287625418060201
Nakuru,2012,33000,Petrol,Automatic,First,14.74,1991.0,184.0,5.0,2368000.0,Mercedes-Benz,New C-Class C 200 Cgi,14,1,2357.1428571428573,0.09241587142139629
Eldoret,2014,30000,Diesel,Manual,First,20.45,1461.0,83.8,5.0,1184000.0,Renault,Duster 85Ps Diesel Rxe,12,0,2500.0,0.05735797399041752
Kisumu,2015,8000,Petrol,Automatic,First,12.5,5000.0,488.1,2.0,14800000.0,Jaguar,F Type 5.0 V8 S,11,1,727.2727272727273,0.09762
Mombasa,2012,58646,Diesel,Manual,First,22.32,1582.0,126.32,5.0,701520.0,Hyundai,Verna 1.6 Sx,14,0,4189.0,0.07984829329962073
Nairobi,2016,21000,Diesel,Automatic,First,13.0,2143.0,204.0,5.0,5328000.0,Mercedes-Benz,E-Class 2015-2017 E250 Cdi Avantgarde,10,1,2100.0,0.09519365375641624
Mombasa,2015,57026,Petrol,Manual,First,15.04,1598.0,103.6,5.0,819920.0,Volkswagen,Vento Petrol Highline,11,0,5184.181818181818,0.06483103879849812
Nairobi,2017,42000,Diesel,Automatic,First,18.19,1968.0,174.5,5.0,3402520.0,Skoda,Superb Style 2.0 Tdi At,9,0,4666.666666666667,0.08866869918699187
Mombasa,2017,26741,Diesel,Manual,First,15.4,1997.0,120.0,7.0,1491840.0,Mahindra,Scorpio 1.99 S4 Plus,9,0,2971.222222222222,0.06009013520280421
Eldoret,2010,85000,Petrol,Manual,First,17.5,1798.0,97.7,5.0,421800.0,Skoda,Laura Classic 1.8 Tsi,16,0,5312.5,0.05433815350389322
Eldoret,2000,78000,Petrol,Manual,First,16.1,796.0,37.0,4.0,81400.00000000001,Maruti,800 Dx Bsii,26,0,3000.0,0.04648241206030151
Naivasha,2018,29091,Diesel,Automatic,First,13.22,2967.0,241.4,5.0,6736960.0,Audi,Q5 3.0 Tdi Quattro Technology,8,1,3636.375,0.08136164475901585
Naivasha,2018,37323,Diesel,Manual,Second,17.45,1493.0,100.0,7.0,1078920.0,Mahindra,Nuvosport N6,8,0,4665.375,0.06697923643670463
Mombasa,2011,55595,Diesel,Manual,Second,20.54,1598.0,103.6,5.0,636400.0,Volkswagen,Vento Diesel Highline,15,0,3706.3333333333335,0.06483103879849812
Mombasa,2015,49900,Petrol,Manual,First,20.85,1197.0,83.14,5.0,710400.0,Maruti,Swift Dzire Vxi Optional,11,0,4536.363636363636,0.06945697577276524
Nairobi,2012,52500,Petrol,Manual,Second,16.02,1373.0,93.7,7.0,777000.0,Maruti,Ertiga Vxi,14,0,3750.0,0.06824471959213402
Mombasa,2016,5700,Petrol,Manual,First,24.7,796.0,47.3,5.0,414400.0,Maruti,Alto 800 2016-2019 Lxi,10,0,570.0,0.059422110552763814
Mombasa,2014,53340,Diesel,Manual,First,21.9,1396.0,88.76,5.0,643799.9999999999,Hyundai,I20 Magna 1.4 Crdi (Diesel),12,0,4445.0,0.06358166189111748
Kisumu,2014,57000,Diesel,Manual,First,22.7,1498.0,89.84,5.0,812520.0,Ford,Ecosport 1.5 Dv5 Mt Titanium,12,0,4750.0,0.05997329773030708
Eldoret,2015,59525,Cng,Manual,Second,32.26,998.0,58.2,4.0,458800.0,Maruti,Alto K10 Lxi Cng,11,0,5411.363636363636,0.058316633266533066
Nakuru,2014,58000,Diesel,Manual,First,20.34,1498.0,103.2,5.0,962000.0,Volkswagen,Vento 1.5 Tdi Highline,12,0,4833.333333333333,0.06889185580774367
Nakuru,2011,73000,Diesel,Manual,First,12.05,2179.0,120.0,8.0,947200.0,Mahindra,Scorpio Vlx 2Wd Airbag Bsiii,15,0,4866.666666666667,0.05507113354749885
Mombasa,2016,33554,Diesel,Manual,First,25.83,1498.0,99.0,5.0,920560.0,Ford,Figo Aspire 1.5 Tdci Titanium Plus,10,0,3355.4,0.06608811748998665
Nairobi,2012,106000,Diesel,Manual,First,12.99,2494.0,100.0,8.0,1243200.0,Toyota,Innova 2.5 G (Diesel) 8 Seater,14,0,7571.428571428572,0.040096230954290296
Eldoret,2018,27000,Diesel,Manual,First,28.4,1248.0,73.75,5.0,873200.0,Maruti,Dzire Ldi,8,0,3375.0,0.05909455128205128
Eldoret,2018,1000,Petrol,Manual,First,25.17,799.0,53.3,5.0,503200.0,Renault,Kwid Rxl,8,0,125.0,0.06670838548185232
Nyeri,2011,119000,Diesel,Manual,Third,13.1,2499.0,141.0,7.0,962000.0,Ford,Endeavour 2.5L 4X2 Mt,15,0,7933.333333333333,0.056422569027611044
Mombasa,2002,75000,Diesel,Manual,First,0.0,2112.0,97.7,6.0,251600.0,Mahindra,Jeep Mm 540 Dp,24,0,3125.0,0.0462594696969697
Nairobi,2015,64000,Petrol,Manual,First,18.88,999.0,123.24,5.0,888000.0,Ford,Ecosport 1.0 Ecoboost Titanium Plus,11,0,5818.181818181818,0.12336336336336336
Kisumu,2016,63738,Diesel,Manual,First,19.67,1582.0,126.2,5.0,1761200.0,Hyundai,Creta 1.6 Crdi Sx,10,0,6373.8,0.0797724399494311
Nakuru,2016,16000,Diesel,Automatic,First,14.69,2993.0,258.0,5.0,7104000.0,Bmw,5 Series 2013-2017 530D M Sport,10,0,1600.0,0.08620113598396258
Nairobi,2017,28000,Petrol,Automatic,First,18.69,1462.0,103.0,7.0,1184000.0,Maruti,Ertiga Vxi At Petrol,9,0,3111.1111111111113,0.0704514363885089
Kisumu,2007,91000,Diesel,Automatic,Second,15.6,1896.0,106.0,5.0,362600.00000000006,Skoda,Laura L And K At,19,0,4789.473684210527,0.05590717299578059
Kisumu,2013,25000,Petrol,Manual,First,18.6,1199.0,79.4,5.0,259000.0,Chevrolet,Beat Ls,13,0,1923.076923076923,0.06622185154295246
Nakuru,2014,65630,Diesel,Automatic,First,15.73,1968.0,174.33,5.0,3219000.0,Audi,Q3 2.0 Tdi,12,1,5469.166666666667,0.08858231707317074
Eldoret,2014,48094,Petrol,Manual,First,17.0,1497.0,118.0,5.0,1073000.0,Honda,City 1.5 V Mt,12,0,4007.8333333333335,0.0788243152972612
Eldoret,2009,90456,Petrol,Manual,Second,16.1,1298.0,88.2,5.0,444000.0,Maruti,Swift Lxi Bsiii,17,0,5320.941176470588,0.0679506933744222
Nyeri,2012,140000,Diesel,Manual,First,20.0,1399.0,68.0,5.0,371479.99999999994,Ford,Figo Diesel Exi,14,0,10000.0,0.04860614724803431
Mombasa,2015,95000,Diesel,Automatic,First,12.55,2982.0,168.5,7.0,2900800.0000000005,Toyota,Fortuner 4X4 At,11,0,8636.363636363636,0.05650570087189805
Eldoret,2013,79000,Diesel,Manual,Second,15.8,2148.0,170.0,5.0,2294000.0,Mercedes-Benz,New C-Class 200 Cdi Classic,13,1,6076.923076923077,0.07914338919925512
Mombasa,2012,96000,Diesel,Manual,First,12.99,2494.0,100.0,7.0,1702000.0,Toyota,Innova 2.5 Gx (Diesel) 7 Seater,14,0,6857.142857142857,0.040096230954290296
Naivasha,2004,186679,Petrol,Manual,Second,13.0,1493.0,100.0,5.0,260480.0,Honda,City 1.5 Exi,22,0,8485.40909090909,0.06697923643670463
Nyeri,2015,91000,Diesel,Manual,First,25.8,1498.0,98.6,5.0,692640.0,Honda,Amaze S I-Dtech,11,0,8272.727272727272,0.06582109479305741
Nairobi,2010,109703,Petrol,Automatic,Second,14.28,1798.0,138.03,5.0,592000.0,Toyota,Corolla Altis 1.8 G Cvt,16,0,6856.4375,0.0767686318131257
Kisumu,2012,110000,Diesel,Manual,First,22.3,1248.0,74.0,5.0,414400.0,Tata,Indica Vista Quadrajet Vx,14,0,7857.142857142857,0.05929487179487179
Nairobi,2012,35000,Diesel,Manual,First,16.0,2179.0,140.0,7.0,1221000.0,Mahindra,Xuv500 W8 2Wd,14,0,2500.0,0.06424965580541533
Kisumu,2010,47722,Diesel,Manual,First,21.1,1248.0,73.9,5.0,251600.0,Maruti,Ritz Vdi,16,0,2982.625,0.059214743589743594
Nairobi,2013,25000,Petrol,Automatic,First,14.74,1991.0,181.04,5.0,2197800.0,Mercedes-Benz,New C-Class C 200 Avantgarde,13,1,1923.076923076923,0.09092918131592165
Nairobi,2018,8000,Petrol,Automatic,First,17.0,1591.0,121.3,5.0,1901800.0,Hyundai,Verna Vtvt 1.6 At Sx Option,8,0,1000.0,0.07624135763670647
Kisumu,2012,65000,Diesel,Automatic,First,14.94,2143.0,204.0,5.0,2368000.0,Mercedes-Benz,New C-Class C 250 Cdi Elegance,14,1,4642.857142857143,0.09519365375641624
Kisumu,2018,1048,Petrol,Manual,First,18.9,998.0,67.1,5.0,695600.0,Maruti,Wagon R Vxi Bs Iv,8,0,131.0,0.06723446893787574
Nakuru,2014,42000,Petrol,Manual,Second,16.02,1373.0,93.7,7.0,879120.0,Maruti,Ertiga Vxi,12,0,3500.0,0.06824471959213402
Kisumu,2013,55000,Diesel,Manual,First,20.5,1598.0,103.5,5.0,1184000.0,Skoda,Rapid Ultima 1.6 Tdi Elegance,13,0,4230.7692307692305,0.06476846057571965
Nairobi,2010,72000,Diesel,Manual,First,12.8,2494.0,102.0,8.0,806600.0,Toyota,Innova 2.5 V Diesel 8-Seater,16,0,4500.0,0.0408981555733761
Mombasa,2018,17773,Petrol,Automatic,First,13.7,1991.0,183.0,5.0,3960480.0,Mercedes-Benz,Gla Class 200 Sport,8,1,2221.625,0.09191361125062783
Kisumu,2013,65000,Diesel,Manual,Second,20.14,1498.0,88.0,5.0,518000.0,Volkswagen,Polo 1.5 Tdi Highline,13,0,5000.0,0.05874499332443257
Nairobi,2008,65000,Petrol,Manual,Second,0.0,1086.0,62.0,5.0,205720.0,Hyundai,Santro Xing Gl,18,0,3611.1111111111113,0.0570902394106814
Kisumu,2013,53280,Diesel,Manual,First,22.32,1582.0,126.3,5.0,695600.0,Hyundai,Verna 1.6 Crdi Ex Mt,13,0,4098.461538461538,0.07983565107458912
Thika,2016,34005,Petrol,Manual,First,17.0,1198.0,73.75,5.0,851000.0,Volkswagen,Ameo 1.2 Mpi Highline,10,0,3400.5,0.061560934891485806
Naivasha,2017,14618,Petrol,Manual,First,18.6,1197.0,81.83,5.0,1200280.0,Hyundai,I20 Asta Option 1.2,9,0,1624.2222222222222,0.06836257309941521
Nairobi,2006,65771,Petrol,Manual,Second,17.3,1061.0,64.0,5.0,111000.0,Maruti,Wagon R Lx Bsiii,20,0,3288.55,0.060320452403393024
Eldoret,2006,78000,Petrol,Manual,Second,13.5,1405.0,60.0,5.0,148000.0,Tata,Indica Lei,20,0,3900.0,0.042704626334519574
Kisumu,2016,105545,Diesel,Manual,First,14.0,2498.0,112.0,7.0,784400.0,Mahindra,Xylo D4,10,0,10554.5,0.04483586869495596
Nyeri,2017,25000,Diesel,Manual,First,12.4,2499.0,134.0,5.0,1184000.0,Isuzu,D-Max V-Cross 4X4,9,0,2777.777777777778,0.053621448579431776
Eldoret,2010,80561,Petrol,Manual,First,18.5,1197.0,80.0,5.0,405520.0,Hyundai,I20 2015-2017 Magna,16,0,5035.0625,0.06683375104427736
Nairobi,2017,6000,Petrol,Manual,First,21.4,1197.0,83.1,5.0,1110000.0,Maruti,Baleno Alpha,9,0,666.6666666666666,0.06942355889724311
Nyeri,2016,39000,Diesel,Automatic,First,17.6,2179.0,153.86,7.0,1998000.0,Tata,Hexa Xta,10,0,3900.0,0.07061037173015146
Kisumu,2011,55001,Petrol,Manual,First,16.47,1198.0,73.9,5.0,325600.00000000006,Volkswagen,Polo Petrol Comfortline 1.2L,15,0,3666.733333333333,0.06168614357262104
Nairobi,2012,63720,Petrol,Automatic,First,11.74,1796.0,186.0,5.0,1961000.0,Mercedes-Benz,New C-Class C 200 Cgi Elegance,14,1,4551.428571428572,0.10356347438752785
Nairobi,2013,70000,Diesel,Manual,First,23.59,1364.0,97.7,5.0,574240.0,Toyota,Etios Gd,13,0,5384.615384615385,0.07162756598240469
Nyeri,2005,100000,Petrol,Manual,Second,15.3,1341.0,83.0,5.0,125800.0,Hyundai,Getz Gls,21,0,4761.9047619047615,0.061894108873974646
Mombasa,2017,15386,Petrol,Manual,First,23.84,1199.0,84.0,5.0,756280.0000000001,Tata,Tiago 1.2 Revotron Xt,9,0,1709.5555555555557,0.07005838198498748
Nairobi,2013,102486,Diesel,Manual,First,19.87,1461.0,83.8,5.0,629000.0,Renault,Duster 85Ps Diesel Rxl Option,13,0,7883.538461538462,0.05735797399041752
Naivasha,2013,58629,Diesel,Automatic,Second,18.25,1968.0,187.74,5.0,2444960.0,Audi,A4 35 Tdi Premium Plus,13,1,4509.923076923077,0.09539634146341464
Eldoret,2008,86000,Diesel,Manual,Third,13.93,2179.0,138.0,7.0,88800.0,Tata,New Safari Dicor 2.2 Vx 4X2,18,0,4777.777777777777,0.06333180357962367
Kisumu,2012,68238,Diesel,Manual,First,22.9,1248.0,74.0,5.0,710400.0,Maruti,Swift Vdi,14,0,4874.142857142857,0.05929487179487179
Nairobi,2011,42036,Petrol,Automatic,First,13.7,1798.0,157.75,5.0,925000.0,Skoda,Superb Elegance 1.8 Tsi At,15,0,2802.4,0.08773637374860957
Nairobi,2014,55619,Petrol,Manual,First,16.3,1797.0,147.5,5.0,1228400.0000000002,Hyundai,Elantra Sx,12,0,4634.916666666667,0.08208124652198108
Eldoret,2009,60000,Petrol,Manual,Third,17.0,1497.0,118.0,5.0,481000.0,Honda,City 1.5 E Mt,17,0,3529.4117647058824,0.0788243152972612
Eldoret,2015,30000,Diesel,Manual,First,19.87,1461.0,83.8,5.0,1147000.0,Renault,Duster 85Ps Diesel Rxl Explore,11,0,2727.2727272727275,0.05735797399041752
Mombasa,2016,31150,Diesel,Automatic,First,16.36,2179.0,187.7,5.0,4519920.0,Jaguar,Xf 2.2 Litre Luxury,10,1,3115.0,0.08614043139054611
Nyeri,2010,70000,Lpg,Manual,First,26.2,998.0,58.2,5.0,335960.0,Maruti,Wagon R Duo Lxi,16,0,4375.0,0.058316633266533066
Eldoret,2010,70290,Petrol,Manual,Second,17.24,1198.0,73.9,5.0,438080.0,Volkswagen,Polo Ipl Ii 1.2 Petrol Highline,16,0,4393.125,0.06168614357262104
Mombasa,2016,10000,Petrol,Manual,First,17.57,1193.0,88.7,5.0,592000.0,Tata,Bolt Revotron Xt,10,0,1000.0,0.07435037720033529
Nakuru,2014,68010,Petrol,Manual,Second,18.5,1197.0,82.85,5.0,777000.0,Hyundai,I20 Sportz 1.2,12,0,5667.5,0.06921470342522974
Mombasa,2013,91903,Diesel,Automatic,First,17.68,1968.0,174.33,5.0,2598879.9999999995,Audi,A6 2011-2015 2.0 Tdi,13,1,7069.461538461538,0.08858231707317074
Nairobi,2011,38000,Petrol,Manual,First,16.09,1598.0,103.5,5.0,481000.0,Volkswagen,Vento 1.6 Highline,15,0,2533.3333333333335,0.06476846057571965
Nakuru,2015,67600,Petrol,Manual,First,23.1,998.0,67.04,5.0,592000.0,Maruti,Celerio Vxi,11,0,6145.454545454545,0.06717434869739479
Naivasha,2007,66800,Petrol,Manual,First,15.3,1341.0,83.0,5.0,325600.00000000006,Hyundai,Getz Gle,19,0,3515.7894736842104,0.061894108873974646
Eldoret,2016,37208,Diesel,Manual,First,24.3,1248.0,88.5,5.0,1099640.0,Maruti,Vitara Brezza Vdi,10,0,3720.8,0.07091346153846154
Nairobi,2009,102002,Diesel,Automatic,First,8.7,2987.0,224.34,5.0,1591000.0,Mercedes-Benz,M-Class Ml 320 Cdi,17,1,6000.117647058823,0.07510545698024775
Nairobi,2011,68000,Diesel,Manual,First,19.3,1248.0,73.9,5.0,407000.0,Maruti,Swift Dzire Vdi Bsiv,15,0,4533.333333333333,0.059214743589743594
Kisumu,2013,40000,Diesel,Automatic,Second,17.85,2967.0,300.0,4.0,6660000.0,Porsche,Panamera Diesel,13,1,3076.923076923077,0.10111223458038422
Nairobi,2015,33500,Petrol,Automatic,First,19.16,2494.0,158.2,5.0,2923000.0,Toyota,Camry Hybrid,11,0,3045.4545454545455,0.06343223736968724
Nairobi,2013,33746,Petrol,Manual,First,18.5,1198.0,86.8,5.0,473600.0,Honda,Brio 1.2 Vx Mt,13,0,2595.846153846154,0.07245409015025041
Kisumu,2009,53000,Petrol,Automatic,First,0.0,3597.0,262.6,5.0,703000.0,Skoda,Superb 3.6 V6 Fsi,17,0,3117.6470588235293,0.07300528217959411
Naivasha,2011,45004,Diesel,Manual,First,12.8,2494.0,102.0,7.0,1403040.0,Toyota,Innova 2.5 V Diesel 7-Seater,15,0,3000.266666666667,0.0408981555733761
Naivasha,2015,70602,Diesel,Manual,First,25.8,1498.0,98.6,5.0,714840.0,Honda,Amaze Vx I-Dtec,11,0,6418.363636363636,0.06582109479305741
Nairobi,2014,27365,Diesel,Manual,First,28.4,1248.0,74.0,5.0,703000.0,Maruti,Swift Vdi,12,0,2280.4166666666665,0.05929487179487179
Nyeri,2015,100000,Diesel,Manual,First,24.4,1120.0,71.0,5.0,592000.0,Hyundai,Xcent 1.1 Crdi S,11,0,9090.90909090909,0.06339285714285714
Nyeri,2012,55000,Diesel,Manual,Second,14.0,2498.0,112.0,8.0,429200.0,Mahindra,Xylo D4 Bsiv,14,0,3928.5714285714284,0.04483586869495596
Kisumu,2013,46000,Petrol,Manual,First,18.9,998.0,67.1,5.0,392200.0,Maruti,Wagon R Vxi,13,0,3538.4615384615386,0.06723446893787574
Kisumu,2011,47000,Diesel,Manual,First,25.44,936.0,57.6,5.0,370000.0,Chevrolet,Beat Diesel,15,0,3133.3333333333335,0.06153846153846154
